ISO-10303-21;
HEADER;
FILE_DESCRIPTION((''),'2;1');
FILE_NAME('XM_H-430_IDLER_ASM','2026-07-10T10:04:13',('robotis_hyg'),(''),
'CREO PARAMETRIC BY PTC INC, 2020074','CREO PARAMETRIC BY PTC INC, 2020074','');
FILE_SCHEMA(('CONFIG_CONTROL_DESIGN'));
ENDSEC;
DATA;
#1=DIRECTION('',(2.810846377153E-1,-6.785983445460E-1,-6.785983445455E-1));
#2=VECTOR('',#1,5.894503032835E-1);
#3=CARTESIAN_POINT('',(-1.225E1,1.125E1,-1.66E1));
#4=LINE('',#3,#2);
#5=DIRECTION('',(1.E0,5.876827299129E-14,-6.745935561677E-14));
#6=VECTOR('',#5,8.584314575050E0);
#7=CARTESIAN_POINT('',(-1.208431457505E1,1.085E1,-1.7E1));
#8=LINE('',#7,#6);
#9=DIRECTION('',(0.E0,-7.071067811865E-1,-7.071067811866E-1));
#10=VECTOR('',#9,5.656854249492E-1);
#11=CARTESIAN_POINT('',(-3.5E0,1.125E1,-1.66E1));
#12=LINE('',#11,#10);
#13=DIRECTION('',(0.E0,-1.E0,0.E0));
#14=VECTOR('',#13,1.4E0);
#15=CARTESIAN_POINT('',(-3.5E0,1.085E1,-1.7E1));
#16=LINE('',#15,#14);
#17=DIRECTION('',(0.E0,0.E0,1.E0));
#18=VECTOR('',#17,3.5E0);
#19=CARTESIAN_POINT('',(-3.5E0,9.45E0,-1.7E1));
#20=LINE('',#19,#18);
#21=DIRECTION('',(0.E0,1.E0,0.E0));
#22=VECTOR('',#21,1.8E0);
#23=CARTESIAN_POINT('',(-3.5E0,9.45E0,-1.35E1));
#24=LINE('',#23,#22);
#25=CARTESIAN_POINT('',(0.E0,0.E0,-1.7E1));
#26=DIRECTION('',(0.E0,0.E0,-1.E0));
#27=DIRECTION('',(-1.E0,0.E0,0.E0));
#28=AXIS2_PLACEMENT_3D('',#25,#26,#27);
#30=DIRECTION('',(-1.E0,0.E0,0.E0));
#31=VECTOR('',#30,1.1E0);
#32=CARTESIAN_POINT('',(-2.4E0,9.45E0,-1.7E1));
#33=LINE('',#32,#31);
#34=DIRECTION('',(-7.071067811865E-1,-7.071067811866E-1,-1.707312909806E-14));
#35=VECTOR('',#34,2.497056274849E0);
#36=CARTESIAN_POINT('',(-1.208431457505E1,1.085E1,-1.7E1));
#37=LINE('',#36,#35);
#38=DIRECTION('',(1.E0,0.E0,0.E0));
#39=VECTOR('',#38,8.2E0);
#40=CARTESIAN_POINT('',(-1.385E1,-8.E0,-1.7E1));
#41=LINE('',#40,#39);
#42=DIRECTION('',(1.251609858622E-12,1.E0,0.E0));
#43=VECTOR('',#42,5.393178987224E-2);
#44=CARTESIAN_POINT('',(-5.65E0,-8.E0,-1.7E1));
#45=LINE('',#44,#43);
#46=CARTESIAN_POINT('',(0.E0,0.E0,-1.7E1));
#47=DIRECTION('',(0.E0,0.E0,-1.E0));
#48=DIRECTION('',(-5.794871794872E-1,-8.149813548849E-1,0.E0));
#49=AXIS2_PLACEMENT_3D('',#46,#47,#48);
#51=CARTESIAN_POINT('',(-1.1E1,8.E0,-1.7E1));
#52=DIRECTION('',(0.E0,0.E0,-1.E0));
#53=DIRECTION('',(-1.E0,0.E0,0.E0));
#54=AXIS2_PLACEMENT_3D('',#51,#52,#53);
#56=CARTESIAN_POINT('',(-1.1E1,8.E0,-1.7E1));
#57=DIRECTION('',(0.E0,0.E0,-1.E0));
#58=DIRECTION('',(1.E0,0.E0,0.E0));
#59=AXIS2_PLACEMENT_3D('',#56,#57,#58);
#61=DIRECTION('',(-2.642330798608E-14,0.E0,1.E0));
#62=VECTOR('',#61,1.E0);
#63=CARTESIAN_POINT('',(-1.964688270439E0,9.55E0,-1.7E1));
#64=LINE('',#63,#62);
#65=DIRECTION('',(0.E0,0.E0,-1.E0));
#66=VECTOR('',#65,1.E0);
#67=CARTESIAN_POINT('',(-2.4E0,9.45E0,-1.6E1));
#68=LINE('',#67,#66);
#69=DIRECTION('',(5.526443500359E-13,9.639542711325E-10,1.E0));
#70=VECTOR('',#69,1.799999999999E0);
#71=CARTESIAN_POINT('',(9.749999999999E0,-2.893645722403E-9,-1.88E1));
#72=LINE('',#71,#70);
#73=DIRECTION('',(5.284661597216E-14,0.E0,1.E0));
#74=VECTOR('',#73,1.E0);
#75=CARTESIAN_POINT('',(2.4E0,9.45E0,-1.7E1));
#76=LINE('',#75,#74);
#77=DIRECTION('',(-2.642330798608E-14,0.E0,-1.E0));
#78=VECTOR('',#77,1.E0);
#79=CARTESIAN_POINT('',(1.964688270439E0,9.55E0,-1.6E1));
#80=LINE('',#79,#78);
#81=DIRECTION('',(1.E0,0.E0,0.E0));
#82=VECTOR('',#81,6.8E0);
#83=CARTESIAN_POINT('',(-3.4E0,9.55E0,-1.36E1));
#84=LINE('',#83,#82);
#85=DIRECTION('',(0.E0,0.E0,1.E0));
#86=VECTOR('',#85,3.4E0);
#87=CARTESIAN_POINT('',(-3.4E0,9.55E0,-1.7E1));
#88=LINE('',#87,#86);
#89=DIRECTION('',(1.E0,0.E0,0.E0));
#90=VECTOR('',#89,6.8E0);
#91=CARTESIAN_POINT('',(-3.4E0,1.125E1,-1.36E1));
#92=LINE('',#91,#90);
#93=DIRECTION('',(0.E0,0.E0,1.E0));
#94=VECTOR('',#93,2.95E0);
#95=CARTESIAN_POINT('',(3.4E0,1.125E1,-1.655E1));
#96=LINE('',#95,#94);
#97=DIRECTION('',(0.E0,-1.E0,0.E0));
#98=VECTOR('',#97,1.7E0);
#99=CARTESIAN_POINT('',(-3.4E0,1.125E1,-1.36E1));
#100=LINE('',#99,#98);
#101=DIRECTION('',(0.E0,7.071067811865E-1,7.071067811866E-1));
#102=VECTOR('',#101,6.363961030679E-1);
#103=CARTESIAN_POINT('',(-3.4E0,1.08E1,-1.7E1));
#104=LINE('',#103,#102);
#105=DIRECTION('',(0.E0,0.E0,1.E0));
#106=VECTOR('',#105,2.95E0);
#107=CARTESIAN_POINT('',(-3.4E0,1.125E1,-1.655E1));
#108=LINE('',#107,#106);
#109=DIRECTION('',(-1.E0,0.E0,0.E0));
#110=VECTOR('',#109,6.8E0);
#111=CARTESIAN_POINT('',(3.4E0,1.08E1,-1.7E1));
#112=LINE('',#111,#110);
#113=DIRECTION('',(0.E0,-1.E0,0.E0));
#114=VECTOR('',#113,1.25E0);
#115=CARTESIAN_POINT('',(-3.4E0,1.08E1,-1.7E1));
#116=LINE('',#115,#114);
#117=DIRECTION('',(1.E0,0.E0,0.E0));
#118=VECTOR('',#117,1.435311729561E0);
#119=CARTESIAN_POINT('',(-3.4E0,9.55E0,-1.7E1));
#120=LINE('',#119,#118);
#121=CARTESIAN_POINT('',(0.E0,0.E0,-1.7E1));
#122=DIRECTION('',(0.E0,0.E0,-1.E0));
#123=DIRECTION('',(-2.015064892758E-1,9.794871794872E-1,0.E0));
#124=AXIS2_PLACEMENT_3D('',#121,#122,#123);
#126=DIRECTION('',(1.E0,0.E0,0.E0));
#127=VECTOR('',#126,1.435311729561E0);
#128=CARTESIAN_POINT('',(1.964688270439E0,9.55E0,-1.7E1));
#129=LINE('',#128,#127);
#130=DIRECTION('',(0.E0,1.E0,0.E0));
#131=VECTOR('',#130,1.25E0);
#132=CARTESIAN_POINT('',(3.4E0,9.55E0,-1.7E1));
#133=LINE('',#132,#131);
#134=DIRECTION('',(-1.E0,0.E0,0.E0));
#135=VECTOR('',#134,6.8E0);
#136=CARTESIAN_POINT('',(3.4E0,1.125E1,-1.655E1));
#137=LINE('',#136,#135);
#138=DIRECTION('',(0.E0,1.E0,0.E0));
#139=VECTOR('',#138,1.7E0);
#140=CARTESIAN_POINT('',(3.4E0,9.55E0,-1.36E1));
#141=LINE('',#140,#139);
#142=DIRECTION('',(0.E0,-7.071067811865E-1,-7.071067811865E-1));
#143=VECTOR('',#142,6.363961030679E-1);
#144=CARTESIAN_POINT('',(3.4E0,1.125E1,-1.655E1));
#145=LINE('',#144,#143);
#146=DIRECTION('',(0.E0,0.E0,1.E0));
#147=VECTOR('',#146,3.4E0);
#148=CARTESIAN_POINT('',(3.4E0,9.55E0,-1.7E1));
#149=LINE('',#148,#147);
#150=DIRECTION('',(1.E0,0.E0,0.E0));
#151=VECTOR('',#150,3.929376540878E0);
#152=CARTESIAN_POINT('',(-1.964688270439E0,9.55E0,-1.6E1));
#153=LINE('',#152,#151);
#154=CARTESIAN_POINT('',(0.E0,0.E0,-1.6E1));
#155=DIRECTION('',(0.E0,0.E0,-1.E0));
#156=DIRECTION('',(2.015064892758E-1,9.794871794872E-1,0.E0));
#157=AXIS2_PLACEMENT_3D('',#154,#155,#156);
#159=CARTESIAN_POINT('',(0.E0,0.E0,-1.6E1));
#160=DIRECTION('',(0.E0,0.E0,-1.E0));
#161=DIRECTION('',(-2.461538461538E-1,9.692307692308E-1,0.E0));
#162=AXIS2_PLACEMENT_3D('',#159,#160,#161);
#164=DIRECTION('',(1.E0,0.E0,0.E0));
#165=VECTOR('',#164,4.8E0);
#166=CARTESIAN_POINT('',(-2.4E0,9.45E0,-1.6E1));
#167=LINE('',#166,#165);
#168=DIRECTION('',(0.E0,0.E0,1.E0));
#169=VECTOR('',#168,3.5E0);
#170=CARTESIAN_POINT('',(3.5E0,9.45E0,-1.7E1));
#171=LINE('',#170,#169);
#172=DIRECTION('',(-1.E0,0.E0,0.E0));
#173=VECTOR('',#172,7.E0);
#174=CARTESIAN_POINT('',(3.5E0,9.45E0,-1.35E1));
#175=LINE('',#174,#173);
#176=CARTESIAN_POINT('',(0.E0,0.E0,-1.7E1));
#177=DIRECTION('',(0.E0,0.E0,-1.E0));
#178=DIRECTION('',(2.461538461538E-1,9.692307692308E-1,0.E0));
#179=AXIS2_PLACEMENT_3D('',#176,#177,#178);
#181=CARTESIAN_POINT('',(0.E0,0.E0,-1.7E1));
#182=DIRECTION('',(0.E0,0.E0,-1.E0));
#183=DIRECTION('',(1.E0,0.E0,0.E0));
#184=AXIS2_PLACEMENT_3D('',#181,#182,#183);
#186=DIRECTION('',(1.202204206308E-12,-1.E0,0.E0));
#187=VECTOR('',#186,5.393178987225E-2);
#188=CARTESIAN_POINT('',(5.65E0,-7.946068210128E0,-1.7E1));
#189=LINE('',#188,#187);
#190=DIRECTION('',(1.E0,0.E0,0.E0));
#191=VECTOR('',#190,8.2E0);
#192=CARTESIAN_POINT('',(5.65E0,-8.E0,-1.7E1));
#193=LINE('',#192,#191);
#194=DIRECTION('',(-7.071067811865E-1,7.071067811865E-1,0.E0));
#195=VECTOR('',#194,2.497056274849E0);
#196=CARTESIAN_POINT('',(1.385E1,9.084314575050E0,-1.7E1));
#197=LINE('',#196,#195);
#198=DIRECTION('',(0.E0,-1.E0,0.E0));
#199=VECTOR('',#198,1.4E0);
#200=CARTESIAN_POINT('',(3.5E0,1.085E1,-1.7E1));
#201=LINE('',#200,#199);
#202=DIRECTION('',(-1.E0,0.E0,0.E0));
#203=VECTOR('',#202,1.1E0);
#204=CARTESIAN_POINT('',(3.5E0,9.45E0,-1.7E1));
#205=LINE('',#204,#203);
#206=CARTESIAN_POINT('',(1.1E1,8.E0,-1.7E1));
#207=DIRECTION('',(0.E0,0.E0,-1.E0));
#208=DIRECTION('',(-1.E0,0.E0,0.E0));
#209=AXIS2_PLACEMENT_3D('',#206,#207,#208);
#211=CARTESIAN_POINT('',(1.1E1,8.E0,-1.7E1));
#212=DIRECTION('',(0.E0,0.E0,-1.E0));
#213=DIRECTION('',(1.E0,0.E0,0.E0));
#214=AXIS2_PLACEMENT_3D('',#211,#212,#213);
#216=DIRECTION('',(-5.516574851252E-13,-1.124863229186E-9,1.E0));
#217=VECTOR('',#216,1.799999999999E0);
#218=CARTESIAN_POINT('',(-9.749999999999E0,2.024753451374E-9,-1.88E1));
#219=LINE('',#218,#217);
#220=DIRECTION('',(0.E0,0.E0,1.E0));
#221=VECTOR('',#220,1.E0);
#222=CARTESIAN_POINT('',(-5.65E0,-7.946068210128E0,-1.7E1));
#223=LINE('',#222,#221);
#224=DIRECTION('',(0.E0,1.065814103640E-14,-1.E0));
#225=VECTOR('',#224,1.E0);
#226=CARTESIAN_POINT('',(5.65E0,-7.946068210128E0,-1.6E1));
#227=LINE('',#226,#225);
#228=CARTESIAN_POINT('',(0.E0,5.416421441566E-14,-1.88E1));
#229=DIRECTION('',(0.E0,0.E0,1.E0));
#230=DIRECTION('',(-1.E0,0.E0,0.E0));
#231=AXIS2_PLACEMENT_3D('',#228,#229,#230);
#233=CARTESIAN_POINT('',(0.E0,5.416421441566E-14,-1.88E1));
#234=DIRECTION('',(0.E0,0.E0,1.E0));
#235=DIRECTION('',(0.E0,-1.E0,0.E0));
#236=AXIS2_PLACEMENT_3D('',#233,#234,#235);
#238=DIRECTION('',(-7.071067811877E-1,8.816298542909E-10,-7.071067811854E-1));
#239=VECTOR('',#238,2.828427124746E-1);
#240=CARTESIAN_POINT('',(9.749999999999E0,-2.893645722403E-9,-1.88E1));
#241=LINE('',#240,#239);
#242=CARTESIAN_POINT('',(0.E0,5.416421441566E-14,-1.9E1));
#243=DIRECTION('',(0.E0,0.E0,1.E0));
#244=DIRECTION('',(-1.E0,0.E0,0.E0));
#245=AXIS2_PLACEMENT_3D('',#242,#243,#244);
#247=CARTESIAN_POINT('',(0.E0,5.416421441566E-14,-1.9E1));
#248=DIRECTION('',(0.E0,0.E0,1.E0));
#249=DIRECTION('',(0.E0,-1.E0,0.E0));
#250=AXIS2_PLACEMENT_3D('',#247,#248,#249);
#252=CARTESIAN_POINT('',(0.E0,0.E0,-1.9E1));
#253=DIRECTION('',(0.E0,0.E0,1.E0));
#254=DIRECTION('',(1.E0,0.E0,0.E0));
#255=AXIS2_PLACEMENT_3D('',#252,#253,#254);
#257=CARTESIAN_POINT('',(0.E0,0.E0,-1.9E1));
#258=DIRECTION('',(0.E0,0.E0,1.E0));
#259=DIRECTION('',(0.E0,1.E0,0.E0));
#260=AXIS2_PLACEMENT_3D('',#257,#258,#259);
#262=CARTESIAN_POINT('',(0.E0,8.E0,-1.9E1));
#263=DIRECTION('',(0.E0,0.E0,-1.E0));
#264=DIRECTION('',(1.E0,0.E0,0.E0));
#265=AXIS2_PLACEMENT_3D('',#262,#263,#264);
#267=CARTESIAN_POINT('',(0.E0,8.E0,-1.9E1));
#268=DIRECTION('',(0.E0,0.E0,-1.E0));
#269=DIRECTION('',(-1.E0,0.E0,0.E0));
#270=AXIS2_PLACEMENT_3D('',#267,#268,#269);
#272=CARTESIAN_POINT('',(5.656854249492E0,5.656854249492E0,-1.9E1));
#273=DIRECTION('',(0.E0,0.E0,-1.E0));
#274=DIRECTION('',(7.071067811868E-1,-7.071067811863E-1,0.E0));
#275=AXIS2_PLACEMENT_3D('',#272,#273,#274);
#277=CARTESIAN_POINT('',(5.656854249492E0,5.656854249492E0,-1.9E1));
#278=DIRECTION('',(0.E0,0.E0,-1.E0));
#279=DIRECTION('',(-7.071067811863E-1,7.071067811868E-1,0.E0));
#280=AXIS2_PLACEMENT_3D('',#277,#278,#279);
#282=CARTESIAN_POINT('',(8.E0,0.E0,-1.9E1));
#283=DIRECTION('',(0.E0,0.E0,-1.E0));
#284=DIRECTION('',(0.E0,-1.E0,0.E0));
#285=AXIS2_PLACEMENT_3D('',#282,#283,#284);
#287=CARTESIAN_POINT('',(8.E0,0.E0,-1.9E1));
#288=DIRECTION('',(0.E0,0.E0,-1.E0));
#289=DIRECTION('',(0.E0,1.E0,0.E0));
#290=AXIS2_PLACEMENT_3D('',#287,#288,#289);
#292=CARTESIAN_POINT('',(5.656854249492E0,-5.656854249492E0,-1.9E1));
#293=DIRECTION('',(0.E0,0.E0,-1.E0));
#294=DIRECTION('',(-7.071067811863E-1,-7.071067811868E-1,0.E0));
#295=AXIS2_PLACEMENT_3D('',#292,#293,#294);
#297=CARTESIAN_POINT('',(5.656854249492E0,-5.656854249492E0,-1.9E1));
#298=DIRECTION('',(0.E0,0.E0,-1.E0));
#299=DIRECTION('',(7.071067811868E-1,7.071067811863E-1,0.E0));
#300=AXIS2_PLACEMENT_3D('',#297,#298,#299);
#302=CARTESIAN_POINT('',(0.E0,-8.E0,-1.9E1));
#303=DIRECTION('',(0.E0,0.E0,-1.E0));
#304=DIRECTION('',(-1.E0,0.E0,0.E0));
#305=AXIS2_PLACEMENT_3D('',#302,#303,#304);
#307=CARTESIAN_POINT('',(0.E0,-8.E0,-1.9E1));
#308=DIRECTION('',(0.E0,0.E0,-1.E0));
#309=DIRECTION('',(1.E0,0.E0,0.E0));
#310=AXIS2_PLACEMENT_3D('',#307,#308,#309);
#312=CARTESIAN_POINT('',(-5.656854249492E0,-5.656854249492E0,-1.9E1));
#313=DIRECTION('',(0.E0,0.E0,-1.E0));
#314=DIRECTION('',(-7.071067811868E-1,7.071067811863E-1,0.E0));
#315=AXIS2_PLACEMENT_3D('',#312,#313,#314);
#317=CARTESIAN_POINT('',(-5.656854249492E0,-5.656854249492E0,-1.9E1));
#318=DIRECTION('',(0.E0,0.E0,-1.E0));
#319=DIRECTION('',(7.071067811863E-1,-7.071067811868E-1,0.E0));
#320=AXIS2_PLACEMENT_3D('',#317,#318,#319);
#322=CARTESIAN_POINT('',(-8.E0,0.E0,-1.9E1));
#323=DIRECTION('',(0.E0,0.E0,-1.E0));
#324=DIRECTION('',(0.E0,1.E0,0.E0));
#325=AXIS2_PLACEMENT_3D('',#322,#323,#324);
#327=CARTESIAN_POINT('',(-8.E0,0.E0,-1.9E1));
#328=DIRECTION('',(0.E0,0.E0,-1.E0));
#329=DIRECTION('',(0.E0,-1.E0,0.E0));
#330=AXIS2_PLACEMENT_3D('',#327,#328,#329);
#332=CARTESIAN_POINT('',(-5.656854249492E0,5.656854249492E0,-1.9E1));
#333=DIRECTION('',(0.E0,0.E0,-1.E0));
#334=DIRECTION('',(7.071067811863E-1,7.071067811868E-1,0.E0));
#335=AXIS2_PLACEMENT_3D('',#332,#333,#334);
#337=CARTESIAN_POINT('',(-5.656854249492E0,5.656854249492E0,-1.9E1));
#338=DIRECTION('',(0.E0,0.E0,-1.E0));
#339=DIRECTION('',(-7.071067811868E-1,-7.071067811863E-1,0.E0));
#340=AXIS2_PLACEMENT_3D('',#337,#338,#339);
#342=CARTESIAN_POINT('',(0.E0,0.E0,-1.9E1));
#343=DIRECTION('',(0.E0,0.E0,-1.E0));
#344=DIRECTION('',(-1.E0,0.E0,0.E0));
#345=AXIS2_PLACEMENT_3D('',#342,#343,#344);
#347=CARTESIAN_POINT('',(0.E0,0.E0,-1.9E1));
#348=DIRECTION('',(0.E0,0.E0,-1.E0));
#349=DIRECTION('',(1.E0,0.E0,0.E0));
#350=AXIS2_PLACEMENT_3D('',#347,#348,#349);
#352=CARTESIAN_POINT('',(0.E0,0.E0,-1.88E1));
#353=DIRECTION('',(0.E0,0.E0,1.E0));
#354=DIRECTION('',(1.E0,-1.782346378194E-10,0.E0));
#355=AXIS2_PLACEMENT_3D('',#352,#353,#354);
#357=CARTESIAN_POINT('',(0.E0,0.E0,-1.88E1));
#358=DIRECTION('',(0.E0,0.E0,1.E0));
#359=DIRECTION('',(0.E0,1.E0,0.E0));
#360=AXIS2_PLACEMENT_3D('',#357,#358,#359);
#362=DIRECTION('',(7.071067811877E-1,2.190407287058E-9,-7.071067811854E-1));
#363=VECTOR('',#362,2.828427124746E-1);
#364=CARTESIAN_POINT('',(-9.749999999999E0,2.024753451374E-9,-1.88E1));
#365=LINE('',#364,#363);
#366=DIRECTION('',(-7.071067811865E-1,0.E0,7.071067811865E-1));
#367=VECTOR('',#366,4.242640687119E-1);
#368=CARTESIAN_POINT('',(1.1E0,8.E0,-1.9E1));
#369=LINE('',#368,#367);
#370=CARTESIAN_POINT('',(0.E0,8.E0,-1.87E1));
#371=DIRECTION('',(0.E0,0.E0,-1.E0));
#372=DIRECTION('',(1.E0,0.E0,0.E0));
#373=AXIS2_PLACEMENT_3D('',#370,#371,#372);
#375=DIRECTION('',(7.071067811865E-1,0.E0,7.071067811865E-1));
#376=VECTOR('',#375,4.242640687119E-1);
#377=CARTESIAN_POINT('',(-1.1E0,8.E0,-1.9E1));
#378=LINE('',#377,#376);
#379=CARTESIAN_POINT('',(0.E0,8.E0,-1.87E1));
#380=DIRECTION('',(0.E0,0.E0,-1.E0));
#381=DIRECTION('',(-1.E0,0.E0,0.E0));
#382=AXIS2_PLACEMENT_3D('',#379,#380,#381);
#384=DIRECTION('',(-3.119726699195E-13,0.E0,1.E0));
#385=VECTOR('',#384,1.700000000001E0);
#386=CARTESIAN_POINT('',(-8.E-1,8.E0,-1.87E1));
#387=LINE('',#386,#385);
#388=DIRECTION('',(3.119726699195E-13,0.E0,1.E0));
#389=VECTOR('',#388,1.700000000001E0);
#390=CARTESIAN_POINT('',(8.E-1,8.E0,-1.87E1));
#391=LINE('',#390,#389);
#392=DIRECTION('',(-8.571673007015E-1,0.E0,5.150380749110E-1));
#393=VECTOR('',#392,9.333067177735E-1);
#394=CARTESIAN_POINT('',(8.000000000005E-1,8.E0,-1.7E1));
#395=LINE('',#394,#393);
#396=CARTESIAN_POINT('',(0.E0,8.E0,-1.7E1));
#397=DIRECTION('',(0.E0,0.E0,1.E0));
#398=DIRECTION('',(-1.E0,0.E0,0.E0));
#399=AXIS2_PLACEMENT_3D('',#396,#397,#398);
#401=CARTESIAN_POINT('',(0.E0,8.E0,-1.7E1));
#402=DIRECTION('',(0.E0,0.E0,1.E0));
#403=DIRECTION('',(1.E0,0.E0,0.E0));
#404=AXIS2_PLACEMENT_3D('',#401,#402,#403);
#406=DIRECTION('',(8.571673007015E-1,0.E0,5.150380749110E-1));
#407=VECTOR('',#406,9.333067177735E-1);
#408=CARTESIAN_POINT('',(-8.000000000005E-1,8.E0,-1.7E1));
#409=LINE('',#408,#407);
#410=DIRECTION('',(-5.000000000002E-1,4.999999999998E-1,7.071067811865E-1));
#411=VECTOR('',#410,4.242640687119E-1);
#412=CARTESIAN_POINT('',(6.434671708797E0,4.879036790187E0,-1.9E1));
#413=LINE('',#412,#411);
#414=CARTESIAN_POINT('',(5.656854249492E0,5.656854249492E0,-1.87E1));
#415=DIRECTION('',(0.E0,0.E0,-1.E0));
#416=DIRECTION('',(7.071067811865E-1,-7.071067811865E-1,0.E0));
#417=AXIS2_PLACEMENT_3D('',#414,#415,#416);
#419=DIRECTION('',(5.E-1,-5.E-1,7.071067811866E-1));
#420=VECTOR('',#419,4.242640687119E-1);
#421=CARTESIAN_POINT('',(4.879036790187E0,6.434671708798E0,-1.9E1));
#422=LINE('',#421,#420);
#423=CARTESIAN_POINT('',(5.656854249492E0,5.656854249492E0,-1.87E1));
#424=DIRECTION('',(0.E0,0.E0,-1.E0));
#425=DIRECTION('',(-7.071067811859E-1,7.071067811872E-1,0.E0));
#426=AXIS2_PLACEMENT_3D('',#423,#424,#425);
#428=DIRECTION('',(-3.448222100010E-13,9.613225248514E-14,1.E0));
#429=VECTOR('',#428,1.700000000001E0);
#430=CARTESIAN_POINT('',(5.091168824543E0,6.222539674442E0,-1.87E1));
#431=LINE('',#430,#429);
#432=DIRECTION('',(2.209996891370E-13,-2.204772312431E-13,1.E0));
#433=VECTOR('',#432,1.700000000001E0);
#434=CARTESIAN_POINT('',(6.222539674441E0,5.091168824543E0,-1.87E1));
#435=LINE('',#434,#433);
#436=DIRECTION('',(-6.061088109374E-1,6.061088109374E-1,5.150380749110E-1));
#437=VECTOR('',#436,9.333067177735E-1);
#438=CARTESIAN_POINT('',(6.222539674442E0,5.091168824542E0,-1.7E1));
#439=LINE('',#438,#437);
#440=CARTESIAN_POINT('',(5.656854249492E0,5.656854249492E0,-1.7E1));
#441=DIRECTION('',(0.E0,0.E0,1.E0));
#442=DIRECTION('',(-7.071067811859E-1,7.071067811872E-1,0.E0));
#443=AXIS2_PLACEMENT_3D('',#440,#441,#442);
#445=CARTESIAN_POINT('',(5.656854249492E0,5.656854249492E0,-1.7E1));
#446=DIRECTION('',(0.E0,0.E0,1.E0));
#447=DIRECTION('',(7.071067811865E-1,-7.071067811865E-1,0.E0));
#448=AXIS2_PLACEMENT_3D('',#445,#446,#447);
#450=DIRECTION('',(6.061088109372E-1,-6.061088109377E-1,5.150380749110E-1));
#451=VECTOR('',#450,9.333067177735E-1);
#452=CARTESIAN_POINT('',(5.091168824543E0,6.222539674442E0,-1.7E1));
#453=LINE('',#452,#451);
#454=DIRECTION('',(0.E0,7.071067811865E-1,7.071067811865E-1));
#455=VECTOR('',#454,4.242640687119E-1);
#456=CARTESIAN_POINT('',(8.E0,-1.1E0,-1.9E1));
#457=LINE('',#456,#455);
#458=CARTESIAN_POINT('',(8.E0,0.E0,-1.87E1));
#459=DIRECTION('',(0.E0,0.E0,-1.E0));
#460=DIRECTION('',(0.E0,-1.E0,0.E0));
#461=AXIS2_PLACEMENT_3D('',#458,#459,#460);
#463=DIRECTION('',(0.E0,-7.071067811865E-1,7.071067811865E-1));
#464=VECTOR('',#463,4.242640687119E-1);
#465=CARTESIAN_POINT('',(8.E0,1.1E0,-1.9E1));
#466=LINE('',#465,#464);
#467=CARTESIAN_POINT('',(8.E0,0.E0,-1.87E1));
#468=DIRECTION('',(0.E0,0.E0,-1.E0));
#469=DIRECTION('',(0.E0,1.E0,0.E0));
#470=AXIS2_PLACEMENT_3D('',#467,#468,#469);
#472=DIRECTION('',(0.E0,3.119726699195E-13,1.E0));
#473=VECTOR('',#472,1.700000000001E0);
#474=CARTESIAN_POINT('',(8.E0,8.E-1,-1.87E1));
#475=LINE('',#474,#473);
#476=DIRECTION('',(0.E0,-3.119726699195E-13,1.E0));
#477=VECTOR('',#476,1.700000000001E0);
#478=CARTESIAN_POINT('',(8.E0,-8.E-1,-1.87E1));
#479=LINE('',#478,#477);
#480=DIRECTION('',(0.E0,8.571673007015E-1,5.150380749110E-1));
#481=VECTOR('',#480,9.333067177735E-1);
#482=CARTESIAN_POINT('',(8.E0,-8.000000000005E-1,-1.7E1));
#483=LINE('',#482,#481);
#484=CARTESIAN_POINT('',(8.E0,0.E0,-1.7E1));
#485=DIRECTION('',(0.E0,0.E0,1.E0));
#486=DIRECTION('',(0.E0,1.E0,0.E0));
#487=AXIS2_PLACEMENT_3D('',#484,#485,#486);
#489=CARTESIAN_POINT('',(8.E0,0.E0,-1.7E1));
#490=DIRECTION('',(0.E0,0.E0,1.E0));
#491=DIRECTION('',(0.E0,-1.E0,0.E0));
#492=AXIS2_PLACEMENT_3D('',#489,#490,#491);
#494=DIRECTION('',(0.E0,-8.571673007015E-1,5.150380749110E-1));
#495=VECTOR('',#494,9.333067177735E-1);
#496=CARTESIAN_POINT('',(8.E0,8.000000000005E-1,-1.7E1));
#497=LINE('',#496,#495);
#498=DIRECTION('',(4.999999999998E-1,5.000000000002E-1,7.071067811865E-1));
#499=VECTOR('',#498,4.242640687119E-1);
#500=CARTESIAN_POINT('',(4.879036790187E0,-6.434671708797E0,-1.9E1));
#501=LINE('',#500,#499);
#502=CARTESIAN_POINT('',(5.656854249492E0,-5.656854249492E0,-1.87E1));
#503=DIRECTION('',(0.E0,0.E0,-1.E0));
#504=DIRECTION('',(-7.071067811865E-1,-7.071067811865E-1,0.E0));
#505=AXIS2_PLACEMENT_3D('',#502,#503,#504);
#507=DIRECTION('',(-5.E-1,-5.E-1,7.071067811866E-1));
#508=VECTOR('',#507,4.242640687119E-1);
#509=CARTESIAN_POINT('',(6.434671708798E0,-4.879036790187E0,-1.9E1));
#510=LINE('',#509,#508);
#511=CARTESIAN_POINT('',(5.656854249492E0,-5.656854249492E0,-1.87E1));
#512=DIRECTION('',(0.E0,0.E0,-1.E0));
#513=DIRECTION('',(7.071067811872E-1,7.071067811859E-1,0.E0));
#514=AXIS2_PLACEMENT_3D('',#511,#512,#513);
#516=DIRECTION('',(9.613225248514E-14,3.448222100010E-13,1.E0));
#517=VECTOR('',#516,1.700000000001E0);
#518=CARTESIAN_POINT('',(6.222539674442E0,-5.091168824543E0,-1.87E1));
#519=LINE('',#518,#517);
#520=DIRECTION('',(-2.204772312431E-13,-2.209996891370E-13,1.E0));
#521=VECTOR('',#520,1.700000000001E0);
#522=CARTESIAN_POINT('',(5.091168824543E0,-6.222539674441E0,-1.87E1));
#523=LINE('',#522,#521);
#524=DIRECTION('',(6.061088109374E-1,6.061088109374E-1,5.150380749110E-1));
#525=VECTOR('',#524,9.333067177735E-1);
#526=CARTESIAN_POINT('',(5.091168824542E0,-6.222539674442E0,-1.7E1));
#527=LINE('',#526,#525);
#528=CARTESIAN_POINT('',(5.656854249492E0,-5.656854249492E0,-1.7E1));
#529=DIRECTION('',(0.E0,0.E0,1.E0));
#530=DIRECTION('',(7.071067811872E-1,7.071067811859E-1,0.E0));
#531=AXIS2_PLACEMENT_3D('',#528,#529,#530);
#533=CARTESIAN_POINT('',(5.656854249492E0,-5.656854249492E0,-1.7E1));
#534=DIRECTION('',(0.E0,0.E0,1.E0));
#535=DIRECTION('',(-7.071067811865E-1,-7.071067811865E-1,0.E0));
#536=AXIS2_PLACEMENT_3D('',#533,#534,#535);
#538=DIRECTION('',(-6.061088109377E-1,-6.061088109372E-1,5.150380749110E-1));
#539=VECTOR('',#538,9.333067177735E-1);
#540=CARTESIAN_POINT('',(6.222539674442E0,-5.091168824543E0,-1.7E1));
#541=LINE('',#540,#539);
#542=DIRECTION('',(7.071067811865E-1,0.E0,7.071067811865E-1));
#543=VECTOR('',#542,4.242640687119E-1);
#544=CARTESIAN_POINT('',(-1.1E0,-8.E0,-1.9E1));
#545=LINE('',#544,#543);
#546=CARTESIAN_POINT('',(0.E0,-8.E0,-1.87E1));
#547=DIRECTION('',(0.E0,0.E0,-1.E0));
#548=DIRECTION('',(-1.E0,0.E0,0.E0));
#549=AXIS2_PLACEMENT_3D('',#546,#547,#548);
#551=DIRECTION('',(-7.071067811865E-1,0.E0,7.071067811865E-1));
#552=VECTOR('',#551,4.242640687119E-1);
#553=CARTESIAN_POINT('',(1.1E0,-8.E0,-1.9E1));
#554=LINE('',#553,#552);
#555=CARTESIAN_POINT('',(0.E0,-8.E0,-1.87E1));
#556=DIRECTION('',(0.E0,0.E0,-1.E0));
#557=DIRECTION('',(1.E0,0.E0,0.E0));
#558=AXIS2_PLACEMENT_3D('',#555,#556,#557);
#560=DIRECTION('',(3.119726699195E-13,0.E0,1.E0));
#561=VECTOR('',#560,1.700000000001E0);
#562=CARTESIAN_POINT('',(8.E-1,-8.E0,-1.87E1));
#563=LINE('',#562,#561);
#564=DIRECTION('',(-3.119726699195E-13,0.E0,1.E0));
#565=VECTOR('',#564,1.700000000001E0);
#566=CARTESIAN_POINT('',(-8.E-1,-8.E0,-1.87E1));
#567=LINE('',#566,#565);
#568=DIRECTION('',(8.571673007015E-1,0.E0,5.150380749110E-1));
#569=VECTOR('',#568,9.333067177735E-1);
#570=CARTESIAN_POINT('',(-8.000000000005E-1,-8.E0,-1.7E1));
#571=LINE('',#570,#569);
#572=CARTESIAN_POINT('',(0.E0,-8.E0,-1.7E1));
#573=DIRECTION('',(0.E0,0.E0,1.E0));
#574=DIRECTION('',(1.E0,0.E0,0.E0));
#575=AXIS2_PLACEMENT_3D('',#572,#573,#574);
#577=CARTESIAN_POINT('',(0.E0,-8.E0,-1.7E1));
#578=DIRECTION('',(0.E0,0.E0,1.E0));
#579=DIRECTION('',(-1.E0,0.E0,0.E0));
#580=AXIS2_PLACEMENT_3D('',#577,#578,#579);
#582=DIRECTION('',(-8.571673007015E-1,0.E0,5.150380749110E-1));
#583=VECTOR('',#582,9.333067177735E-1);
#584=CARTESIAN_POINT('',(8.000000000005E-1,-8.E0,-1.7E1));
#585=LINE('',#584,#583);
#586=DIRECTION('',(5.000000000002E-1,-4.999999999998E-1,7.071067811865E-1));
#587=VECTOR('',#586,4.242640687119E-1);
#588=CARTESIAN_POINT('',(-6.434671708797E0,-4.879036790187E0,-1.9E1));
#589=LINE('',#588,#587);
#590=CARTESIAN_POINT('',(-5.656854249492E0,-5.656854249492E0,-1.87E1));
#591=DIRECTION('',(0.E0,0.E0,-1.E0));
#592=DIRECTION('',(-7.071067811865E-1,7.071067811865E-1,0.E0));
#593=AXIS2_PLACEMENT_3D('',#590,#591,#592);
#595=DIRECTION('',(-5.E-1,5.E-1,7.071067811866E-1));
#596=VECTOR('',#595,4.242640687119E-1);
#597=CARTESIAN_POINT('',(-4.879036790187E0,-6.434671708798E0,-1.9E1));
#598=LINE('',#597,#596);
#599=CARTESIAN_POINT('',(-5.656854249492E0,-5.656854249492E0,-1.87E1));
#600=DIRECTION('',(0.E0,0.E0,-1.E0));
#601=DIRECTION('',(7.071067811859E-1,-7.071067811872E-1,0.E0));
#602=AXIS2_PLACEMENT_3D('',#599,#600,#601);
#604=DIRECTION('',(3.448222100010E-13,-9.613225248514E-14,1.E0));
#605=VECTOR('',#604,1.700000000001E0);
#606=CARTESIAN_POINT('',(-5.091168824543E0,-6.222539674442E0,-1.87E1));
#607=LINE('',#606,#605);
#608=DIRECTION('',(-2.209996891370E-13,2.204772312431E-13,1.E0));
#609=VECTOR('',#608,1.700000000001E0);
#610=CARTESIAN_POINT('',(-6.222539674441E0,-5.091168824543E0,-1.87E1));
#611=LINE('',#610,#609);
#612=DIRECTION('',(6.061088109374E-1,-6.061088109374E-1,5.150380749110E-1));
#613=VECTOR('',#612,9.333067177735E-1);
#614=CARTESIAN_POINT('',(-6.222539674442E0,-5.091168824542E0,-1.7E1));
#615=LINE('',#614,#613);
#616=CARTESIAN_POINT('',(-5.656854249492E0,-5.656854249492E0,-1.7E1));
#617=DIRECTION('',(0.E0,0.E0,1.E0));
#618=DIRECTION('',(7.071067811859E-1,-7.071067811872E-1,0.E0));
#619=AXIS2_PLACEMENT_3D('',#616,#617,#618);
#621=CARTESIAN_POINT('',(-5.656854249492E0,-5.656854249492E0,-1.7E1));
#622=DIRECTION('',(0.E0,0.E0,1.E0));
#623=DIRECTION('',(-7.071067811865E-1,7.071067811865E-1,0.E0));
#624=AXIS2_PLACEMENT_3D('',#621,#622,#623);
#626=DIRECTION('',(-6.061088109372E-1,6.061088109377E-1,5.150380749110E-1));
#627=VECTOR('',#626,9.333067177735E-1);
#628=CARTESIAN_POINT('',(-5.091168824543E0,-6.222539674442E0,-1.7E1));
#629=LINE('',#628,#627);
#630=DIRECTION('',(0.E0,-7.071067811865E-1,7.071067811865E-1));
#631=VECTOR('',#630,4.242640687119E-1);
#632=CARTESIAN_POINT('',(-8.E0,1.1E0,-1.9E1));
#633=LINE('',#632,#631);
#634=CARTESIAN_POINT('',(-8.E0,0.E0,-1.87E1));
#635=DIRECTION('',(0.E0,0.E0,-1.E0));
#636=DIRECTION('',(0.E0,1.E0,0.E0));
#637=AXIS2_PLACEMENT_3D('',#634,#635,#636);
#639=DIRECTION('',(0.E0,7.071067811865E-1,7.071067811865E-1));
#640=VECTOR('',#639,4.242640687119E-1);
#641=CARTESIAN_POINT('',(-8.E0,-1.1E0,-1.9E1));
#642=LINE('',#641,#640);
#643=CARTESIAN_POINT('',(-8.E0,0.E0,-1.87E1));
#644=DIRECTION('',(0.E0,0.E0,-1.E0));
#645=DIRECTION('',(0.E0,-1.E0,0.E0));
#646=AXIS2_PLACEMENT_3D('',#643,#644,#645);
#648=DIRECTION('',(0.E0,-3.119726699195E-13,1.E0));
#649=VECTOR('',#648,1.700000000001E0);
#650=CARTESIAN_POINT('',(-8.E0,-8.E-1,-1.87E1));
#651=LINE('',#650,#649);
#652=DIRECTION('',(0.E0,3.119726699195E-13,1.E0));
#653=VECTOR('',#652,1.700000000001E0);
#654=CARTESIAN_POINT('',(-8.E0,8.E-1,-1.87E1));
#655=LINE('',#654,#653);
#656=DIRECTION('',(0.E0,-8.571673007015E-1,5.150380749110E-1));
#657=VECTOR('',#656,9.333067177735E-1);
#658=CARTESIAN_POINT('',(-8.E0,8.000000000005E-1,-1.7E1));
#659=LINE('',#658,#657);
#660=CARTESIAN_POINT('',(-8.E0,0.E0,-1.7E1));
#661=DIRECTION('',(0.E0,0.E0,1.E0));
#662=DIRECTION('',(0.E0,-1.E0,0.E0));
#663=AXIS2_PLACEMENT_3D('',#660,#661,#662);
#665=CARTESIAN_POINT('',(-8.E0,0.E0,-1.7E1));
#666=DIRECTION('',(0.E0,0.E0,1.E0));
#667=DIRECTION('',(0.E0,1.E0,0.E0));
#668=AXIS2_PLACEMENT_3D('',#665,#666,#667);
#670=DIRECTION('',(0.E0,8.571673007015E-1,5.150380749110E-1));
#671=VECTOR('',#670,9.333067177735E-1);
#672=CARTESIAN_POINT('',(-8.E0,-8.000000000005E-1,-1.7E1));
#673=LINE('',#672,#671);
#674=DIRECTION('',(-4.999999999998E-1,-5.000000000002E-1,7.071067811865E-1));
#675=VECTOR('',#674,4.242640687119E-1);
#676=CARTESIAN_POINT('',(-4.879036790187E0,6.434671708797E0,-1.9E1));
#677=LINE('',#676,#675);
#678=CARTESIAN_POINT('',(-5.656854249492E0,5.656854249492E0,-1.87E1));
#679=DIRECTION('',(0.E0,0.E0,-1.E0));
#680=DIRECTION('',(7.071067811865E-1,7.071067811865E-1,0.E0));
#681=AXIS2_PLACEMENT_3D('',#678,#679,#680);
#683=DIRECTION('',(5.E-1,5.E-1,7.071067811866E-1));
#684=VECTOR('',#683,4.242640687119E-1);
#685=CARTESIAN_POINT('',(-6.434671708798E0,4.879036790187E0,-1.9E1));
#686=LINE('',#685,#684);
#687=CARTESIAN_POINT('',(-5.656854249492E0,5.656854249492E0,-1.87E1));
#688=DIRECTION('',(0.E0,0.E0,-1.E0));
#689=DIRECTION('',(-7.071067811872E-1,-7.071067811859E-1,0.E0));
#690=AXIS2_PLACEMENT_3D('',#687,#688,#689);
#692=DIRECTION('',(-9.613225248514E-14,-3.448222100010E-13,1.E0));
#693=VECTOR('',#692,1.700000000001E0);
#694=CARTESIAN_POINT('',(-6.222539674442E0,5.091168824543E0,-1.87E1));
#695=LINE('',#694,#693);
#696=DIRECTION('',(2.204772312431E-13,2.209996891370E-13,1.E0));
#697=VECTOR('',#696,1.700000000001E0);
#698=CARTESIAN_POINT('',(-5.091168824543E0,6.222539674441E0,-1.87E1));
#699=LINE('',#698,#697);
#700=DIRECTION('',(-6.061088109374E-1,-6.061088109374E-1,5.150380749110E-1));
#701=VECTOR('',#700,9.333067177735E-1);
#702=CARTESIAN_POINT('',(-5.091168824542E0,6.222539674442E0,-1.7E1));
#703=LINE('',#702,#701);
#704=CARTESIAN_POINT('',(-5.656854249492E0,5.656854249492E0,-1.7E1));
#705=DIRECTION('',(0.E0,0.E0,1.E0));
#706=DIRECTION('',(-7.071067811872E-1,-7.071067811859E-1,0.E0));
#707=AXIS2_PLACEMENT_3D('',#704,#705,#706);
#709=CARTESIAN_POINT('',(-5.656854249492E0,5.656854249492E0,-1.7E1));
#710=DIRECTION('',(0.E0,0.E0,1.E0));
#711=DIRECTION('',(7.071067811865E-1,7.071067811865E-1,0.E0));
#712=AXIS2_PLACEMENT_3D('',#709,#710,#711);
#714=DIRECTION('',(6.061088109377E-1,6.061088109372E-1,5.150380749110E-1));
#715=VECTOR('',#714,9.333067177735E-1);
#716=CARTESIAN_POINT('',(-6.222539674442E0,5.091168824543E0,-1.7E1));
#717=LINE('',#716,#715);
#718=DIRECTION('',(0.E0,0.E0,-1.E0));
#719=VECTOR('',#718,5.E-1);
#720=CARTESIAN_POINT('',(6.1E0,0.E0,-1.85E1));
#721=LINE('',#720,#719);
#722=DIRECTION('',(0.E0,0.E0,-1.E0));
#723=VECTOR('',#722,5.E-1);
#724=CARTESIAN_POINT('',(-6.1E0,0.E0,-1.85E1));
#725=LINE('',#724,#723);
#726=CARTESIAN_POINT('',(0.E0,0.E0,-1.85E1));
#727=DIRECTION('',(0.E0,0.E0,1.E0));
#728=DIRECTION('',(1.E0,0.E0,0.E0));
#729=AXIS2_PLACEMENT_3D('',#726,#727,#728);
#731=CARTESIAN_POINT('',(0.E0,0.E0,-1.85E1));
#732=DIRECTION('',(0.E0,0.E0,1.E0));
#733=DIRECTION('',(-1.E0,0.E0,0.E0));
#734=AXIS2_PLACEMENT_3D('',#731,#732,#733);
#736=DIRECTION('',(0.E0,0.E0,1.E0));
#737=VECTOR('',#736,1.E0);
#738=CARTESIAN_POINT('',(-5.65E0,-8.E0,-1.7E1));
#739=LINE('',#738,#737);
#740=DIRECTION('',(1.268078409393E-12,1.E0,0.E0));
#741=VECTOR('',#740,5.393178987224E-2);
#742=CARTESIAN_POINT('',(-5.65E0,-8.E0,-1.6E1));
#743=LINE('',#742,#741);
#744=DIRECTION('',(-1.E0,0.E0,0.E0));
#745=VECTOR('',#744,1.114674840480E1);
#746=CARTESIAN_POINT('',(5.573374202402E0,-8.E0,-1.6E1));
#747=LINE('',#746,#745);
#748=DIRECTION('',(-7.071067811866E-1,0.E0,7.071067811865E-1));
#749=VECTOR('',#748,5.656854249491E-1);
#750=CARTESIAN_POINT('',(-1.385E1,-8.E0,-1.7E1));
#751=LINE('',#750,#749);
#752=DIRECTION('',(0.E0,0.E0,1.E0));
#753=VECTOR('',#752,8.1E0);
#754=CARTESIAN_POINT('',(-1.425E1,-8.E0,-1.66E1));
#755=LINE('',#754,#753);
#756=DIRECTION('',(1.E0,0.E0,0.E0));
#757=VECTOR('',#756,4.85E0);
#758=CARTESIAN_POINT('',(-1.425E1,-8.E0,-8.5E0));
#759=LINE('',#758,#757);
#760=DIRECTION('',(7.071067811865E-1,0.E0,-7.071067811865E-1));
#761=VECTOR('',#760,5.656854249492E-1);
#762=CARTESIAN_POINT('',(-9.4E0,-8.E0,-1.34E1));
#763=LINE('',#762,#761);
#764=DIRECTION('',(1.E0,0.E0,0.E0));
#765=VECTOR('',#764,1.8E1);
#766=CARTESIAN_POINT('',(-9.E0,-8.E0,-1.38E1));
#767=LINE('',#766,#765);
#768=DIRECTION('',(7.071067811865E-1,0.E0,7.071067811865E-1));
#769=VECTOR('',#768,5.656854249492E-1);
#770=CARTESIAN_POINT('',(9.E0,-8.E0,-1.38E1));
#771=LINE('',#770,#769);
#772=DIRECTION('',(0.E0,0.E0,1.E0));
#773=VECTOR('',#772,4.9E0);
#774=CARTESIAN_POINT('',(9.4E0,-8.E0,-1.34E1));
#775=LINE('',#774,#773);
#776=DIRECTION('',(1.E0,0.E0,0.E0));
#777=VECTOR('',#776,4.85E0);
#778=CARTESIAN_POINT('',(9.4E0,-8.E0,-8.5E0));
#779=LINE('',#778,#777);
#780=DIRECTION('',(0.E0,0.E0,-1.E0));
#781=VECTOR('',#780,8.1E0);
#782=CARTESIAN_POINT('',(1.425E1,-8.E0,-8.5E0));
#783=LINE('',#782,#781);
#784=DIRECTION('',(-7.071067811865E-1,0.E0,-7.071067811865E-1));
#785=VECTOR('',#784,5.656854249492E-1);
#786=CARTESIAN_POINT('',(1.425E1,-8.E0,-1.66E1));
#787=LINE('',#786,#785);
#788=DIRECTION('',(0.E0,0.E0,1.E0));
#789=VECTOR('',#788,1.E0);
#790=CARTESIAN_POINT('',(5.65E0,-8.E0,-1.7E1));
#791=LINE('',#790,#789);
#792=CARTESIAN_POINT('',(0.E0,0.E0,-1.6E1));
#793=DIRECTION('',(0.E0,0.E0,-1.E0));
#794=DIRECTION('',(5.716281233233E-1,-8.205128205128E-1,0.E0));
#795=AXIS2_PLACEMENT_3D('',#792,#793,#794);
#797=CARTESIAN_POINT('',(0.E0,0.E0,-1.6E1));
#798=DIRECTION('',(0.E0,0.E0,-1.E0));
#799=DIRECTION('',(-5.716281233233E-1,-8.205128205128E-1,0.E0));
#800=AXIS2_PLACEMENT_3D('',#797,#798,#799);
#802=DIRECTION('',(1.E0,2.550045264901E-13,0.E0));
#803=VECTOR('',#802,7.662579759798E-2);
#804=CARTESIAN_POINT('',(-5.65E0,-8.E0,-1.6E1));
#805=LINE('',#804,#803);
#806=DIRECTION('',(2.859337017527E-14,1.E0,3.368818886104E-14));
#807=VECTOR('',#806,1.708431457505E1);
#808=CARTESIAN_POINT('',(-1.385E1,-8.E0,-1.7E1));
#809=LINE('',#808,#807);
#810=DIRECTION('',(6.785983445459E-1,-2.810846377156E-1,-6.785983445455E-1));
#811=VECTOR('',#810,5.894503032834E-1);
#812=CARTESIAN_POINT('',(-1.425E1,9.249999999999E0,-1.66E1));
#813=LINE('',#812,#811);
#814=DIRECTION('',(-7.071067811865E-1,-7.071067811865E-1,0.E0));
#815=VECTOR('',#814,2.828427124747E0);
#816=CARTESIAN_POINT('',(-1.225E1,1.125E1,1.66E1));
#817=LINE('',#816,#815);
#818=DIRECTION('',(0.E0,0.E0,-1.E0));
#819=VECTOR('',#818,3.32E1);
#820=CARTESIAN_POINT('',(-1.425E1,9.249999999999E0,1.66E1));
#821=LINE('',#820,#819);
#822=DIRECTION('',(7.071067811865E-1,7.071067811866E-1,4.521866281008E-14));
#823=VECTOR('',#822,2.828427124747E0);
#824=CARTESIAN_POINT('',(-1.425E1,9.249999999999E0,-1.66E1));
#825=LINE('',#824,#823);
#826=DIRECTION('',(2.810846377158E-1,-6.785983445458E-1,6.785983445455E-1));
#827=VECTOR('',#826,5.894503032834E-1);
#828=CARTESIAN_POINT('',(-1.225E1,1.125E1,1.66E1));
#829=LINE('',#828,#827);
#830=DIRECTION('',(7.071067811865E-1,-7.071067811865E-1,0.E0));
#831=VECTOR('',#830,2.497056274849E0);
#832=CARTESIAN_POINT('',(1.208431457505E1,1.085E1,1.7E1));
#833=LINE('',#832,#831);
#834=DIRECTION('',(-7.071067811865E-1,-7.071067811865E-1,0.E0));
#835=VECTOR('',#834,2.497056274849E0);
#836=CARTESIAN_POINT('',(1.385E1,-3.308431457505E1,1.7E1));
#837=LINE('',#836,#835);
#838=DIRECTION('',(-7.071067811865E-1,7.071067811865E-1,0.E0));
#839=VECTOR('',#838,2.497056274849E0);
#840=CARTESIAN_POINT('',(-1.208431457505E1,-3.485E1,1.7E1));
#841=LINE('',#840,#839);
#842=DIRECTION('',(7.071067811865E-1,7.071067811865E-1,0.E0));
#843=VECTOR('',#842,2.497056274849E0);
#844=CARTESIAN_POINT('',(-1.385E1,9.084314575050E0,1.7E1));
#845=LINE('',#844,#843);
#846=CARTESIAN_POINT('',(-1.1E1,8.E0,1.7E1));
#847=DIRECTION('',(0.E0,0.E0,1.E0));
#848=DIRECTION('',(1.E0,0.E0,0.E0));
#849=AXIS2_PLACEMENT_3D('',#846,#847,#848);
#851=CARTESIAN_POINT('',(-1.1E1,8.E0,1.7E1));
#852=DIRECTION('',(0.E0,0.E0,1.E0));
#853=DIRECTION('',(-1.E0,0.E0,0.E0));
#854=AXIS2_PLACEMENT_3D('',#851,#852,#853);
#856=CARTESIAN_POINT('',(1.1E1,-3.2E1,1.7E1));
#857=DIRECTION('',(0.E0,0.E0,1.E0));
#858=DIRECTION('',(1.E0,0.E0,0.E0));
#859=AXIS2_PLACEMENT_3D('',#856,#857,#858);
#861=CARTESIAN_POINT('',(1.1E1,-3.2E1,1.7E1));
#862=DIRECTION('',(0.E0,0.E0,1.E0));
#863=DIRECTION('',(-1.E0,0.E0,0.E0));
#864=AXIS2_PLACEMENT_3D('',#861,#862,#863);
#866=CARTESIAN_POINT('',(-1.1E1,-3.2E1,1.7E1));
#867=DIRECTION('',(0.E0,0.E0,1.E0));
#868=DIRECTION('',(1.E0,0.E0,0.E0));
#869=AXIS2_PLACEMENT_3D('',#866,#867,#868);
#871=CARTESIAN_POINT('',(-1.1E1,-3.2E1,1.7E1));
#872=DIRECTION('',(0.E0,0.E0,1.E0));
#873=DIRECTION('',(-1.E0,0.E0,0.E0));
#874=AXIS2_PLACEMENT_3D('',#871,#872,#873);
#876=CARTESIAN_POINT('',(1.1E1,-8.E0,1.7E1));
#877=DIRECTION('',(0.E0,0.E0,1.E0));
#878=DIRECTION('',(-1.E0,0.E0,0.E0));
#879=AXIS2_PLACEMENT_3D('',#876,#877,#878);
#881=CARTESIAN_POINT('',(1.1E1,-8.E0,1.7E1));
#882=DIRECTION('',(0.E0,0.E0,1.E0));
#883=DIRECTION('',(1.E0,0.E0,0.E0));
#884=AXIS2_PLACEMENT_3D('',#881,#882,#883);
#886=CARTESIAN_POINT('',(-1.1E1,-8.E0,1.7E1));
#887=DIRECTION('',(0.E0,0.E0,1.E0));
#888=DIRECTION('',(-1.E0,0.E0,0.E0));
#889=AXIS2_PLACEMENT_3D('',#886,#887,#888);
#891=CARTESIAN_POINT('',(-1.1E1,-8.E0,1.7E1));
#892=DIRECTION('',(0.E0,0.E0,1.E0));
#893=DIRECTION('',(1.E0,0.E0,0.E0));
#894=AXIS2_PLACEMENT_3D('',#891,#892,#893);
#896=CARTESIAN_POINT('',(1.1E1,8.E0,1.7E1));
#897=DIRECTION('',(0.E0,0.E0,1.E0));
#898=DIRECTION('',(1.E0,0.E0,0.E0));
#899=AXIS2_PLACEMENT_3D('',#896,#897,#898);
#901=CARTESIAN_POINT('',(1.1E1,8.E0,1.7E1));
#902=DIRECTION('',(0.E0,0.E0,1.E0));
#903=DIRECTION('',(-1.E0,0.E0,0.E0));
#904=AXIS2_PLACEMENT_3D('',#901,#902,#903);
#906=CARTESIAN_POINT('',(0.E0,0.E0,1.7E1));
#907=DIRECTION('',(0.E0,0.E0,1.E0));
#908=DIRECTION('',(0.E0,-1.E0,0.E0));
#909=AXIS2_PLACEMENT_3D('',#906,#907,#908);
#911=CARTESIAN_POINT('',(0.E0,0.E0,1.7E1));
#912=DIRECTION('',(0.E0,0.E0,1.E0));
#913=DIRECTION('',(0.E0,1.E0,0.E0));
#914=AXIS2_PLACEMENT_3D('',#911,#912,#913);
#916=DIRECTION('',(-2.810846377156E-1,-6.785983445459E-1,6.785983445455E-1));
#917=VECTOR('',#916,5.894503032834E-1);
#918=CARTESIAN_POINT('',(1.225E1,1.125E1,1.66E1));
#919=LINE('',#918,#917);
#920=DIRECTION('',(-1.E0,0.E0,0.E0));
#921=VECTOR('',#920,2.416862915010E1);
#922=CARTESIAN_POINT('',(1.208431457505E1,1.085E1,1.7E1));
#923=LINE('',#922,#921);
#924=DIRECTION('',(1.E0,0.E0,0.E0));
#925=VECTOR('',#924,7.E0);
#926=CARTESIAN_POINT('',(-3.5E0,1.125E1,-1.35E1));
#927=LINE('',#926,#925);
#928=DIRECTION('',(1.E0,-2.679761174867E-14,7.349042009862E-14));
#929=VECTOR('',#928,8.749999999999E0);
#930=CARTESIAN_POINT('',(3.5E0,1.125E1,-1.66E1));
#931=LINE('',#930,#929);
#932=DIRECTION('',(-1.E0,0.E0,0.E0));
#933=VECTOR('',#932,2.45E1);
#934=CARTESIAN_POINT('',(1.225E1,1.125E1,1.66E1));
#935=LINE('',#934,#933);
#936=DIRECTION('',(0.E0,0.E0,-1.E0));
#937=VECTOR('',#936,3.32E1);
#938=CARTESIAN_POINT('',(-1.225E1,1.125E1,1.66E1));
#939=LINE('',#938,#937);
#940=DIRECTION('',(1.E0,2.212833091367E-14,-6.943017589428E-14));
#941=VECTOR('',#940,8.749999999999E0);
#942=CARTESIAN_POINT('',(-1.225E1,1.125E1,-1.66E1));
#943=LINE('',#942,#941);
#944=DIRECTION('',(0.E0,0.E0,1.E0));
#945=VECTOR('',#944,3.1E0);
#946=CARTESIAN_POINT('',(-3.5E0,1.125E1,-1.66E1));
#947=LINE('',#946,#945);
#948=CARTESIAN_POINT('',(8.E0,1.125E1,6.E0));
#949=DIRECTION('',(0.E0,1.E0,0.E0));
#950=DIRECTION('',(1.E0,0.E0,0.E0));
#951=AXIS2_PLACEMENT_3D('',#948,#949,#950);
#953=CARTESIAN_POINT('',(8.E0,1.125E1,6.E0));
#954=DIRECTION('',(0.E0,1.E0,0.E0));
#955=DIRECTION('',(-1.E0,0.E0,0.E0));
#956=AXIS2_PLACEMENT_3D('',#953,#954,#955);
#958=CARTESIAN_POINT('',(-8.E0,1.125E1,6.E0));
#959=DIRECTION('',(0.E0,1.E0,0.E0));
#960=DIRECTION('',(1.E0,0.E0,0.E0));
#961=AXIS2_PLACEMENT_3D('',#958,#959,#960);
#963=CARTESIAN_POINT('',(-8.E0,1.125E1,6.E0));
#964=DIRECTION('',(0.E0,1.E0,0.E0));
#965=DIRECTION('',(-1.E0,0.E0,0.E0));
#966=AXIS2_PLACEMENT_3D('',#963,#964,#965);
#968=DIRECTION('',(0.E0,7.071067811865E-1,7.071067811866E-1));
#969=VECTOR('',#968,5.656854249490E-1);
#970=CARTESIAN_POINT('',(3.5E0,1.085E1,-1.7E1));
#971=LINE('',#970,#969);
#972=DIRECTION('',(0.E0,0.E0,1.E0));
#973=VECTOR('',#972,3.1E0);
#974=CARTESIAN_POINT('',(3.5E0,1.125E1,-1.66E1));
#975=LINE('',#974,#973);
#976=DIRECTION('',(0.E0,-1.E0,0.E0));
#977=VECTOR('',#976,1.8E0);
#978=CARTESIAN_POINT('',(3.5E0,1.125E1,-1.35E1));
#979=LINE('',#978,#977);
#980=DIRECTION('',(1.E0,-6.559698076845E-14,6.290688376533E-14));
#981=VECTOR('',#980,8.584314575050E0);
#982=CARTESIAN_POINT('',(3.5E0,1.085E1,-1.7E1));
#983=LINE('',#982,#981);
#984=DIRECTION('',(-2.810846377158E-1,-6.785983445458E-1,-6.785983445455E-1));
#985=VECTOR('',#984,5.894503032834E-1);
#986=CARTESIAN_POINT('',(1.225E1,1.125E1,-1.66E1));
#987=LINE('',#986,#985);
#988=DIRECTION('',(-6.785983445459E-1,-2.810846377154E-1,-6.785983445455E-1));
#989=VECTOR('',#988,5.894503032836E-1);
#990=CARTESIAN_POINT('',(1.425E1,9.249999999999E0,-1.66E1));
#991=LINE('',#990,#989);
#992=DIRECTION('',(3.296035762021E-14,-1.E0,-3.160867103011E-14));
#993=VECTOR('',#992,1.708431457505E1);
#994=CARTESIAN_POINT('',(1.385E1,9.084314575050E0,-1.7E1));
#995=LINE('',#994,#993);
#996=DIRECTION('',(0.E0,1.E0,0.E0));
#997=VECTOR('',#996,4.25E1);
#998=CARTESIAN_POINT('',(1.425E1,-3.325E1,1.66E1));
#999=LINE('',#998,#997);
#1000=DIRECTION('',(0.E0,0.E0,-1.E0));
#1001=VECTOR('',#1000,3.32E1);
#1002=CARTESIAN_POINT('',(1.425E1,9.249999999999E0,1.66E1));
#1003=LINE('',#1002,#1001);
#1004=DIRECTION('',(1.400490029904E-14,-1.E0,-3.521820516376E-14));
#1005=VECTOR('',#1004,1.725E1);
#1006=CARTESIAN_POINT('',(1.425E1,9.249999999999E0,-1.66E1));
#1007=LINE('',#1006,#1005);
#1008=DIRECTION('',(-1.943116869222E-14,-1.E0,5.365322698597E-14));
#1009=VECTOR('',#1008,1.225E1);
#1010=CARTESIAN_POINT('',(1.425E1,-2.1E1,-1.66E1));
#1011=LINE('',#1010,#1009);
#1012=CARTESIAN_POINT('',(1.425E1,-4.E0,6.E0));
#1013=DIRECTION('',(1.E0,0.E0,0.E0));
#1014=DIRECTION('',(0.E0,-1.E0,0.E0));
#1015=AXIS2_PLACEMENT_3D('',#1012,#1013,#1014);
#1017=CARTESIAN_POINT('',(1.425E1,-4.E0,6.E0));
#1018=DIRECTION('',(1.E0,0.E0,0.E0));
#1019=DIRECTION('',(0.E0,1.E0,0.E0));
#1020=AXIS2_PLACEMENT_3D('',#1017,#1018,#1019);
#1022=CARTESIAN_POINT('',(1.425E1,-2.8E1,-6.E0));
#1023=DIRECTION('',(1.E0,0.E0,0.E0));
#1024=DIRECTION('',(0.E0,-1.E0,0.E0));
#1025=AXIS2_PLACEMENT_3D('',#1022,#1023,#1024);
#1027=CARTESIAN_POINT('',(1.425E1,-2.8E1,-6.E0));
#1028=DIRECTION('',(1.E0,0.E0,0.E0));
#1029=DIRECTION('',(0.E0,1.E0,0.E0));
#1030=AXIS2_PLACEMENT_3D('',#1027,#1028,#1029);
#1032=CARTESIAN_POINT('',(1.425E1,-2.8E1,6.E0));
#1033=DIRECTION('',(1.E0,0.E0,0.E0));
#1034=DIRECTION('',(0.E0,-1.E0,0.E0));
#1035=AXIS2_PLACEMENT_3D('',#1032,#1033,#1034);
#1037=CARTESIAN_POINT('',(1.425E1,-2.8E1,6.E0));
#1038=DIRECTION('',(1.E0,0.E0,0.E0));
#1039=DIRECTION('',(0.E0,1.E0,0.E0));
#1040=AXIS2_PLACEMENT_3D('',#1037,#1038,#1039);
#1042=CARTESIAN_POINT('',(1.425E1,-4.E0,-6.E0));
#1043=DIRECTION('',(1.E0,0.E0,0.E0));
#1044=DIRECTION('',(0.E0,-1.E0,0.E0));
#1045=AXIS2_PLACEMENT_3D('',#1042,#1043,#1044);
#1047=CARTESIAN_POINT('',(1.425E1,-4.E0,-6.E0));
#1048=DIRECTION('',(1.E0,0.E0,0.E0));
#1049=DIRECTION('',(0.E0,1.E0,0.E0));
#1050=AXIS2_PLACEMENT_3D('',#1047,#1048,#1049);
#1052=DIRECTION('',(-6.785983445458E-1,2.810846377158E-1,6.785983445455E-1));
#1053=VECTOR('',#1052,5.894503032834E-1);
#1054=CARTESIAN_POINT('',(1.425E1,-3.325E1,1.66E1));
#1055=LINE('',#1054,#1053);
#1056=DIRECTION('',(0.E0,1.E0,0.E0));
#1057=VECTOR('',#1056,4.216862915010E1);
#1058=CARTESIAN_POINT('',(1.385E1,-3.308431457505E1,1.7E1));
#1059=LINE('',#1058,#1057);
#1060=DIRECTION('',(-2.810846377158E-1,6.785983445458E-1,6.785983445455E-1));
#1061=VECTOR('',#1060,5.894503032834E-1);
#1062=CARTESIAN_POINT('',(1.225E1,-3.525E1,1.66E1));
#1063=LINE('',#1062,#1061);
#1064=DIRECTION('',(7.071067811865E-1,7.071067811865E-1,0.E0));
#1065=VECTOR('',#1064,2.828427124747E0);
#1066=CARTESIAN_POINT('',(1.225E1,-3.525E1,1.66E1));
#1067=LINE('',#1066,#1065);
#1068=DIRECTION('',(0.E0,0.E0,-1.E0));
#1069=VECTOR('',#1068,3.32E1);
#1070=CARTESIAN_POINT('',(1.425E1,-3.325E1,1.66E1));
#1071=LINE('',#1070,#1069);
#1072=DIRECTION('',(-7.071067811865E-1,-7.071067811865E-1,0.E0));
#1073=VECTOR('',#1072,2.828427124747E0);
#1074=CARTESIAN_POINT('',(1.425E1,-3.325E1,-1.66E1));
#1075=LINE('',#1074,#1073);
#1076=DIRECTION('',(-6.785983445458E-1,2.810846377158E-1,-6.785983445455E-1));
#1077=VECTOR('',#1076,5.894503032834E-1);
#1078=CARTESIAN_POINT('',(1.425E1,-3.325E1,-1.66E1));
#1079=LINE('',#1078,#1077);
#1080=DIRECTION('',(-7.071067811865E-1,7.071067811865E-1,0.E0));
#1081=VECTOR('',#1080,4.666904755831E0);
#1082=CARTESIAN_POINT('',(9.4E0,-1.88E1,-1.7E1));
#1083=LINE('',#1082,#1081);
#1084=DIRECTION('',(-7.071067811865E-1,-7.071067811865E-1,0.E0));
#1085=VECTOR('',#1084,4.666904755831E0);
#1086=CARTESIAN_POINT('',(-6.1E0,-1.55E1,-1.7E1));
#1087=LINE('',#1086,#1085);
#1088=DIRECTION('',(7.071067811865E-1,-7.071067811866E-1,1.422760758172E-14));
#1089=VECTOR('',#1088,2.497056274848E0);
#1090=CARTESIAN_POINT('',(-1.385E1,-3.308431457505E1,-1.7E1));
#1091=LINE('',#1090,#1089);
#1092=DIRECTION('',(7.071067811865E-1,7.071067811865E-1,0.E0));
#1093=VECTOR('',#1092,2.497056274849E0);
#1094=CARTESIAN_POINT('',(1.208431457505E1,-3.485E1,-1.7E1));
#1095=LINE('',#1094,#1093);
#1096=CARTESIAN_POINT('',(-1.1E1,-3.2E1,-1.7E1));
#1097=DIRECTION('',(0.E0,0.E0,-1.E0));
#1098=DIRECTION('',(-1.E0,0.E0,0.E0));
#1099=AXIS2_PLACEMENT_3D('',#1096,#1097,#1098);
#1101=CARTESIAN_POINT('',(-1.1E1,-3.2E1,-1.7E1));
#1102=DIRECTION('',(0.E0,0.E0,-1.E0));
#1103=DIRECTION('',(1.E0,0.E0,0.E0));
#1104=AXIS2_PLACEMENT_3D('',#1101,#1102,#1103);
#1106=CARTESIAN_POINT('',(1.1E1,-3.2E1,-1.7E1));
#1107=DIRECTION('',(0.E0,0.E0,-1.E0));
#1108=DIRECTION('',(-1.E0,0.E0,0.E0));
#1109=AXIS2_PLACEMENT_3D('',#1106,#1107,#1108);
#1111=CARTESIAN_POINT('',(1.1E1,-3.2E1,-1.7E1));
#1112=DIRECTION('',(0.E0,0.E0,-1.E0));
#1113=DIRECTION('',(1.E0,0.E0,0.E0));
#1114=AXIS2_PLACEMENT_3D('',#1111,#1112,#1113);
#1116=DIRECTION('',(-4.674501573267E-14,-1.E0,4.468705906520E-14));
#1117=VECTOR('',#1116,1.208431457505E1);
#1118=CARTESIAN_POINT('',(1.385E1,-2.1E1,-1.7E1));
#1119=LINE('',#1118,#1117);
#1120=DIRECTION('',(7.071067811865E-1,0.E0,7.071067811866E-1));
#1121=VECTOR('',#1120,5.656854249490E-1);
#1122=CARTESIAN_POINT('',(1.385E1,-2.1E1,-1.7E1));
#1123=LINE('',#1122,#1121);
#1124=DIRECTION('',(0.E0,0.E0,1.E0));
#1125=VECTOR('',#1124,8.1E0);
#1126=CARTESIAN_POINT('',(1.425E1,-2.1E1,-1.66E1));
#1127=LINE('',#1126,#1125);
#1128=DIRECTION('',(-1.E0,0.E0,0.E0));
#1129=VECTOR('',#1128,4.85E0);
#1130=CARTESIAN_POINT('',(1.425E1,-2.1E1,-8.5E0));
#1131=LINE('',#1130,#1129);
#1132=DIRECTION('',(1.E0,0.E0,0.E0));
#1133=VECTOR('',#1132,4.45E0);
#1134=CARTESIAN_POINT('',(9.4E0,-2.1E1,-1.7E1));
#1135=LINE('',#1134,#1133);
#1136=DIRECTION('',(0.E0,1.E0,0.E0));
#1137=VECTOR('',#1136,1.3E1);
#1138=CARTESIAN_POINT('',(1.425E1,-2.1E1,-8.5E0));
#1139=LINE('',#1138,#1137);
#1140=DIRECTION('',(0.E0,-1.E0,0.E0));
#1141=VECTOR('',#1140,1.08E1);
#1142=CARTESIAN_POINT('',(9.4E0,-8.E0,-1.34E1));
#1143=LINE('',#1142,#1141);
#1144=DIRECTION('',(0.E0,-1.E0,0.E0));
#1145=VECTOR('',#1144,2.2E0);
#1146=CARTESIAN_POINT('',(9.4E0,-1.88E1,-1.7E1));
#1147=LINE('',#1146,#1145);
#1148=DIRECTION('',(0.E0,0.E0,1.E0));
#1149=VECTOR('',#1148,8.5E0);
#1150=CARTESIAN_POINT('',(9.4E0,-2.1E1,-1.7E1));
#1151=LINE('',#1150,#1149);
#1152=DIRECTION('',(0.E0,1.E0,0.E0));
#1153=VECTOR('',#1152,1.3E1);
#1154=CARTESIAN_POINT('',(9.4E0,-2.1E1,-8.5E0));
#1155=LINE('',#1154,#1153);
#1156=DIRECTION('',(0.E0,-1.E0,0.E0));
#1157=VECTOR('',#1156,1.04E1);
#1158=CARTESIAN_POINT('',(9.E0,-8.E0,-1.38E1));
#1159=LINE('',#1158,#1157);
#1160=DIRECTION('',(5.773502691896E-1,-5.773502691896E-1,5.773502691896E-1));
#1161=VECTOR('',#1160,6.928203230275E-1);
#1162=CARTESIAN_POINT('',(9.E0,-1.84E1,-1.38E1));
#1163=LINE('',#1162,#1161);
#1164=DIRECTION('',(7.071067811865E-1,7.071067811865E-1,0.E0));
#1165=VECTOR('',#1164,4.101219330882E0);
#1166=CARTESIAN_POINT('',(-9.E0,-1.84E1,-1.38E1));
#1167=LINE('',#1166,#1165);
#1168=DIRECTION('',(1.E0,0.E0,0.E0));
#1169=VECTOR('',#1168,1.22E1);
#1170=CARTESIAN_POINT('',(-6.1E0,-1.55E1,-1.38E1));
#1171=LINE('',#1170,#1169);
#1172=DIRECTION('',(7.071067811865E-1,-7.071067811865E-1,0.E0));
#1173=VECTOR('',#1172,4.101219330882E0);
#1174=CARTESIAN_POINT('',(6.1E0,-1.55E1,-1.38E1));
#1175=LINE('',#1174,#1173);
#1176=DIRECTION('',(5.773502691896E-1,5.773502691896E-1,-5.773502691896E-1));
#1177=VECTOR('',#1176,6.928203230275E-1);
#1178=CARTESIAN_POINT('',(-9.4E0,-1.88E1,-1.34E1));
#1179=LINE('',#1178,#1177);
#1180=DIRECTION('',(0.E0,1.E0,0.E0));
#1181=VECTOR('',#1180,1.04E1);
#1182=CARTESIAN_POINT('',(-9.E0,-1.84E1,-1.38E1));
#1183=LINE('',#1182,#1181);
#1184=DIRECTION('',(0.E0,1.E0,0.E0));
#1185=VECTOR('',#1184,1.08E1);
#1186=CARTESIAN_POINT('',(-9.4E0,-1.88E1,-1.34E1));
#1187=LINE('',#1186,#1185);
#1188=DIRECTION('',(0.E0,0.E0,1.E0));
#1189=VECTOR('',#1188,4.9E0);
#1190=CARTESIAN_POINT('',(-9.4E0,-8.E0,-1.34E1));
#1191=LINE('',#1190,#1189);
#1192=DIRECTION('',(0.E0,-1.E0,0.E0));
#1193=VECTOR('',#1192,1.3E1);
#1194=CARTESIAN_POINT('',(-9.4E0,-8.E0,-8.5E0));
#1195=LINE('',#1194,#1193);
#1196=DIRECTION('',(0.E0,0.E0,-1.E0));
#1197=VECTOR('',#1196,8.5E0);
#1198=CARTESIAN_POINT('',(-9.4E0,-2.1E1,-8.5E0));
#1199=LINE('',#1198,#1197);
#1200=DIRECTION('',(0.E0,1.E0,0.E0));
#1201=VECTOR('',#1200,2.2E0);
#1202=CARTESIAN_POINT('',(-9.4E0,-2.1E1,-1.7E1));
#1203=LINE('',#1202,#1201);
#1204=DIRECTION('',(0.E0,-1.E0,0.E0));
#1205=VECTOR('',#1204,4.25E1);
#1206=CARTESIAN_POINT('',(-1.425E1,9.249999999999E0,1.66E1));
#1207=LINE('',#1206,#1205);
#1208=DIRECTION('',(0.E0,0.E0,-1.E0));
#1209=VECTOR('',#1208,3.32E1);
#1210=CARTESIAN_POINT('',(-1.425E1,-3.325E1,1.66E1));
#1211=LINE('',#1210,#1209);
#1212=DIRECTION('',(-2.117127335122E-14,1.E0,-4.930296533846E-14));
#1213=VECTOR('',#1212,1.225E1);
#1214=CARTESIAN_POINT('',(-1.425E1,-3.325E1,-1.66E1));
#1215=LINE('',#1214,#1213);
#1216=DIRECTION('',(0.E0,1.E0,0.E0));
#1217=VECTOR('',#1216,1.3E1);
#1218=CARTESIAN_POINT('',(-1.425E1,-2.1E1,-8.5E0));
#1219=LINE('',#1218,#1217);
#1220=DIRECTION('',(1.091558405660E-14,1.E0,3.830752140620E-14));
#1221=VECTOR('',#1220,1.725E1);
#1222=CARTESIAN_POINT('',(-1.425E1,-8.E0,-1.66E1));
#1223=LINE('',#1222,#1221);
#1224=CARTESIAN_POINT('',(-1.425E1,-4.E0,6.E0));
#1225=DIRECTION('',(-1.E0,0.E0,0.E0));
#1226=DIRECTION('',(0.E0,1.E0,0.E0));
#1227=AXIS2_PLACEMENT_3D('',#1224,#1225,#1226);
#1229=CARTESIAN_POINT('',(-1.425E1,-4.E0,6.E0));
#1230=DIRECTION('',(-1.E0,0.E0,0.E0));
#1231=DIRECTION('',(0.E0,-1.E0,0.E0));
#1232=AXIS2_PLACEMENT_3D('',#1229,#1230,#1231);
#1234=CARTESIAN_POINT('',(-1.425E1,-2.8E1,-6.E0));
#1235=DIRECTION('',(-1.E0,0.E0,0.E0));
#1236=DIRECTION('',(0.E0,1.E0,0.E0));
#1237=AXIS2_PLACEMENT_3D('',#1234,#1235,#1236);
#1239=CARTESIAN_POINT('',(-1.425E1,-2.8E1,-6.E0));
#1240=DIRECTION('',(-1.E0,0.E0,0.E0));
#1241=DIRECTION('',(0.E0,-1.E0,0.E0));
#1242=AXIS2_PLACEMENT_3D('',#1239,#1240,#1241);
#1244=CARTESIAN_POINT('',(-1.425E1,-2.8E1,6.E0));
#1245=DIRECTION('',(-1.E0,0.E0,0.E0));
#1246=DIRECTION('',(0.E0,1.E0,0.E0));
#1247=AXIS2_PLACEMENT_3D('',#1244,#1245,#1246);
#1249=CARTESIAN_POINT('',(-1.425E1,-2.8E1,6.E0));
#1250=DIRECTION('',(-1.E0,0.E0,0.E0));
#1251=DIRECTION('',(0.E0,-1.E0,0.E0));
#1252=AXIS2_PLACEMENT_3D('',#1249,#1250,#1251);
#1254=CARTESIAN_POINT('',(-1.425E1,-4.E0,-6.E0));
#1255=DIRECTION('',(-1.E0,0.E0,0.E0));
#1256=DIRECTION('',(0.E0,1.E0,0.E0));
#1257=AXIS2_PLACEMENT_3D('',#1254,#1255,#1256);
#1259=CARTESIAN_POINT('',(-1.425E1,-4.E0,-6.E0));
#1260=DIRECTION('',(-1.E0,0.E0,0.E0));
#1261=DIRECTION('',(0.E0,-1.E0,0.E0));
#1262=AXIS2_PLACEMENT_3D('',#1259,#1260,#1261);
#1264=DIRECTION('',(6.785983445458E-1,-2.810846377158E-1,6.785983445455E-1));
#1265=VECTOR('',#1264,5.894503032834E-1);
#1266=CARTESIAN_POINT('',(-1.425E1,9.249999999999E0,1.66E1));
#1267=LINE('',#1266,#1265);
#1268=DIRECTION('',(0.E0,-1.E0,0.E0));
#1269=VECTOR('',#1268,4.216862915010E1);
#1270=CARTESIAN_POINT('',(-1.385E1,9.084314575050E0,1.7E1));
#1271=LINE('',#1270,#1269);
#1272=DIRECTION('',(6.785983445458E-1,2.810846377158E-1,6.785983445455E-1));
#1273=VECTOR('',#1272,5.894503032834E-1);
#1274=CARTESIAN_POINT('',(-1.425E1,-3.325E1,1.66E1));
#1275=LINE('',#1274,#1273);
#1276=DIRECTION('',(7.071067811865E-1,-7.071067811865E-1,0.E0));
#1277=VECTOR('',#1276,2.828427124747E0);
#1278=CARTESIAN_POINT('',(-1.425E1,-3.325E1,1.66E1));
#1279=LINE('',#1278,#1277);
#1280=DIRECTION('',(0.E0,0.E0,-1.E0));
#1281=VECTOR('',#1280,3.32E1);
#1282=CARTESIAN_POINT('',(-1.225E1,-3.525E1,1.66E1));
#1283=LINE('',#1282,#1281);
#1284=DIRECTION('',(-7.071067811866E-1,7.071067811865E-1,4.396258884314E-14));
#1285=VECTOR('',#1284,2.828427124747E0);
#1286=CARTESIAN_POINT('',(-1.225E1,-3.525E1,-1.66E1));
#1287=LINE('',#1286,#1285);
#1288=DIRECTION('',(1.E0,0.E0,0.E0));
#1289=VECTOR('',#1288,2.45E1);
#1290=CARTESIAN_POINT('',(-1.225E1,-3.525E1,1.66E1));
#1291=LINE('',#1290,#1289);
#1292=DIRECTION('',(0.E0,0.E0,-1.E0));
#1293=VECTOR('',#1292,3.32E1);
#1294=CARTESIAN_POINT('',(1.225E1,-3.525E1,1.66E1));
#1295=LINE('',#1294,#1293);
#1296=DIRECTION('',(-1.E0,0.E0,0.E0));
#1297=VECTOR('',#1296,2.45E1);
#1298=CARTESIAN_POINT('',(1.225E1,-3.525E1,-1.66E1));
#1299=LINE('',#1298,#1297);
#1300=CARTESIAN_POINT('',(-8.E0,-3.525E1,6.E0));
#1301=DIRECTION('',(0.E0,-1.E0,0.E0));
#1302=DIRECTION('',(-1.E0,0.E0,0.E0));
#1303=AXIS2_PLACEMENT_3D('',#1300,#1301,#1302);
#1305=CARTESIAN_POINT('',(-8.E0,-3.525E1,6.E0));
#1306=DIRECTION('',(0.E0,-1.E0,0.E0));
#1307=DIRECTION('',(1.E0,0.E0,0.E0));
#1308=AXIS2_PLACEMENT_3D('',#1305,#1306,#1307);
#1310=CARTESIAN_POINT('',(8.E0,-3.525E1,-6.E0));
#1311=DIRECTION('',(0.E0,-1.E0,0.E0));
#1312=DIRECTION('',(-1.E0,0.E0,0.E0));
#1313=AXIS2_PLACEMENT_3D('',#1310,#1311,#1312);
#1315=CARTESIAN_POINT('',(8.E0,-3.525E1,-6.E0));
#1316=DIRECTION('',(0.E0,-1.E0,0.E0));
#1317=DIRECTION('',(1.E0,0.E0,0.E0));
#1318=AXIS2_PLACEMENT_3D('',#1315,#1316,#1317);
#1320=CARTESIAN_POINT('',(-8.E0,-3.525E1,-6.E0));
#1321=DIRECTION('',(0.E0,-1.E0,0.E0));
#1322=DIRECTION('',(-1.E0,0.E0,0.E0));
#1323=AXIS2_PLACEMENT_3D('',#1320,#1321,#1322);
#1325=CARTESIAN_POINT('',(-8.E0,-3.525E1,-6.E0));
#1326=DIRECTION('',(0.E0,-1.E0,0.E0));
#1327=DIRECTION('',(1.E0,0.E0,0.E0));
#1328=AXIS2_PLACEMENT_3D('',#1325,#1326,#1327);
#1330=CARTESIAN_POINT('',(8.E0,-3.525E1,6.E0));
#1331=DIRECTION('',(0.E0,-1.E0,0.E0));
#1332=DIRECTION('',(-1.E0,0.E0,0.E0));
#1333=AXIS2_PLACEMENT_3D('',#1330,#1331,#1332);
#1335=CARTESIAN_POINT('',(8.E0,-3.525E1,6.E0));
#1336=DIRECTION('',(0.E0,-1.E0,0.E0));
#1337=DIRECTION('',(1.E0,0.E0,0.E0));
#1338=AXIS2_PLACEMENT_3D('',#1335,#1336,#1337);
#1340=DIRECTION('',(2.810846377158E-1,6.785983445458E-1,6.785983445455E-1));
#1341=VECTOR('',#1340,5.894503032834E-1);
#1342=CARTESIAN_POINT('',(-1.225E1,-3.525E1,1.66E1));
#1343=LINE('',#1342,#1341);
#1344=DIRECTION('',(1.E0,0.E0,0.E0));
#1345=VECTOR('',#1344,2.416862915010E1);
#1346=CARTESIAN_POINT('',(-1.208431457505E1,-3.485E1,1.7E1));
#1347=LINE('',#1346,#1345);
#1348=DIRECTION('',(-2.810846377158E-1,6.785983445458E-1,-6.785983445455E-1));
#1349=VECTOR('',#1348,5.894503032834E-1);
#1350=CARTESIAN_POINT('',(1.225E1,-3.525E1,-1.66E1));
#1351=LINE('',#1350,#1349);
#1352=DIRECTION('',(-1.E0,0.E0,0.E0));
#1353=VECTOR('',#1352,2.416862915010E1);
#1354=CARTESIAN_POINT('',(1.208431457505E1,-3.485E1,-1.7E1));
#1355=LINE('',#1354,#1353);
#1356=DIRECTION('',(2.810846377157E-1,6.785983445458E-1,-6.785983445455E-1));
#1357=VECTOR('',#1356,5.894503032833E-1);
#1358=CARTESIAN_POINT('',(-1.225E1,-3.525E1,-1.66E1));
#1359=LINE('',#1358,#1357);
#1360=DIRECTION('',(6.785983445459E-1,2.810846377155E-1,-6.785983445455E-1));
#1361=VECTOR('',#1360,5.894503032836E-1);
#1362=CARTESIAN_POINT('',(-1.425E1,-3.325E1,-1.66E1));
#1363=LINE('',#1362,#1361);
#1364=DIRECTION('',(-4.733300335195E-14,1.E0,-4.468705906520E-14));
#1365=VECTOR('',#1364,1.208431457505E1);
#1366=CARTESIAN_POINT('',(-1.385E1,-3.308431457505E1,-1.7E1));
#1367=LINE('',#1366,#1365);
#1368=DIRECTION('',(7.071067811865E-1,0.E0,-7.071067811865E-1));
#1369=VECTOR('',#1368,5.656854249492E-1);
#1370=CARTESIAN_POINT('',(-1.425E1,-2.1E1,-1.66E1));
#1371=LINE('',#1370,#1369);
#1372=DIRECTION('',(1.E0,0.E0,0.E0));
#1373=VECTOR('',#1372,4.45E0);
#1374=CARTESIAN_POINT('',(-1.385E1,-2.1E1,-1.7E1));
#1375=LINE('',#1374,#1373);
#1376=DIRECTION('',(-1.E0,0.E0,0.E0));
#1377=VECTOR('',#1376,4.85E0);
#1378=CARTESIAN_POINT('',(-9.4E0,-2.1E1,-8.5E0));
#1379=LINE('',#1378,#1377);
#1380=DIRECTION('',(0.E0,0.E0,-1.E0));
#1381=VECTOR('',#1380,8.1E0);
#1382=CARTESIAN_POINT('',(-1.425E1,-2.1E1,-8.5E0));
#1383=LINE('',#1382,#1381);
#1384=CARTESIAN_POINT('',(-8.E0,-3.4925E1,6.E0));
#1385=DIRECTION('',(0.E0,-1.E0,0.E0));
#1386=DIRECTION('',(-1.E0,0.E0,0.E0));
#1387=AXIS2_PLACEMENT_3D('',#1384,#1385,#1386);
#1389=DIRECTION('',(7.071067811866E-1,-7.071067811865E-1,0.E0));
#1390=VECTOR('',#1389,4.596194077713E-1);
#1391=CARTESIAN_POINT('',(-6.975E0,-3.4925E1,6.E0));
#1392=LINE('',#1391,#1390);
#1393=CARTESIAN_POINT('',(-8.E0,-3.4925E1,6.E0));
#1394=DIRECTION('',(0.E0,-1.E0,0.E0));
#1395=DIRECTION('',(1.E0,0.E0,0.E0));
#1396=AXIS2_PLACEMENT_3D('',#1393,#1394,#1395);
#1398=DIRECTION('',(-7.071067811866E-1,-7.071067811865E-1,0.E0));
#1399=VECTOR('',#1398,4.596194077713E-1);
#1400=CARTESIAN_POINT('',(-9.025E0,-3.4925E1,6.E0));
#1401=LINE('',#1400,#1399);
#1402=DIRECTION('',(0.E0,-1.E0,0.E0));
#1403=VECTOR('',#1402,2.675E0);
#1404=CARTESIAN_POINT('',(-9.025E0,-3.225E1,6.E0));
#1405=LINE('',#1404,#1403);
#1406=CARTESIAN_POINT('',(-8.E0,-3.225E1,6.E0));
#1407=DIRECTION('',(0.E0,1.E0,0.E0));
#1408=DIRECTION('',(1.E0,0.E0,0.E0));
#1409=AXIS2_PLACEMENT_3D('',#1406,#1407,#1408);
#1411=CARTESIAN_POINT('',(-8.E0,-3.225E1,6.E0));
#1412=DIRECTION('',(0.E0,1.E0,0.E0));
#1413=DIRECTION('',(-1.E0,0.E0,0.E0));
#1414=AXIS2_PLACEMENT_3D('',#1411,#1412,#1413);
#1416=DIRECTION('',(0.E0,-1.E0,0.E0));
#1417=VECTOR('',#1416,2.675E0);
#1418=CARTESIAN_POINT('',(-6.975E0,-3.225E1,6.E0));
#1419=LINE('',#1418,#1417);
#1420=CARTESIAN_POINT('',(8.E0,-3.4925E1,-6.E0));
#1421=DIRECTION('',(0.E0,-1.E0,0.E0));
#1422=DIRECTION('',(-1.E0,0.E0,0.E0));
#1423=AXIS2_PLACEMENT_3D('',#1420,#1421,#1422);
#1425=DIRECTION('',(7.071067811866E-1,-7.071067811865E-1,0.E0));
#1426=VECTOR('',#1425,4.596194077713E-1);
#1427=CARTESIAN_POINT('',(9.025E0,-3.4925E1,-6.E0));
#1428=LINE('',#1427,#1426);
#1429=CARTESIAN_POINT('',(8.E0,-3.4925E1,-6.E0));
#1430=DIRECTION('',(0.E0,-1.E0,0.E0));
#1431=DIRECTION('',(1.E0,0.E0,0.E0));
#1432=AXIS2_PLACEMENT_3D('',#1429,#1430,#1431);
#1434=DIRECTION('',(-7.071067811866E-1,-7.071067811865E-1,0.E0));
#1435=VECTOR('',#1434,4.596194077713E-1);
#1436=CARTESIAN_POINT('',(6.975E0,-3.4925E1,-6.E0));
#1437=LINE('',#1436,#1435);
#1438=DIRECTION('',(0.E0,-1.E0,0.E0));
#1439=VECTOR('',#1438,2.675E0);
#1440=CARTESIAN_POINT('',(6.975E0,-3.225E1,-6.E0));
#1441=LINE('',#1440,#1439);
#1442=CARTESIAN_POINT('',(8.E0,-3.225E1,-6.E0));
#1443=DIRECTION('',(0.E0,1.E0,0.E0));
#1444=DIRECTION('',(1.E0,0.E0,0.E0));
#1445=AXIS2_PLACEMENT_3D('',#1442,#1443,#1444);
#1447=CARTESIAN_POINT('',(8.E0,-3.225E1,-6.E0));
#1448=DIRECTION('',(0.E0,1.E0,0.E0));
#1449=DIRECTION('',(-1.E0,0.E0,0.E0));
#1450=AXIS2_PLACEMENT_3D('',#1447,#1448,#1449);
#1452=DIRECTION('',(0.E0,-1.E0,0.E0));
#1453=VECTOR('',#1452,2.675E0);
#1454=CARTESIAN_POINT('',(9.025E0,-3.225E1,-6.E0));
#1455=LINE('',#1454,#1453);
#1456=CARTESIAN_POINT('',(-8.E0,-3.4925E1,-6.E0));
#1457=DIRECTION('',(0.E0,-1.E0,0.E0));
#1458=DIRECTION('',(-1.E0,0.E0,0.E0));
#1459=AXIS2_PLACEMENT_3D('',#1456,#1457,#1458);
#1461=DIRECTION('',(7.071067811866E-1,-7.071067811865E-1,0.E0));
#1462=VECTOR('',#1461,4.596194077713E-1);
#1463=CARTESIAN_POINT('',(-6.975E0,-3.4925E1,-6.E0));
#1464=LINE('',#1463,#1462);
#1465=CARTESIAN_POINT('',(-8.E0,-3.4925E1,-6.E0));
#1466=DIRECTION('',(0.E0,-1.E0,0.E0));
#1467=DIRECTION('',(1.E0,0.E0,0.E0));
#1468=AXIS2_PLACEMENT_3D('',#1465,#1466,#1467);
#1470=DIRECTION('',(-7.071067811866E-1,-7.071067811865E-1,0.E0));
#1471=VECTOR('',#1470,4.596194077713E-1);
#1472=CARTESIAN_POINT('',(-9.025E0,-3.4925E1,-6.E0));
#1473=LINE('',#1472,#1471);
#1474=DIRECTION('',(0.E0,-1.E0,0.E0));
#1475=VECTOR('',#1474,2.675E0);
#1476=CARTESIAN_POINT('',(-9.025E0,-3.225E1,-6.E0));
#1477=LINE('',#1476,#1475);
#1478=CARTESIAN_POINT('',(-8.E0,-3.225E1,-6.E0));
#1479=DIRECTION('',(0.E0,1.E0,0.E0));
#1480=DIRECTION('',(1.E0,0.E0,0.E0));
#1481=AXIS2_PLACEMENT_3D('',#1478,#1479,#1480);
#1483=CARTESIAN_POINT('',(-8.E0,-3.225E1,-6.E0));
#1484=DIRECTION('',(0.E0,1.E0,0.E0));
#1485=DIRECTION('',(-1.E0,0.E0,0.E0));
#1486=AXIS2_PLACEMENT_3D('',#1483,#1484,#1485);
#1488=DIRECTION('',(0.E0,-1.E0,0.E0));
#1489=VECTOR('',#1488,2.675E0);
#1490=CARTESIAN_POINT('',(-6.975E0,-3.225E1,-6.E0));
#1491=LINE('',#1490,#1489);
#1492=CARTESIAN_POINT('',(8.E0,-3.4925E1,6.E0));
#1493=DIRECTION('',(0.E0,-1.E0,0.E0));
#1494=DIRECTION('',(-1.E0,0.E0,0.E0));
#1495=AXIS2_PLACEMENT_3D('',#1492,#1493,#1494);
#1497=DIRECTION('',(7.071067811866E-1,-7.071067811865E-1,0.E0));
#1498=VECTOR('',#1497,4.596194077713E-1);
#1499=CARTESIAN_POINT('',(9.025E0,-3.4925E1,6.E0));
#1500=LINE('',#1499,#1498);
#1501=CARTESIAN_POINT('',(8.E0,-3.4925E1,6.E0));
#1502=DIRECTION('',(0.E0,-1.E0,0.E0));
#1503=DIRECTION('',(1.E0,0.E0,0.E0));
#1504=AXIS2_PLACEMENT_3D('',#1501,#1502,#1503);
#1506=DIRECTION('',(-7.071067811866E-1,-7.071067811865E-1,0.E0));
#1507=VECTOR('',#1506,4.596194077713E-1);
#1508=CARTESIAN_POINT('',(6.975E0,-3.4925E1,6.E0));
#1509=LINE('',#1508,#1507);
#1510=DIRECTION('',(0.E0,-1.E0,0.E0));
#1511=VECTOR('',#1510,2.675E0);
#1512=CARTESIAN_POINT('',(6.975E0,-3.225E1,6.E0));
#1513=LINE('',#1512,#1511);
#1514=CARTESIAN_POINT('',(8.E0,-3.225E1,6.E0));
#1515=DIRECTION('',(0.E0,1.E0,0.E0));
#1516=DIRECTION('',(1.E0,0.E0,0.E0));
#1517=AXIS2_PLACEMENT_3D('',#1514,#1515,#1516);
#1519=CARTESIAN_POINT('',(8.E0,-3.225E1,6.E0));
#1520=DIRECTION('',(0.E0,1.E0,0.E0));
#1521=DIRECTION('',(-1.E0,0.E0,0.E0));
#1522=AXIS2_PLACEMENT_3D('',#1519,#1520,#1521);
#1524=DIRECTION('',(0.E0,-1.E0,0.E0));
#1525=VECTOR('',#1524,2.675E0);
#1526=CARTESIAN_POINT('',(9.025E0,-3.225E1,6.E0));
#1527=LINE('',#1526,#1525);
#1528=DIRECTION('',(-7.071067811865E-1,-7.071067811865E-1,0.E0));
#1529=VECTOR('',#1528,4.596194077713E-1);
#1530=CARTESIAN_POINT('',(-1.3925E1,-5.025E0,6.E0));
#1531=LINE('',#1530,#1529);
#1532=CARTESIAN_POINT('',(-1.3925E1,-4.E0,6.E0));
#1533=DIRECTION('',(-1.E0,0.E0,0.E0));
#1534=DIRECTION('',(0.E0,1.E0,0.E0));
#1535=AXIS2_PLACEMENT_3D('',#1532,#1533,#1534);
#1537=CARTESIAN_POINT('',(-1.3925E1,-4.E0,6.E0));
#1538=DIRECTION('',(-1.E0,0.E0,0.E0));
#1539=DIRECTION('',(0.E0,-1.E0,0.E0));
#1540=AXIS2_PLACEMENT_3D('',#1537,#1538,#1539);
#1542=DIRECTION('',(-7.071067811865E-1,7.071067811865E-1,0.E0));
#1543=VECTOR('',#1542,4.596194077713E-1);
#1544=CARTESIAN_POINT('',(-1.3925E1,-2.975E0,6.E0));
#1545=LINE('',#1544,#1543);
#1546=DIRECTION('',(-1.E0,0.E0,0.E0));
#1547=VECTOR('',#1546,2.675E0);
#1548=CARTESIAN_POINT('',(-1.125E1,-2.975E0,6.E0));
#1549=LINE('',#1548,#1547);
#1550=CARTESIAN_POINT('',(-1.125E1,-4.E0,6.E0));
#1551=DIRECTION('',(1.E0,0.E0,0.E0));
#1552=DIRECTION('',(0.E0,-1.E0,0.E0));
#1553=AXIS2_PLACEMENT_3D('',#1550,#1551,#1552);
#1555=CARTESIAN_POINT('',(-1.125E1,-4.E0,6.E0));
#1556=DIRECTION('',(1.E0,0.E0,0.E0));
#1557=DIRECTION('',(0.E0,1.E0,0.E0));
#1558=AXIS2_PLACEMENT_3D('',#1555,#1556,#1557);
#1560=DIRECTION('',(-1.E0,0.E0,0.E0));
#1561=VECTOR('',#1560,2.675E0);
#1562=CARTESIAN_POINT('',(-1.125E1,-5.025E0,6.E0));
#1563=LINE('',#1562,#1561);
#1564=DIRECTION('',(-7.071067811866E-1,-7.071067811865E-1,0.E0));
#1565=VECTOR('',#1564,4.596194077713E-1);
#1566=CARTESIAN_POINT('',(-1.3925E1,-2.9025E1,-6.E0));
#1567=LINE('',#1566,#1565);
#1568=CARTESIAN_POINT('',(-1.3925E1,-2.8E1,-6.E0));
#1569=DIRECTION('',(-1.E0,0.E0,0.E0));
#1570=DIRECTION('',(0.E0,1.E0,0.E0));
#1571=AXIS2_PLACEMENT_3D('',#1568,#1569,#1570);
#1573=CARTESIAN_POINT('',(-1.3925E1,-2.8E1,-6.E0));
#1574=DIRECTION('',(-1.E0,0.E0,0.E0));
#1575=DIRECTION('',(0.E0,-1.E0,0.E0));
#1576=AXIS2_PLACEMENT_3D('',#1573,#1574,#1575);
#1578=DIRECTION('',(-7.071067811865E-1,7.071067811865E-1,0.E0));
#1579=VECTOR('',#1578,4.596194077713E-1);
#1580=CARTESIAN_POINT('',(-1.3925E1,-2.6975E1,-6.E0));
#1581=LINE('',#1580,#1579);
#1582=DIRECTION('',(-1.E0,0.E0,0.E0));
#1583=VECTOR('',#1582,2.675E0);
#1584=CARTESIAN_POINT('',(-1.125E1,-2.6975E1,-6.E0));
#1585=LINE('',#1584,#1583);
#1586=CARTESIAN_POINT('',(-1.125E1,-2.8E1,-6.E0));
#1587=DIRECTION('',(1.E0,0.E0,0.E0));
#1588=DIRECTION('',(0.E0,-1.E0,0.E0));
#1589=AXIS2_PLACEMENT_3D('',#1586,#1587,#1588);
#1591=CARTESIAN_POINT('',(-1.125E1,-2.8E1,-6.E0));
#1592=DIRECTION('',(1.E0,0.E0,0.E0));
#1593=DIRECTION('',(0.E0,1.E0,0.E0));
#1594=AXIS2_PLACEMENT_3D('',#1591,#1592,#1593);
#1596=DIRECTION('',(-1.E0,0.E0,0.E0));
#1597=VECTOR('',#1596,2.675E0);
#1598=CARTESIAN_POINT('',(-1.125E1,-2.9025E1,-6.E0));
#1599=LINE('',#1598,#1597);
#1600=DIRECTION('',(-7.071067811866E-1,-7.071067811865E-1,0.E0));
#1601=VECTOR('',#1600,4.596194077713E-1);
#1602=CARTESIAN_POINT('',(-1.3925E1,-2.9025E1,6.E0));
#1603=LINE('',#1602,#1601);
#1604=CARTESIAN_POINT('',(-1.3925E1,-2.8E1,6.E0));
#1605=DIRECTION('',(-1.E0,0.E0,0.E0));
#1606=DIRECTION('',(0.E0,1.E0,0.E0));
#1607=AXIS2_PLACEMENT_3D('',#1604,#1605,#1606);
#1609=CARTESIAN_POINT('',(-1.3925E1,-2.8E1,6.E0));
#1610=DIRECTION('',(-1.E0,0.E0,0.E0));
#1611=DIRECTION('',(0.E0,-1.E0,0.E0));
#1612=AXIS2_PLACEMENT_3D('',#1609,#1610,#1611);
#1614=DIRECTION('',(-7.071067811865E-1,7.071067811865E-1,0.E0));
#1615=VECTOR('',#1614,4.596194077713E-1);
#1616=CARTESIAN_POINT('',(-1.3925E1,-2.6975E1,6.E0));
#1617=LINE('',#1616,#1615);
#1618=DIRECTION('',(-1.E0,0.E0,0.E0));
#1619=VECTOR('',#1618,2.675E0);
#1620=CARTESIAN_POINT('',(-1.125E1,-2.6975E1,6.E0));
#1621=LINE('',#1620,#1619);
#1622=CARTESIAN_POINT('',(-1.125E1,-2.8E1,6.E0));
#1623=DIRECTION('',(1.E0,0.E0,0.E0));
#1624=DIRECTION('',(0.E0,-1.E0,0.E0));
#1625=AXIS2_PLACEMENT_3D('',#1622,#1623,#1624);
#1627=CARTESIAN_POINT('',(-1.125E1,-2.8E1,6.E0));
#1628=DIRECTION('',(1.E0,0.E0,0.E0));
#1629=DIRECTION('',(0.E0,1.E0,0.E0));
#1630=AXIS2_PLACEMENT_3D('',#1627,#1628,#1629);
#1632=DIRECTION('',(-1.E0,0.E0,0.E0));
#1633=VECTOR('',#1632,2.675E0);
#1634=CARTESIAN_POINT('',(-1.125E1,-2.9025E1,6.E0));
#1635=LINE('',#1634,#1633);
#1636=DIRECTION('',(-7.071067811865E-1,-7.071067811865E-1,0.E0));
#1637=VECTOR('',#1636,4.596194077713E-1);
#1638=CARTESIAN_POINT('',(-1.3925E1,-5.025E0,-6.E0));
#1639=LINE('',#1638,#1637);
#1640=CARTESIAN_POINT('',(-1.3925E1,-4.E0,-6.E0));
#1641=DIRECTION('',(-1.E0,0.E0,0.E0));
#1642=DIRECTION('',(0.E0,1.E0,0.E0));
#1643=AXIS2_PLACEMENT_3D('',#1640,#1641,#1642);
#1645=CARTESIAN_POINT('',(-1.3925E1,-4.E0,-6.E0));
#1646=DIRECTION('',(-1.E0,0.E0,0.E0));
#1647=DIRECTION('',(0.E0,-1.E0,0.E0));
#1648=AXIS2_PLACEMENT_3D('',#1645,#1646,#1647);
#1650=DIRECTION('',(-7.071067811865E-1,7.071067811865E-1,0.E0));
#1651=VECTOR('',#1650,4.596194077713E-1);
#1652=CARTESIAN_POINT('',(-1.3925E1,-2.975E0,-6.E0));
#1653=LINE('',#1652,#1651);
#1654=DIRECTION('',(-1.E0,0.E0,0.E0));
#1655=VECTOR('',#1654,2.675E0);
#1656=CARTESIAN_POINT('',(-1.125E1,-2.975E0,-6.E0));
#1657=LINE('',#1656,#1655);
#1658=CARTESIAN_POINT('',(-1.125E1,-4.E0,-6.E0));
#1659=DIRECTION('',(1.E0,0.E0,0.E0));
#1660=DIRECTION('',(0.E0,-1.E0,0.E0));
#1661=AXIS2_PLACEMENT_3D('',#1658,#1659,#1660);
#1663=CARTESIAN_POINT('',(-1.125E1,-4.E0,-6.E0));
#1664=DIRECTION('',(1.E0,0.E0,0.E0));
#1665=DIRECTION('',(0.E0,1.E0,0.E0));
#1666=AXIS2_PLACEMENT_3D('',#1663,#1664,#1665);
#1668=DIRECTION('',(-1.E0,0.E0,0.E0));
#1669=VECTOR('',#1668,2.675E0);
#1670=CARTESIAN_POINT('',(-1.125E1,-5.025E0,-6.E0));
#1671=LINE('',#1670,#1669);
#1672=DIRECTION('',(0.E0,0.E0,-1.E0));
#1673=VECTOR('',#1672,3.6E0);
#1674=CARTESIAN_POINT('',(-9.4E0,-1.88E1,-1.34E1));
#1675=LINE('',#1674,#1673);
#1676=DIRECTION('',(0.E0,0.E0,1.E0));
#1677=VECTOR('',#1676,3.2E0);
#1678=CARTESIAN_POINT('',(-6.1E0,-1.55E1,-1.7E1));
#1679=LINE('',#1678,#1677);
#1680=DIRECTION('',(1.E0,0.E0,0.E0));
#1681=VECTOR('',#1680,1.22E1);
#1682=CARTESIAN_POINT('',(-6.1E0,-1.55E1,-1.7E1));
#1683=LINE('',#1682,#1681);
#1684=DIRECTION('',(0.E0,0.E0,1.E0));
#1685=VECTOR('',#1684,3.2E0);
#1686=CARTESIAN_POINT('',(6.1E0,-1.55E1,-1.7E1));
#1687=LINE('',#1686,#1685);
#1688=DIRECTION('',(0.E0,0.E0,1.E0));
#1689=VECTOR('',#1688,3.6E0);
#1690=CARTESIAN_POINT('',(9.4E0,-1.88E1,-1.7E1));
#1691=LINE('',#1690,#1689);
#1692=DIRECTION('',(0.E0,0.E0,1.E0));
#1693=VECTOR('',#1692,2.8E0);
#1694=CARTESIAN_POINT('',(-1.34E1,-3.2E1,-1.7E1));
#1695=LINE('',#1694,#1693);
#1696=DIRECTION('',(0.E0,0.E0,1.E0));
#1697=VECTOR('',#1696,2.8E0);
#1698=CARTESIAN_POINT('',(-8.6E0,-3.2E1,-1.7E1));
#1699=LINE('',#1698,#1697);
#1700=CARTESIAN_POINT('',(-1.1E1,-3.2E1,-1.42E1));
#1701=DIRECTION('',(0.E0,0.E0,1.E0));
#1702=DIRECTION('',(1.E0,0.E0,0.E0));
#1703=AXIS2_PLACEMENT_3D('',#1700,#1701,#1702);
#1705=CARTESIAN_POINT('',(-1.1E1,-3.2E1,-1.42E1));
#1706=DIRECTION('',(0.E0,0.E0,1.E0));
#1707=DIRECTION('',(-1.E0,0.E0,0.E0));
#1708=AXIS2_PLACEMENT_3D('',#1705,#1706,#1707);
#1710=CARTESIAN_POINT('',(-1.1E1,-3.2E1,-1.42E1));
#1711=DIRECTION('',(0.E0,0.E0,-1.E0));
#1712=DIRECTION('',(-1.E0,0.E0,0.E0));
#1713=AXIS2_PLACEMENT_3D('',#1710,#1711,#1712);
#1715=CARTESIAN_POINT('',(-1.1E1,-3.2E1,-1.42E1));
#1716=DIRECTION('',(0.E0,0.E0,-1.E0));
#1717=DIRECTION('',(1.E0,0.E0,0.E0));
#1718=AXIS2_PLACEMENT_3D('',#1715,#1716,#1717);
#1720=DIRECTION('',(0.E0,0.E0,1.E0));
#1721=VECTOR('',#1720,6.2E0);
#1722=CARTESIAN_POINT('',(-1.23E1,-3.2E1,-1.42E1));
#1723=LINE('',#1722,#1721);
#1724=DIRECTION('',(0.E0,0.E0,1.E0));
#1725=VECTOR('',#1724,6.2E0);
#1726=CARTESIAN_POINT('',(-9.7E0,-3.2E1,-1.42E1));
#1727=LINE('',#1726,#1725);
#1728=CARTESIAN_POINT('',(-1.1E1,-3.2E1,-8.E0));
#1729=DIRECTION('',(0.E0,0.E0,-1.E0));
#1730=DIRECTION('',(-1.E0,0.E0,0.E0));
#1731=AXIS2_PLACEMENT_3D('',#1728,#1729,#1730);
#1733=CARTESIAN_POINT('',(-1.1E1,-3.2E1,-8.E0));
#1734=DIRECTION('',(0.E0,0.E0,-1.E0));
#1735=DIRECTION('',(1.E0,0.E0,0.E0));
#1736=AXIS2_PLACEMENT_3D('',#1733,#1734,#1735);
#1738=CARTESIAN_POINT('',(-1.1E1,-3.2E1,-8.E0));
#1739=DIRECTION('',(0.E0,0.E0,1.E0));
#1740=DIRECTION('',(1.E0,0.E0,0.E0));
#1741=AXIS2_PLACEMENT_3D('',#1738,#1739,#1740);
#1743=CARTESIAN_POINT('',(-1.1E1,-3.2E1,-8.E0));
#1744=DIRECTION('',(0.E0,0.E0,1.E0));
#1745=DIRECTION('',(-1.E0,0.E0,0.E0));
#1746=AXIS2_PLACEMENT_3D('',#1743,#1744,#1745);
#1748=DIRECTION('',(7.071067811865E-1,0.E0,-7.071067811865E-1));
#1749=VECTOR('',#1748,4.596194077713E-1);
#1750=CARTESIAN_POINT('',(-9.975E0,-3.2E1,-7.675E0));
#1751=LINE('',#1750,#1749);
#1752=CARTESIAN_POINT('',(-1.1E1,-3.2E1,-7.675E0));
#1753=DIRECTION('',(0.E0,0.E0,-1.E0));
#1754=DIRECTION('',(-1.E0,0.E0,0.E0));
#1755=AXIS2_PLACEMENT_3D('',#1752,#1753,#1754);
#1757=CARTESIAN_POINT('',(-1.1E1,-3.2E1,-7.675E0));
#1758=DIRECTION('',(0.E0,0.E0,-1.E0));
#1759=DIRECTION('',(1.E0,0.E0,0.E0));
#1760=AXIS2_PLACEMENT_3D('',#1757,#1758,#1759);
#1762=DIRECTION('',(-7.071067811865E-1,0.E0,-7.071067811865E-1));
#1763=VECTOR('',#1762,4.596194077713E-1);
#1764=CARTESIAN_POINT('',(-1.2025E1,-3.2E1,-7.675E0));
#1765=LINE('',#1764,#1763);
#1766=DIRECTION('',(0.E0,0.E0,-1.E0));
#1767=VECTOR('',#1766,6.175E0);
#1768=CARTESIAN_POINT('',(-1.2025E1,-3.2E1,-1.5E0));
#1769=LINE('',#1768,#1767);
#1770=DIRECTION('',(0.E0,0.E0,-1.E0));
#1771=VECTOR('',#1770,6.175E0);
#1772=CARTESIAN_POINT('',(-9.975E0,-3.2E1,-1.5E0));
#1773=LINE('',#1772,#1771);
#1774=DIRECTION('',(8.571673007021E-1,0.E0,-5.150380749100E-1));
#1775=VECTOR('',#1774,1.195799232146E0);
#1776=CARTESIAN_POINT('',(-1.1E1,-3.2E1,-8.841178654970E-1));
#1777=LINE('',#1776,#1775);
#1778=CARTESIAN_POINT('',(-1.1E1,-3.2E1,-1.5E0));
#1779=DIRECTION('',(0.E0,0.E0,1.E0));
#1780=DIRECTION('',(1.E0,0.E0,0.E0));
#1781=AXIS2_PLACEMENT_3D('',#1778,#1779,#1780);
#1783=DIRECTION('',(-8.571673007021E-1,0.E0,-5.150380749100E-1));
#1784=VECTOR('',#1783,1.195799232146E0);
#1785=CARTESIAN_POINT('',(-1.1E1,-3.2E1,-8.841178654970E-1));
#1786=LINE('',#1785,#1784);
#1787=CARTESIAN_POINT('',(-1.1E1,-3.2E1,-1.5E0));
#1788=DIRECTION('',(0.E0,0.E0,1.E0));
#1789=DIRECTION('',(-1.E0,0.E0,0.E0));
#1790=AXIS2_PLACEMENT_3D('',#1787,#1788,#1789);
#1792=DIRECTION('',(0.E0,0.E0,1.E0));
#1793=VECTOR('',#1792,2.8E0);
#1794=CARTESIAN_POINT('',(8.6E0,-3.2E1,-1.7E1));
#1795=LINE('',#1794,#1793);
#1796=DIRECTION('',(0.E0,0.E0,1.E0));
#1797=VECTOR('',#1796,2.8E0);
#1798=CARTESIAN_POINT('',(1.34E1,-3.2E1,-1.7E1));
#1799=LINE('',#1798,#1797);
#1800=CARTESIAN_POINT('',(1.1E1,-3.2E1,-1.42E1));
#1801=DIRECTION('',(0.E0,0.E0,1.E0));
#1802=DIRECTION('',(1.E0,0.E0,0.E0));
#1803=AXIS2_PLACEMENT_3D('',#1800,#1801,#1802);
#1805=CARTESIAN_POINT('',(1.1E1,-3.2E1,-1.42E1));
#1806=DIRECTION('',(0.E0,0.E0,1.E0));
#1807=DIRECTION('',(-1.E0,0.E0,0.E0));
#1808=AXIS2_PLACEMENT_3D('',#1805,#1806,#1807);
#1810=CARTESIAN_POINT('',(1.1E1,-3.2E1,-1.42E1));
#1811=DIRECTION('',(0.E0,0.E0,-1.E0));
#1812=DIRECTION('',(-1.E0,0.E0,0.E0));
#1813=AXIS2_PLACEMENT_3D('',#1810,#1811,#1812);
#1815=CARTESIAN_POINT('',(1.1E1,-3.2E1,-1.42E1));
#1816=DIRECTION('',(0.E0,0.E0,-1.E0));
#1817=DIRECTION('',(1.E0,0.E0,0.E0));
#1818=AXIS2_PLACEMENT_3D('',#1815,#1816,#1817);
#1820=DIRECTION('',(0.E0,0.E0,1.E0));
#1821=VECTOR('',#1820,6.2E0);
#1822=CARTESIAN_POINT('',(9.7E0,-3.2E1,-1.42E1));
#1823=LINE('',#1822,#1821);
#1824=DIRECTION('',(0.E0,0.E0,1.E0));
#1825=VECTOR('',#1824,6.2E0);
#1826=CARTESIAN_POINT('',(1.23E1,-3.2E1,-1.42E1));
#1827=LINE('',#1826,#1825);
#1828=CARTESIAN_POINT('',(1.1E1,-3.2E1,-8.E0));
#1829=DIRECTION('',(0.E0,0.E0,-1.E0));
#1830=DIRECTION('',(-1.E0,0.E0,0.E0));
#1831=AXIS2_PLACEMENT_3D('',#1828,#1829,#1830);
#1833=CARTESIAN_POINT('',(1.1E1,-3.2E1,-8.E0));
#1834=DIRECTION('',(0.E0,0.E0,-1.E0));
#1835=DIRECTION('',(1.E0,0.E0,0.E0));
#1836=AXIS2_PLACEMENT_3D('',#1833,#1834,#1835);
#1838=CARTESIAN_POINT('',(1.1E1,-3.2E1,-8.E0));
#1839=DIRECTION('',(0.E0,0.E0,1.E0));
#1840=DIRECTION('',(1.E0,0.E0,0.E0));
#1841=AXIS2_PLACEMENT_3D('',#1838,#1839,#1840);
#1843=CARTESIAN_POINT('',(1.1E1,-3.2E1,-8.E0));
#1844=DIRECTION('',(0.E0,0.E0,1.E0));
#1845=DIRECTION('',(-1.E0,0.E0,0.E0));
#1846=AXIS2_PLACEMENT_3D('',#1843,#1844,#1845);
#1848=DIRECTION('',(7.071067811865E-1,0.E0,-7.071067811865E-1));
#1849=VECTOR('',#1848,4.596194077713E-1);
#1850=CARTESIAN_POINT('',(1.2025E1,-3.2E1,-7.675E0));
#1851=LINE('',#1850,#1849);
#1852=CARTESIAN_POINT('',(1.1E1,-3.2E1,-7.675E0));
#1853=DIRECTION('',(0.E0,0.E0,-1.E0));
#1854=DIRECTION('',(-1.E0,0.E0,0.E0));
#1855=AXIS2_PLACEMENT_3D('',#1852,#1853,#1854);
#1857=CARTESIAN_POINT('',(1.1E1,-3.2E1,-7.675E0));
#1858=DIRECTION('',(0.E0,0.E0,-1.E0));
#1859=DIRECTION('',(1.E0,0.E0,0.E0));
#1860=AXIS2_PLACEMENT_3D('',#1857,#1858,#1859);
#1862=DIRECTION('',(-7.071067811865E-1,0.E0,-7.071067811865E-1));
#1863=VECTOR('',#1862,4.596194077713E-1);
#1864=CARTESIAN_POINT('',(9.975E0,-3.2E1,-7.675E0));
#1865=LINE('',#1864,#1863);
#1866=DIRECTION('',(0.E0,0.E0,-1.E0));
#1867=VECTOR('',#1866,6.175E0);
#1868=CARTESIAN_POINT('',(9.975E0,-3.2E1,-1.5E0));
#1869=LINE('',#1868,#1867);
#1870=DIRECTION('',(0.E0,0.E0,-1.E0));
#1871=VECTOR('',#1870,6.175E0);
#1872=CARTESIAN_POINT('',(1.2025E1,-3.2E1,-1.5E0));
#1873=LINE('',#1872,#1871);
#1874=DIRECTION('',(8.571673007021E-1,0.E0,-5.150380749100E-1));
#1875=VECTOR('',#1874,1.195799232146E0);
#1876=CARTESIAN_POINT('',(1.1E1,-3.2E1,-8.841178654970E-1));
#1877=LINE('',#1876,#1875);
#1878=CARTESIAN_POINT('',(1.1E1,-3.2E1,-1.5E0));
#1879=DIRECTION('',(0.E0,0.E0,1.E0));
#1880=DIRECTION('',(1.E0,0.E0,0.E0));
#1881=AXIS2_PLACEMENT_3D('',#1878,#1879,#1880);
#1883=DIRECTION('',(-8.571673007021E-1,0.E0,-5.150380749100E-1));
#1884=VECTOR('',#1883,1.195799232146E0);
#1885=CARTESIAN_POINT('',(1.1E1,-3.2E1,-8.841178654970E-1));
#1886=LINE('',#1885,#1884);
#1887=CARTESIAN_POINT('',(1.1E1,-3.2E1,-1.5E0));
#1888=DIRECTION('',(0.E0,0.E0,1.E0));
#1889=DIRECTION('',(-1.E0,0.E0,0.E0));
#1890=AXIS2_PLACEMENT_3D('',#1887,#1888,#1889);
#1892=DIRECTION('',(-6.785983445459E-1,-2.810846377156E-1,6.785983445455E-1));
#1893=VECTOR('',#1892,5.894503032834E-1);
#1894=CARTESIAN_POINT('',(1.425E1,9.249999999999E0,1.66E1));
#1895=LINE('',#1894,#1893);
#1896=DIRECTION('',(-7.071067811865E-1,7.071067811865E-1,0.E0));
#1897=VECTOR('',#1896,2.828427124747E0);
#1898=CARTESIAN_POINT('',(1.425E1,9.249999999999E0,1.66E1));
#1899=LINE('',#1898,#1897);
#1900=DIRECTION('',(0.E0,0.E0,-1.E0));
#1901=VECTOR('',#1900,3.32E1);
#1902=CARTESIAN_POINT('',(1.225E1,1.125E1,1.66E1));
#1903=LINE('',#1902,#1901);
#1904=DIRECTION('',(7.071067811866E-1,-7.071067811865E-1,4.521866281009E-14));
#1905=VECTOR('',#1904,2.828427124747E0);
#1906=CARTESIAN_POINT('',(1.225E1,1.125E1,-1.66E1));
#1907=LINE('',#1906,#1905);
#1908=CARTESIAN_POINT('',(1.3925E1,-4.E0,6.E0));
#1909=DIRECTION('',(1.E0,0.E0,0.E0));
#1910=DIRECTION('',(0.E0,-1.E0,0.E0));
#1911=AXIS2_PLACEMENT_3D('',#1908,#1909,#1910);
#1913=DIRECTION('',(7.071067811865E-1,7.071067811865E-1,0.E0));
#1914=VECTOR('',#1913,4.596194077713E-1);
#1915=CARTESIAN_POINT('',(1.3925E1,-2.975E0,6.E0));
#1916=LINE('',#1915,#1914);
#1917=CARTESIAN_POINT('',(1.3925E1,-4.E0,6.E0));
#1918=DIRECTION('',(1.E0,0.E0,0.E0));
#1919=DIRECTION('',(0.E0,1.E0,0.E0));
#1920=AXIS2_PLACEMENT_3D('',#1917,#1918,#1919);
#1922=DIRECTION('',(7.071067811865E-1,-7.071067811865E-1,0.E0));
#1923=VECTOR('',#1922,4.596194077713E-1);
#1924=CARTESIAN_POINT('',(1.3925E1,-5.025E0,6.E0));
#1925=LINE('',#1924,#1923);
#1926=DIRECTION('',(1.E0,0.E0,0.E0));
#1927=VECTOR('',#1926,2.675E0);
#1928=CARTESIAN_POINT('',(1.125E1,-5.025E0,6.E0));
#1929=LINE('',#1928,#1927);
#1930=CARTESIAN_POINT('',(1.125E1,-4.E0,6.E0));
#1931=DIRECTION('',(-1.E0,0.E0,0.E0));
#1932=DIRECTION('',(0.E0,1.E0,0.E0));
#1933=AXIS2_PLACEMENT_3D('',#1930,#1931,#1932);
#1935=CARTESIAN_POINT('',(1.125E1,-4.E0,6.E0));
#1936=DIRECTION('',(-1.E0,0.E0,0.E0));
#1937=DIRECTION('',(0.E0,-1.E0,0.E0));
#1938=AXIS2_PLACEMENT_3D('',#1935,#1936,#1937);
#1940=DIRECTION('',(1.E0,0.E0,0.E0));
#1941=VECTOR('',#1940,2.675E0);
#1942=CARTESIAN_POINT('',(1.125E1,-2.975E0,6.E0));
#1943=LINE('',#1942,#1941);
#1944=CARTESIAN_POINT('',(1.3925E1,-2.8E1,-6.E0));
#1945=DIRECTION('',(1.E0,0.E0,0.E0));
#1946=DIRECTION('',(0.E0,-1.E0,0.E0));
#1947=AXIS2_PLACEMENT_3D('',#1944,#1945,#1946);
#1949=DIRECTION('',(7.071067811865E-1,7.071067811865E-1,0.E0));
#1950=VECTOR('',#1949,4.596194077713E-1);
#1951=CARTESIAN_POINT('',(1.3925E1,-2.6975E1,-6.E0));
#1952=LINE('',#1951,#1950);
#1953=CARTESIAN_POINT('',(1.3925E1,-2.8E1,-6.E0));
#1954=DIRECTION('',(1.E0,0.E0,0.E0));
#1955=DIRECTION('',(0.E0,1.E0,0.E0));
#1956=AXIS2_PLACEMENT_3D('',#1953,#1954,#1955);
#1958=DIRECTION('',(7.071067811866E-1,-7.071067811865E-1,0.E0));
#1959=VECTOR('',#1958,4.596194077713E-1);
#1960=CARTESIAN_POINT('',(1.3925E1,-2.9025E1,-6.E0));
#1961=LINE('',#1960,#1959);
#1962=DIRECTION('',(1.E0,0.E0,0.E0));
#1963=VECTOR('',#1962,2.675E0);
#1964=CARTESIAN_POINT('',(1.125E1,-2.9025E1,-6.E0));
#1965=LINE('',#1964,#1963);
#1966=CARTESIAN_POINT('',(1.125E1,-2.8E1,-6.E0));
#1967=DIRECTION('',(-1.E0,0.E0,0.E0));
#1968=DIRECTION('',(0.E0,1.E0,0.E0));
#1969=AXIS2_PLACEMENT_3D('',#1966,#1967,#1968);
#1971=CARTESIAN_POINT('',(1.125E1,-2.8E1,-6.E0));
#1972=DIRECTION('',(-1.E0,0.E0,0.E0));
#1973=DIRECTION('',(0.E0,-1.E0,0.E0));
#1974=AXIS2_PLACEMENT_3D('',#1971,#1972,#1973);
#1976=DIRECTION('',(1.E0,0.E0,0.E0));
#1977=VECTOR('',#1976,2.675E0);
#1978=CARTESIAN_POINT('',(1.125E1,-2.6975E1,-6.E0));
#1979=LINE('',#1978,#1977);
#1980=CARTESIAN_POINT('',(1.3925E1,-2.8E1,6.E0));
#1981=DIRECTION('',(1.E0,0.E0,0.E0));
#1982=DIRECTION('',(0.E0,-1.E0,0.E0));
#1983=AXIS2_PLACEMENT_3D('',#1980,#1981,#1982);
#1985=DIRECTION('',(7.071067811865E-1,7.071067811865E-1,0.E0));
#1986=VECTOR('',#1985,4.596194077713E-1);
#1987=CARTESIAN_POINT('',(1.3925E1,-2.6975E1,6.E0));
#1988=LINE('',#1987,#1986);
#1989=CARTESIAN_POINT('',(1.3925E1,-2.8E1,6.E0));
#1990=DIRECTION('',(1.E0,0.E0,0.E0));
#1991=DIRECTION('',(0.E0,1.E0,0.E0));
#1992=AXIS2_PLACEMENT_3D('',#1989,#1990,#1991);
#1994=DIRECTION('',(7.071067811866E-1,-7.071067811865E-1,0.E0));
#1995=VECTOR('',#1994,4.596194077713E-1);
#1996=CARTESIAN_POINT('',(1.3925E1,-2.9025E1,6.E0));
#1997=LINE('',#1996,#1995);
#1998=DIRECTION('',(1.E0,0.E0,0.E0));
#1999=VECTOR('',#1998,2.675E0);
#2000=CARTESIAN_POINT('',(1.125E1,-2.9025E1,6.E0));
#2001=LINE('',#2000,#1999);
#2002=CARTESIAN_POINT('',(1.125E1,-2.8E1,6.E0));
#2003=DIRECTION('',(-1.E0,0.E0,0.E0));
#2004=DIRECTION('',(0.E0,1.E0,0.E0));
#2005=AXIS2_PLACEMENT_3D('',#2002,#2003,#2004);
#2007=CARTESIAN_POINT('',(1.125E1,-2.8E1,6.E0));
#2008=DIRECTION('',(-1.E0,0.E0,0.E0));
#2009=DIRECTION('',(0.E0,-1.E0,0.E0));
#2010=AXIS2_PLACEMENT_3D('',#2007,#2008,#2009);
#2012=DIRECTION('',(1.E0,0.E0,0.E0));
#2013=VECTOR('',#2012,2.675E0);
#2014=CARTESIAN_POINT('',(1.125E1,-2.6975E1,6.E0));
#2015=LINE('',#2014,#2013);
#2016=CARTESIAN_POINT('',(1.3925E1,-4.E0,-6.E0));
#2017=DIRECTION('',(1.E0,0.E0,0.E0));
#2018=DIRECTION('',(0.E0,-1.E0,0.E0));
#2019=AXIS2_PLACEMENT_3D('',#2016,#2017,#2018);
#2021=DIRECTION('',(7.071067811865E-1,7.071067811865E-1,0.E0));
#2022=VECTOR('',#2021,4.596194077713E-1);
#2023=CARTESIAN_POINT('',(1.3925E1,-2.975E0,-6.E0));
#2024=LINE('',#2023,#2022);
#2025=CARTESIAN_POINT('',(1.3925E1,-4.E0,-6.E0));
#2026=DIRECTION('',(1.E0,0.E0,0.E0));
#2027=DIRECTION('',(0.E0,1.E0,0.E0));
#2028=AXIS2_PLACEMENT_3D('',#2025,#2026,#2027);
#2030=DIRECTION('',(7.071067811865E-1,-7.071067811865E-1,0.E0));
#2031=VECTOR('',#2030,4.596194077713E-1);
#2032=CARTESIAN_POINT('',(1.3925E1,-5.025E0,-6.E0));
#2033=LINE('',#2032,#2031);
#2034=DIRECTION('',(1.E0,0.E0,0.E0));
#2035=VECTOR('',#2034,2.675E0);
#2036=CARTESIAN_POINT('',(1.125E1,-5.025E0,-6.E0));
#2037=LINE('',#2036,#2035);
#2038=CARTESIAN_POINT('',(1.125E1,-4.E0,-6.E0));
#2039=DIRECTION('',(-1.E0,0.E0,0.E0));
#2040=DIRECTION('',(0.E0,1.E0,0.E0));
#2041=AXIS2_PLACEMENT_3D('',#2038,#2039,#2040);
#2043=CARTESIAN_POINT('',(1.125E1,-4.E0,-6.E0));
#2044=DIRECTION('',(-1.E0,0.E0,0.E0));
#2045=DIRECTION('',(0.E0,-1.E0,0.E0));
#2046=AXIS2_PLACEMENT_3D('',#2043,#2044,#2045);
#2048=DIRECTION('',(1.E0,0.E0,0.E0));
#2049=VECTOR('',#2048,2.675E0);
#2050=CARTESIAN_POINT('',(1.125E1,-2.975E0,-6.E0));
#2051=LINE('',#2050,#2049);
#2052=CARTESIAN_POINT('',(8.E0,1.0925E1,6.E0));
#2053=DIRECTION('',(0.E0,1.E0,0.E0));
#2054=DIRECTION('',(1.E0,0.E0,0.E0));
#2055=AXIS2_PLACEMENT_3D('',#2052,#2053,#2054);
#2057=DIRECTION('',(-7.071067811865E-1,7.071067811865E-1,0.E0));
#2058=VECTOR('',#2057,4.596194077713E-1);
#2059=CARTESIAN_POINT('',(6.975E0,1.0925E1,6.E0));
#2060=LINE('',#2059,#2058);
#2061=CARTESIAN_POINT('',(8.E0,1.0925E1,6.E0));
#2062=DIRECTION('',(0.E0,1.E0,0.E0));
#2063=DIRECTION('',(-1.E0,0.E0,0.E0));
#2064=AXIS2_PLACEMENT_3D('',#2061,#2062,#2063);
#2066=DIRECTION('',(7.071067811865E-1,7.071067811865E-1,0.E0));
#2067=VECTOR('',#2066,4.596194077713E-1);
#2068=CARTESIAN_POINT('',(9.025E0,1.0925E1,6.E0));
#2069=LINE('',#2068,#2067);
#2070=DIRECTION('',(0.E0,1.E0,0.E0));
#2071=VECTOR('',#2070,2.675E0);
#2072=CARTESIAN_POINT('',(9.025E0,8.25E0,6.E0));
#2073=LINE('',#2072,#2071);
#2074=CARTESIAN_POINT('',(8.E0,8.25E0,6.E0));
#2075=DIRECTION('',(0.E0,-1.E0,0.E0));
#2076=DIRECTION('',(-1.E0,0.E0,0.E0));
#2077=AXIS2_PLACEMENT_3D('',#2074,#2075,#2076);
#2079=CARTESIAN_POINT('',(8.E0,8.25E0,6.E0));
#2080=DIRECTION('',(0.E0,-1.E0,0.E0));
#2081=DIRECTION('',(1.E0,0.E0,0.E0));
#2082=AXIS2_PLACEMENT_3D('',#2079,#2080,#2081);
#2084=DIRECTION('',(0.E0,1.E0,0.E0));
#2085=VECTOR('',#2084,2.675E0);
#2086=CARTESIAN_POINT('',(6.975E0,8.25E0,6.E0));
#2087=LINE('',#2086,#2085);
#2088=DIRECTION('',(-7.071067811865E-1,7.071067811865E-1,0.E0));
#2089=VECTOR('',#2088,4.596194077713E-1);
#2090=CARTESIAN_POINT('',(-9.025E0,1.0925E1,6.E0));
#2091=LINE('',#2090,#2089);
#2092=CARTESIAN_POINT('',(-8.E0,1.0925E1,6.E0));
#2093=DIRECTION('',(0.E0,1.E0,0.E0));
#2094=DIRECTION('',(1.E0,0.E0,0.E0));
#2095=AXIS2_PLACEMENT_3D('',#2092,#2093,#2094);
#2097=CARTESIAN_POINT('',(-8.E0,1.0925E1,6.E0));
#2098=DIRECTION('',(0.E0,1.E0,0.E0));
#2099=DIRECTION('',(-1.E0,0.E0,0.E0));
#2100=AXIS2_PLACEMENT_3D('',#2097,#2098,#2099);
#2102=DIRECTION('',(7.071067811865E-1,7.071067811865E-1,0.E0));
#2103=VECTOR('',#2102,4.596194077713E-1);
#2104=CARTESIAN_POINT('',(-6.975E0,1.0925E1,6.E0));
#2105=LINE('',#2104,#2103);
#2106=DIRECTION('',(0.E0,1.E0,0.E0));
#2107=VECTOR('',#2106,2.675E0);
#2108=CARTESIAN_POINT('',(-6.975E0,8.25E0,6.E0));
#2109=LINE('',#2108,#2107);
#2110=CARTESIAN_POINT('',(-8.E0,8.25E0,6.E0));
#2111=DIRECTION('',(0.E0,-1.E0,0.E0));
#2112=DIRECTION('',(-1.E0,0.E0,0.E0));
#2113=AXIS2_PLACEMENT_3D('',#2110,#2111,#2112);
#2115=CARTESIAN_POINT('',(-8.E0,8.25E0,6.E0));
#2116=DIRECTION('',(0.E0,-1.E0,0.E0));
#2117=DIRECTION('',(1.E0,0.E0,0.E0));
#2118=AXIS2_PLACEMENT_3D('',#2115,#2116,#2117);
#2120=DIRECTION('',(0.E0,1.E0,0.E0));
#2121=VECTOR('',#2120,2.675E0);
#2122=CARTESIAN_POINT('',(-9.025E0,8.25E0,6.E0));
#2123=LINE('',#2122,#2121);
#2124=DIRECTION('',(0.E0,0.E0,-1.E0));
#2125=VECTOR('',#2124,2.8E0);
#2126=CARTESIAN_POINT('',(-8.6E0,8.E0,1.7E1));
#2127=LINE('',#2126,#2125);
#2128=DIRECTION('',(0.E0,0.E0,-1.E0));
#2129=VECTOR('',#2128,2.8E0);
#2130=CARTESIAN_POINT('',(-1.34E1,8.E0,1.7E1));
#2131=LINE('',#2130,#2129);
#2132=CARTESIAN_POINT('',(-1.1E1,8.E0,1.42E1));
#2133=DIRECTION('',(0.E0,0.E0,-1.E0));
#2134=DIRECTION('',(-1.E0,0.E0,0.E0));
#2135=AXIS2_PLACEMENT_3D('',#2132,#2133,#2134);
#2137=CARTESIAN_POINT('',(-1.1E1,8.E0,1.42E1));
#2138=DIRECTION('',(0.E0,0.E0,-1.E0));
#2139=DIRECTION('',(1.E0,0.E0,0.E0));
#2140=AXIS2_PLACEMENT_3D('',#2137,#2138,#2139);
#2142=CARTESIAN_POINT('',(-1.1E1,8.E0,1.42E1));
#2143=DIRECTION('',(0.E0,0.E0,1.E0));
#2144=DIRECTION('',(1.E0,0.E0,0.E0));
#2145=AXIS2_PLACEMENT_3D('',#2142,#2143,#2144);
#2147=CARTESIAN_POINT('',(-1.1E1,8.E0,1.42E1));
#2148=DIRECTION('',(0.E0,0.E0,1.E0));
#2149=DIRECTION('',(-1.E0,0.E0,0.E0));
#2150=AXIS2_PLACEMENT_3D('',#2147,#2148,#2149);
#2152=DIRECTION('',(0.E0,0.E0,-1.E0));
#2153=VECTOR('',#2152,4.2E0);
#2154=CARTESIAN_POINT('',(-9.7E0,8.E0,1.42E1));
#2155=LINE('',#2154,#2153);
#2156=DIRECTION('',(0.E0,0.E0,-1.E0));
#2157=VECTOR('',#2156,4.2E0);
#2158=CARTESIAN_POINT('',(-1.23E1,8.E0,1.42E1));
#2159=LINE('',#2158,#2157);
#2160=CARTESIAN_POINT('',(-1.1E1,8.E0,1.E1));
#2161=DIRECTION('',(0.E0,0.E0,1.E0));
#2162=DIRECTION('',(1.E0,0.E0,0.E0));
#2163=AXIS2_PLACEMENT_3D('',#2160,#2161,#2162);
#2165=CARTESIAN_POINT('',(-1.1E1,8.E0,1.E1));
#2166=DIRECTION('',(0.E0,0.E0,1.E0));
#2167=DIRECTION('',(-1.E0,0.E0,0.E0));
#2168=AXIS2_PLACEMENT_3D('',#2165,#2166,#2167);
#2170=CARTESIAN_POINT('',(-1.1E1,8.E0,1.E1));
#2171=DIRECTION('',(0.E0,0.E0,-1.E0));
#2172=DIRECTION('',(-1.E0,0.E0,0.E0));
#2173=AXIS2_PLACEMENT_3D('',#2170,#2171,#2172);
#2175=CARTESIAN_POINT('',(-1.1E1,8.E0,1.E1));
#2176=DIRECTION('',(0.E0,0.E0,-1.E0));
#2177=DIRECTION('',(1.E0,0.E0,0.E0));
#2178=AXIS2_PLACEMENT_3D('',#2175,#2176,#2177);
#2180=DIRECTION('',(-7.071067811865E-1,0.E0,7.071067811866E-1));
#2181=VECTOR('',#2180,4.596194077713E-1);
#2182=CARTESIAN_POINT('',(-1.2025E1,8.E0,9.675E0));
#2183=LINE('',#2182,#2181);
#2184=CARTESIAN_POINT('',(-1.1E1,8.E0,9.675E0));
#2185=DIRECTION('',(0.E0,0.E0,1.E0));
#2186=DIRECTION('',(1.E0,0.E0,0.E0));
#2187=AXIS2_PLACEMENT_3D('',#2184,#2185,#2186);
#2189=CARTESIAN_POINT('',(-1.1E1,8.E0,9.675E0));
#2190=DIRECTION('',(0.E0,0.E0,1.E0));
#2191=DIRECTION('',(-1.E0,0.E0,0.E0));
#2192=AXIS2_PLACEMENT_3D('',#2189,#2190,#2191);
#2194=DIRECTION('',(7.071067811865E-1,0.E0,7.071067811865E-1));
#2195=VECTOR('',#2194,4.596194077713E-1);
#2196=CARTESIAN_POINT('',(-9.975E0,8.E0,9.675E0));
#2197=LINE('',#2196,#2195);
#2198=DIRECTION('',(0.E0,0.E0,1.E0));
#2199=VECTOR('',#2198,8.175E0);
#2200=CARTESIAN_POINT('',(-9.975E0,8.E0,1.5E0));
#2201=LINE('',#2200,#2199);
#2202=DIRECTION('',(0.E0,0.E0,1.E0));
#2203=VECTOR('',#2202,8.175E0);
#2204=CARTESIAN_POINT('',(-1.2025E1,8.E0,1.5E0));
#2205=LINE('',#2204,#2203);
#2206=DIRECTION('',(-8.571673007021E-1,0.E0,5.150380749100E-1));
#2207=VECTOR('',#2206,1.195799232146E0);
#2208=CARTESIAN_POINT('',(-1.1E1,8.E0,8.841178654970E-1));
#2209=LINE('',#2208,#2207);
#2210=CARTESIAN_POINT('',(-1.1E1,8.E0,1.5E0));
#2211=DIRECTION('',(0.E0,0.E0,-1.E0));
#2212=DIRECTION('',(-1.E0,0.E0,0.E0));
#2213=AXIS2_PLACEMENT_3D('',#2210,#2211,#2212);
#2215=DIRECTION('',(8.571673007021E-1,0.E0,5.150380749100E-1));
#2216=VECTOR('',#2215,1.195799232146E0);
#2217=CARTESIAN_POINT('',(-1.1E1,8.E0,8.841178654970E-1));
#2218=LINE('',#2217,#2216);
#2219=CARTESIAN_POINT('',(-1.1E1,8.E0,1.5E0));
#2220=DIRECTION('',(0.E0,0.E0,-1.E0));
#2221=DIRECTION('',(1.E0,0.E0,0.E0));
#2222=AXIS2_PLACEMENT_3D('',#2219,#2220,#2221);
#2224=DIRECTION('',(0.E0,0.E0,-1.E0));
#2225=VECTOR('',#2224,2.8E0);
#2226=CARTESIAN_POINT('',(1.34E1,-3.2E1,1.7E1));
#2227=LINE('',#2226,#2225);
#2228=DIRECTION('',(0.E0,0.E0,-1.E0));
#2229=VECTOR('',#2228,2.8E0);
#2230=CARTESIAN_POINT('',(8.6E0,-3.2E1,1.7E1));
#2231=LINE('',#2230,#2229);
#2232=CARTESIAN_POINT('',(1.1E1,-3.2E1,1.42E1));
#2233=DIRECTION('',(0.E0,0.E0,-1.E0));
#2234=DIRECTION('',(-1.E0,0.E0,0.E0));
#2235=AXIS2_PLACEMENT_3D('',#2232,#2233,#2234);
#2237=CARTESIAN_POINT('',(1.1E1,-3.2E1,1.42E1));
#2238=DIRECTION('',(0.E0,0.E0,-1.E0));
#2239=DIRECTION('',(1.E0,0.E0,0.E0));
#2240=AXIS2_PLACEMENT_3D('',#2237,#2238,#2239);
#2242=CARTESIAN_POINT('',(1.1E1,-3.2E1,1.42E1));
#2243=DIRECTION('',(0.E0,0.E0,1.E0));
#2244=DIRECTION('',(1.E0,0.E0,0.E0));
#2245=AXIS2_PLACEMENT_3D('',#2242,#2243,#2244);
#2247=CARTESIAN_POINT('',(1.1E1,-3.2E1,1.42E1));
#2248=DIRECTION('',(0.E0,0.E0,1.E0));
#2249=DIRECTION('',(-1.E0,0.E0,0.E0));
#2250=AXIS2_PLACEMENT_3D('',#2247,#2248,#2249);
#2252=DIRECTION('',(0.E0,0.E0,-1.E0));
#2253=VECTOR('',#2252,4.2E0);
#2254=CARTESIAN_POINT('',(1.23E1,-3.2E1,1.42E1));
#2255=LINE('',#2254,#2253);
#2256=DIRECTION('',(0.E0,0.E0,-1.E0));
#2257=VECTOR('',#2256,4.2E0);
#2258=CARTESIAN_POINT('',(9.7E0,-3.2E1,1.42E1));
#2259=LINE('',#2258,#2257);
#2260=CARTESIAN_POINT('',(1.1E1,-3.2E1,1.E1));
#2261=DIRECTION('',(0.E0,0.E0,1.E0));
#2262=DIRECTION('',(1.E0,0.E0,0.E0));
#2263=AXIS2_PLACEMENT_3D('',#2260,#2261,#2262);
#2265=CARTESIAN_POINT('',(1.1E1,-3.2E1,1.E1));
#2266=DIRECTION('',(0.E0,0.E0,1.E0));
#2267=DIRECTION('',(-1.E0,0.E0,0.E0));
#2268=AXIS2_PLACEMENT_3D('',#2265,#2266,#2267);
#2270=CARTESIAN_POINT('',(1.1E1,-3.2E1,1.E1));
#2271=DIRECTION('',(0.E0,0.E0,-1.E0));
#2272=DIRECTION('',(-1.E0,0.E0,0.E0));
#2273=AXIS2_PLACEMENT_3D('',#2270,#2271,#2272);
#2275=CARTESIAN_POINT('',(1.1E1,-3.2E1,1.E1));
#2276=DIRECTION('',(0.E0,0.E0,-1.E0));
#2277=DIRECTION('',(1.E0,0.E0,0.E0));
#2278=AXIS2_PLACEMENT_3D('',#2275,#2276,#2277);
#2280=DIRECTION('',(-7.071067811865E-1,0.E0,7.071067811865E-1));
#2281=VECTOR('',#2280,4.596194077713E-1);
#2282=CARTESIAN_POINT('',(9.975E0,-3.2E1,9.675E0));
#2283=LINE('',#2282,#2281);
#2284=CARTESIAN_POINT('',(1.1E1,-3.2E1,9.675E0));
#2285=DIRECTION('',(0.E0,0.E0,1.E0));
#2286=DIRECTION('',(1.E0,0.E0,0.E0));
#2287=AXIS2_PLACEMENT_3D('',#2284,#2285,#2286);
#2289=CARTESIAN_POINT('',(1.1E1,-3.2E1,9.675E0));
#2290=DIRECTION('',(0.E0,0.E0,1.E0));
#2291=DIRECTION('',(-1.E0,0.E0,0.E0));
#2292=AXIS2_PLACEMENT_3D('',#2289,#2290,#2291);
#2294=DIRECTION('',(7.071067811865E-1,0.E0,7.071067811865E-1));
#2295=VECTOR('',#2294,4.596194077713E-1);
#2296=CARTESIAN_POINT('',(1.2025E1,-3.2E1,9.675E0));
#2297=LINE('',#2296,#2295);
#2298=DIRECTION('',(0.E0,0.E0,1.E0));
#2299=VECTOR('',#2298,8.175E0);
#2300=CARTESIAN_POINT('',(1.2025E1,-3.2E1,1.5E0));
#2301=LINE('',#2300,#2299);
#2302=DIRECTION('',(0.E0,0.E0,1.E0));
#2303=VECTOR('',#2302,8.175E0);
#2304=CARTESIAN_POINT('',(9.975E0,-3.2E1,1.5E0));
#2305=LINE('',#2304,#2303);
#2306=DIRECTION('',(-8.571673007021E-1,0.E0,5.150380749100E-1));
#2307=VECTOR('',#2306,1.195799232146E0);
#2308=CARTESIAN_POINT('',(1.1E1,-3.2E1,8.841178654970E-1));
#2309=LINE('',#2308,#2307);
#2310=CARTESIAN_POINT('',(1.1E1,-3.2E1,1.5E0));
#2311=DIRECTION('',(0.E0,0.E0,-1.E0));
#2312=DIRECTION('',(-1.E0,0.E0,0.E0));
#2313=AXIS2_PLACEMENT_3D('',#2310,#2311,#2312);
#2315=DIRECTION('',(8.571673007021E-1,0.E0,5.150380749100E-1));
#2316=VECTOR('',#2315,1.195799232146E0);
#2317=CARTESIAN_POINT('',(1.1E1,-3.2E1,8.841178654970E-1));
#2318=LINE('',#2317,#2316);
#2319=CARTESIAN_POINT('',(1.1E1,-3.2E1,1.5E0));
#2320=DIRECTION('',(0.E0,0.E0,-1.E0));
#2321=DIRECTION('',(1.E0,0.E0,0.E0));
#2322=AXIS2_PLACEMENT_3D('',#2319,#2320,#2321);
#2324=DIRECTION('',(0.E0,0.E0,-1.E0));
#2325=VECTOR('',#2324,2.8E0);
#2326=CARTESIAN_POINT('',(-8.6E0,-3.2E1,1.7E1));
#2327=LINE('',#2326,#2325);
#2328=DIRECTION('',(0.E0,0.E0,-1.E0));
#2329=VECTOR('',#2328,2.8E0);
#2330=CARTESIAN_POINT('',(-1.34E1,-3.2E1,1.7E1));
#2331=LINE('',#2330,#2329);
#2332=CARTESIAN_POINT('',(-1.1E1,-3.2E1,1.42E1));
#2333=DIRECTION('',(0.E0,0.E0,-1.E0));
#2334=DIRECTION('',(-1.E0,0.E0,0.E0));
#2335=AXIS2_PLACEMENT_3D('',#2332,#2333,#2334);
#2337=CARTESIAN_POINT('',(-1.1E1,-3.2E1,1.42E1));
#2338=DIRECTION('',(0.E0,0.E0,-1.E0));
#2339=DIRECTION('',(1.E0,0.E0,0.E0));
#2340=AXIS2_PLACEMENT_3D('',#2337,#2338,#2339);
#2342=CARTESIAN_POINT('',(-1.1E1,-3.2E1,1.42E1));
#2343=DIRECTION('',(0.E0,0.E0,1.E0));
#2344=DIRECTION('',(1.E0,0.E0,0.E0));
#2345=AXIS2_PLACEMENT_3D('',#2342,#2343,#2344);
#2347=CARTESIAN_POINT('',(-1.1E1,-3.2E1,1.42E1));
#2348=DIRECTION('',(0.E0,0.E0,1.E0));
#2349=DIRECTION('',(-1.E0,0.E0,0.E0));
#2350=AXIS2_PLACEMENT_3D('',#2347,#2348,#2349);
#2352=DIRECTION('',(0.E0,0.E0,-1.E0));
#2353=VECTOR('',#2352,4.2E0);
#2354=CARTESIAN_POINT('',(-9.7E0,-3.2E1,1.42E1));
#2355=LINE('',#2354,#2353);
#2356=DIRECTION('',(0.E0,0.E0,-1.E0));
#2357=VECTOR('',#2356,4.2E0);
#2358=CARTESIAN_POINT('',(-1.23E1,-3.2E1,1.42E1));
#2359=LINE('',#2358,#2357);
#2360=CARTESIAN_POINT('',(-1.1E1,-3.2E1,1.E1));
#2361=DIRECTION('',(0.E0,0.E0,1.E0));
#2362=DIRECTION('',(1.E0,0.E0,0.E0));
#2363=AXIS2_PLACEMENT_3D('',#2360,#2361,#2362);
#2365=CARTESIAN_POINT('',(-1.1E1,-3.2E1,1.E1));
#2366=DIRECTION('',(0.E0,0.E0,1.E0));
#2367=DIRECTION('',(-1.E0,0.E0,0.E0));
#2368=AXIS2_PLACEMENT_3D('',#2365,#2366,#2367);
#2370=CARTESIAN_POINT('',(-1.1E1,-3.2E1,1.E1));
#2371=DIRECTION('',(0.E0,0.E0,-1.E0));
#2372=DIRECTION('',(-1.E0,0.E0,0.E0));
#2373=AXIS2_PLACEMENT_3D('',#2370,#2371,#2372);
#2375=CARTESIAN_POINT('',(-1.1E1,-3.2E1,1.E1));
#2376=DIRECTION('',(0.E0,0.E0,-1.E0));
#2377=DIRECTION('',(1.E0,0.E0,0.E0));
#2378=AXIS2_PLACEMENT_3D('',#2375,#2376,#2377);
#2380=DIRECTION('',(-7.071067811865E-1,0.E0,7.071067811865E-1));
#2381=VECTOR('',#2380,4.596194077713E-1);
#2382=CARTESIAN_POINT('',(-1.2025E1,-3.2E1,9.675E0));
#2383=LINE('',#2382,#2381);
#2384=CARTESIAN_POINT('',(-1.1E1,-3.2E1,9.675E0));
#2385=DIRECTION('',(0.E0,0.E0,1.E0));
#2386=DIRECTION('',(1.E0,0.E0,0.E0));
#2387=AXIS2_PLACEMENT_3D('',#2384,#2385,#2386);
#2389=CARTESIAN_POINT('',(-1.1E1,-3.2E1,9.675E0));
#2390=DIRECTION('',(0.E0,0.E0,1.E0));
#2391=DIRECTION('',(-1.E0,0.E0,0.E0));
#2392=AXIS2_PLACEMENT_3D('',#2389,#2390,#2391);
#2394=DIRECTION('',(7.071067811865E-1,0.E0,7.071067811865E-1));
#2395=VECTOR('',#2394,4.596194077713E-1);
#2396=CARTESIAN_POINT('',(-9.975E0,-3.2E1,9.675E0));
#2397=LINE('',#2396,#2395);
#2398=DIRECTION('',(0.E0,0.E0,1.E0));
#2399=VECTOR('',#2398,8.175E0);
#2400=CARTESIAN_POINT('',(-9.975E0,-3.2E1,1.5E0));
#2401=LINE('',#2400,#2399);
#2402=DIRECTION('',(0.E0,0.E0,1.E0));
#2403=VECTOR('',#2402,8.175E0);
#2404=CARTESIAN_POINT('',(-1.2025E1,-3.2E1,1.5E0));
#2405=LINE('',#2404,#2403);
#2406=DIRECTION('',(-8.571673007021E-1,0.E0,5.150380749100E-1));
#2407=VECTOR('',#2406,1.195799232146E0);
#2408=CARTESIAN_POINT('',(-1.1E1,-3.2E1,8.841178654970E-1));
#2409=LINE('',#2408,#2407);
#2410=CARTESIAN_POINT('',(-1.1E1,-3.2E1,1.5E0));
#2411=DIRECTION('',(0.E0,0.E0,-1.E0));
#2412=DIRECTION('',(-1.E0,0.E0,0.E0));
#2413=AXIS2_PLACEMENT_3D('',#2410,#2411,#2412);
#2415=DIRECTION('',(8.571673007021E-1,0.E0,5.150380749100E-1));
#2416=VECTOR('',#2415,1.195799232146E0);
#2417=CARTESIAN_POINT('',(-1.1E1,-3.2E1,8.841178654970E-1));
#2418=LINE('',#2417,#2416);
#2419=CARTESIAN_POINT('',(-1.1E1,-3.2E1,1.5E0));
#2420=DIRECTION('',(0.E0,0.E0,-1.E0));
#2421=DIRECTION('',(1.E0,0.E0,0.E0));
#2422=AXIS2_PLACEMENT_3D('',#2419,#2420,#2421);
#2424=CARTESIAN_POINT('',(1.1E1,-8.E0,1.6675E1));
#2425=DIRECTION('',(0.E0,0.E0,1.E0));
#2426=DIRECTION('',(-1.E0,0.E0,0.E0));
#2427=AXIS2_PLACEMENT_3D('',#2424,#2425,#2426);
#2429=DIRECTION('',(7.071067811865E-1,0.E0,7.071067811865E-1));
#2430=VECTOR('',#2429,4.596194077713E-1);
#2431=CARTESIAN_POINT('',(1.2025E1,-8.E0,1.6675E1));
#2432=LINE('',#2431,#2430);
#2433=CARTESIAN_POINT('',(1.1E1,-8.E0,1.6675E1));
#2434=DIRECTION('',(0.E0,0.E0,1.E0));
#2435=DIRECTION('',(1.E0,0.E0,0.E0));
#2436=AXIS2_PLACEMENT_3D('',#2433,#2434,#2435);
#2438=DIRECTION('',(-7.071067811865E-1,0.E0,7.071067811865E-1));
#2439=VECTOR('',#2438,4.596194077713E-1);
#2440=CARTESIAN_POINT('',(9.975E0,-8.E0,1.6675E1));
#2441=LINE('',#2440,#2439);
#2442=DIRECTION('',(0.E0,0.E0,1.E0));
#2443=VECTOR('',#2442,2.675E0);
#2444=CARTESIAN_POINT('',(9.975E0,-8.E0,1.4E1));
#2445=LINE('',#2444,#2443);
#2446=CARTESIAN_POINT('',(1.1E1,-8.E0,1.4E1));
#2447=DIRECTION('',(0.E0,0.E0,-1.E0));
#2448=DIRECTION('',(1.E0,0.E0,0.E0));
#2449=AXIS2_PLACEMENT_3D('',#2446,#2447,#2448);
#2451=CARTESIAN_POINT('',(1.1E1,-8.E0,1.4E1));
#2452=DIRECTION('',(0.E0,0.E0,-1.E0));
#2453=DIRECTION('',(-1.E0,0.E0,0.E0));
#2454=AXIS2_PLACEMENT_3D('',#2451,#2452,#2453);
#2456=DIRECTION('',(0.E0,0.E0,1.E0));
#2457=VECTOR('',#2456,2.675E0);
#2458=CARTESIAN_POINT('',(1.2025E1,-8.E0,1.4E1));
#2459=LINE('',#2458,#2457);
#2460=DIRECTION('',(7.071067811865E-1,0.E0,7.071067811865E-1));
#2461=VECTOR('',#2460,4.596194077713E-1);
#2462=CARTESIAN_POINT('',(-9.975E0,-8.E0,1.6675E1));
#2463=LINE('',#2462,#2461);
#2464=CARTESIAN_POINT('',(-1.1E1,-8.E0,1.6675E1));
#2465=DIRECTION('',(0.E0,0.E0,1.E0));
#2466=DIRECTION('',(-1.E0,0.E0,0.E0));
#2467=AXIS2_PLACEMENT_3D('',#2464,#2465,#2466);
#2469=CARTESIAN_POINT('',(-1.1E1,-8.E0,1.6675E1));
#2470=DIRECTION('',(0.E0,0.E0,1.E0));
#2471=DIRECTION('',(1.E0,0.E0,0.E0));
#2472=AXIS2_PLACEMENT_3D('',#2469,#2470,#2471);
#2474=DIRECTION('',(-7.071067811865E-1,0.E0,7.071067811865E-1));
#2475=VECTOR('',#2474,4.596194077713E-1);
#2476=CARTESIAN_POINT('',(-1.2025E1,-8.E0,1.6675E1));
#2477=LINE('',#2476,#2475);
#2478=DIRECTION('',(0.E0,0.E0,1.E0));
#2479=VECTOR('',#2478,2.675E0);
#2480=CARTESIAN_POINT('',(-1.2025E1,-8.E0,1.4E1));
#2481=LINE('',#2480,#2479);
#2482=CARTESIAN_POINT('',(-1.1E1,-8.E0,1.4E1));
#2483=DIRECTION('',(0.E0,0.E0,-1.E0));
#2484=DIRECTION('',(1.E0,0.E0,0.E0));
#2485=AXIS2_PLACEMENT_3D('',#2482,#2483,#2484);
#2487=CARTESIAN_POINT('',(-1.1E1,-8.E0,1.4E1));
#2488=DIRECTION('',(0.E0,0.E0,-1.E0));
#2489=DIRECTION('',(-1.E0,0.E0,0.E0));
#2490=AXIS2_PLACEMENT_3D('',#2487,#2488,#2489);
#2492=DIRECTION('',(0.E0,0.E0,1.E0));
#2493=VECTOR('',#2492,2.675E0);
#2494=CARTESIAN_POINT('',(-9.975E0,-8.E0,1.4E1));
#2495=LINE('',#2494,#2493);
#2496=DIRECTION('',(0.E0,0.E0,-1.E0));
#2497=VECTOR('',#2496,2.8E0);
#2498=CARTESIAN_POINT('',(1.34E1,8.E0,1.7E1));
#2499=LINE('',#2498,#2497);
#2500=DIRECTION('',(0.E0,0.E0,-1.E0));
#2501=VECTOR('',#2500,2.8E0);
#2502=CARTESIAN_POINT('',(8.6E0,8.E0,1.7E1));
#2503=LINE('',#2502,#2501);
#2504=CARTESIAN_POINT('',(1.1E1,8.E0,1.42E1));
#2505=DIRECTION('',(0.E0,0.E0,-1.E0));
#2506=DIRECTION('',(-1.E0,0.E0,0.E0));
#2507=AXIS2_PLACEMENT_3D('',#2504,#2505,#2506);
#2509=CARTESIAN_POINT('',(1.1E1,8.E0,1.42E1));
#2510=DIRECTION('',(0.E0,0.E0,-1.E0));
#2511=DIRECTION('',(1.E0,0.E0,0.E0));
#2512=AXIS2_PLACEMENT_3D('',#2509,#2510,#2511);
#2514=CARTESIAN_POINT('',(1.1E1,8.E0,1.42E1));
#2515=DIRECTION('',(0.E0,0.E0,1.E0));
#2516=DIRECTION('',(1.E0,0.E0,0.E0));
#2517=AXIS2_PLACEMENT_3D('',#2514,#2515,#2516);
#2519=CARTESIAN_POINT('',(1.1E1,8.E0,1.42E1));
#2520=DIRECTION('',(0.E0,0.E0,1.E0));
#2521=DIRECTION('',(-1.E0,0.E0,0.E0));
#2522=AXIS2_PLACEMENT_3D('',#2519,#2520,#2521);
#2524=DIRECTION('',(0.E0,0.E0,-1.E0));
#2525=VECTOR('',#2524,4.2E0);
#2526=CARTESIAN_POINT('',(1.23E1,8.E0,1.42E1));
#2527=LINE('',#2526,#2525);
#2528=DIRECTION('',(0.E0,0.E0,-1.E0));
#2529=VECTOR('',#2528,4.2E0);
#2530=CARTESIAN_POINT('',(9.7E0,8.E0,1.42E1));
#2531=LINE('',#2530,#2529);
#2532=CARTESIAN_POINT('',(1.1E1,8.E0,1.E1));
#2533=DIRECTION('',(0.E0,0.E0,1.E0));
#2534=DIRECTION('',(1.E0,0.E0,0.E0));
#2535=AXIS2_PLACEMENT_3D('',#2532,#2533,#2534);
#2537=CARTESIAN_POINT('',(1.1E1,8.E0,1.E1));
#2538=DIRECTION('',(0.E0,0.E0,1.E0));
#2539=DIRECTION('',(-1.E0,0.E0,0.E0));
#2540=AXIS2_PLACEMENT_3D('',#2537,#2538,#2539);
#2542=CARTESIAN_POINT('',(1.1E1,8.E0,1.E1));
#2543=DIRECTION('',(0.E0,0.E0,-1.E0));
#2544=DIRECTION('',(-1.E0,0.E0,0.E0));
#2545=AXIS2_PLACEMENT_3D('',#2542,#2543,#2544);
#2547=CARTESIAN_POINT('',(1.1E1,8.E0,1.E1));
#2548=DIRECTION('',(0.E0,0.E0,-1.E0));
#2549=DIRECTION('',(1.E0,0.E0,0.E0));
#2550=AXIS2_PLACEMENT_3D('',#2547,#2548,#2549);
#2552=DIRECTION('',(-7.071067811865E-1,0.E0,7.071067811865E-1));
#2553=VECTOR('',#2552,4.596194077713E-1);
#2554=CARTESIAN_POINT('',(9.975E0,8.E0,9.675E0));
#2555=LINE('',#2554,#2553);
#2556=CARTESIAN_POINT('',(1.1E1,8.E0,9.675E0));
#2557=DIRECTION('',(0.E0,0.E0,1.E0));
#2558=DIRECTION('',(1.E0,0.E0,0.E0));
#2559=AXIS2_PLACEMENT_3D('',#2556,#2557,#2558);
#2561=CARTESIAN_POINT('',(1.1E1,8.E0,9.675E0));
#2562=DIRECTION('',(0.E0,0.E0,1.E0));
#2563=DIRECTION('',(-1.E0,0.E0,0.E0));
#2564=AXIS2_PLACEMENT_3D('',#2561,#2562,#2563);
#2566=DIRECTION('',(7.071067811865E-1,0.E0,7.071067811866E-1));
#2567=VECTOR('',#2566,4.596194077713E-1);
#2568=CARTESIAN_POINT('',(1.2025E1,8.E0,9.675E0));
#2569=LINE('',#2568,#2567);
#2570=DIRECTION('',(0.E0,0.E0,1.E0));
#2571=VECTOR('',#2570,8.175E0);
#2572=CARTESIAN_POINT('',(1.2025E1,8.E0,1.5E0));
#2573=LINE('',#2572,#2571);
#2574=DIRECTION('',(0.E0,0.E0,1.E0));
#2575=VECTOR('',#2574,8.175E0);
#2576=CARTESIAN_POINT('',(9.975E0,8.E0,1.5E0));
#2577=LINE('',#2576,#2575);
#2578=DIRECTION('',(-8.571673007021E-1,0.E0,5.150380749100E-1));
#2579=VECTOR('',#2578,1.195799232146E0);
#2580=CARTESIAN_POINT('',(1.1E1,8.E0,8.841178654970E-1));
#2581=LINE('',#2580,#2579);
#2582=CARTESIAN_POINT('',(1.1E1,8.E0,1.5E0));
#2583=DIRECTION('',(0.E0,0.E0,-1.E0));
#2584=DIRECTION('',(-1.E0,0.E0,0.E0));
#2585=AXIS2_PLACEMENT_3D('',#2582,#2583,#2584);
#2587=DIRECTION('',(8.571673007021E-1,0.E0,5.150380749100E-1));
#2588=VECTOR('',#2587,1.195799232146E0);
#2589=CARTESIAN_POINT('',(1.1E1,8.E0,8.841178654970E-1));
#2590=LINE('',#2589,#2588);
#2591=CARTESIAN_POINT('',(1.1E1,8.E0,1.5E0));
#2592=DIRECTION('',(0.E0,0.E0,-1.E0));
#2593=DIRECTION('',(1.E0,0.E0,0.E0));
#2594=AXIS2_PLACEMENT_3D('',#2591,#2592,#2593);
#2596=DIRECTION('',(0.E0,2.802696346609E-13,1.E0));
#2597=VECTOR('',#2596,1.8E0);
#2598=CARTESIAN_POINT('',(0.E0,-9.75E0,1.7E1));
#2599=LINE('',#2598,#2597);
#2600=DIRECTION('',(2.106566042538E-9,7.071067811874E-1,-7.071067811857E-1));
#2601=VECTOR('',#2600,2.828427124750E-1);
#2602=CARTESIAN_POINT('',(1.860459459215E-9,9.549999999999E0,1.9E1));
#2603=LINE('',#2602,#2601);
#2604=CARTESIAN_POINT('',(0.E0,0.E0,1.88E1));
#2605=DIRECTION('',(0.E0,0.E0,-1.E0));
#2606=DIRECTION('',(2.116350313815E-10,1.E0,0.E0));
#2607=AXIS2_PLACEMENT_3D('',#2604,#2605,#2606);
#2609=CARTESIAN_POINT('',(0.E0,0.E0,1.9E1));
#2610=DIRECTION('',(0.E0,0.E0,-1.E0));
#2611=DIRECTION('',(0.E0,1.E0,0.E0));
#2612=AXIS2_PLACEMENT_3D('',#2609,#2610,#2611);
#2614=CARTESIAN_POINT('',(0.E0,0.E0,1.9E1));
#2615=DIRECTION('',(0.E0,0.E0,-1.E0));
#2616=DIRECTION('',(0.E0,-1.E0,0.E0));
#2617=AXIS2_PLACEMENT_3D('',#2614,#2615,#2616);
#2619=CARTESIAN_POINT('',(0.E0,8.E0,1.9E1));
#2620=DIRECTION('',(0.E0,0.E0,1.E0));
#2621=DIRECTION('',(-1.E0,0.E0,0.E0));
#2622=AXIS2_PLACEMENT_3D('',#2619,#2620,#2621);
#2624=CARTESIAN_POINT('',(0.E0,8.E0,1.9E1));
#2625=DIRECTION('',(0.E0,0.E0,1.E0));
#2626=DIRECTION('',(1.E0,0.E0,0.E0));
#2627=AXIS2_PLACEMENT_3D('',#2624,#2625,#2626);
#2629=CARTESIAN_POINT('',(-5.656854249492E0,5.656854249492E0,1.9E1));
#2630=DIRECTION('',(0.E0,0.E0,1.E0));
#2631=DIRECTION('',(-7.071067811865E-1,-7.071067811865E-1,0.E0));
#2632=AXIS2_PLACEMENT_3D('',#2629,#2630,#2631);
#2634=CARTESIAN_POINT('',(-5.656854249492E0,5.656854249492E0,1.9E1));
#2635=DIRECTION('',(0.E0,0.E0,1.E0));
#2636=DIRECTION('',(7.071067811865E-1,7.071067811865E-1,0.E0));
#2637=AXIS2_PLACEMENT_3D('',#2634,#2635,#2636);
#2639=CARTESIAN_POINT('',(-8.E0,0.E0,1.9E1));
#2640=DIRECTION('',(0.E0,0.E0,1.E0));
#2641=DIRECTION('',(0.E0,-1.E0,0.E0));
#2642=AXIS2_PLACEMENT_3D('',#2639,#2640,#2641);
#2644=CARTESIAN_POINT('',(-8.E0,0.E0,1.9E1));
#2645=DIRECTION('',(0.E0,0.E0,1.E0));
#2646=DIRECTION('',(0.E0,1.E0,0.E0));
#2647=AXIS2_PLACEMENT_3D('',#2644,#2645,#2646);
#2649=CARTESIAN_POINT('',(-5.656854249492E0,-5.656854249492E0,1.9E1));
#2650=DIRECTION('',(0.E0,0.E0,1.E0));
#2651=DIRECTION('',(7.071067811865E-1,-7.071067811865E-1,0.E0));
#2652=AXIS2_PLACEMENT_3D('',#2649,#2650,#2651);
#2654=CARTESIAN_POINT('',(-5.656854249492E0,-5.656854249492E0,1.9E1));
#2655=DIRECTION('',(0.E0,0.E0,1.E0));
#2656=DIRECTION('',(-7.071067811865E-1,7.071067811865E-1,0.E0));
#2657=AXIS2_PLACEMENT_3D('',#2654,#2655,#2656);
#2659=CARTESIAN_POINT('',(0.E0,-8.E0,1.9E1));
#2660=DIRECTION('',(0.E0,0.E0,1.E0));
#2661=DIRECTION('',(1.E0,0.E0,0.E0));
#2662=AXIS2_PLACEMENT_3D('',#2659,#2660,#2661);
#2664=CARTESIAN_POINT('',(0.E0,-8.E0,1.9E1));
#2665=DIRECTION('',(0.E0,0.E0,1.E0));
#2666=DIRECTION('',(-1.E0,0.E0,0.E0));
#2667=AXIS2_PLACEMENT_3D('',#2664,#2665,#2666);
#2669=CARTESIAN_POINT('',(5.656854249492E0,-5.656854249492E0,1.9E1));
#2670=DIRECTION('',(0.E0,0.E0,1.E0));
#2671=DIRECTION('',(7.071067811865E-1,7.071067811865E-1,0.E0));
#2672=AXIS2_PLACEMENT_3D('',#2669,#2670,#2671);
#2674=CARTESIAN_POINT('',(5.656854249492E0,-5.656854249492E0,1.9E1));
#2675=DIRECTION('',(0.E0,0.E0,1.E0));
#2676=DIRECTION('',(-7.071067811865E-1,-7.071067811865E-1,0.E0));
#2677=AXIS2_PLACEMENT_3D('',#2674,#2675,#2676);
#2679=CARTESIAN_POINT('',(8.E0,0.E0,1.9E1));
#2680=DIRECTION('',(0.E0,0.E0,1.E0));
#2681=DIRECTION('',(0.E0,1.E0,0.E0));
#2682=AXIS2_PLACEMENT_3D('',#2679,#2680,#2681);
#2684=CARTESIAN_POINT('',(8.E0,0.E0,1.9E1));
#2685=DIRECTION('',(0.E0,0.E0,1.E0));
#2686=DIRECTION('',(0.E0,-1.E0,0.E0));
#2687=AXIS2_PLACEMENT_3D('',#2684,#2685,#2686);
#2689=CARTESIAN_POINT('',(5.656854249492E0,5.656854249492E0,1.9E1));
#2690=DIRECTION('',(0.E0,0.E0,1.E0));
#2691=DIRECTION('',(-7.071067811865E-1,7.071067811865E-1,0.E0));
#2692=AXIS2_PLACEMENT_3D('',#2689,#2690,#2691);
#2694=CARTESIAN_POINT('',(5.656854249492E0,5.656854249492E0,1.9E1));
#2695=DIRECTION('',(0.E0,0.E0,1.E0));
#2696=DIRECTION('',(7.071067811865E-1,-7.071067811865E-1,0.E0));
#2697=AXIS2_PLACEMENT_3D('',#2694,#2695,#2696);
#2699=CARTESIAN_POINT('',(0.E0,0.E0,1.9E1));
#2700=DIRECTION('',(0.E0,0.E0,1.E0));
#2701=DIRECTION('',(0.E0,-1.E0,0.E0));
#2702=AXIS2_PLACEMENT_3D('',#2699,#2700,#2701);
#2704=CARTESIAN_POINT('',(0.E0,0.E0,1.9E1));
#2705=DIRECTION('',(0.E0,0.E0,1.E0));
#2706=DIRECTION('',(0.E0,1.E0,0.E0));
#2707=AXIS2_PLACEMENT_3D('',#2704,#2705,#2706);
#2709=DIRECTION('',(0.E0,-7.071067811874E-1,-7.071067811857E-1));
#2710=VECTOR('',#2709,2.828427124750E-1);
#2711=CARTESIAN_POINT('',(0.E0,-9.549999999999E0,1.9E1));
#2712=LINE('',#2711,#2710);
#2713=CARTESIAN_POINT('',(0.E0,0.E0,1.88E1));
#2714=DIRECTION('',(0.E0,0.E0,-1.E0));
#2715=DIRECTION('',(0.E0,-1.E0,0.E0));
#2716=AXIS2_PLACEMENT_3D('',#2713,#2714,#2715);
#2718=DIRECTION('',(6.003657828336E-10,-2.802696346609E-13,1.E0));
#2719=VECTOR('',#2718,1.8E0);
#2720=CARTESIAN_POINT('',(1.375627903593E-9,9.75E0,1.7E1));
#2721=LINE('',#2720,#2719);
#2722=CARTESIAN_POINT('',(0.E0,8.E0,1.87E1));
#2723=DIRECTION('',(0.E0,0.E0,1.E0));
#2724=DIRECTION('',(-1.E0,0.E0,0.E0));
#2725=AXIS2_PLACEMENT_3D('',#2722,#2723,#2724);
#2727=DIRECTION('',(7.071067811865E-1,0.E0,7.071067811865E-1));
#2728=VECTOR('',#2727,4.242640687119E-1);
#2729=CARTESIAN_POINT('',(8.E-1,8.E0,1.87E1));
#2730=LINE('',#2729,#2728);
#2731=CARTESIAN_POINT('',(0.E0,8.E0,1.87E1));
#2732=DIRECTION('',(0.E0,0.E0,1.E0));
#2733=DIRECTION('',(1.E0,0.E0,0.E0));
#2734=AXIS2_PLACEMENT_3D('',#2731,#2732,#2733);
#2736=DIRECTION('',(-7.071067811865E-1,0.E0,7.071067811865E-1));
#2737=VECTOR('',#2736,4.242640687119E-1);
#2738=CARTESIAN_POINT('',(-8.E-1,8.E0,1.87E1));
#2739=LINE('',#2738,#2737);
#2740=DIRECTION('',(0.E0,0.E0,1.E0));
#2741=VECTOR('',#2740,1.7E0);
#2742=CARTESIAN_POINT('',(-8.E-1,8.E0,1.7E1));
#2743=LINE('',#2742,#2741);
#2744=CARTESIAN_POINT('',(0.E0,8.E0,1.7E1));
#2745=DIRECTION('',(0.E0,0.E0,-1.E0));
#2746=DIRECTION('',(1.E0,0.E0,0.E0));
#2747=AXIS2_PLACEMENT_3D('',#2744,#2745,#2746);
#2749=CARTESIAN_POINT('',(0.E0,8.E0,1.7E1));
#2750=DIRECTION('',(0.E0,0.E0,-1.E0));
#2751=DIRECTION('',(-1.E0,0.E0,0.E0));
#2752=AXIS2_PLACEMENT_3D('',#2749,#2750,#2751);
#2754=DIRECTION('',(0.E0,0.E0,1.E0));
#2755=VECTOR('',#2754,1.7E0);
#2756=CARTESIAN_POINT('',(8.E-1,8.E0,1.7E1));
#2757=LINE('',#2756,#2755);
#2758=CARTESIAN_POINT('',(-5.656854249492E0,5.656854249492E0,1.87E1));
#2759=DIRECTION('',(0.E0,0.E0,1.E0));
#2760=DIRECTION('',(-7.071067811865E-1,-7.071067811865E-1,0.E0));
#2761=AXIS2_PLACEMENT_3D('',#2758,#2759,#2760);
#2763=DIRECTION('',(5.000000000001E-1,4.999999999999E-1,7.071067811865E-1));
#2764=VECTOR('',#2763,4.242640687119E-1);
#2765=CARTESIAN_POINT('',(-5.091168824543E0,6.222539674442E0,1.87E1));
#2766=LINE('',#2765,#2764);
#2767=CARTESIAN_POINT('',(-5.656854249492E0,5.656854249492E0,1.87E1));
#2768=DIRECTION('',(0.E0,0.E0,1.E0));
#2769=DIRECTION('',(7.071067811860E-1,7.071067811871E-1,0.E0));
#2770=AXIS2_PLACEMENT_3D('',#2767,#2768,#2769);
#2772=DIRECTION('',(-5.E-1,-5.E-1,7.071067811865E-1));
#2773=VECTOR('',#2772,4.242640687119E-1);
#2774=CARTESIAN_POINT('',(-6.222539674441E0,5.091168824543E0,1.87E1));
#2775=LINE('',#2774,#2773);
#2776=DIRECTION('',(0.E0,0.E0,1.E0));
#2777=VECTOR('',#2776,1.7E0);
#2778=CARTESIAN_POINT('',(-6.222539674441E0,5.091168824543E0,1.7E1));
#2779=LINE('',#2778,#2777);
#2780=CARTESIAN_POINT('',(-5.656854249492E0,5.656854249492E0,1.7E1));
#2781=DIRECTION('',(0.E0,0.E0,-1.E0));
#2782=DIRECTION('',(7.071067811865E-1,7.071067811865E-1,0.E0));
#2783=AXIS2_PLACEMENT_3D('',#2780,#2781,#2782);
#2785=CARTESIAN_POINT('',(-5.656854249492E0,5.656854249492E0,1.7E1));
#2786=DIRECTION('',(0.E0,0.E0,-1.E0));
#2787=DIRECTION('',(-7.071067811865E-1,-7.071067811865E-1,0.E0));
#2788=AXIS2_PLACEMENT_3D('',#2785,#2786,#2787);
#2790=DIRECTION('',(-9.247504722760E-14,9.195258933366E-14,1.E0));
#2791=VECTOR('',#2790,1.7E0);
#2792=CARTESIAN_POINT('',(-5.091168824543E0,6.222539674442E0,1.7E1));
#2793=LINE('',#2792,#2791);
#2794=CARTESIAN_POINT('',(-8.E0,0.E0,1.87E1));
#2795=DIRECTION('',(0.E0,0.E0,1.E0));
#2796=DIRECTION('',(0.E0,-1.E0,0.E0));
#2797=AXIS2_PLACEMENT_3D('',#2794,#2795,#2796);
#2799=DIRECTION('',(0.E0,7.071067811865E-1,7.071067811865E-1));
#2800=VECTOR('',#2799,4.242640687119E-1);
#2801=CARTESIAN_POINT('',(-8.E0,8.E-1,1.87E1));
#2802=LINE('',#2801,#2800);
#2803=CARTESIAN_POINT('',(-8.E0,0.E0,1.87E1));
#2804=DIRECTION('',(0.E0,0.E0,1.E0));
#2805=DIRECTION('',(0.E0,1.E0,0.E0));
#2806=AXIS2_PLACEMENT_3D('',#2803,#2804,#2805);
#2808=DIRECTION('',(0.E0,-7.071067811865E-1,7.071067811865E-1));
#2809=VECTOR('',#2808,4.242640687119E-1);
#2810=CARTESIAN_POINT('',(-8.E0,-8.E-1,1.87E1));
#2811=LINE('',#2810,#2809);
#2812=DIRECTION('',(0.E0,0.E0,1.E0));
#2813=VECTOR('',#2812,1.7E0);
#2814=CARTESIAN_POINT('',(-8.E0,-8.E-1,1.7E1));
#2815=LINE('',#2814,#2813);
#2816=CARTESIAN_POINT('',(-8.E0,0.E0,1.7E1));
#2817=DIRECTION('',(0.E0,0.E0,-1.E0));
#2818=DIRECTION('',(0.E0,1.E0,0.E0));
#2819=AXIS2_PLACEMENT_3D('',#2816,#2817,#2818);
#2821=CARTESIAN_POINT('',(-8.E0,0.E0,1.7E1));
#2822=DIRECTION('',(0.E0,0.E0,-1.E0));
#2823=DIRECTION('',(0.E0,-1.E0,0.E0));
#2824=AXIS2_PLACEMENT_3D('',#2821,#2822,#2823);
#2826=DIRECTION('',(0.E0,0.E0,1.E0));
#2827=VECTOR('',#2826,1.7E0);
#2828=CARTESIAN_POINT('',(-8.E0,8.E-1,1.7E1));
#2829=LINE('',#2828,#2827);
#2830=CARTESIAN_POINT('',(-5.656854249492E0,-5.656854249492E0,1.87E1));
#2831=DIRECTION('',(0.E0,0.E0,1.E0));
#2832=DIRECTION('',(7.071067811865E-1,-7.071067811865E-1,0.E0));
#2833=AXIS2_PLACEMENT_3D('',#2830,#2831,#2832);
#2835=DIRECTION('',(-4.999999999999E-1,5.000000000001E-1,7.071067811865E-1));
#2836=VECTOR('',#2835,4.242640687119E-1);
#2837=CARTESIAN_POINT('',(-6.222539674442E0,-5.091168824543E0,1.87E1));
#2838=LINE('',#2837,#2836);
#2839=CARTESIAN_POINT('',(-5.656854249492E0,-5.656854249492E0,1.87E1));
#2840=DIRECTION('',(0.E0,0.E0,1.E0));
#2841=DIRECTION('',(-7.071067811871E-1,7.071067811860E-1,0.E0));
#2842=AXIS2_PLACEMENT_3D('',#2839,#2840,#2841);
#2844=DIRECTION('',(5.E-1,-5.E-1,7.071067811865E-1));
#2845=VECTOR('',#2844,4.242640687119E-1);
#2846=CARTESIAN_POINT('',(-5.091168824543E0,-6.222539674441E0,1.87E1));
#2847=LINE('',#2846,#2845);
#2848=DIRECTION('',(0.E0,0.E0,1.E0));
#2849=VECTOR('',#2848,1.7E0);
#2850=CARTESIAN_POINT('',(-5.091168824543E0,-6.222539674441E0,1.7E1));
#2851=LINE('',#2850,#2849);
#2852=CARTESIAN_POINT('',(-5.656854249492E0,-5.656854249492E0,1.7E1));
#2853=DIRECTION('',(0.E0,0.E0,-1.E0));
#2854=DIRECTION('',(-7.071067811865E-1,7.071067811865E-1,0.E0));
#2855=AXIS2_PLACEMENT_3D('',#2852,#2853,#2854);
#2857=CARTESIAN_POINT('',(-5.656854249492E0,-5.656854249492E0,1.7E1));
#2858=DIRECTION('',(0.E0,0.E0,-1.E0));
#2859=DIRECTION('',(7.071067811865E-1,-7.071067811865E-1,0.E0));
#2860=AXIS2_PLACEMENT_3D('',#2857,#2858,#2859);
#2862=DIRECTION('',(-9.195258933366E-14,-9.247504722760E-14,1.E0));
#2863=VECTOR('',#2862,1.7E0);
#2864=CARTESIAN_POINT('',(-6.222539674442E0,-5.091168824543E0,1.7E1));
#2865=LINE('',#2864,#2863);
#2866=CARTESIAN_POINT('',(0.E0,-8.E0,1.87E1));
#2867=DIRECTION('',(0.E0,0.E0,1.E0));
#2868=DIRECTION('',(1.E0,0.E0,0.E0));
#2869=AXIS2_PLACEMENT_3D('',#2866,#2867,#2868);
#2871=DIRECTION('',(-7.071067811865E-1,0.E0,7.071067811865E-1));
#2872=VECTOR('',#2871,4.242640687119E-1);
#2873=CARTESIAN_POINT('',(-8.E-1,-8.E0,1.87E1));
#2874=LINE('',#2873,#2872);
#2875=CARTESIAN_POINT('',(0.E0,-8.E0,1.87E1));
#2876=DIRECTION('',(0.E0,0.E0,1.E0));
#2877=DIRECTION('',(-1.E0,0.E0,0.E0));
#2878=AXIS2_PLACEMENT_3D('',#2875,#2876,#2877);
#2880=DIRECTION('',(7.071067811865E-1,0.E0,7.071067811865E-1));
#2881=VECTOR('',#2880,4.242640687119E-1);
#2882=CARTESIAN_POINT('',(8.E-1,-8.E0,1.87E1));
#2883=LINE('',#2882,#2881);
#2884=DIRECTION('',(0.E0,0.E0,1.E0));
#2885=VECTOR('',#2884,1.7E0);
#2886=CARTESIAN_POINT('',(8.E-1,-8.E0,1.7E1));
#2887=LINE('',#2886,#2885);
#2888=CARTESIAN_POINT('',(0.E0,-8.E0,1.7E1));
#2889=DIRECTION('',(0.E0,0.E0,-1.E0));
#2890=DIRECTION('',(-1.E0,0.E0,0.E0));
#2891=AXIS2_PLACEMENT_3D('',#2888,#2889,#2890);
#2893=CARTESIAN_POINT('',(0.E0,-8.E0,1.7E1));
#2894=DIRECTION('',(0.E0,0.E0,-1.E0));
#2895=DIRECTION('',(1.E0,0.E0,0.E0));
#2896=AXIS2_PLACEMENT_3D('',#2893,#2894,#2895);
#2898=DIRECTION('',(0.E0,0.E0,1.E0));
#2899=VECTOR('',#2898,1.7E0);
#2900=CARTESIAN_POINT('',(-8.E-1,-8.E0,1.7E1));
#2901=LINE('',#2900,#2899);
#2902=CARTESIAN_POINT('',(5.656854249492E0,-5.656854249492E0,1.87E1));
#2903=DIRECTION('',(0.E0,0.E0,1.E0));
#2904=DIRECTION('',(7.071067811865E-1,7.071067811865E-1,0.E0));
#2905=AXIS2_PLACEMENT_3D('',#2902,#2903,#2904);
#2907=DIRECTION('',(-5.000000000001E-1,-4.999999999999E-1,7.071067811865E-1));
#2908=VECTOR('',#2907,4.242640687119E-1);
#2909=CARTESIAN_POINT('',(5.091168824543E0,-6.222539674442E0,1.87E1));
#2910=LINE('',#2909,#2908);
#2911=CARTESIAN_POINT('',(5.656854249492E0,-5.656854249492E0,1.87E1));
#2912=DIRECTION('',(0.E0,0.E0,1.E0));
#2913=DIRECTION('',(-7.071067811860E-1,-7.071067811871E-1,0.E0));
#2914=AXIS2_PLACEMENT_3D('',#2911,#2912,#2913);
#2916=DIRECTION('',(5.E-1,5.E-1,7.071067811865E-1));
#2917=VECTOR('',#2916,4.242640687119E-1);
#2918=CARTESIAN_POINT('',(6.222539674441E0,-5.091168824543E0,1.87E1));
#2919=LINE('',#2918,#2917);
#2920=DIRECTION('',(0.E0,0.E0,1.E0));
#2921=VECTOR('',#2920,1.7E0);
#2922=CARTESIAN_POINT('',(6.222539674441E0,-5.091168824543E0,1.7E1));
#2923=LINE('',#2922,#2921);
#2924=CARTESIAN_POINT('',(5.656854249492E0,-5.656854249492E0,1.7E1));
#2925=DIRECTION('',(0.E0,0.E0,-1.E0));
#2926=DIRECTION('',(-7.071067811865E-1,-7.071067811865E-1,0.E0));
#2927=AXIS2_PLACEMENT_3D('',#2924,#2925,#2926);
#2929=CARTESIAN_POINT('',(5.656854249492E0,-5.656854249492E0,1.7E1));
#2930=DIRECTION('',(0.E0,0.E0,-1.E0));
#2931=DIRECTION('',(7.071067811865E-1,7.071067811865E-1,0.E0));
#2932=AXIS2_PLACEMENT_3D('',#2929,#2930,#2931);
#2934=DIRECTION('',(9.247504722760E-14,-9.195258933366E-14,1.E0));
#2935=VECTOR('',#2934,1.7E0);
#2936=CARTESIAN_POINT('',(5.091168824543E0,-6.222539674442E0,1.7E1));
#2937=LINE('',#2936,#2935);
#2938=CARTESIAN_POINT('',(8.E0,0.E0,1.87E1));
#2939=DIRECTION('',(0.E0,0.E0,1.E0));
#2940=DIRECTION('',(0.E0,1.E0,0.E0));
#2941=AXIS2_PLACEMENT_3D('',#2938,#2939,#2940);
#2943=DIRECTION('',(0.E0,-7.071067811865E-1,7.071067811865E-1));
#2944=VECTOR('',#2943,4.242640687119E-1);
#2945=CARTESIAN_POINT('',(8.E0,-8.E-1,1.87E1));
#2946=LINE('',#2945,#2944);
#2947=CARTESIAN_POINT('',(8.E0,0.E0,1.87E1));
#2948=DIRECTION('',(0.E0,0.E0,1.E0));
#2949=DIRECTION('',(0.E0,-1.E0,0.E0));
#2950=AXIS2_PLACEMENT_3D('',#2947,#2948,#2949);
#2952=DIRECTION('',(0.E0,7.071067811865E-1,7.071067811865E-1));
#2953=VECTOR('',#2952,4.242640687119E-1);
#2954=CARTESIAN_POINT('',(8.E0,8.E-1,1.87E1));
#2955=LINE('',#2954,#2953);
#2956=DIRECTION('',(0.E0,0.E0,1.E0));
#2957=VECTOR('',#2956,1.7E0);
#2958=CARTESIAN_POINT('',(8.E0,8.E-1,1.7E1));
#2959=LINE('',#2958,#2957);
#2960=CARTESIAN_POINT('',(8.E0,0.E0,1.7E1));
#2961=DIRECTION('',(0.E0,0.E0,-1.E0));
#2962=DIRECTION('',(0.E0,-1.E0,0.E0));
#2963=AXIS2_PLACEMENT_3D('',#2960,#2961,#2962);
#2965=CARTESIAN_POINT('',(8.E0,0.E0,1.7E1));
#2966=DIRECTION('',(0.E0,0.E0,-1.E0));
#2967=DIRECTION('',(0.E0,1.E0,0.E0));
#2968=AXIS2_PLACEMENT_3D('',#2965,#2966,#2967);
#2970=DIRECTION('',(0.E0,0.E0,1.E0));
#2971=VECTOR('',#2970,1.7E0);
#2972=CARTESIAN_POINT('',(8.E0,-8.E-1,1.7E1));
#2973=LINE('',#2972,#2971);
#2974=CARTESIAN_POINT('',(5.656854249492E0,5.656854249492E0,1.87E1));
#2975=DIRECTION('',(0.E0,0.E0,1.E0));
#2976=DIRECTION('',(-7.071067811865E-1,7.071067811865E-1,0.E0));
#2977=AXIS2_PLACEMENT_3D('',#2974,#2975,#2976);
#2979=DIRECTION('',(4.999999999999E-1,-5.000000000001E-1,7.071067811865E-1));
#2980=VECTOR('',#2979,4.242640687119E-1);
#2981=CARTESIAN_POINT('',(6.222539674442E0,5.091168824543E0,1.87E1));
#2982=LINE('',#2981,#2980);
#2983=CARTESIAN_POINT('',(5.656854249492E0,5.656854249492E0,1.87E1));
#2984=DIRECTION('',(0.E0,0.E0,1.E0));
#2985=DIRECTION('',(7.071067811871E-1,-7.071067811860E-1,0.E0));
#2986=AXIS2_PLACEMENT_3D('',#2983,#2984,#2985);
#2988=DIRECTION('',(-5.E-1,5.E-1,7.071067811865E-1));
#2989=VECTOR('',#2988,4.242640687119E-1);
#2990=CARTESIAN_POINT('',(5.091168824543E0,6.222539674441E0,1.87E1));
#2991=LINE('',#2990,#2989);
#2992=DIRECTION('',(0.E0,0.E0,1.E0));
#2993=VECTOR('',#2992,1.7E0);
#2994=CARTESIAN_POINT('',(5.091168824543E0,6.222539674441E0,1.7E1));
#2995=LINE('',#2994,#2993);
#2996=CARTESIAN_POINT('',(5.656854249492E0,5.656854249492E0,1.7E1));
#2997=DIRECTION('',(0.E0,0.E0,-1.E0));
#2998=DIRECTION('',(7.071067811865E-1,-7.071067811865E-1,0.E0));
#2999=AXIS2_PLACEMENT_3D('',#2996,#2997,#2998);
#3001=CARTESIAN_POINT('',(5.656854249492E0,5.656854249492E0,1.7E1));
#3002=DIRECTION('',(0.E0,0.E0,-1.E0));
#3003=DIRECTION('',(-7.071067811865E-1,7.071067811865E-1,0.E0));
#3004=AXIS2_PLACEMENT_3D('',#3001,#3002,#3003);
#3006=DIRECTION('',(9.195258933366E-14,9.247504722760E-14,1.E0));
#3007=VECTOR('',#3006,1.7E0);
#3008=CARTESIAN_POINT('',(6.222539674442E0,5.091168824543E0,1.7E1));
#3009=LINE('',#3008,#3007);
#3010=CARTESIAN_POINT('',(0.E0,0.E0,2.1E1));
#3011=DIRECTION('',(0.E0,0.E0,1.E0));
#3012=DIRECTION('',(0.E0,-1.E0,0.E0));
#3013=AXIS2_PLACEMENT_3D('',#3010,#3011,#3012);
#3015=DIRECTION('',(3.518096707932E-9,1.280208826197E-9,-1.E0));
#3016=VECTOR('',#3015,2.000000002560E0);
#3017=CARTESIAN_POINT('',(-9.134145703923E-9,3.999999997440E0,
2.100000000256E1));
#3018=LINE('',#3017,#3016);
#3019=DIRECTION('',(2.993608360309E-9,1.280209048242E-9,1.E0));
#3020=VECTOR('',#3019,2.000000002560E0);
#3021=CARTESIAN_POINT('',(0.E0,-4.E0,1.9E1));
#3022=LINE('',#3021,#3020);
#3023=DIRECTION('',(-5.644802278961E-9,-7.071067811866E-1,-7.071067811865E-1));
#3024=VECTOR('',#3023,2.828427134402E-1);
#3025=CARTESIAN_POINT('',(7.583808166431E-9,-3.799999996757E0,
2.120000000324E1));
#3026=LINE('',#3025,#3024);
#3027=CARTESIAN_POINT('',(0.E0,0.E0,2.12E1));
#3028=DIRECTION('',(0.E0,0.E0,1.E0));
#3029=DIRECTION('',(1.E0,0.E0,0.E0));
#3030=AXIS2_PLACEMENT_3D('',#3027,#3028,#3029);
#3032=CARTESIAN_POINT('',(0.E0,0.E0,2.12E1));
#3033=DIRECTION('',(0.E0,0.E0,1.E0));
#3034=DIRECTION('',(-1.E0,5.502185052360E-9,0.E0));
#3035=AXIS2_PLACEMENT_3D('',#3032,#3033,#3034);
#3037=CARTESIAN_POINT('',(0.E0,0.E0,2.12E1));
#3038=DIRECTION('',(0.E0,0.E0,1.E0));
#3039=DIRECTION('',(-7.867321353343E-10,1.E0,0.E0));
#3040=AXIS2_PLACEMENT_3D('',#3037,#3038,#3039);
#3042=CARTESIAN_POINT('',(0.E0,0.E0,2.12E1));
#3043=DIRECTION('',(0.E0,0.E0,1.E0));
#3044=DIRECTION('',(0.E0,-1.E0,0.E0));
#3045=AXIS2_PLACEMENT_3D('',#3042,#3043,#3044);
#3047=CARTESIAN_POINT('',(0.E0,0.E0,2.355E1));
#3048=DIRECTION('',(0.E0,0.E0,1.E0));
#3049=DIRECTION('',(1.E0,0.E0,0.E0));
#3050=AXIS2_PLACEMENT_3D('',#3047,#3048,#3049);
#3052=DIRECTION('',(-1.665900889636E-9,-9.346641240599E-9,-1.E0));
#3053=VECTOR('',#3052,2.350000003915E0);
#3054=CARTESIAN_POINT('',(-2.249999996085E0,3.434452331981E-8,
2.355000000391E1));
#3055=LINE('',#3054,#3053);
#3056=DIRECTION('',(-1.665900889636E-9,-9.346640312922E-9,1.E0));
#3057=VECTOR('',#3056,2.350000003915E0);
#3058=CARTESIAN_POINT('',(2.25E0,0.E0,2.12E1));
#3059=LINE('',#3058,#3057);
#3060=DIRECTION('',(7.071067811866E-1,2.531030096769E-8,-7.071067811865E-1));
#3061=VECTOR('',#3060,2.121320357093E-1);
#3062=CARTESIAN_POINT('',(2.099999995128E0,-2.733373080804E-8,
2.370000000487E1));
#3063=LINE('',#3062,#3061);
#3064=CARTESIAN_POINT('',(0.E0,0.E0,2.37E1));
#3065=DIRECTION('',(0.E0,0.E0,1.E0));
#3066=DIRECTION('',(-1.E0,5.502183659479E-9,0.E0));
#3067=AXIS2_PLACEMENT_3D('',#3064,#3065,#3066);
#3069=CARTESIAN_POINT('',(0.E0,0.E0,2.37E1));
#3070=DIRECTION('',(0.E0,0.E0,1.E0));
#3071=DIRECTION('',(1.E0,0.E0,0.E0));
#3072=AXIS2_PLACEMENT_3D('',#3069,#3070,#3071);
#3074=DIRECTION('',(-7.071067811866E-1,-2.141966980912E-8,-7.071067811865E-1));
#3075=VECTOR('',#3074,2.121320357093E-1);
#3076=CARTESIAN_POINT('',(-2.099999995128E0,3.888832148064E-8,
2.370000000487E1));
#3077=LINE('',#3076,#3075);
#3078=CARTESIAN_POINT('',(0.E0,0.E0,2.355E1));
#3079=DIRECTION('',(0.E0,0.E0,1.E0));
#3080=DIRECTION('',(-1.E0,5.502185496449E-9,0.E0));
#3081=AXIS2_PLACEMENT_3D('',#3078,#3079,#3080);
#3083=DIRECTION('',(5.088498829557E-9,7.071067811866E-1,-7.071067811865E-1));
#3084=VECTOR('',#3083,2.828427134402E-1);
#3085=CARTESIAN_POINT('',(-1.057339052021E-8,3.799999996757E0,
2.120000000324E1));
#3086=LINE('',#3085,#3084);
#3087=CARTESIAN_POINT('',(0.E0,0.E0,2.1E1));
#3088=DIRECTION('',(0.E0,0.E0,1.E0));
#3089=DIRECTION('',(-7.867321353343E-10,1.E0,0.E0));
#3090=AXIS2_PLACEMENT_3D('',#3087,#3088,#3089);
#3092=DIRECTION('',(1.185735655536E-12,-1.E0,0.E0));
#3093=VECTOR('',#3092,5.393178987224E-2);
#3094=CARTESIAN_POINT('',(5.65E0,-7.946068210128E0,-1.6E1));
#3095=LINE('',#3094,#3093);
#3096=CARTESIAN_POINT('',(0.E0,0.E0,-1.6E1));
#3097=DIRECTION('',(0.E0,0.E0,-1.E0));
#3098=DIRECTION('',(5.794871794872E-1,-8.149813548849E-1,0.E0));
#3099=AXIS2_PLACEMENT_3D('',#3096,#3097,#3098);
#3101=DIRECTION('',(1.E0,-2.550045264885E-13,0.E0));
#3102=VECTOR('',#3101,7.662579759849E-2);
#3103=CARTESIAN_POINT('',(5.573374202402E0,-8.E0,-1.6E1));
#3104=LINE('',#3103,#3102);
#3105=DIRECTION('',(0.E0,0.E0,1.E0));
#3106=VECTOR('',#3105,2.8E0);
#3107=CARTESIAN_POINT('',(8.6E0,8.E0,-1.7E1));
#3108=LINE('',#3107,#3106);
#3109=DIRECTION('',(0.E0,0.E0,1.E0));
#3110=VECTOR('',#3109,2.8E0);
#3111=CARTESIAN_POINT('',(1.34E1,8.E0,-1.7E1));
#3112=LINE('',#3111,#3110);
#3113=CARTESIAN_POINT('',(1.1E1,8.E0,-1.42E1));
#3114=DIRECTION('',(0.E0,0.E0,1.E0));
#3115=DIRECTION('',(1.E0,0.E0,0.E0));
#3116=AXIS2_PLACEMENT_3D('',#3113,#3114,#3115);
#3118=CARTESIAN_POINT('',(1.1E1,8.E0,-1.42E1));
#3119=DIRECTION('',(0.E0,0.E0,1.E0));
#3120=DIRECTION('',(-1.E0,0.E0,0.E0));
#3121=AXIS2_PLACEMENT_3D('',#3118,#3119,#3120);
#3123=CARTESIAN_POINT('',(1.1E1,8.E0,-1.42E1));
#3124=DIRECTION('',(0.E0,0.E0,-1.E0));
#3125=DIRECTION('',(-1.E0,0.E0,0.E0));
#3126=AXIS2_PLACEMENT_3D('',#3123,#3124,#3125);
#3128=CARTESIAN_POINT('',(1.1E1,8.E0,-1.42E1));
#3129=DIRECTION('',(0.E0,0.E0,-1.E0));
#3130=DIRECTION('',(1.E0,0.E0,0.E0));
#3131=AXIS2_PLACEMENT_3D('',#3128,#3129,#3130);
#3133=DIRECTION('',(0.E0,0.E0,1.E0));
#3134=VECTOR('',#3133,6.2E0);
#3135=CARTESIAN_POINT('',(9.7E0,8.E0,-1.42E1));
#3136=LINE('',#3135,#3134);
#3137=DIRECTION('',(0.E0,0.E0,1.E0));
#3138=VECTOR('',#3137,6.2E0);
#3139=CARTESIAN_POINT('',(1.23E1,8.E0,-1.42E1));
#3140=LINE('',#3139,#3138);
#3141=CARTESIAN_POINT('',(1.1E1,8.E0,-8.E0));
#3142=DIRECTION('',(0.E0,0.E0,-1.E0));
#3143=DIRECTION('',(-1.E0,0.E0,0.E0));
#3144=AXIS2_PLACEMENT_3D('',#3141,#3142,#3143);
#3146=CARTESIAN_POINT('',(1.1E1,8.E0,-8.E0));
#3147=DIRECTION('',(0.E0,0.E0,-1.E0));
#3148=DIRECTION('',(1.E0,0.E0,0.E0));
#3149=AXIS2_PLACEMENT_3D('',#3146,#3147,#3148);
#3151=CARTESIAN_POINT('',(1.1E1,8.E0,-8.E0));
#3152=DIRECTION('',(0.E0,0.E0,1.E0));
#3153=DIRECTION('',(1.E0,0.E0,0.E0));
#3154=AXIS2_PLACEMENT_3D('',#3151,#3152,#3153);
#3156=CARTESIAN_POINT('',(1.1E1,8.E0,-8.E0));
#3157=DIRECTION('',(0.E0,0.E0,1.E0));
#3158=DIRECTION('',(-1.E0,0.E0,0.E0));
#3159=AXIS2_PLACEMENT_3D('',#3156,#3157,#3158);
#3161=DIRECTION('',(7.071067811865E-1,0.E0,-7.071067811865E-1));
#3162=VECTOR('',#3161,4.596194077713E-1);
#3163=CARTESIAN_POINT('',(1.2025E1,8.E0,-7.675E0));
#3164=LINE('',#3163,#3162);
#3165=CARTESIAN_POINT('',(1.1E1,8.E0,-7.675E0));
#3166=DIRECTION('',(0.E0,0.E0,-1.E0));
#3167=DIRECTION('',(-1.E0,0.E0,0.E0));
#3168=AXIS2_PLACEMENT_3D('',#3165,#3166,#3167);
#3170=CARTESIAN_POINT('',(1.1E1,8.E0,-7.675E0));
#3171=DIRECTION('',(0.E0,0.E0,-1.E0));
#3172=DIRECTION('',(1.E0,0.E0,0.E0));
#3173=AXIS2_PLACEMENT_3D('',#3170,#3171,#3172);
#3175=DIRECTION('',(-7.071067811865E-1,0.E0,-7.071067811865E-1));
#3176=VECTOR('',#3175,4.596194077713E-1);
#3177=CARTESIAN_POINT('',(9.975E0,8.E0,-7.675E0));
#3178=LINE('',#3177,#3176);
#3179=DIRECTION('',(0.E0,0.E0,-1.E0));
#3180=VECTOR('',#3179,6.175E0);
#3181=CARTESIAN_POINT('',(9.975E0,8.E0,-1.5E0));
#3182=LINE('',#3181,#3180);
#3183=DIRECTION('',(0.E0,0.E0,-1.E0));
#3184=VECTOR('',#3183,6.175E0);
#3185=CARTESIAN_POINT('',(1.2025E1,8.E0,-1.5E0));
#3186=LINE('',#3185,#3184);
#3187=DIRECTION('',(8.571673007021E-1,0.E0,-5.150380749100E-1));
#3188=VECTOR('',#3187,1.195799232146E0);
#3189=CARTESIAN_POINT('',(1.1E1,8.E0,-8.841178654970E-1));
#3190=LINE('',#3189,#3188);
#3191=CARTESIAN_POINT('',(1.1E1,8.E0,-1.5E0));
#3192=DIRECTION('',(0.E0,0.E0,1.E0));
#3193=DIRECTION('',(1.E0,0.E0,0.E0));
#3194=AXIS2_PLACEMENT_3D('',#3191,#3192,#3193);
#3196=DIRECTION('',(-8.571673007021E-1,0.E0,-5.150380749100E-1));
#3197=VECTOR('',#3196,1.195799232146E0);
#3198=CARTESIAN_POINT('',(1.1E1,8.E0,-8.841178654970E-1));
#3199=LINE('',#3198,#3197);
#3200=CARTESIAN_POINT('',(1.1E1,8.E0,-1.5E0));
#3201=DIRECTION('',(0.E0,0.E0,1.E0));
#3202=DIRECTION('',(-1.E0,0.E0,0.E0));
#3203=AXIS2_PLACEMENT_3D('',#3200,#3201,#3202);
#3205=DIRECTION('',(0.E0,0.E0,1.E0));
#3206=VECTOR('',#3205,2.8E0);
#3207=CARTESIAN_POINT('',(-1.34E1,8.E0,-1.7E1));
#3208=LINE('',#3207,#3206);
#3209=DIRECTION('',(0.E0,0.E0,1.E0));
#3210=VECTOR('',#3209,2.8E0);
#3211=CARTESIAN_POINT('',(-8.6E0,8.E0,-1.7E1));
#3212=LINE('',#3211,#3210);
#3213=CARTESIAN_POINT('',(-1.1E1,8.E0,-1.42E1));
#3214=DIRECTION('',(0.E0,0.E0,1.E0));
#3215=DIRECTION('',(1.E0,0.E0,0.E0));
#3216=AXIS2_PLACEMENT_3D('',#3213,#3214,#3215);
#3218=CARTESIAN_POINT('',(-1.1E1,8.E0,-1.42E1));
#3219=DIRECTION('',(0.E0,0.E0,1.E0));
#3220=DIRECTION('',(-1.E0,0.E0,0.E0));
#3221=AXIS2_PLACEMENT_3D('',#3218,#3219,#3220);
#3223=CARTESIAN_POINT('',(-1.1E1,8.E0,-1.42E1));
#3224=DIRECTION('',(0.E0,0.E0,-1.E0));
#3225=DIRECTION('',(-1.E0,0.E0,0.E0));
#3226=AXIS2_PLACEMENT_3D('',#3223,#3224,#3225);
#3228=CARTESIAN_POINT('',(-1.1E1,8.E0,-1.42E1));
#3229=DIRECTION('',(0.E0,0.E0,-1.E0));
#3230=DIRECTION('',(1.E0,0.E0,0.E0));
#3231=AXIS2_PLACEMENT_3D('',#3228,#3229,#3230);
#3233=DIRECTION('',(0.E0,0.E0,1.E0));
#3234=VECTOR('',#3233,6.2E0);
#3235=CARTESIAN_POINT('',(-1.23E1,8.E0,-1.42E1));
#3236=LINE('',#3235,#3234);
#3237=DIRECTION('',(0.E0,0.E0,1.E0));
#3238=VECTOR('',#3237,6.2E0);
#3239=CARTESIAN_POINT('',(-9.7E0,8.E0,-1.42E1));
#3240=LINE('',#3239,#3238);
#3241=CARTESIAN_POINT('',(-1.1E1,8.E0,-8.E0));
#3242=DIRECTION('',(0.E0,0.E0,-1.E0));
#3243=DIRECTION('',(-1.E0,0.E0,0.E0));
#3244=AXIS2_PLACEMENT_3D('',#3241,#3242,#3243);
#3246=CARTESIAN_POINT('',(-1.1E1,8.E0,-8.E0));
#3247=DIRECTION('',(0.E0,0.E0,-1.E0));
#3248=DIRECTION('',(1.E0,0.E0,0.E0));
#3249=AXIS2_PLACEMENT_3D('',#3246,#3247,#3248);
#3251=CARTESIAN_POINT('',(-1.1E1,8.E0,-8.E0));
#3252=DIRECTION('',(0.E0,0.E0,1.E0));
#3253=DIRECTION('',(1.E0,0.E0,0.E0));
#3254=AXIS2_PLACEMENT_3D('',#3251,#3252,#3253);
#3256=CARTESIAN_POINT('',(-1.1E1,8.E0,-8.E0));
#3257=DIRECTION('',(0.E0,0.E0,1.E0));
#3258=DIRECTION('',(-1.E0,0.E0,0.E0));
#3259=AXIS2_PLACEMENT_3D('',#3256,#3257,#3258);
#3261=DIRECTION('',(7.071067811865E-1,0.E0,-7.071067811865E-1));
#3262=VECTOR('',#3261,4.596194077713E-1);
#3263=CARTESIAN_POINT('',(-9.975E0,8.E0,-7.675E0));
#3264=LINE('',#3263,#3262);
#3265=CARTESIAN_POINT('',(-1.1E1,8.E0,-7.675E0));
#3266=DIRECTION('',(0.E0,0.E0,-1.E0));
#3267=DIRECTION('',(-1.E0,0.E0,0.E0));
#3268=AXIS2_PLACEMENT_3D('',#3265,#3266,#3267);
#3270=CARTESIAN_POINT('',(-1.1E1,8.E0,-7.675E0));
#3271=DIRECTION('',(0.E0,0.E0,-1.E0));
#3272=DIRECTION('',(1.E0,0.E0,0.E0));
#3273=AXIS2_PLACEMENT_3D('',#3270,#3271,#3272);
#3275=DIRECTION('',(-7.071067811865E-1,0.E0,-7.071067811866E-1));
#3276=VECTOR('',#3275,4.596194077713E-1);
#3277=CARTESIAN_POINT('',(-1.2025E1,8.E0,-7.675E0));
#3278=LINE('',#3277,#3276);
#3279=DIRECTION('',(0.E0,0.E0,-1.E0));
#3280=VECTOR('',#3279,6.175E0);
#3281=CARTESIAN_POINT('',(-1.2025E1,8.E0,-1.5E0));
#3282=LINE('',#3281,#3280);
#3283=DIRECTION('',(0.E0,0.E0,-1.E0));
#3284=VECTOR('',#3283,6.175E0);
#3285=CARTESIAN_POINT('',(-9.975E0,8.E0,-1.5E0));
#3286=LINE('',#3285,#3284);
#3287=DIRECTION('',(8.571673007021E-1,0.E0,-5.150380749100E-1));
#3288=VECTOR('',#3287,1.195799232146E0);
#3289=CARTESIAN_POINT('',(-1.1E1,8.E0,-8.841178654970E-1));
#3290=LINE('',#3289,#3288);
#3291=CARTESIAN_POINT('',(-1.1E1,8.E0,-1.5E0));
#3292=DIRECTION('',(0.E0,0.E0,1.E0));
#3293=DIRECTION('',(1.E0,0.E0,0.E0));
#3294=AXIS2_PLACEMENT_3D('',#3291,#3292,#3293);
#3296=DIRECTION('',(-8.571673007021E-1,0.E0,-5.150380749100E-1));
#3297=VECTOR('',#3296,1.195799232146E0);
#3298=CARTESIAN_POINT('',(-1.1E1,8.E0,-8.841178654970E-1));
#3299=LINE('',#3298,#3297);
#3300=CARTESIAN_POINT('',(-1.1E1,8.E0,-1.5E0));
#3301=DIRECTION('',(0.E0,0.E0,1.E0));
#3302=DIRECTION('',(-1.E0,0.E0,0.E0));
#3303=AXIS2_PLACEMENT_3D('',#3300,#3301,#3302);
#3305=CARTESIAN_POINT('',(-3.5E0,1.125E1,-1.66E1));
#3306=CARTESIAN_POINT('',(-3.5E0,1.085E1,-1.7E1));
#3307=VERTEX_POINT('',#3305);
#3308=VERTEX_POINT('',#3306);
#3309=CARTESIAN_POINT('',(-1.225E1,1.125E1,-1.66E1));
#3310=VERTEX_POINT('',#3309);
#3311=CARTESIAN_POINT('',(-1.208431457505E1,1.085E1,-1.7E1));
#3312=VERTEX_POINT('',#3311);
#3313=CARTESIAN_POINT('',(-3.5E0,9.45E0,-1.7E1));
#3314=VERTEX_POINT('',#3313);
#3315=CARTESIAN_POINT('',(-3.5E0,9.45E0,-1.35E1));
#3316=VERTEX_POINT('',#3315);
#3317=CARTESIAN_POINT('',(-3.5E0,1.125E1,-1.35E1));
#3318=VERTEX_POINT('',#3317);
#3319=CARTESIAN_POINT('',(-9.75E0,0.E0,-1.7E1));
#3320=CARTESIAN_POINT('',(-2.4E0,9.45E0,-1.7E1));
#3321=VERTEX_POINT('',#3319);
#3322=VERTEX_POINT('',#3320);
#3323=CARTESIAN_POINT('',(-1.385E1,9.084314575050E0,-1.7E1));
#3324=VERTEX_POINT('',#3323);
#3325=CARTESIAN_POINT('',(-1.385E1,-8.E0,-1.7E1));
#3326=VERTEX_POINT('',#3325);
#3327=CARTESIAN_POINT('',(-5.65E0,-8.E0,-1.7E1));
#3328=VERTEX_POINT('',#3327);
#3329=CARTESIAN_POINT('',(-5.65E0,-7.946068210128E0,-1.7E1));
#3330=VERTEX_POINT('',#3329);
#3331=CARTESIAN_POINT('',(-1.34E1,8.E0,-1.7E1));
#3332=CARTESIAN_POINT('',(-8.6E0,8.E0,-1.7E1));
#3333=VERTEX_POINT('',#3331);
#3334=VERTEX_POINT('',#3332);
#3335=CARTESIAN_POINT('',(2.4E0,9.45E0,-1.7E1));
#3336=CARTESIAN_POINT('',(9.75E0,0.E0,-1.7E1));
#3337=VERTEX_POINT('',#3335);
#3338=VERTEX_POINT('',#3336);
#3339=CARTESIAN_POINT('',(5.65E0,-7.946068210128E0,-1.7E1));
#3340=VERTEX_POINT('',#3339);
#3341=CARTESIAN_POINT('',(5.65E0,-8.E0,-1.7E1));
#3342=VERTEX_POINT('',#3341);
#3343=CARTESIAN_POINT('',(1.385E1,-8.E0,-1.7E1));
#3344=VERTEX_POINT('',#3343);
#3345=CARTESIAN_POINT('',(1.385E1,9.084314575050E0,-1.7E1));
#3346=VERTEX_POINT('',#3345);
#3347=CARTESIAN_POINT('',(1.208431457505E1,1.085E1,-1.7E1));
#3348=VERTEX_POINT('',#3347);
#3349=CARTESIAN_POINT('',(3.5E0,1.085E1,-1.7E1));
#3350=VERTEX_POINT('',#3349);
#3351=CARTESIAN_POINT('',(3.5E0,9.45E0,-1.7E1));
#3352=VERTEX_POINT('',#3351);
#3353=CARTESIAN_POINT('',(8.6E0,8.E0,-1.7E1));
#3354=CARTESIAN_POINT('',(1.34E1,8.E0,-1.7E1));
#3355=VERTEX_POINT('',#3353);
#3356=VERTEX_POINT('',#3354);
#3357=CARTESIAN_POINT('',(-1.34E1,8.E0,-1.42E1));
#3358=VERTEX_POINT('',#3357);
#3359=CARTESIAN_POINT('',(-8.6E0,8.E0,-1.42E1));
#3360=VERTEX_POINT('',#3359);
#3361=CARTESIAN_POINT('',(-1.23E1,8.E0,-1.42E1));
#3362=CARTESIAN_POINT('',(-9.7E0,8.E0,-1.42E1));
#3363=VERTEX_POINT('',#3361);
#3364=VERTEX_POINT('',#3362);
#3365=CARTESIAN_POINT('',(-1.23E1,8.E0,-8.E0));
#3366=VERTEX_POINT('',#3365);
#3367=CARTESIAN_POINT('',(-9.7E0,8.E0,-8.E0));
#3368=VERTEX_POINT('',#3367);
#3369=CARTESIAN_POINT('',(-1.235E1,8.E0,-8.E0));
#3370=CARTESIAN_POINT('',(-9.65E0,8.E0,-8.E0));
#3371=VERTEX_POINT('',#3369);
#3372=VERTEX_POINT('',#3370);
#3373=CARTESIAN_POINT('',(-9.975E0,8.E0,-7.675E0));
#3374=VERTEX_POINT('',#3373);
#3375=CARTESIAN_POINT('',(-1.2025E1,8.E0,-7.675E0));
#3376=VERTEX_POINT('',#3375);
#3377=CARTESIAN_POINT('',(-9.975E0,8.E0,-1.5E0));
#3378=VERTEX_POINT('',#3377);
#3379=CARTESIAN_POINT('',(-1.2025E1,8.E0,-1.5E0));
#3380=VERTEX_POINT('',#3379);
#3381=CARTESIAN_POINT('',(-1.1E1,8.E0,-8.841178654970E-1));
#3382=VERTEX_POINT('',#3381);
#3383=CARTESIAN_POINT('',(8.6E0,8.E0,-1.42E1));
#3384=VERTEX_POINT('',#3383);
#3385=CARTESIAN_POINT('',(1.34E1,8.E0,-1.42E1));
#3386=VERTEX_POINT('',#3385);
#3387=CARTESIAN_POINT('',(9.7E0,8.E0,-1.42E1));
#3388=CARTESIAN_POINT('',(1.23E1,8.E0,-1.42E1));
#3389=VERTEX_POINT('',#3387);
#3390=VERTEX_POINT('',#3388);
#3391=CARTESIAN_POINT('',(9.7E0,8.E0,-8.E0));
#3392=VERTEX_POINT('',#3391);
#3393=CARTESIAN_POINT('',(1.23E1,8.E0,-8.E0));
#3394=VERTEX_POINT('',#3393);
#3395=CARTESIAN_POINT('',(9.65E0,8.E0,-8.E0));
#3396=CARTESIAN_POINT('',(1.235E1,8.E0,-8.E0));
#3397=VERTEX_POINT('',#3395);
#3398=VERTEX_POINT('',#3396);
#3399=CARTESIAN_POINT('',(1.2025E1,8.E0,-7.675E0));
#3400=VERTEX_POINT('',#3399);
#3401=CARTESIAN_POINT('',(9.975E0,8.E0,-7.675E0));
#3402=VERTEX_POINT('',#3401);
#3403=CARTESIAN_POINT('',(1.2025E1,8.E0,-1.5E0));
#3404=VERTEX_POINT('',#3403);
#3405=CARTESIAN_POINT('',(9.975E0,8.E0,-1.5E0));
#3406=VERTEX_POINT('',#3405);
#3407=CARTESIAN_POINT('',(1.1E1,8.E0,-8.841178654970E-1));
#3408=VERTEX_POINT('',#3407);
#3409=CARTESIAN_POINT('',(-1.964688270439E0,9.55E0,-1.7E1));
#3410=CARTESIAN_POINT('',(-1.964688270439E0,9.55E0,-1.6E1));
#3411=VERTEX_POINT('',#3409);
#3412=VERTEX_POINT('',#3410);
#3413=CARTESIAN_POINT('',(-2.4E0,9.45E0,-1.6E1));
#3414=VERTEX_POINT('',#3413);
#3415=CARTESIAN_POINT('',(-9.749999999999E0,2.024753451374E-9,-1.88E1));
#3416=VERTEX_POINT('',#3415);
#3417=CARTESIAN_POINT('',(0.E0,9.749999999998E0,-1.88E1));
#3418=VERTEX_POINT('',#3417);
#3419=CARTESIAN_POINT('',(9.749999999998E0,-1.737787718739E-9,-1.88E1));
#3420=VERTEX_POINT('',#3419);
#3421=CARTESIAN_POINT('',(2.4E0,9.45E0,-1.6E1));
#3422=VERTEX_POINT('',#3421);
#3423=CARTESIAN_POINT('',(1.964688270439E0,9.55E0,-1.6E1));
#3424=VERTEX_POINT('',#3423);
#3425=CARTESIAN_POINT('',(1.964688270439E0,9.55E0,-1.7E1));
#3426=VERTEX_POINT('',#3425);
#3427=CARTESIAN_POINT('',(-3.4E0,9.55E0,-1.36E1));
#3428=CARTESIAN_POINT('',(3.4E0,9.55E0,-1.36E1));
#3429=VERTEX_POINT('',#3427);
#3430=VERTEX_POINT('',#3428);
#3431=CARTESIAN_POINT('',(3.4E0,9.55E0,-1.7E1));
#3432=VERTEX_POINT('',#3431);
#3433=CARTESIAN_POINT('',(-3.4E0,9.55E0,-1.7E1));
#3434=VERTEX_POINT('',#3433);
#3435=CARTESIAN_POINT('',(-3.4E0,1.125E1,-1.36E1));
#3436=CARTESIAN_POINT('',(3.4E0,1.125E1,-1.36E1));
#3437=VERTEX_POINT('',#3435);
#3438=VERTEX_POINT('',#3436);
#3439=CARTESIAN_POINT('',(-3.4E0,1.125E1,-1.655E1));
#3440=VERTEX_POINT('',#3439);
#3441=CARTESIAN_POINT('',(3.4E0,1.125E1,-1.655E1));
#3442=VERTEX_POINT('',#3441);
#3443=CARTESIAN_POINT('',(3.5E0,1.125E1,-1.35E1));
#3444=VERTEX_POINT('',#3443);
#3445=CARTESIAN_POINT('',(3.5E0,1.125E1,-1.66E1));
#3446=VERTEX_POINT('',#3445);
#3447=CARTESIAN_POINT('',(1.225E1,1.125E1,-1.66E1));
#3448=VERTEX_POINT('',#3447);
#3449=CARTESIAN_POINT('',(1.225E1,1.125E1,1.66E1));
#3450=VERTEX_POINT('',#3449);
#3451=CARTESIAN_POINT('',(-1.225E1,1.125E1,1.66E1));
#3452=VERTEX_POINT('',#3451);
#3453=CARTESIAN_POINT('',(9.35E0,1.125E1,6.E0));
#3454=CARTESIAN_POINT('',(6.65E0,1.125E1,6.E0));
#3455=VERTEX_POINT('',#3453);
#3456=VERTEX_POINT('',#3454);
#3457=CARTESIAN_POINT('',(-6.65E0,1.125E1,6.E0));
#3458=CARTESIAN_POINT('',(-9.35E0,1.125E1,6.E0));
#3459=VERTEX_POINT('',#3457);
#3460=VERTEX_POINT('',#3458);
#3461=CARTESIAN_POINT('',(9.025E0,1.0925E1,6.E0));
#3462=VERTEX_POINT('',#3461);
#3463=CARTESIAN_POINT('',(6.975E0,1.0925E1,6.E0));
#3464=VERTEX_POINT('',#3463);
#3465=CARTESIAN_POINT('',(9.025E0,8.25E0,6.E0));
#3466=CARTESIAN_POINT('',(6.975E0,8.25E0,6.E0));
#3467=VERTEX_POINT('',#3465);
#3468=VERTEX_POINT('',#3466);
#3469=CARTESIAN_POINT('',(-9.025E0,1.0925E1,6.E0));
#3470=VERTEX_POINT('',#3469);
#3471=CARTESIAN_POINT('',(-6.975E0,1.0925E1,6.E0));
#3472=VERTEX_POINT('',#3471);
#3473=CARTESIAN_POINT('',(-6.975E0,8.25E0,6.E0));
#3474=CARTESIAN_POINT('',(-9.025E0,8.25E0,6.E0));
#3475=VERTEX_POINT('',#3473);
#3476=VERTEX_POINT('',#3474);
#3477=CARTESIAN_POINT('',(-3.4E0,1.08E1,-1.7E1));
#3478=VERTEX_POINT('',#3477);
#3479=CARTESIAN_POINT('',(3.4E0,1.08E1,-1.7E1));
#3480=VERTEX_POINT('',#3479);
#3481=CARTESIAN_POINT('',(3.5E0,9.45E0,-1.35E1));
#3482=VERTEX_POINT('',#3481);
#3483=CARTESIAN_POINT('',(5.573374202402E0,-8.E0,-1.6E1));
#3484=CARTESIAN_POINT('',(-5.573374202402E0,-8.E0,-1.6E1));
#3485=VERTEX_POINT('',#3483);
#3486=VERTEX_POINT('',#3484);
#3487=CARTESIAN_POINT('',(-5.65E0,-8.E0,-1.6E1));
#3488=VERTEX_POINT('',#3487);
#3489=CARTESIAN_POINT('',(-1.425E1,-8.E0,-1.66E1));
#3490=VERTEX_POINT('',#3489);
#3491=CARTESIAN_POINT('',(-1.425E1,-8.E0,-8.5E0));
#3492=VERTEX_POINT('',#3491);
#3493=CARTESIAN_POINT('',(-9.4E0,-8.E0,-8.5E0));
#3494=VERTEX_POINT('',#3493);
#3495=CARTESIAN_POINT('',(-9.4E0,-8.E0,-1.34E1));
#3496=VERTEX_POINT('',#3495);
#3497=CARTESIAN_POINT('',(-9.E0,-8.E0,-1.38E1));
#3498=VERTEX_POINT('',#3497);
#3499=CARTESIAN_POINT('',(9.E0,-8.E0,-1.38E1));
#3500=VERTEX_POINT('',#3499);
#3501=CARTESIAN_POINT('',(9.4E0,-8.E0,-1.34E1));
#3502=VERTEX_POINT('',#3501);
#3503=CARTESIAN_POINT('',(9.4E0,-8.E0,-8.5E0));
#3504=VERTEX_POINT('',#3503);
#3505=CARTESIAN_POINT('',(1.425E1,-8.E0,-8.5E0));
#3506=VERTEX_POINT('',#3505);
#3507=CARTESIAN_POINT('',(1.425E1,-8.E0,-1.66E1));
#3508=VERTEX_POINT('',#3507);
#3509=CARTESIAN_POINT('',(5.65E0,-8.E0,-1.6E1));
#3510=VERTEX_POINT('',#3509);
#3511=CARTESIAN_POINT('',(-5.65E0,-7.946068210128E0,-1.6E1));
#3512=VERTEX_POINT('',#3511);
#3513=CARTESIAN_POINT('',(0.E0,-9.749999999998E0,-1.88E1));
#3514=VERTEX_POINT('',#3513);
#3515=CARTESIAN_POINT('',(5.65E0,-7.946068210128E0,-1.6E1));
#3516=VERTEX_POINT('',#3515);
#3517=CARTESIAN_POINT('',(0.E0,-9.549999999998E0,-1.9E1));
#3518=CARTESIAN_POINT('',(9.549999999998E0,2.447685073719E-14,-1.9E1));
#3519=VERTEX_POINT('',#3517);
#3520=VERTEX_POINT('',#3518);
#3521=CARTESIAN_POINT('',(-9.549999999998E0,0.E0,-1.9E1));
#3522=VERTEX_POINT('',#3521);
#3523=CARTESIAN_POINT('',(0.E0,9.549999999998E0,-1.9E1));
#3524=VERTEX_POINT('',#3523);
#3525=CARTESIAN_POINT('',(1.1E0,8.E0,-1.9E1));
#3526=CARTESIAN_POINT('',(-1.1E0,8.E0,-1.9E1));
#3527=VERTEX_POINT('',#3525);
#3528=VERTEX_POINT('',#3526);
#3529=CARTESIAN_POINT('',(6.434671708797E0,4.879036790187E0,-1.9E1));
#3530=CARTESIAN_POINT('',(4.879036790187E0,6.434671708797E0,-1.9E1));
#3531=VERTEX_POINT('',#3529);
#3532=VERTEX_POINT('',#3530);
#3533=CARTESIAN_POINT('',(8.E0,-1.1E0,-1.9E1));
#3534=CARTESIAN_POINT('',(8.E0,1.1E0,-1.9E1));
#3535=VERTEX_POINT('',#3533);
#3536=VERTEX_POINT('',#3534);
#3537=CARTESIAN_POINT('',(4.879036790187E0,-6.434671708797E0,-1.9E1));
#3538=CARTESIAN_POINT('',(6.434671708797E0,-4.879036790187E0,-1.9E1));
#3539=VERTEX_POINT('',#3537);
#3540=VERTEX_POINT('',#3538);
#3541=CARTESIAN_POINT('',(-1.1E0,-8.E0,-1.9E1));
#3542=CARTESIAN_POINT('',(1.1E0,-8.E0,-1.9E1));
#3543=VERTEX_POINT('',#3541);
#3544=VERTEX_POINT('',#3542);
#3545=CARTESIAN_POINT('',(-6.434671708797E0,-4.879036790187E0,-1.9E1));
#3546=CARTESIAN_POINT('',(-4.879036790187E0,-6.434671708797E0,-1.9E1));
#3547=VERTEX_POINT('',#3545);
#3548=VERTEX_POINT('',#3546);
#3549=CARTESIAN_POINT('',(-8.E0,1.1E0,-1.9E1));
#3550=CARTESIAN_POINT('',(-8.E0,-1.1E0,-1.9E1));
#3551=VERTEX_POINT('',#3549);
#3552=VERTEX_POINT('',#3550);
#3553=CARTESIAN_POINT('',(-4.879036790187E0,6.434671708797E0,-1.9E1));
#3554=CARTESIAN_POINT('',(-6.434671708797E0,4.879036790187E0,-1.9E1));
#3555=VERTEX_POINT('',#3553);
#3556=VERTEX_POINT('',#3554);
#3557=CARTESIAN_POINT('',(-6.1E0,0.E0,-1.9E1));
#3558=CARTESIAN_POINT('',(6.1E0,0.E0,-1.9E1));
#3559=VERTEX_POINT('',#3557);
#3560=VERTEX_POINT('',#3558);
#3561=CARTESIAN_POINT('',(-6.1E0,0.E0,-1.85E1));
#3562=VERTEX_POINT('',#3561);
#3563=CARTESIAN_POINT('',(6.1E0,0.E0,-1.85E1));
#3564=VERTEX_POINT('',#3563);
#3565=CARTESIAN_POINT('',(8.E-1,8.E0,-1.87E1));
#3566=VERTEX_POINT('',#3565);
#3567=CARTESIAN_POINT('',(-8.E-1,8.E0,-1.87E1));
#3568=VERTEX_POINT('',#3567);
#3569=CARTESIAN_POINT('',(8.000000000005E-1,8.E0,-1.7E1));
#3570=VERTEX_POINT('',#3569);
#3571=CARTESIAN_POINT('',(-8.000000000005E-1,8.E0,-1.7E1));
#3572=VERTEX_POINT('',#3571);
#3573=CARTESIAN_POINT('',(0.E0,8.E0,-1.651931150478E1));
#3574=VERTEX_POINT('',#3573);
#3575=CARTESIAN_POINT('',(6.222539674441E0,5.091168824543E0,-1.87E1));
#3576=VERTEX_POINT('',#3575);
#3577=CARTESIAN_POINT('',(5.091168824543E0,6.222539674442E0,-1.87E1));
#3578=VERTEX_POINT('',#3577);
#3579=CARTESIAN_POINT('',(6.222539674442E0,5.091168824542E0,-1.7E1));
#3580=VERTEX_POINT('',#3579);
#3581=CARTESIAN_POINT('',(5.091168824543E0,6.222539674442E0,-1.7E1));
#3582=VERTEX_POINT('',#3581);
#3583=CARTESIAN_POINT('',(5.656854249492E0,5.656854249492E0,-1.651931150478E1));
#3584=VERTEX_POINT('',#3583);
#3585=CARTESIAN_POINT('',(8.E0,-8.E-1,-1.87E1));
#3586=VERTEX_POINT('',#3585);
#3587=CARTESIAN_POINT('',(8.E0,8.E-1,-1.87E1));
#3588=VERTEX_POINT('',#3587);
#3589=CARTESIAN_POINT('',(8.E0,-8.000000000005E-1,-1.7E1));
#3590=VERTEX_POINT('',#3589);
#3591=CARTESIAN_POINT('',(8.E0,8.000000000005E-1,-1.7E1));
#3592=VERTEX_POINT('',#3591);
#3593=CARTESIAN_POINT('',(8.E0,0.E0,-1.651931150478E1));
#3594=VERTEX_POINT('',#3593);
#3595=CARTESIAN_POINT('',(5.091168824543E0,-6.222539674441E0,-1.87E1));
#3596=VERTEX_POINT('',#3595);
#3597=CARTESIAN_POINT('',(6.222539674442E0,-5.091168824543E0,-1.87E1));
#3598=VERTEX_POINT('',#3597);
#3599=CARTESIAN_POINT('',(5.091168824542E0,-6.222539674442E0,-1.7E1));
#3600=VERTEX_POINT('',#3599);
#3601=CARTESIAN_POINT('',(6.222539674442E0,-5.091168824543E0,-1.7E1));
#3602=VERTEX_POINT('',#3601);
#3603=CARTESIAN_POINT('',(5.656854249492E0,-5.656854249492E0,
-1.651931150478E1));
#3604=VERTEX_POINT('',#3603);
#3605=CARTESIAN_POINT('',(-8.E-1,-8.E0,-1.87E1));
#3606=VERTEX_POINT('',#3605);
#3607=CARTESIAN_POINT('',(8.E-1,-8.E0,-1.87E1));
#3608=VERTEX_POINT('',#3607);
#3609=CARTESIAN_POINT('',(-8.000000000005E-1,-8.E0,-1.7E1));
#3610=VERTEX_POINT('',#3609);
#3611=CARTESIAN_POINT('',(8.000000000005E-1,-8.E0,-1.7E1));
#3612=VERTEX_POINT('',#3611);
#3613=CARTESIAN_POINT('',(0.E0,-8.E0,-1.651931150478E1));
#3614=VERTEX_POINT('',#3613);
#3615=CARTESIAN_POINT('',(-6.222539674441E0,-5.091168824543E0,-1.87E1));
#3616=VERTEX_POINT('',#3615);
#3617=CARTESIAN_POINT('',(-5.091168824543E0,-6.222539674442E0,-1.87E1));
#3618=VERTEX_POINT('',#3617);
#3619=CARTESIAN_POINT('',(-6.222539674442E0,-5.091168824542E0,-1.7E1));
#3620=VERTEX_POINT('',#3619);
#3621=CARTESIAN_POINT('',(-5.091168824543E0,-6.222539674442E0,-1.7E1));
#3622=VERTEX_POINT('',#3621);
#3623=CARTESIAN_POINT('',(-5.656854249492E0,-5.656854249492E0,
-1.651931150478E1));
#3624=VERTEX_POINT('',#3623);
#3625=CARTESIAN_POINT('',(-8.E0,8.E-1,-1.87E1));
#3626=VERTEX_POINT('',#3625);
#3627=CARTESIAN_POINT('',(-8.E0,-8.E-1,-1.87E1));
#3628=VERTEX_POINT('',#3627);
#3629=CARTESIAN_POINT('',(-8.E0,8.000000000005E-1,-1.7E1));
#3630=VERTEX_POINT('',#3629);
#3631=CARTESIAN_POINT('',(-8.E0,-8.000000000005E-1,-1.7E1));
#3632=VERTEX_POINT('',#3631);
#3633=CARTESIAN_POINT('',(-8.E0,0.E0,-1.651931150478E1));
#3634=VERTEX_POINT('',#3633);
#3635=CARTESIAN_POINT('',(-5.091168824543E0,6.222539674441E0,-1.87E1));
#3636=VERTEX_POINT('',#3635);
#3637=CARTESIAN_POINT('',(-6.222539674442E0,5.091168824543E0,-1.87E1));
#3638=VERTEX_POINT('',#3637);
#3639=CARTESIAN_POINT('',(-5.091168824542E0,6.222539674442E0,-1.7E1));
#3640=VERTEX_POINT('',#3639);
#3641=CARTESIAN_POINT('',(-6.222539674442E0,5.091168824543E0,-1.7E1));
#3642=VERTEX_POINT('',#3641);
#3643=CARTESIAN_POINT('',(-5.656854249492E0,5.656854249492E0,
-1.651931150478E1));
#3644=VERTEX_POINT('',#3643);
#3645=CARTESIAN_POINT('',(-1.425E1,9.249999999999E0,-1.66E1));
#3646=VERTEX_POINT('',#3645);
#3647=CARTESIAN_POINT('',(-1.425E1,9.249999999999E0,1.66E1));
#3648=VERTEX_POINT('',#3647);
#3649=CARTESIAN_POINT('',(-1.385E1,9.084314575050E0,1.7E1));
#3650=CARTESIAN_POINT('',(-1.208431457505E1,1.085E1,1.7E1));
#3651=VERTEX_POINT('',#3649);
#3652=VERTEX_POINT('',#3650);
#3653=CARTESIAN_POINT('',(1.208431457505E1,1.085E1,1.7E1));
#3654=VERTEX_POINT('',#3653);
#3655=CARTESIAN_POINT('',(1.385E1,9.084314575050E0,1.7E1));
#3656=VERTEX_POINT('',#3655);
#3657=CARTESIAN_POINT('',(1.385E1,-3.308431457505E1,1.7E1));
#3658=VERTEX_POINT('',#3657);
#3659=CARTESIAN_POINT('',(1.208431457505E1,-3.485E1,1.7E1));
#3660=VERTEX_POINT('',#3659);
#3661=CARTESIAN_POINT('',(-1.208431457505E1,-3.485E1,1.7E1));
#3662=VERTEX_POINT('',#3661);
#3663=CARTESIAN_POINT('',(-1.385E1,-3.308431457505E1,1.7E1));
#3664=VERTEX_POINT('',#3663);
#3665=CARTESIAN_POINT('',(-8.6E0,8.E0,1.7E1));
#3666=CARTESIAN_POINT('',(-1.34E1,8.E0,1.7E1));
#3667=VERTEX_POINT('',#3665);
#3668=VERTEX_POINT('',#3666);
#3669=CARTESIAN_POINT('',(1.34E1,-3.2E1,1.7E1));
#3670=CARTESIAN_POINT('',(8.6E0,-3.2E1,1.7E1));
#3671=VERTEX_POINT('',#3669);
#3672=VERTEX_POINT('',#3670);
#3673=CARTESIAN_POINT('',(-8.6E0,-3.2E1,1.7E1));
#3674=CARTESIAN_POINT('',(-1.34E1,-3.2E1,1.7E1));
#3675=VERTEX_POINT('',#3673);
#3676=VERTEX_POINT('',#3674);
#3677=CARTESIAN_POINT('',(9.65E0,-8.E0,1.7E1));
#3678=CARTESIAN_POINT('',(1.235E1,-8.E0,1.7E1));
#3679=VERTEX_POINT('',#3677);
#3680=VERTEX_POINT('',#3678);
#3681=CARTESIAN_POINT('',(-1.235E1,-8.E0,1.7E1));
#3682=CARTESIAN_POINT('',(-9.65E0,-8.E0,1.7E1));
#3683=VERTEX_POINT('',#3681);
#3684=VERTEX_POINT('',#3682);
#3685=CARTESIAN_POINT('',(1.34E1,8.E0,1.7E1));
#3686=CARTESIAN_POINT('',(8.6E0,8.E0,1.7E1));
#3687=VERTEX_POINT('',#3685);
#3688=VERTEX_POINT('',#3686);
#3689=CARTESIAN_POINT('',(0.E0,-9.75E0,1.7E1));
#3690=CARTESIAN_POINT('',(0.E0,9.75E0,1.7E1));
#3691=VERTEX_POINT('',#3689);
#3692=VERTEX_POINT('',#3690);
#3693=CARTESIAN_POINT('',(1.425E1,9.249999999999E0,1.66E1));
#3694=VERTEX_POINT('',#3693);
#3695=CARTESIAN_POINT('',(1.425E1,9.249999999999E0,-1.66E1));
#3696=VERTEX_POINT('',#3695);
#3697=CARTESIAN_POINT('',(1.425E1,-3.325E1,1.66E1));
#3698=VERTEX_POINT('',#3697);
#3699=CARTESIAN_POINT('',(1.425E1,-2.1E1,-8.5E0));
#3700=VERTEX_POINT('',#3699);
#3701=CARTESIAN_POINT('',(1.425E1,-2.1E1,-1.66E1));
#3702=VERTEX_POINT('',#3701);
#3703=CARTESIAN_POINT('',(1.425E1,-3.325E1,-1.66E1));
#3704=VERTEX_POINT('',#3703);
#3705=CARTESIAN_POINT('',(1.425E1,-5.35E0,6.E0));
#3706=CARTESIAN_POINT('',(1.425E1,-2.65E0,6.E0));
#3707=VERTEX_POINT('',#3705);
#3708=VERTEX_POINT('',#3706);
#3709=CARTESIAN_POINT('',(1.425E1,-2.935E1,-6.E0));
#3710=CARTESIAN_POINT('',(1.425E1,-2.665E1,-6.E0));
#3711=VERTEX_POINT('',#3709);
#3712=VERTEX_POINT('',#3710);
#3713=CARTESIAN_POINT('',(1.425E1,-2.935E1,6.E0));
#3714=CARTESIAN_POINT('',(1.425E1,-2.665E1,6.E0));
#3715=VERTEX_POINT('',#3713);
#3716=VERTEX_POINT('',#3714);
#3717=CARTESIAN_POINT('',(1.425E1,-5.35E0,-6.E0));
#3718=CARTESIAN_POINT('',(1.425E1,-2.65E0,-6.E0));
#3719=VERTEX_POINT('',#3717);
#3720=VERTEX_POINT('',#3718);
#3721=CARTESIAN_POINT('',(1.225E1,-3.525E1,1.66E1));
#3722=VERTEX_POINT('',#3721);
#3723=CARTESIAN_POINT('',(1.225E1,-3.525E1,-1.66E1));
#3724=VERTEX_POINT('',#3723);
#3725=CARTESIAN_POINT('',(1.208431457505E1,-3.485E1,-1.7E1));
#3726=CARTESIAN_POINT('',(1.385E1,-3.308431457505E1,-1.7E1));
#3727=VERTEX_POINT('',#3725);
#3728=VERTEX_POINT('',#3726);
#3729=CARTESIAN_POINT('',(1.385E1,-2.1E1,-1.7E1));
#3730=VERTEX_POINT('',#3729);
#3731=CARTESIAN_POINT('',(9.4E0,-2.1E1,-1.7E1));
#3732=VERTEX_POINT('',#3731);
#3733=CARTESIAN_POINT('',(9.4E0,-1.88E1,-1.7E1));
#3734=VERTEX_POINT('',#3733);
#3735=CARTESIAN_POINT('',(6.1E0,-1.55E1,-1.7E1));
#3736=VERTEX_POINT('',#3735);
#3737=CARTESIAN_POINT('',(-6.1E0,-1.55E1,-1.7E1));
#3738=VERTEX_POINT('',#3737);
#3739=CARTESIAN_POINT('',(-9.4E0,-1.88E1,-1.7E1));
#3740=VERTEX_POINT('',#3739);
#3741=CARTESIAN_POINT('',(-9.4E0,-2.1E1,-1.7E1));
#3742=VERTEX_POINT('',#3741);
#3743=CARTESIAN_POINT('',(-1.385E1,-2.1E1,-1.7E1));
#3744=VERTEX_POINT('',#3743);
#3745=CARTESIAN_POINT('',(-1.385E1,-3.308431457505E1,-1.7E1));
#3746=VERTEX_POINT('',#3745);
#3747=CARTESIAN_POINT('',(-1.208431457505E1,-3.485E1,-1.7E1));
#3748=VERTEX_POINT('',#3747);
#3749=CARTESIAN_POINT('',(-1.34E1,-3.2E1,-1.7E1));
#3750=CARTESIAN_POINT('',(-8.6E0,-3.2E1,-1.7E1));
#3751=VERTEX_POINT('',#3749);
#3752=VERTEX_POINT('',#3750);
#3753=CARTESIAN_POINT('',(8.6E0,-3.2E1,-1.7E1));
#3754=CARTESIAN_POINT('',(1.34E1,-3.2E1,-1.7E1));
#3755=VERTEX_POINT('',#3753);
#3756=VERTEX_POINT('',#3754);
#3757=CARTESIAN_POINT('',(9.4E0,-2.1E1,-8.5E0));
#3758=VERTEX_POINT('',#3757);
#3759=CARTESIAN_POINT('',(9.4E0,-1.88E1,-1.34E1));
#3760=VERTEX_POINT('',#3759);
#3761=CARTESIAN_POINT('',(9.E0,-1.84E1,-1.38E1));
#3762=VERTEX_POINT('',#3761);
#3763=CARTESIAN_POINT('',(-9.E0,-1.84E1,-1.38E1));
#3764=VERTEX_POINT('',#3763);
#3765=CARTESIAN_POINT('',(-6.1E0,-1.55E1,-1.38E1));
#3766=VERTEX_POINT('',#3765);
#3767=CARTESIAN_POINT('',(6.1E0,-1.55E1,-1.38E1));
#3768=VERTEX_POINT('',#3767);
#3769=CARTESIAN_POINT('',(-9.4E0,-1.88E1,-1.34E1));
#3770=VERTEX_POINT('',#3769);
#3771=CARTESIAN_POINT('',(-9.4E0,-2.1E1,-8.5E0));
#3772=VERTEX_POINT('',#3771);
#3773=CARTESIAN_POINT('',(-1.425E1,-2.1E1,-8.5E0));
#3774=VERTEX_POINT('',#3773);
#3775=CARTESIAN_POINT('',(-1.425E1,-3.325E1,1.66E1));
#3776=VERTEX_POINT('',#3775);
#3777=CARTESIAN_POINT('',(-1.425E1,-3.325E1,-1.66E1));
#3778=VERTEX_POINT('',#3777);
#3779=CARTESIAN_POINT('',(-1.425E1,-2.1E1,-1.66E1));
#3780=VERTEX_POINT('',#3779);
#3781=CARTESIAN_POINT('',(-1.425E1,-2.65E0,6.E0));
#3782=CARTESIAN_POINT('',(-1.425E1,-5.35E0,6.E0));
#3783=VERTEX_POINT('',#3781);
#3784=VERTEX_POINT('',#3782);
#3785=CARTESIAN_POINT('',(-1.425E1,-2.665E1,-6.E0));
#3786=CARTESIAN_POINT('',(-1.425E1,-2.935E1,-6.E0));
#3787=VERTEX_POINT('',#3785);
#3788=VERTEX_POINT('',#3786);
#3789=CARTESIAN_POINT('',(-1.425E1,-2.665E1,6.E0));
#3790=CARTESIAN_POINT('',(-1.425E1,-2.935E1,6.E0));
#3791=VERTEX_POINT('',#3789);
#3792=VERTEX_POINT('',#3790);
#3793=CARTESIAN_POINT('',(-1.425E1,-2.65E0,-6.E0));
#3794=CARTESIAN_POINT('',(-1.425E1,-5.35E0,-6.E0));
#3795=VERTEX_POINT('',#3793);
#3796=VERTEX_POINT('',#3794);
#3797=CARTESIAN_POINT('',(-1.225E1,-3.525E1,1.66E1));
#3798=VERTEX_POINT('',#3797);
#3799=CARTESIAN_POINT('',(-1.225E1,-3.525E1,-1.66E1));
#3800=VERTEX_POINT('',#3799);
#3801=CARTESIAN_POINT('',(-9.35E0,-3.525E1,6.E0));
#3802=CARTESIAN_POINT('',(-6.65E0,-3.525E1,6.E0));
#3803=VERTEX_POINT('',#3801);
#3804=VERTEX_POINT('',#3802);
#3805=CARTESIAN_POINT('',(6.65E0,-3.525E1,-6.E0));
#3806=CARTESIAN_POINT('',(9.35E0,-3.525E1,-6.E0));
#3807=VERTEX_POINT('',#3805);
#3808=VERTEX_POINT('',#3806);
#3809=CARTESIAN_POINT('',(-9.35E0,-3.525E1,-6.E0));
#3810=CARTESIAN_POINT('',(-6.65E0,-3.525E1,-6.E0));
#3811=VERTEX_POINT('',#3809);
#3812=VERTEX_POINT('',#3810);
#3813=CARTESIAN_POINT('',(6.65E0,-3.525E1,6.E0));
#3814=CARTESIAN_POINT('',(9.35E0,-3.525E1,6.E0));
#3815=VERTEX_POINT('',#3813);
#3816=VERTEX_POINT('',#3814);
#3817=CARTESIAN_POINT('',(-9.025E0,-3.4925E1,6.E0));
#3818=VERTEX_POINT('',#3817);
#3819=CARTESIAN_POINT('',(-6.975E0,-3.4925E1,6.E0));
#3820=VERTEX_POINT('',#3819);
#3821=CARTESIAN_POINT('',(-9.025E0,-3.225E1,6.E0));
#3822=CARTESIAN_POINT('',(-6.975E0,-3.225E1,6.E0));
#3823=VERTEX_POINT('',#3821);
#3824=VERTEX_POINT('',#3822);
#3825=CARTESIAN_POINT('',(6.975E0,-3.4925E1,-6.E0));
#3826=VERTEX_POINT('',#3825);
#3827=CARTESIAN_POINT('',(9.025E0,-3.4925E1,-6.E0));
#3828=VERTEX_POINT('',#3827);
#3829=CARTESIAN_POINT('',(6.975E0,-3.225E1,-6.E0));
#3830=CARTESIAN_POINT('',(9.025E0,-3.225E1,-6.E0));
#3831=VERTEX_POINT('',#3829);
#3832=VERTEX_POINT('',#3830);
#3833=CARTESIAN_POINT('',(-9.025E0,-3.4925E1,-6.E0));
#3834=VERTEX_POINT('',#3833);
#3835=CARTESIAN_POINT('',(-6.975E0,-3.4925E1,-6.E0));
#3836=VERTEX_POINT('',#3835);
#3837=CARTESIAN_POINT('',(-9.025E0,-3.225E1,-6.E0));
#3838=CARTESIAN_POINT('',(-6.975E0,-3.225E1,-6.E0));
#3839=VERTEX_POINT('',#3837);
#3840=VERTEX_POINT('',#3838);
#3841=CARTESIAN_POINT('',(6.975E0,-3.4925E1,6.E0));
#3842=VERTEX_POINT('',#3841);
#3843=CARTESIAN_POINT('',(9.025E0,-3.4925E1,6.E0));
#3844=VERTEX_POINT('',#3843);
#3845=CARTESIAN_POINT('',(6.975E0,-3.225E1,6.E0));
#3846=CARTESIAN_POINT('',(9.025E0,-3.225E1,6.E0));
#3847=VERTEX_POINT('',#3845);
#3848=VERTEX_POINT('',#3846);
#3849=CARTESIAN_POINT('',(-1.3925E1,-5.025E0,6.E0));
#3850=VERTEX_POINT('',#3849);
#3851=CARTESIAN_POINT('',(-1.3925E1,-2.975E0,6.E0));
#3852=VERTEX_POINT('',#3851);
#3853=CARTESIAN_POINT('',(-1.125E1,-2.975E0,6.E0));
#3854=CARTESIAN_POINT('',(-1.125E1,-5.025E0,6.E0));
#3855=VERTEX_POINT('',#3853);
#3856=VERTEX_POINT('',#3854);
#3857=CARTESIAN_POINT('',(-1.3925E1,-2.9025E1,-6.E0));
#3858=VERTEX_POINT('',#3857);
#3859=CARTESIAN_POINT('',(-1.3925E1,-2.6975E1,-6.E0));
#3860=VERTEX_POINT('',#3859);
#3861=CARTESIAN_POINT('',(-1.125E1,-2.6975E1,-6.E0));
#3862=CARTESIAN_POINT('',(-1.125E1,-2.9025E1,-6.E0));
#3863=VERTEX_POINT('',#3861);
#3864=VERTEX_POINT('',#3862);
#3865=CARTESIAN_POINT('',(-1.3925E1,-2.9025E1,6.E0));
#3866=VERTEX_POINT('',#3865);
#3867=CARTESIAN_POINT('',(-1.3925E1,-2.6975E1,6.E0));
#3868=VERTEX_POINT('',#3867);
#3869=CARTESIAN_POINT('',(-1.125E1,-2.6975E1,6.E0));
#3870=CARTESIAN_POINT('',(-1.125E1,-2.9025E1,6.E0));
#3871=VERTEX_POINT('',#3869);
#3872=VERTEX_POINT('',#3870);
#3873=CARTESIAN_POINT('',(-1.3925E1,-5.025E0,-6.E0));
#3874=VERTEX_POINT('',#3873);
#3875=CARTESIAN_POINT('',(-1.3925E1,-2.975E0,-6.E0));
#3876=VERTEX_POINT('',#3875);
#3877=CARTESIAN_POINT('',(-1.125E1,-2.975E0,-6.E0));
#3878=CARTESIAN_POINT('',(-1.125E1,-5.025E0,-6.E0));
#3879=VERTEX_POINT('',#3877);
#3880=VERTEX_POINT('',#3878);
#3881=CARTESIAN_POINT('',(-1.34E1,-3.2E1,-1.42E1));
#3882=VERTEX_POINT('',#3881);
#3883=CARTESIAN_POINT('',(-8.6E0,-3.2E1,-1.42E1));
#3884=VERTEX_POINT('',#3883);
#3885=CARTESIAN_POINT('',(-1.23E1,-3.2E1,-1.42E1));
#3886=CARTESIAN_POINT('',(-9.7E0,-3.2E1,-1.42E1));
#3887=VERTEX_POINT('',#3885);
#3888=VERTEX_POINT('',#3886);
#3889=CARTESIAN_POINT('',(-1.23E1,-3.2E1,-8.E0));
#3890=VERTEX_POINT('',#3889);
#3891=CARTESIAN_POINT('',(-9.7E0,-3.2E1,-8.E0));
#3892=VERTEX_POINT('',#3891);
#3893=CARTESIAN_POINT('',(-1.235E1,-3.2E1,-8.E0));
#3894=CARTESIAN_POINT('',(-9.65E0,-3.2E1,-8.E0));
#3895=VERTEX_POINT('',#3893);
#3896=VERTEX_POINT('',#3894);
#3897=CARTESIAN_POINT('',(-9.975E0,-3.2E1,-7.675E0));
#3898=VERTEX_POINT('',#3897);
#3899=CARTESIAN_POINT('',(-1.2025E1,-3.2E1,-7.675E0));
#3900=VERTEX_POINT('',#3899);
#3901=CARTESIAN_POINT('',(-9.975E0,-3.2E1,-1.5E0));
#3902=VERTEX_POINT('',#3901);
#3903=CARTESIAN_POINT('',(-1.2025E1,-3.2E1,-1.5E0));
#3904=VERTEX_POINT('',#3903);
#3905=CARTESIAN_POINT('',(-1.1E1,-3.2E1,-8.841178654970E-1));
#3906=VERTEX_POINT('',#3905);
#3907=CARTESIAN_POINT('',(8.6E0,-3.2E1,-1.42E1));
#3908=VERTEX_POINT('',#3907);
#3909=CARTESIAN_POINT('',(1.34E1,-3.2E1,-1.42E1));
#3910=VERTEX_POINT('',#3909);
#3911=CARTESIAN_POINT('',(9.7E0,-3.2E1,-1.42E1));
#3912=CARTESIAN_POINT('',(1.23E1,-3.2E1,-1.42E1));
#3913=VERTEX_POINT('',#3911);
#3914=VERTEX_POINT('',#3912);
#3915=CARTESIAN_POINT('',(9.7E0,-3.2E1,-8.E0));
#3916=VERTEX_POINT('',#3915);
#3917=CARTESIAN_POINT('',(1.23E1,-3.2E1,-8.E0));
#3918=VERTEX_POINT('',#3917);
#3919=CARTESIAN_POINT('',(9.65E0,-3.2E1,-8.E0));
#3920=CARTESIAN_POINT('',(1.235E1,-3.2E1,-8.E0));
#3921=VERTEX_POINT('',#3919);
#3922=VERTEX_POINT('',#3920);
#3923=CARTESIAN_POINT('',(1.2025E1,-3.2E1,-7.675E0));
#3924=VERTEX_POINT('',#3923);
#3925=CARTESIAN_POINT('',(9.975E0,-3.2E1,-7.675E0));
#3926=VERTEX_POINT('',#3925);
#3927=CARTESIAN_POINT('',(1.2025E1,-3.2E1,-1.5E0));
#3928=VERTEX_POINT('',#3927);
#3929=CARTESIAN_POINT('',(9.975E0,-3.2E1,-1.5E0));
#3930=VERTEX_POINT('',#3929);
#3931=CARTESIAN_POINT('',(1.1E1,-3.2E1,-8.841178654970E-1));
#3932=VERTEX_POINT('',#3931);
#3933=CARTESIAN_POINT('',(1.3925E1,-5.025E0,6.E0));
#3934=VERTEX_POINT('',#3933);
#3935=CARTESIAN_POINT('',(1.3925E1,-2.975E0,6.E0));
#3936=VERTEX_POINT('',#3935);
#3937=CARTESIAN_POINT('',(1.125E1,-5.025E0,6.E0));
#3938=CARTESIAN_POINT('',(1.125E1,-2.975E0,6.E0));
#3939=VERTEX_POINT('',#3937);
#3940=VERTEX_POINT('',#3938);
#3941=CARTESIAN_POINT('',(1.3925E1,-2.9025E1,-6.E0));
#3942=VERTEX_POINT('',#3941);
#3943=CARTESIAN_POINT('',(1.3925E1,-2.6975E1,-6.E0));
#3944=VERTEX_POINT('',#3943);
#3945=CARTESIAN_POINT('',(1.125E1,-2.9025E1,-6.E0));
#3946=CARTESIAN_POINT('',(1.125E1,-2.6975E1,-6.E0));
#3947=VERTEX_POINT('',#3945);
#3948=VERTEX_POINT('',#3946);
#3949=CARTESIAN_POINT('',(1.3925E1,-2.9025E1,6.E0));
#3950=VERTEX_POINT('',#3949);
#3951=CARTESIAN_POINT('',(1.3925E1,-2.6975E1,6.E0));
#3952=VERTEX_POINT('',#3951);
#3953=CARTESIAN_POINT('',(1.125E1,-2.9025E1,6.E0));
#3954=CARTESIAN_POINT('',(1.125E1,-2.6975E1,6.E0));
#3955=VERTEX_POINT('',#3953);
#3956=VERTEX_POINT('',#3954);
#3957=CARTESIAN_POINT('',(1.3925E1,-5.025E0,-6.E0));
#3958=VERTEX_POINT('',#3957);
#3959=CARTESIAN_POINT('',(1.3925E1,-2.975E0,-6.E0));
#3960=VERTEX_POINT('',#3959);
#3961=CARTESIAN_POINT('',(1.125E1,-5.025E0,-6.E0));
#3962=CARTESIAN_POINT('',(1.125E1,-2.975E0,-6.E0));
#3963=VERTEX_POINT('',#3961);
#3964=VERTEX_POINT('',#3962);
#3965=CARTESIAN_POINT('',(-8.6E0,8.E0,1.42E1));
#3966=VERTEX_POINT('',#3965);
#3967=CARTESIAN_POINT('',(-1.34E1,8.E0,1.42E1));
#3968=VERTEX_POINT('',#3967);
#3969=CARTESIAN_POINT('',(-9.7E0,8.E0,1.42E1));
#3970=CARTESIAN_POINT('',(-1.23E1,8.E0,1.42E1));
#3971=VERTEX_POINT('',#3969);
#3972=VERTEX_POINT('',#3970);
#3973=CARTESIAN_POINT('',(-9.7E0,8.E0,1.E1));
#3974=VERTEX_POINT('',#3973);
#3975=CARTESIAN_POINT('',(-1.23E1,8.E0,1.E1));
#3976=VERTEX_POINT('',#3975);
#3977=CARTESIAN_POINT('',(-9.65E0,8.E0,1.E1));
#3978=CARTESIAN_POINT('',(-1.235E1,8.E0,1.E1));
#3979=VERTEX_POINT('',#3977);
#3980=VERTEX_POINT('',#3978);
#3981=CARTESIAN_POINT('',(-1.2025E1,8.E0,9.675E0));
#3982=VERTEX_POINT('',#3981);
#3983=CARTESIAN_POINT('',(-9.975E0,8.E0,9.675E0));
#3984=VERTEX_POINT('',#3983);
#3985=CARTESIAN_POINT('',(-1.2025E1,8.E0,1.5E0));
#3986=VERTEX_POINT('',#3985);
#3987=CARTESIAN_POINT('',(-9.975E0,8.E0,1.5E0));
#3988=VERTEX_POINT('',#3987);
#3989=CARTESIAN_POINT('',(-1.1E1,8.E0,8.841178654970E-1));
#3990=VERTEX_POINT('',#3989);
#3991=CARTESIAN_POINT('',(1.34E1,-3.2E1,1.42E1));
#3992=VERTEX_POINT('',#3991);
#3993=CARTESIAN_POINT('',(8.6E0,-3.2E1,1.42E1));
#3994=VERTEX_POINT('',#3993);
#3995=CARTESIAN_POINT('',(1.23E1,-3.2E1,1.42E1));
#3996=CARTESIAN_POINT('',(9.7E0,-3.2E1,1.42E1));
#3997=VERTEX_POINT('',#3995);
#3998=VERTEX_POINT('',#3996);
#3999=CARTESIAN_POINT('',(1.23E1,-3.2E1,1.E1));
#4000=VERTEX_POINT('',#3999);
#4001=CARTESIAN_POINT('',(9.7E0,-3.2E1,1.E1));
#4002=VERTEX_POINT('',#4001);
#4003=CARTESIAN_POINT('',(1.235E1,-3.2E1,1.E1));
#4004=CARTESIAN_POINT('',(9.65E0,-3.2E1,1.E1));
#4005=VERTEX_POINT('',#4003);
#4006=VERTEX_POINT('',#4004);
#4007=CARTESIAN_POINT('',(9.975E0,-3.2E1,9.675E0));
#4008=VERTEX_POINT('',#4007);
#4009=CARTESIAN_POINT('',(1.2025E1,-3.2E1,9.675E0));
#4010=VERTEX_POINT('',#4009);
#4011=CARTESIAN_POINT('',(9.975E0,-3.2E1,1.5E0));
#4012=VERTEX_POINT('',#4011);
#4013=CARTESIAN_POINT('',(1.2025E1,-3.2E1,1.5E0));
#4014=VERTEX_POINT('',#4013);
#4015=CARTESIAN_POINT('',(1.1E1,-3.2E1,8.841178654970E-1));
#4016=VERTEX_POINT('',#4015);
#4017=CARTESIAN_POINT('',(-8.6E0,-3.2E1,1.42E1));
#4018=VERTEX_POINT('',#4017);
#4019=CARTESIAN_POINT('',(-1.34E1,-3.2E1,1.42E1));
#4020=VERTEX_POINT('',#4019);
#4021=CARTESIAN_POINT('',(-9.7E0,-3.2E1,1.42E1));
#4022=CARTESIAN_POINT('',(-1.23E1,-3.2E1,1.42E1));
#4023=VERTEX_POINT('',#4021);
#4024=VERTEX_POINT('',#4022);
#4025=CARTESIAN_POINT('',(-9.7E0,-3.2E1,1.E1));
#4026=VERTEX_POINT('',#4025);
#4027=CARTESIAN_POINT('',(-1.23E1,-3.2E1,1.E1));
#4028=VERTEX_POINT('',#4027);
#4029=CARTESIAN_POINT('',(-9.65E0,-3.2E1,1.E1));
#4030=CARTESIAN_POINT('',(-1.235E1,-3.2E1,1.E1));
#4031=VERTEX_POINT('',#4029);
#4032=VERTEX_POINT('',#4030);
#4033=CARTESIAN_POINT('',(-1.2025E1,-3.2E1,9.675E0));
#4034=VERTEX_POINT('',#4033);
#4035=CARTESIAN_POINT('',(-9.975E0,-3.2E1,9.675E0));
#4036=VERTEX_POINT('',#4035);
#4037=CARTESIAN_POINT('',(-1.2025E1,-3.2E1,1.5E0));
#4038=VERTEX_POINT('',#4037);
#4039=CARTESIAN_POINT('',(-9.975E0,-3.2E1,1.5E0));
#4040=VERTEX_POINT('',#4039);
#4041=CARTESIAN_POINT('',(-1.1E1,-3.2E1,8.841178654970E-1));
#4042=VERTEX_POINT('',#4041);
#4043=CARTESIAN_POINT('',(9.975E0,-8.E0,1.6675E1));
#4044=VERTEX_POINT('',#4043);
#4045=CARTESIAN_POINT('',(1.2025E1,-8.E0,1.6675E1));
#4046=VERTEX_POINT('',#4045);
#4047=CARTESIAN_POINT('',(9.975E0,-8.E0,1.4E1));
#4048=CARTESIAN_POINT('',(1.2025E1,-8.E0,1.4E1));
#4049=VERTEX_POINT('',#4047);
#4050=VERTEX_POINT('',#4048);
#4051=CARTESIAN_POINT('',(-9.975E0,-8.E0,1.6675E1));
#4052=VERTEX_POINT('',#4051);
#4053=CARTESIAN_POINT('',(-1.2025E1,-8.E0,1.6675E1));
#4054=VERTEX_POINT('',#4053);
#4055=CARTESIAN_POINT('',(-1.2025E1,-8.E0,1.4E1));
#4056=CARTESIAN_POINT('',(-9.975E0,-8.E0,1.4E1));
#4057=VERTEX_POINT('',#4055);
#4058=VERTEX_POINT('',#4056);
#4059=CARTESIAN_POINT('',(1.34E1,8.E0,1.42E1));
#4060=VERTEX_POINT('',#4059);
#4061=CARTESIAN_POINT('',(8.6E0,8.E0,1.42E1));
#4062=VERTEX_POINT('',#4061);
#4063=CARTESIAN_POINT('',(1.23E1,8.E0,1.42E1));
#4064=CARTESIAN_POINT('',(9.7E0,8.E0,1.42E1));
#4065=VERTEX_POINT('',#4063);
#4066=VERTEX_POINT('',#4064);
#4067=CARTESIAN_POINT('',(1.23E1,8.E0,1.E1));
#4068=VERTEX_POINT('',#4067);
#4069=CARTESIAN_POINT('',(9.7E0,8.E0,1.E1));
#4070=VERTEX_POINT('',#4069);
#4071=CARTESIAN_POINT('',(1.235E1,8.E0,1.E1));
#4072=CARTESIAN_POINT('',(9.65E0,8.E0,1.E1));
#4073=VERTEX_POINT('',#4071);
#4074=VERTEX_POINT('',#4072);
#4075=CARTESIAN_POINT('',(9.975E0,8.E0,9.675E0));
#4076=VERTEX_POINT('',#4075);
#4077=CARTESIAN_POINT('',(1.2025E1,8.E0,9.675E0));
#4078=VERTEX_POINT('',#4077);
#4079=CARTESIAN_POINT('',(9.975E0,8.E0,1.5E0));
#4080=VERTEX_POINT('',#4079);
#4081=CARTESIAN_POINT('',(1.2025E1,8.E0,1.5E0));
#4082=VERTEX_POINT('',#4081);
#4083=CARTESIAN_POINT('',(1.1E1,8.E0,8.841178654970E-1));
#4084=VERTEX_POINT('',#4083);
#4085=CARTESIAN_POINT('',(2.063441555969E-9,9.749999999999E0,1.88E1));
#4086=CARTESIAN_POINT('',(0.E0,-9.749999999999E0,1.88E1));
#4087=VERTEX_POINT('',#4085);
#4088=VERTEX_POINT('',#4086);
#4089=CARTESIAN_POINT('',(0.E0,9.549999999999E0,1.9E1));
#4090=CARTESIAN_POINT('',(0.E0,-9.549999999999E0,1.9E1));
#4091=VERTEX_POINT('',#4089);
#4092=VERTEX_POINT('',#4090);
#4093=CARTESIAN_POINT('',(-1.1E0,8.E0,1.9E1));
#4094=CARTESIAN_POINT('',(1.1E0,8.E0,1.9E1));
#4095=VERTEX_POINT('',#4093);
#4096=VERTEX_POINT('',#4094);
#4097=CARTESIAN_POINT('',(-6.434671708797E0,4.879036790187E0,1.9E1));
#4098=CARTESIAN_POINT('',(-4.879036790187E0,6.434671708797E0,1.9E1));
#4099=VERTEX_POINT('',#4097);
#4100=VERTEX_POINT('',#4098);
#4101=CARTESIAN_POINT('',(-8.E0,-1.1E0,1.9E1));
#4102=CARTESIAN_POINT('',(-8.E0,1.1E0,1.9E1));
#4103=VERTEX_POINT('',#4101);
#4104=VERTEX_POINT('',#4102);
#4105=CARTESIAN_POINT('',(-4.879036790187E0,-6.434671708797E0,1.9E1));
#4106=CARTESIAN_POINT('',(-6.434671708797E0,-4.879036790187E0,1.9E1));
#4107=VERTEX_POINT('',#4105);
#4108=VERTEX_POINT('',#4106);
#4109=CARTESIAN_POINT('',(1.1E0,-8.E0,1.9E1));
#4110=CARTESIAN_POINT('',(-1.1E0,-8.E0,1.9E1));
#4111=VERTEX_POINT('',#4109);
#4112=VERTEX_POINT('',#4110);
#4113=CARTESIAN_POINT('',(6.434671708797E0,-4.879036790187E0,1.9E1));
#4114=CARTESIAN_POINT('',(4.879036790187E0,-6.434671708797E0,1.9E1));
#4115=VERTEX_POINT('',#4113);
#4116=VERTEX_POINT('',#4114);
#4117=CARTESIAN_POINT('',(8.E0,1.1E0,1.9E1));
#4118=CARTESIAN_POINT('',(8.E0,-1.1E0,1.9E1));
#4119=VERTEX_POINT('',#4117);
#4120=VERTEX_POINT('',#4118);
#4121=CARTESIAN_POINT('',(4.879036790187E0,6.434671708797E0,1.9E1));
#4122=CARTESIAN_POINT('',(6.434671708797E0,4.879036790187E0,1.9E1));
#4123=VERTEX_POINT('',#4121);
#4124=VERTEX_POINT('',#4122);
#4125=CARTESIAN_POINT('',(0.E0,-4.E0,1.9E1));
#4126=CARTESIAN_POINT('',(0.E0,4.E0,1.9E1));
#4127=VERTEX_POINT('',#4125);
#4128=VERTEX_POINT('',#4126);
#4129=CARTESIAN_POINT('',(-8.E-1,8.E0,1.87E1));
#4130=VERTEX_POINT('',#4129);
#4131=CARTESIAN_POINT('',(8.E-1,8.E0,1.87E1));
#4132=VERTEX_POINT('',#4131);
#4133=CARTESIAN_POINT('',(-8.E-1,8.E0,1.7E1));
#4134=CARTESIAN_POINT('',(8.E-1,8.E0,1.7E1));
#4135=VERTEX_POINT('',#4133);
#4136=VERTEX_POINT('',#4134);
#4137=CARTESIAN_POINT('',(-6.222539674441E0,5.091168824543E0,1.87E1));
#4138=VERTEX_POINT('',#4137);
#4139=CARTESIAN_POINT('',(-5.091168824543E0,6.222539674442E0,1.87E1));
#4140=VERTEX_POINT('',#4139);
#4141=CARTESIAN_POINT('',(-6.222539674441E0,5.091168824543E0,1.7E1));
#4142=CARTESIAN_POINT('',(-5.091168824543E0,6.222539674441E0,1.7E1));
#4143=VERTEX_POINT('',#4141);
#4144=VERTEX_POINT('',#4142);
#4145=CARTESIAN_POINT('',(-8.E0,-8.E-1,1.87E1));
#4146=VERTEX_POINT('',#4145);
#4147=CARTESIAN_POINT('',(-8.E0,8.E-1,1.87E1));
#4148=VERTEX_POINT('',#4147);
#4149=CARTESIAN_POINT('',(-8.E0,-8.E-1,1.7E1));
#4150=CARTESIAN_POINT('',(-8.E0,8.E-1,1.7E1));
#4151=VERTEX_POINT('',#4149);
#4152=VERTEX_POINT('',#4150);
#4153=CARTESIAN_POINT('',(-5.091168824543E0,-6.222539674441E0,1.87E1));
#4154=VERTEX_POINT('',#4153);
#4155=CARTESIAN_POINT('',(-6.222539674442E0,-5.091168824543E0,1.87E1));
#4156=VERTEX_POINT('',#4155);
#4157=CARTESIAN_POINT('',(-5.091168824543E0,-6.222539674441E0,1.7E1));
#4158=CARTESIAN_POINT('',(-6.222539674441E0,-5.091168824543E0,1.7E1));
#4159=VERTEX_POINT('',#4157);
#4160=VERTEX_POINT('',#4158);
#4161=CARTESIAN_POINT('',(8.E-1,-8.E0,1.87E1));
#4162=VERTEX_POINT('',#4161);
#4163=CARTESIAN_POINT('',(-8.E-1,-8.E0,1.87E1));
#4164=VERTEX_POINT('',#4163);
#4165=CARTESIAN_POINT('',(8.E-1,-8.E0,1.7E1));
#4166=CARTESIAN_POINT('',(-8.E-1,-8.E0,1.7E1));
#4167=VERTEX_POINT('',#4165);
#4168=VERTEX_POINT('',#4166);
#4169=CARTESIAN_POINT('',(6.222539674441E0,-5.091168824543E0,1.87E1));
#4170=VERTEX_POINT('',#4169);
#4171=CARTESIAN_POINT('',(5.091168824543E0,-6.222539674442E0,1.87E1));
#4172=VERTEX_POINT('',#4171);
#4173=CARTESIAN_POINT('',(6.222539674441E0,-5.091168824543E0,1.7E1));
#4174=CARTESIAN_POINT('',(5.091168824543E0,-6.222539674441E0,1.7E1));
#4175=VERTEX_POINT('',#4173);
#4176=VERTEX_POINT('',#4174);
#4177=CARTESIAN_POINT('',(8.E0,8.E-1,1.87E1));
#4178=VERTEX_POINT('',#4177);
#4179=CARTESIAN_POINT('',(8.E0,-8.E-1,1.87E1));
#4180=VERTEX_POINT('',#4179);
#4181=CARTESIAN_POINT('',(8.E0,8.E-1,1.7E1));
#4182=CARTESIAN_POINT('',(8.E0,-8.E-1,1.7E1));
#4183=VERTEX_POINT('',#4181);
#4184=VERTEX_POINT('',#4182);
#4185=CARTESIAN_POINT('',(5.091168824543E0,6.222539674441E0,1.87E1));
#4186=VERTEX_POINT('',#4185);
#4187=CARTESIAN_POINT('',(6.222539674442E0,5.091168824543E0,1.87E1));
#4188=VERTEX_POINT('',#4187);
#4189=CARTESIAN_POINT('',(5.091168824543E0,6.222539674441E0,1.7E1));
#4190=CARTESIAN_POINT('',(6.222539674441E0,5.091168824543E0,1.7E1));
#4191=VERTEX_POINT('',#4189);
#4192=VERTEX_POINT('',#4190);
#4193=CARTESIAN_POINT('',(2.25E0,0.E0,2.12E1));
#4194=CARTESIAN_POINT('',(-2.25E0,1.237991591970E-8,2.12E1));
#4195=VERTEX_POINT('',#4193);
#4196=VERTEX_POINT('',#4194);
#4197=CARTESIAN_POINT('',(-2.989582114270E-9,3.8E0,2.12E1));
#4198=CARTESIAN_POINT('',(0.E0,-3.8E0,2.12E1));
#4199=VERTEX_POINT('',#4197);
#4200=VERTEX_POINT('',#4198);
#4201=CARTESIAN_POINT('',(-3.146928541337E-9,4.E0,2.1E1));
#4202=CARTESIAN_POINT('',(0.E0,-4.E0,2.1E1));
#4203=VERTEX_POINT('',#4201);
#4204=VERTEX_POINT('',#4202);
#4205=CARTESIAN_POINT('',(-2.1E0,1.155458954254E-8,2.37E1));
#4206=CARTESIAN_POINT('',(2.1E0,0.E0,2.37E1));
#4207=VERTEX_POINT('',#4205);
#4208=VERTEX_POINT('',#4206);
#4209=CARTESIAN_POINT('',(-2.25E0,1.237991736701E-8,2.355E1));
#4210=CARTESIAN_POINT('',(2.25E0,0.E0,2.355E1));
#4211=VERTEX_POINT('',#4209);
#4212=VERTEX_POINT('',#4210);
#4213=CARTESIAN_POINT('',(-7.875E0,1.105E1,-1.68E1));
#4214=DIRECTION('',(0.E0,7.071067811865E-1,-7.071067811865E-1));
#4215=DIRECTION('',(0.E0,7.071067811865E-1,7.071067811865E-1));
#4216=AXIS2_PLACEMENT_3D('',#4213,#4214,#4215);
#4217=PLANE('',#4216);
#4219=ORIENTED_EDGE('',*,*,#4218,.F.);
#4221=ORIENTED_EDGE('',*,*,#4220,.F.);
#4223=ORIENTED_EDGE('',*,*,#4222,.T.);
#4225=ORIENTED_EDGE('',*,*,#4224,.T.);
#4226=EDGE_LOOP('',(#4219,#4221,#4223,#4225));
#4227=FACE_OUTER_BOUND('',#4226,.F.);
#4228=ADVANCED_FACE('',(#4227),#4217,.T.);
#4229=CARTESIAN_POINT('',(-3.5E0,9.45E0,-1.7E1));
#4230=DIRECTION('',(-1.E0,0.E0,0.E0));
#4231=DIRECTION('',(0.E0,1.E0,0.E0));
#4232=AXIS2_PLACEMENT_3D('',#4229,#4230,#4231);
#4233=PLANE('',#4232);
#4234=ORIENTED_EDGE('',*,*,#4218,.T.);
#4236=ORIENTED_EDGE('',*,*,#4235,.T.);
#4238=ORIENTED_EDGE('',*,*,#4237,.T.);
#4240=ORIENTED_EDGE('',*,*,#4239,.T.);
#4242=ORIENTED_EDGE('',*,*,#4241,.F.);
#4243=EDGE_LOOP('',(#4234,#4236,#4238,#4240,#4242));
#4244=FACE_OUTER_BOUND('',#4243,.F.);
#4245=ADVANCED_FACE('',(#4244),#4233,.F.);
#4246=CARTESIAN_POINT('',(0.E0,0.E0,-1.7E1));
#4247=DIRECTION('',(0.E0,0.E0,1.E0));
#4248=DIRECTION('',(1.E0,0.E0,0.E0));
#4249=AXIS2_PLACEMENT_3D('',#4246,#4247,#4248);
#4250=PLANE('',#4249);
#4252=ORIENTED_EDGE('',*,*,#4251,.T.);
#4254=ORIENTED_EDGE('',*,*,#4253,.T.);
#4255=ORIENTED_EDGE('',*,*,#4235,.F.);
#4256=ORIENTED_EDGE('',*,*,#4224,.F.);
#4258=ORIENTED_EDGE('',*,*,#4257,.T.);
#4260=ORIENTED_EDGE('',*,*,#4259,.F.);
#4262=ORIENTED_EDGE('',*,*,#4261,.T.);
#4264=ORIENTED_EDGE('',*,*,#4263,.T.);
#4266=ORIENTED_EDGE('',*,*,#4265,.T.);
#4267=EDGE_LOOP('',(#4252,#4254,#4255,#4256,#4258,#4260,#4262,#4264,#4266));
#4268=FACE_OUTER_BOUND('',#4267,.F.);
#4270=ORIENTED_EDGE('',*,*,#4269,.T.);
#4272=ORIENTED_EDGE('',*,*,#4271,.T.);
#4273=EDGE_LOOP('',(#4270,#4272));
#4274=FACE_BOUND('',#4273,.F.);
#4275=ADVANCED_FACE('',(#4268,#4274),#4250,.F.);
#4276=CARTESIAN_POINT('',(0.E0,0.E0,-1.6E1));
#4277=DIRECTION('',(0.E0,0.E0,-1.E0));
#4278=DIRECTION('',(-1.E0,0.E0,0.E0));
#4279=AXIS2_PLACEMENT_3D('',#4276,#4277,#4278);
#4280=CYLINDRICAL_SURFACE('',#4279,9.75E0);
#4282=ORIENTED_EDGE('',*,*,#4281,.T.);
#4284=ORIENTED_EDGE('',*,*,#4283,.F.);
#4286=ORIENTED_EDGE('',*,*,#4285,.T.);
#4287=ORIENTED_EDGE('',*,*,#4251,.F.);
#4289=ORIENTED_EDGE('',*,*,#4288,.F.);
#4291=ORIENTED_EDGE('',*,*,#4290,.F.);
#4293=ORIENTED_EDGE('',*,*,#4292,.F.);
#4295=ORIENTED_EDGE('',*,*,#4294,.T.);
#4297=ORIENTED_EDGE('',*,*,#4296,.F.);
#4299=ORIENTED_EDGE('',*,*,#4298,.T.);
#4301=ORIENTED_EDGE('',*,*,#4300,.F.);
#4303=ORIENTED_EDGE('',*,*,#4302,.T.);
#4305=ORIENTED_EDGE('',*,*,#4304,.F.);
#4306=EDGE_LOOP('',(#4282,#4284,#4286,#4287,#4289,#4291,#4293,#4295,#4297,#4299,
#4301,#4303,#4305));
#4307=FACE_OUTER_BOUND('',#4306,.F.);
#4308=ADVANCED_FACE('',(#4307),#4280,.T.);
#4309=CARTESIAN_POINT('',(3.4E0,9.55E0,-1.35E1));
#4310=DIRECTION('',(0.E0,-1.E0,0.E0));
#4311=DIRECTION('',(-1.E0,0.E0,0.E0));
#4312=AXIS2_PLACEMENT_3D('',#4309,#4310,#4311);
#4313=PLANE('',#4312);
#4315=ORIENTED_EDGE('',*,*,#4314,.T.);
#4317=ORIENTED_EDGE('',*,*,#4316,.F.);
#4319=ORIENTED_EDGE('',*,*,#4318,.F.);
#4320=ORIENTED_EDGE('',*,*,#4302,.F.);
#4322=ORIENTED_EDGE('',*,*,#4321,.F.);
#4323=ORIENTED_EDGE('',*,*,#4281,.F.);
#4325=ORIENTED_EDGE('',*,*,#4324,.F.);
#4327=ORIENTED_EDGE('',*,*,#4326,.T.);
#4328=EDGE_LOOP('',(#4315,#4317,#4319,#4320,#4322,#4323,#4325,#4327));
#4329=FACE_OUTER_BOUND('',#4328,.F.);
#4330=ADVANCED_FACE('',(#4329),#4313,.T.);
#4331=CARTESIAN_POINT('',(3.4E0,1.125E1,-1.36E1));
#4332=DIRECTION('',(0.E0,0.E0,-1.E0));
#4333=DIRECTION('',(-1.E0,0.E0,0.E0));
#4334=AXIS2_PLACEMENT_3D('',#4331,#4332,#4333);
#4335=PLANE('',#4334);
#4337=ORIENTED_EDGE('',*,*,#4336,.T.);
#4339=ORIENTED_EDGE('',*,*,#4338,.F.);
#4340=ORIENTED_EDGE('',*,*,#4314,.F.);
#4342=ORIENTED_EDGE('',*,*,#4341,.F.);
#4343=EDGE_LOOP('',(#4337,#4339,#4340,#4342));
#4344=FACE_OUTER_BOUND('',#4343,.F.);
#4345=ADVANCED_FACE('',(#4344),#4335,.F.);
#4346=CARTESIAN_POINT('',(1.425E1,1.125E1,-1.7E1));
#4347=DIRECTION('',(0.E0,1.E0,0.E0));
#4348=DIRECTION('',(-1.E0,0.E0,0.E0));
#4349=AXIS2_PLACEMENT_3D('',#4346,#4347,#4348);
#4350=PLANE('',#4349);
#4351=ORIENTED_EDGE('',*,*,#4336,.F.);
#4353=ORIENTED_EDGE('',*,*,#4352,.F.);
#4355=ORIENTED_EDGE('',*,*,#4354,.F.);
#4357=ORIENTED_EDGE('',*,*,#4356,.T.);
#4358=EDGE_LOOP('',(#4351,#4353,#4355,#4357));
#4359=FACE_OUTER_BOUND('',#4358,.F.);
#4360=ADVANCED_FACE('',(#4359),#4350,.T.);
#4361=CARTESIAN_POINT('',(-3.4E0,9.55E0,-1.35E1));
#4362=DIRECTION('',(-1.E0,0.E0,0.E0));
#4363=DIRECTION('',(0.E0,1.E0,0.E0));
#4364=AXIS2_PLACEMENT_3D('',#4361,#4362,#4363);
#4365=PLANE('',#4364);
#4366=ORIENTED_EDGE('',*,*,#4341,.T.);
#4367=ORIENTED_EDGE('',*,*,#4326,.F.);
#4369=ORIENTED_EDGE('',*,*,#4368,.F.);
#4371=ORIENTED_EDGE('',*,*,#4370,.T.);
#4372=ORIENTED_EDGE('',*,*,#4352,.T.);
#4373=EDGE_LOOP('',(#4366,#4367,#4369,#4371,#4372));
#4374=FACE_OUTER_BOUND('',#4373,.F.);
#4375=ADVANCED_FACE('',(#4374),#4365,.T.);
#4376=CARTESIAN_POINT('',(0.E0,0.E0,-1.7E1));
#4377=DIRECTION('',(0.E0,0.E0,1.E0));
#4378=DIRECTION('',(1.E0,0.E0,0.E0));
#4379=AXIS2_PLACEMENT_3D('',#4376,#4377,#4378);
#4380=PLANE('',#4379);
#4382=ORIENTED_EDGE('',*,*,#4381,.T.);
#4383=ORIENTED_EDGE('',*,*,#4368,.T.);
#4384=ORIENTED_EDGE('',*,*,#4324,.T.);
#4385=ORIENTED_EDGE('',*,*,#4304,.T.);
#4386=ORIENTED_EDGE('',*,*,#4318,.T.);
#4388=ORIENTED_EDGE('',*,*,#4387,.T.);
#4389=EDGE_LOOP('',(#4382,#4383,#4384,#4385,#4386,#4388));
#4390=FACE_OUTER_BOUND('',#4389,.F.);
#4391=ADVANCED_FACE('',(#4390),#4380,.F.);
#4392=CARTESIAN_POINT('',(-1.065814103640E-14,1.1025E1,-1.6775E1));
#4393=DIRECTION('',(0.E0,7.071067811865E-1,-7.071067811865E-1));
#4394=DIRECTION('',(0.E0,7.071067811865E-1,7.071067811865E-1));
#4395=AXIS2_PLACEMENT_3D('',#4392,#4393,#4394);
#4396=PLANE('',#4395);
#4398=ORIENTED_EDGE('',*,*,#4397,.F.);
#4399=ORIENTED_EDGE('',*,*,#4354,.T.);
#4400=ORIENTED_EDGE('',*,*,#4370,.F.);
#4401=ORIENTED_EDGE('',*,*,#4381,.F.);
#4402=EDGE_LOOP('',(#4398,#4399,#4400,#4401));
#4403=FACE_OUTER_BOUND('',#4402,.F.);
#4404=ADVANCED_FACE('',(#4403),#4396,.T.);
#4405=CARTESIAN_POINT('',(3.4E0,1.125E1,-1.35E1));
#4406=DIRECTION('',(1.E0,0.E0,0.E0));
#4407=DIRECTION('',(0.E0,-1.E0,0.E0));
#4408=AXIS2_PLACEMENT_3D('',#4405,#4406,#4407);
#4409=PLANE('',#4408);
#4410=ORIENTED_EDGE('',*,*,#4338,.T.);
#4411=ORIENTED_EDGE('',*,*,#4356,.F.);
#4412=ORIENTED_EDGE('',*,*,#4397,.T.);
#4413=ORIENTED_EDGE('',*,*,#4387,.F.);
#4414=ORIENTED_EDGE('',*,*,#4316,.T.);
#4415=EDGE_LOOP('',(#4410,#4411,#4412,#4413,#4414));
#4416=FACE_OUTER_BOUND('',#4415,.F.);
#4417=ADVANCED_FACE('',(#4416),#4409,.T.);
#4418=CARTESIAN_POINT('',(0.E0,0.E0,-1.6E1));
#4419=DIRECTION('',(0.E0,0.E0,-1.E0));
#4420=DIRECTION('',(0.E0,-1.E0,0.E0));
#4421=AXIS2_PLACEMENT_3D('',#4418,#4419,#4420);
#4422=PLANE('',#4421);
#4423=ORIENTED_EDGE('',*,*,#4321,.T.);
#4424=ORIENTED_EDGE('',*,*,#4300,.T.);
#4426=ORIENTED_EDGE('',*,*,#4425,.F.);
#4427=ORIENTED_EDGE('',*,*,#4283,.T.);
#4428=EDGE_LOOP('',(#4423,#4424,#4426,#4427));
#4429=FACE_OUTER_BOUND('',#4428,.F.);
#4430=ADVANCED_FACE('',(#4429),#4422,.F.);
#4431=CARTESIAN_POINT('',(3.5E0,9.45E0,-1.7E1));
#4432=DIRECTION('',(0.E0,-1.E0,0.E0));
#4433=DIRECTION('',(-1.E0,0.E0,0.E0));
#4434=AXIS2_PLACEMENT_3D('',#4431,#4432,#4433);
#4435=PLANE('',#4434);
#4436=ORIENTED_EDGE('',*,*,#4253,.F.);
#4437=ORIENTED_EDGE('',*,*,#4285,.F.);
#4438=ORIENTED_EDGE('',*,*,#4425,.T.);
#4439=ORIENTED_EDGE('',*,*,#4298,.F.);
#4441=ORIENTED_EDGE('',*,*,#4440,.F.);
#4443=ORIENTED_EDGE('',*,*,#4442,.T.);
#4445=ORIENTED_EDGE('',*,*,#4444,.T.);
#4446=ORIENTED_EDGE('',*,*,#4237,.F.);
#4447=EDGE_LOOP('',(#4436,#4437,#4438,#4439,#4441,#4443,#4445,#4446));
#4448=FACE_OUTER_BOUND('',#4447,.F.);
#4449=ADVANCED_FACE('',(#4448),#4435,.F.);
#4450=CARTESIAN_POINT('',(0.E0,0.E0,-1.7E1));
#4451=DIRECTION('',(0.E0,0.E0,1.E0));
#4452=DIRECTION('',(1.E0,0.E0,0.E0));
#4453=AXIS2_PLACEMENT_3D('',#4450,#4451,#4452);
#4454=PLANE('',#4453);
#4455=ORIENTED_EDGE('',*,*,#4296,.T.);
#4457=ORIENTED_EDGE('',*,*,#4456,.T.);
#4459=ORIENTED_EDGE('',*,*,#4458,.T.);
#4461=ORIENTED_EDGE('',*,*,#4460,.T.);
#4463=ORIENTED_EDGE('',*,*,#4462,.F.);
#4465=ORIENTED_EDGE('',*,*,#4464,.T.);
#4467=ORIENTED_EDGE('',*,*,#4466,.F.);
#4469=ORIENTED_EDGE('',*,*,#4468,.T.);
#4470=ORIENTED_EDGE('',*,*,#4440,.T.);
#4471=EDGE_LOOP('',(#4455,#4457,#4459,#4461,#4463,#4465,#4467,#4469,#4470));
#4472=FACE_OUTER_BOUND('',#4471,.F.);
#4474=ORIENTED_EDGE('',*,*,#4473,.T.);
#4476=ORIENTED_EDGE('',*,*,#4475,.T.);
#4477=EDGE_LOOP('',(#4474,#4476));
#4478=FACE_BOUND('',#4477,.F.);
#4479=ADVANCED_FACE('',(#4472,#4478),#4454,.F.);
#4480=CARTESIAN_POINT('',(0.E0,0.E0,-1.6E1));
#4481=DIRECTION('',(0.E0,0.E0,-1.E0));
#4482=DIRECTION('',(-1.E0,0.E0,0.E0));
#4483=AXIS2_PLACEMENT_3D('',#4480,#4481,#4482);
#4484=CYLINDRICAL_SURFACE('',#4483,9.75E0);
#4486=ORIENTED_EDGE('',*,*,#4485,.F.);
#4488=ORIENTED_EDGE('',*,*,#4487,.F.);
#4489=ORIENTED_EDGE('',*,*,#4288,.T.);
#4490=ORIENTED_EDGE('',*,*,#4265,.F.);
#4492=ORIENTED_EDGE('',*,*,#4491,.T.);
#4494=ORIENTED_EDGE('',*,*,#4493,.F.);
#4496=ORIENTED_EDGE('',*,*,#4495,.F.);
#4498=ORIENTED_EDGE('',*,*,#4497,.F.);
#4500=ORIENTED_EDGE('',*,*,#4499,.T.);
#4501=ORIENTED_EDGE('',*,*,#4456,.F.);
#4502=ORIENTED_EDGE('',*,*,#4294,.F.);
#4503=EDGE_LOOP('',(#4486,#4488,#4489,#4490,#4492,#4494,#4496,#4498,#4500,#4501,
#4502));
#4504=FACE_OUTER_BOUND('',#4503,.F.);
#4505=ADVANCED_FACE('',(#4504),#4484,.T.);
#4506=CARTESIAN_POINT('',(0.E0,5.416421441566E-14,-1.89E1));
#4507=DIRECTION('',(0.E0,0.E0,1.E0));
#4508=DIRECTION('',(0.E0,-1.E0,0.E0));
#4509=AXIS2_PLACEMENT_3D('',#4506,#4507,#4508);
#4510=CONICAL_SURFACE('',#4509,9.649999999998E0,4.5E1);
#4512=ORIENTED_EDGE('',*,*,#4511,.F.);
#4514=ORIENTED_EDGE('',*,*,#4513,.F.);
#4516=ORIENTED_EDGE('',*,*,#4515,.F.);
#4517=ORIENTED_EDGE('',*,*,#4487,.T.);
#4518=ORIENTED_EDGE('',*,*,#4485,.T.);
#4520=ORIENTED_EDGE('',*,*,#4519,.T.);
#4521=EDGE_LOOP('',(#4512,#4514,#4516,#4517,#4518,#4520));
#4522=FACE_OUTER_BOUND('',#4521,.F.);
#4523=ADVANCED_FACE('',(#4522),#4510,.T.);
#4524=CARTESIAN_POINT('',(0.E0,0.E0,-1.9E1));
#4525=DIRECTION('',(0.E0,0.E0,-1.E0));
#4526=DIRECTION('',(-1.E0,0.E0,0.E0));
#4527=AXIS2_PLACEMENT_3D('',#4524,#4525,#4526);
#4528=PLANE('',#4527);
#4529=ORIENTED_EDGE('',*,*,#4513,.T.);
#4530=ORIENTED_EDGE('',*,*,#4511,.T.);
#4532=ORIENTED_EDGE('',*,*,#4531,.T.);
#4534=ORIENTED_EDGE('',*,*,#4533,.T.);
#4535=EDGE_LOOP('',(#4529,#4530,#4532,#4534));
#4536=FACE_OUTER_BOUND('',#4535,.F.);
#4538=ORIENTED_EDGE('',*,*,#4537,.T.);
#4540=ORIENTED_EDGE('',*,*,#4539,.T.);
#4541=EDGE_LOOP('',(#4538,#4540));
#4542=FACE_BOUND('',#4541,.F.);
#4544=ORIENTED_EDGE('',*,*,#4543,.T.);
#4546=ORIENTED_EDGE('',*,*,#4545,.T.);
#4547=EDGE_LOOP('',(#4544,#4546));
#4548=FACE_BOUND('',#4547,.F.);
#4550=ORIENTED_EDGE('',*,*,#4549,.T.);
#4552=ORIENTED_EDGE('',*,*,#4551,.T.);
#4553=EDGE_LOOP('',(#4550,#4552));
#4554=FACE_BOUND('',#4553,.F.);
#4556=ORIENTED_EDGE('',*,*,#4555,.T.);
#4558=ORIENTED_EDGE('',*,*,#4557,.T.);
#4559=EDGE_LOOP('',(#4556,#4558));
#4560=FACE_BOUND('',#4559,.F.);
#4562=ORIENTED_EDGE('',*,*,#4561,.T.);
#4564=ORIENTED_EDGE('',*,*,#4563,.T.);
#4565=EDGE_LOOP('',(#4562,#4564));
#4566=FACE_BOUND('',#4565,.F.);
#4568=ORIENTED_EDGE('',*,*,#4567,.T.);
#4570=ORIENTED_EDGE('',*,*,#4569,.T.);
#4571=EDGE_LOOP('',(#4568,#4570));
#4572=FACE_BOUND('',#4571,.F.);
#4574=ORIENTED_EDGE('',*,*,#4573,.T.);
#4576=ORIENTED_EDGE('',*,*,#4575,.T.);
#4577=EDGE_LOOP('',(#4574,#4576));
#4578=FACE_BOUND('',#4577,.F.);
#4580=ORIENTED_EDGE('',*,*,#4579,.T.);
#4582=ORIENTED_EDGE('',*,*,#4581,.T.);
#4583=EDGE_LOOP('',(#4580,#4582));
#4584=FACE_BOUND('',#4583,.F.);
#4586=ORIENTED_EDGE('',*,*,#4585,.T.);
#4588=ORIENTED_EDGE('',*,*,#4587,.T.);
#4589=EDGE_LOOP('',(#4586,#4588));
#4590=FACE_BOUND('',#4589,.F.);
#4591=ADVANCED_FACE('',(#4536,#4542,#4548,#4554,#4560,#4566,#4572,#4578,#4584,
#4590),#4528,.T.);
#4592=CARTESIAN_POINT('',(0.E0,0.E0,-1.89E1));
#4593=DIRECTION('',(0.E0,0.E0,1.E0));
#4594=DIRECTION('',(0.E0,-1.E0,0.E0));
#4595=AXIS2_PLACEMENT_3D('',#4592,#4593,#4594);
#4596=CONICAL_SURFACE('',#4595,9.649999999998E0,4.5E1);
#4597=ORIENTED_EDGE('',*,*,#4533,.F.);
#4598=ORIENTED_EDGE('',*,*,#4531,.F.);
#4599=ORIENTED_EDGE('',*,*,#4519,.F.);
#4600=ORIENTED_EDGE('',*,*,#4292,.T.);
#4601=ORIENTED_EDGE('',*,*,#4290,.T.);
#4602=ORIENTED_EDGE('',*,*,#4515,.T.);
#4603=EDGE_LOOP('',(#4597,#4598,#4599,#4600,#4601,#4602));
#4604=FACE_OUTER_BOUND('',#4603,.F.);
#4605=ADVANCED_FACE('',(#4604),#4596,.T.);
#4606=CARTESIAN_POINT('',(0.E0,8.E0,-1.885E1));
#4607=DIRECTION('',(0.E0,0.E0,-1.E0));
#4608=DIRECTION('',(1.E0,0.E0,0.E0));
#4609=AXIS2_PLACEMENT_3D('',#4606,#4607,#4608);
#4610=CONICAL_SURFACE('',#4609,9.5E-1,4.5E1);
#4611=ORIENTED_EDGE('',*,*,#4537,.F.);
#4613=ORIENTED_EDGE('',*,*,#4612,.T.);
#4615=ORIENTED_EDGE('',*,*,#4614,.T.);
#4617=ORIENTED_EDGE('',*,*,#4616,.F.);
#4618=EDGE_LOOP('',(#4611,#4613,#4615,#4617));
#4619=FACE_OUTER_BOUND('',#4618,.F.);
#4620=ADVANCED_FACE('',(#4619),#4610,.F.);
#4621=CARTESIAN_POINT('',(0.E0,8.E0,-1.885E1));
#4622=DIRECTION('',(0.E0,0.E0,-1.E0));
#4623=DIRECTION('',(1.E0,0.E0,0.E0));
#4624=AXIS2_PLACEMENT_3D('',#4621,#4622,#4623);
#4625=CONICAL_SURFACE('',#4624,9.5E-1,4.5E1);
#4626=ORIENTED_EDGE('',*,*,#4539,.F.);
#4627=ORIENTED_EDGE('',*,*,#4616,.T.);
#4629=ORIENTED_EDGE('',*,*,#4628,.T.);
#4630=ORIENTED_EDGE('',*,*,#4612,.F.);
#4631=EDGE_LOOP('',(#4626,#4627,#4629,#4630));
#4632=FACE_OUTER_BOUND('',#4631,.F.);
#4633=ADVANCED_FACE('',(#4632),#4625,.F.);
#4634=CARTESIAN_POINT('',(0.E0,8.E0,-1.639527708002E1));
#4635=DIRECTION('',(0.E0,0.E0,-1.E0));
#4636=DIRECTION('',(1.E0,0.E0,0.E0));
#4637=AXIS2_PLACEMENT_3D('',#4634,#4635,#4636);
#4638=CYLINDRICAL_SURFACE('',#4637,8.E-1);
#4640=ORIENTED_EDGE('',*,*,#4639,.F.);
#4641=ORIENTED_EDGE('',*,*,#4628,.F.);
#4643=ORIENTED_EDGE('',*,*,#4642,.T.);
#4645=ORIENTED_EDGE('',*,*,#4644,.F.);
#4646=EDGE_LOOP('',(#4640,#4641,#4643,#4645));
#4647=FACE_OUTER_BOUND('',#4646,.F.);
#4648=ADVANCED_FACE('',(#4647),#4638,.F.);
#4649=CARTESIAN_POINT('',(0.E0,8.E0,-1.639527708002E1));
#4650=DIRECTION('',(0.E0,0.E0,-1.E0));
#4651=DIRECTION('',(1.E0,0.E0,0.E0));
#4652=AXIS2_PLACEMENT_3D('',#4649,#4650,#4651);
#4653=CYLINDRICAL_SURFACE('',#4652,8.E-1);
#4654=ORIENTED_EDGE('',*,*,#4639,.T.);
#4656=ORIENTED_EDGE('',*,*,#4655,.F.);
#4657=ORIENTED_EDGE('',*,*,#4642,.F.);
#4658=ORIENTED_EDGE('',*,*,#4614,.F.);
#4659=EDGE_LOOP('',(#4654,#4656,#4657,#4658));
#4660=FACE_OUTER_BOUND('',#4659,.F.);
#4661=ADVANCED_FACE('',(#4660),#4653,.F.);
#4662=CARTESIAN_POINT('',(0.E0,8.E0,-1.678106055385E1));
#4663=DIRECTION('',(0.E0,0.E0,-1.E0));
#4664=DIRECTION('',(1.E0,0.E0,0.E0));
#4665=AXIS2_PLACEMENT_3D('',#4662,#4663,#4664);
#4666=CONICAL_SURFACE('',#4665,4.356235718967E-1,5.9E1);
#4668=ORIENTED_EDGE('',*,*,#4667,.T.);
#4670=ORIENTED_EDGE('',*,*,#4669,.F.);
#4671=ORIENTED_EDGE('',*,*,#4655,.T.);
#4672=EDGE_LOOP('',(#4668,#4670,#4671));
#4673=FACE_OUTER_BOUND('',#4672,.F.);
#4674=ADVANCED_FACE('',(#4673),#4666,.F.);
#4675=CARTESIAN_POINT('',(0.E0,8.E0,-1.678106055385E1));
#4676=DIRECTION('',(0.E0,0.E0,-1.E0));
#4677=DIRECTION('',(1.E0,0.E0,0.E0));
#4678=AXIS2_PLACEMENT_3D('',#4675,#4676,#4677);
#4679=CONICAL_SURFACE('',#4678,4.356235718967E-1,5.9E1);
#4680=ORIENTED_EDGE('',*,*,#4667,.F.);
#4681=ORIENTED_EDGE('',*,*,#4644,.T.);
#4682=ORIENTED_EDGE('',*,*,#4669,.T.);
#4683=EDGE_LOOP('',(#4680,#4681,#4682));
#4684=FACE_OUTER_BOUND('',#4683,.F.);
#4685=ADVANCED_FACE('',(#4684),#4679,.F.);
#4686=CARTESIAN_POINT('',(5.656854249492E0,5.656854249492E0,-1.885E1));
#4687=DIRECTION('',(0.E0,0.E0,-1.E0));
#4688=DIRECTION('',(7.071067811865E-1,-7.071067811865E-1,0.E0));
#4689=AXIS2_PLACEMENT_3D('',#4686,#4687,#4688);
#4690=CONICAL_SURFACE('',#4689,9.5E-1,4.5E1);
#4691=ORIENTED_EDGE('',*,*,#4543,.F.);
#4693=ORIENTED_EDGE('',*,*,#4692,.T.);
#4695=ORIENTED_EDGE('',*,*,#4694,.T.);
#4697=ORIENTED_EDGE('',*,*,#4696,.F.);
#4698=EDGE_LOOP('',(#4691,#4693,#4695,#4697));
#4699=FACE_OUTER_BOUND('',#4698,.F.);
#4700=ADVANCED_FACE('',(#4699),#4690,.F.);
#4701=CARTESIAN_POINT('',(5.656854249492E0,5.656854249492E0,-1.885E1));
#4702=DIRECTION('',(0.E0,0.E0,-1.E0));
#4703=DIRECTION('',(7.071067811865E-1,-7.071067811865E-1,0.E0));
#4704=AXIS2_PLACEMENT_3D('',#4701,#4702,#4703);
#4705=CONICAL_SURFACE('',#4704,9.5E-1,4.5E1);
#4706=ORIENTED_EDGE('',*,*,#4545,.F.);
#4707=ORIENTED_EDGE('',*,*,#4696,.T.);
#4709=ORIENTED_EDGE('',*,*,#4708,.T.);
#4710=ORIENTED_EDGE('',*,*,#4692,.F.);
#4711=EDGE_LOOP('',(#4706,#4707,#4709,#4710));
#4712=FACE_OUTER_BOUND('',#4711,.F.);
#4713=ADVANCED_FACE('',(#4712),#4705,.F.);
#4714=CARTESIAN_POINT('',(5.656854249492E0,5.656854249492E0,-1.639527708002E1));
#4715=DIRECTION('',(0.E0,0.E0,-1.E0));
#4716=DIRECTION('',(7.071067811865E-1,-7.071067811865E-1,0.E0));
#4717=AXIS2_PLACEMENT_3D('',#4714,#4715,#4716);
#4718=CYLINDRICAL_SURFACE('',#4717,8.E-1);
#4720=ORIENTED_EDGE('',*,*,#4719,.F.);
#4721=ORIENTED_EDGE('',*,*,#4708,.F.);
#4723=ORIENTED_EDGE('',*,*,#4722,.T.);
#4725=ORIENTED_EDGE('',*,*,#4724,.F.);
#4726=EDGE_LOOP('',(#4720,#4721,#4723,#4725));
#4727=FACE_OUTER_BOUND('',#4726,.F.);
#4728=ADVANCED_FACE('',(#4727),#4718,.F.);
#4729=CARTESIAN_POINT('',(5.656854249492E0,5.656854249492E0,-1.639527708002E1));
#4730=DIRECTION('',(0.E0,0.E0,-1.E0));
#4731=DIRECTION('',(7.071067811865E-1,-7.071067811865E-1,0.E0));
#4732=AXIS2_PLACEMENT_3D('',#4729,#4730,#4731);
#4733=CYLINDRICAL_SURFACE('',#4732,8.E-1);
#4734=ORIENTED_EDGE('',*,*,#4719,.T.);
#4736=ORIENTED_EDGE('',*,*,#4735,.F.);
#4737=ORIENTED_EDGE('',*,*,#4722,.F.);
#4738=ORIENTED_EDGE('',*,*,#4694,.F.);
#4739=EDGE_LOOP('',(#4734,#4736,#4737,#4738));
#4740=FACE_OUTER_BOUND('',#4739,.F.);
#4741=ADVANCED_FACE('',(#4740),#4733,.F.);
#4742=CARTESIAN_POINT('',(5.656854249492E0,5.656854249492E0,-1.678106055385E1));
#4743=DIRECTION('',(0.E0,0.E0,-1.E0));
#4744=DIRECTION('',(7.071067811865E-1,-7.071067811865E-1,0.E0));
#4745=AXIS2_PLACEMENT_3D('',#4742,#4743,#4744);
#4746=CONICAL_SURFACE('',#4745,4.356235718967E-1,5.9E1);
#4748=ORIENTED_EDGE('',*,*,#4747,.T.);
#4750=ORIENTED_EDGE('',*,*,#4749,.F.);
#4751=ORIENTED_EDGE('',*,*,#4735,.T.);
#4752=EDGE_LOOP('',(#4748,#4750,#4751));
#4753=FACE_OUTER_BOUND('',#4752,.F.);
#4754=ADVANCED_FACE('',(#4753),#4746,.F.);
#4755=CARTESIAN_POINT('',(5.656854249492E0,5.656854249492E0,-1.678106055385E1));
#4756=DIRECTION('',(0.E0,0.E0,-1.E0));
#4757=DIRECTION('',(7.071067811865E-1,-7.071067811865E-1,0.E0));
#4758=AXIS2_PLACEMENT_3D('',#4755,#4756,#4757);
#4759=CONICAL_SURFACE('',#4758,4.356235718967E-1,5.9E1);
#4760=ORIENTED_EDGE('',*,*,#4747,.F.);
#4761=ORIENTED_EDGE('',*,*,#4724,.T.);
#4762=ORIENTED_EDGE('',*,*,#4749,.T.);
#4763=EDGE_LOOP('',(#4760,#4761,#4762));
#4764=FACE_OUTER_BOUND('',#4763,.F.);
#4765=ADVANCED_FACE('',(#4764),#4759,.F.);
#4766=CARTESIAN_POINT('',(8.E0,0.E0,-1.885E1));
#4767=DIRECTION('',(0.E0,0.E0,-1.E0));
#4768=DIRECTION('',(0.E0,-1.E0,0.E0));
#4769=AXIS2_PLACEMENT_3D('',#4766,#4767,#4768);
#4770=CONICAL_SURFACE('',#4769,9.5E-1,4.5E1);
#4771=ORIENTED_EDGE('',*,*,#4549,.F.);
#4773=ORIENTED_EDGE('',*,*,#4772,.T.);
#4775=ORIENTED_EDGE('',*,*,#4774,.T.);
#4777=ORIENTED_EDGE('',*,*,#4776,.F.);
#4778=EDGE_LOOP('',(#4771,#4773,#4775,#4777));
#4779=FACE_OUTER_BOUND('',#4778,.F.);
#4780=ADVANCED_FACE('',(#4779),#4770,.F.);
#4781=CARTESIAN_POINT('',(8.E0,0.E0,-1.885E1));
#4782=DIRECTION('',(0.E0,0.E0,-1.E0));
#4783=DIRECTION('',(0.E0,-1.E0,0.E0));
#4784=AXIS2_PLACEMENT_3D('',#4781,#4782,#4783);
#4785=CONICAL_SURFACE('',#4784,9.5E-1,4.5E1);
#4786=ORIENTED_EDGE('',*,*,#4551,.F.);
#4787=ORIENTED_EDGE('',*,*,#4776,.T.);
#4789=ORIENTED_EDGE('',*,*,#4788,.T.);
#4790=ORIENTED_EDGE('',*,*,#4772,.F.);
#4791=EDGE_LOOP('',(#4786,#4787,#4789,#4790));
#4792=FACE_OUTER_BOUND('',#4791,.F.);
#4793=ADVANCED_FACE('',(#4792),#4785,.F.);
#4794=CARTESIAN_POINT('',(8.E0,0.E0,-1.639527708002E1));
#4795=DIRECTION('',(0.E0,0.E0,-1.E0));
#4796=DIRECTION('',(0.E0,-1.E0,0.E0));
#4797=AXIS2_PLACEMENT_3D('',#4794,#4795,#4796);
#4798=CYLINDRICAL_SURFACE('',#4797,8.E-1);
#4800=ORIENTED_EDGE('',*,*,#4799,.F.);
#4801=ORIENTED_EDGE('',*,*,#4788,.F.);
#4803=ORIENTED_EDGE('',*,*,#4802,.T.);
#4805=ORIENTED_EDGE('',*,*,#4804,.F.);
#4806=EDGE_LOOP('',(#4800,#4801,#4803,#4805));
#4807=FACE_OUTER_BOUND('',#4806,.F.);
#4808=ADVANCED_FACE('',(#4807),#4798,.F.);
#4809=CARTESIAN_POINT('',(8.E0,0.E0,-1.639527708002E1));
#4810=DIRECTION('',(0.E0,0.E0,-1.E0));
#4811=DIRECTION('',(0.E0,-1.E0,0.E0));
#4812=AXIS2_PLACEMENT_3D('',#4809,#4810,#4811);
#4813=CYLINDRICAL_SURFACE('',#4812,8.E-1);
#4814=ORIENTED_EDGE('',*,*,#4799,.T.);
#4816=ORIENTED_EDGE('',*,*,#4815,.F.);
#4817=ORIENTED_EDGE('',*,*,#4802,.F.);
#4818=ORIENTED_EDGE('',*,*,#4774,.F.);
#4819=EDGE_LOOP('',(#4814,#4816,#4817,#4818));
#4820=FACE_OUTER_BOUND('',#4819,.F.);
#4821=ADVANCED_FACE('',(#4820),#4813,.F.);
#4822=CARTESIAN_POINT('',(8.E0,0.E0,-1.678106055385E1));
#4823=DIRECTION('',(0.E0,0.E0,-1.E0));
#4824=DIRECTION('',(0.E0,-1.E0,0.E0));
#4825=AXIS2_PLACEMENT_3D('',#4822,#4823,#4824);
#4826=CONICAL_SURFACE('',#4825,4.356235718967E-1,5.9E1);
#4828=ORIENTED_EDGE('',*,*,#4827,.T.);
#4830=ORIENTED_EDGE('',*,*,#4829,.F.);
#4831=ORIENTED_EDGE('',*,*,#4815,.T.);
#4832=EDGE_LOOP('',(#4828,#4830,#4831));
#4833=FACE_OUTER_BOUND('',#4832,.F.);
#4834=ADVANCED_FACE('',(#4833),#4826,.F.);
#4835=CARTESIAN_POINT('',(8.E0,0.E0,-1.678106055385E1));
#4836=DIRECTION('',(0.E0,0.E0,-1.E0));
#4837=DIRECTION('',(0.E0,-1.E0,0.E0));
#4838=AXIS2_PLACEMENT_3D('',#4835,#4836,#4837);
#4839=CONICAL_SURFACE('',#4838,4.356235718967E-1,5.9E1);
#4840=ORIENTED_EDGE('',*,*,#4827,.F.);
#4841=ORIENTED_EDGE('',*,*,#4804,.T.);
#4842=ORIENTED_EDGE('',*,*,#4829,.T.);
#4843=EDGE_LOOP('',(#4840,#4841,#4842));
#4844=FACE_OUTER_BOUND('',#4843,.F.);
#4845=ADVANCED_FACE('',(#4844),#4839,.F.);
#4846=CARTESIAN_POINT('',(5.656854249492E0,-5.656854249492E0,-1.885E1));
#4847=DIRECTION('',(0.E0,0.E0,-1.E0));
#4848=DIRECTION('',(-7.071067811865E-1,-7.071067811865E-1,0.E0));
#4849=AXIS2_PLACEMENT_3D('',#4846,#4847,#4848);
#4850=CONICAL_SURFACE('',#4849,9.5E-1,4.5E1);
#4851=ORIENTED_EDGE('',*,*,#4555,.F.);
#4853=ORIENTED_EDGE('',*,*,#4852,.T.);
#4855=ORIENTED_EDGE('',*,*,#4854,.T.);
#4857=ORIENTED_EDGE('',*,*,#4856,.F.);
#4858=EDGE_LOOP('',(#4851,#4853,#4855,#4857));
#4859=FACE_OUTER_BOUND('',#4858,.F.);
#4860=ADVANCED_FACE('',(#4859),#4850,.F.);
#4861=CARTESIAN_POINT('',(5.656854249492E0,-5.656854249492E0,-1.885E1));
#4862=DIRECTION('',(0.E0,0.E0,-1.E0));
#4863=DIRECTION('',(-7.071067811865E-1,-7.071067811865E-1,0.E0));
#4864=AXIS2_PLACEMENT_3D('',#4861,#4862,#4863);
#4865=CONICAL_SURFACE('',#4864,9.5E-1,4.5E1);
#4866=ORIENTED_EDGE('',*,*,#4557,.F.);
#4867=ORIENTED_EDGE('',*,*,#4856,.T.);
#4869=ORIENTED_EDGE('',*,*,#4868,.T.);
#4870=ORIENTED_EDGE('',*,*,#4852,.F.);
#4871=EDGE_LOOP('',(#4866,#4867,#4869,#4870));
#4872=FACE_OUTER_BOUND('',#4871,.F.);
#4873=ADVANCED_FACE('',(#4872),#4865,.F.);
#4874=CARTESIAN_POINT('',(5.656854249492E0,-5.656854249492E0,
-1.639527708002E1));
#4875=DIRECTION('',(0.E0,0.E0,-1.E0));
#4876=DIRECTION('',(-7.071067811865E-1,-7.071067811865E-1,0.E0));
#4877=AXIS2_PLACEMENT_3D('',#4874,#4875,#4876);
#4878=CYLINDRICAL_SURFACE('',#4877,8.E-1);
#4880=ORIENTED_EDGE('',*,*,#4879,.F.);
#4881=ORIENTED_EDGE('',*,*,#4868,.F.);
#4883=ORIENTED_EDGE('',*,*,#4882,.T.);
#4885=ORIENTED_EDGE('',*,*,#4884,.F.);
#4886=EDGE_LOOP('',(#4880,#4881,#4883,#4885));
#4887=FACE_OUTER_BOUND('',#4886,.F.);
#4888=ADVANCED_FACE('',(#4887),#4878,.F.);
#4889=CARTESIAN_POINT('',(5.656854249492E0,-5.656854249492E0,
-1.639527708002E1));
#4890=DIRECTION('',(0.E0,0.E0,-1.E0));
#4891=DIRECTION('',(-7.071067811865E-1,-7.071067811865E-1,0.E0));
#4892=AXIS2_PLACEMENT_3D('',#4889,#4890,#4891);
#4893=CYLINDRICAL_SURFACE('',#4892,8.E-1);
#4894=ORIENTED_EDGE('',*,*,#4879,.T.);
#4896=ORIENTED_EDGE('',*,*,#4895,.F.);
#4897=ORIENTED_EDGE('',*,*,#4882,.F.);
#4898=ORIENTED_EDGE('',*,*,#4854,.F.);
#4899=EDGE_LOOP('',(#4894,#4896,#4897,#4898));
#4900=FACE_OUTER_BOUND('',#4899,.F.);
#4901=ADVANCED_FACE('',(#4900),#4893,.F.);
#4902=CARTESIAN_POINT('',(5.656854249492E0,-5.656854249492E0,
-1.678106055385E1));
#4903=DIRECTION('',(0.E0,0.E0,-1.E0));
#4904=DIRECTION('',(-7.071067811865E-1,-7.071067811865E-1,0.E0));
#4905=AXIS2_PLACEMENT_3D('',#4902,#4903,#4904);
#4906=CONICAL_SURFACE('',#4905,4.356235718967E-1,5.9E1);
#4908=ORIENTED_EDGE('',*,*,#4907,.T.);
#4910=ORIENTED_EDGE('',*,*,#4909,.F.);
#4911=ORIENTED_EDGE('',*,*,#4895,.T.);
#4912=EDGE_LOOP('',(#4908,#4910,#4911));
#4913=FACE_OUTER_BOUND('',#4912,.F.);
#4914=ADVANCED_FACE('',(#4913),#4906,.F.);
#4915=CARTESIAN_POINT('',(5.656854249492E0,-5.656854249492E0,
-1.678106055385E1));
#4916=DIRECTION('',(0.E0,0.E0,-1.E0));
#4917=DIRECTION('',(-7.071067811865E-1,-7.071067811865E-1,0.E0));
#4918=AXIS2_PLACEMENT_3D('',#4915,#4916,#4917);
#4919=CONICAL_SURFACE('',#4918,4.356235718967E-1,5.9E1);
#4920=ORIENTED_EDGE('',*,*,#4907,.F.);
#4921=ORIENTED_EDGE('',*,*,#4884,.T.);
#4922=ORIENTED_EDGE('',*,*,#4909,.T.);
#4923=EDGE_LOOP('',(#4920,#4921,#4922));
#4924=FACE_OUTER_BOUND('',#4923,.F.);
#4925=ADVANCED_FACE('',(#4924),#4919,.F.);
#4926=CARTESIAN_POINT('',(0.E0,-8.E0,-1.885E1));
#4927=DIRECTION('',(0.E0,0.E0,-1.E0));
#4928=DIRECTION('',(-1.E0,0.E0,0.E0));
#4929=AXIS2_PLACEMENT_3D('',#4926,#4927,#4928);
#4930=CONICAL_SURFACE('',#4929,9.5E-1,4.5E1);
#4931=ORIENTED_EDGE('',*,*,#4561,.F.);
#4933=ORIENTED_EDGE('',*,*,#4932,.T.);
#4935=ORIENTED_EDGE('',*,*,#4934,.T.);
#4937=ORIENTED_EDGE('',*,*,#4936,.F.);
#4938=EDGE_LOOP('',(#4931,#4933,#4935,#4937));
#4939=FACE_OUTER_BOUND('',#4938,.F.);
#4940=ADVANCED_FACE('',(#4939),#4930,.F.);
#4941=CARTESIAN_POINT('',(0.E0,-8.E0,-1.885E1));
#4942=DIRECTION('',(0.E0,0.E0,-1.E0));
#4943=DIRECTION('',(-1.E0,0.E0,0.E0));
#4944=AXIS2_PLACEMENT_3D('',#4941,#4942,#4943);
#4945=CONICAL_SURFACE('',#4944,9.5E-1,4.5E1);
#4946=ORIENTED_EDGE('',*,*,#4563,.F.);
#4947=ORIENTED_EDGE('',*,*,#4936,.T.);
#4949=ORIENTED_EDGE('',*,*,#4948,.T.);
#4950=ORIENTED_EDGE('',*,*,#4932,.F.);
#4951=EDGE_LOOP('',(#4946,#4947,#4949,#4950));
#4952=FACE_OUTER_BOUND('',#4951,.F.);
#4953=ADVANCED_FACE('',(#4952),#4945,.F.);
#4954=CARTESIAN_POINT('',(0.E0,-8.E0,-1.639527708002E1));
#4955=DIRECTION('',(0.E0,0.E0,-1.E0));
#4956=DIRECTION('',(-1.E0,0.E0,0.E0));
#4957=AXIS2_PLACEMENT_3D('',#4954,#4955,#4956);
#4958=CYLINDRICAL_SURFACE('',#4957,8.E-1);
#4960=ORIENTED_EDGE('',*,*,#4959,.F.);
#4961=ORIENTED_EDGE('',*,*,#4948,.F.);
#4963=ORIENTED_EDGE('',*,*,#4962,.T.);
#4965=ORIENTED_EDGE('',*,*,#4964,.F.);
#4966=EDGE_LOOP('',(#4960,#4961,#4963,#4965));
#4967=FACE_OUTER_BOUND('',#4966,.F.);
#4968=ADVANCED_FACE('',(#4967),#4958,.F.);
#4969=CARTESIAN_POINT('',(0.E0,-8.E0,-1.639527708002E1));
#4970=DIRECTION('',(0.E0,0.E0,-1.E0));
#4971=DIRECTION('',(-1.E0,0.E0,0.E0));
#4972=AXIS2_PLACEMENT_3D('',#4969,#4970,#4971);
#4973=CYLINDRICAL_SURFACE('',#4972,8.E-1);
#4974=ORIENTED_EDGE('',*,*,#4959,.T.);
#4976=ORIENTED_EDGE('',*,*,#4975,.F.);
#4977=ORIENTED_EDGE('',*,*,#4962,.F.);
#4978=ORIENTED_EDGE('',*,*,#4934,.F.);
#4979=EDGE_LOOP('',(#4974,#4976,#4977,#4978));
#4980=FACE_OUTER_BOUND('',#4979,.F.);
#4981=ADVANCED_FACE('',(#4980),#4973,.F.);
#4982=CARTESIAN_POINT('',(0.E0,-8.E0,-1.678106055385E1));
#4983=DIRECTION('',(0.E0,0.E0,-1.E0));
#4984=DIRECTION('',(-1.E0,0.E0,0.E0));
#4985=AXIS2_PLACEMENT_3D('',#4982,#4983,#4984);
#4986=CONICAL_SURFACE('',#4985,4.356235718967E-1,5.9E1);
#4988=ORIENTED_EDGE('',*,*,#4987,.T.);
#4990=ORIENTED_EDGE('',*,*,#4989,.F.);
#4991=ORIENTED_EDGE('',*,*,#4975,.T.);
#4992=EDGE_LOOP('',(#4988,#4990,#4991));
#4993=FACE_OUTER_BOUND('',#4992,.F.);
#4994=ADVANCED_FACE('',(#4993),#4986,.F.);
#4995=CARTESIAN_POINT('',(0.E0,-8.E0,-1.678106055385E1));
#4996=DIRECTION('',(0.E0,0.E0,-1.E0));
#4997=DIRECTION('',(-1.E0,0.E0,0.E0));
#4998=AXIS2_PLACEMENT_3D('',#4995,#4996,#4997);
#4999=CONICAL_SURFACE('',#4998,4.356235718967E-1,5.9E1);
#5000=ORIENTED_EDGE('',*,*,#4987,.F.);
#5001=ORIENTED_EDGE('',*,*,#4964,.T.);
#5002=ORIENTED_EDGE('',*,*,#4989,.T.);
#5003=EDGE_LOOP('',(#5000,#5001,#5002));
#5004=FACE_OUTER_BOUND('',#5003,.F.);
#5005=ADVANCED_FACE('',(#5004),#4999,.F.);
#5006=CARTESIAN_POINT('',(-5.656854249492E0,-5.656854249492E0,-1.885E1));
#5007=DIRECTION('',(0.E0,0.E0,-1.E0));
#5008=DIRECTION('',(-7.071067811865E-1,7.071067811865E-1,0.E0));
#5009=AXIS2_PLACEMENT_3D('',#5006,#5007,#5008);
#5010=CONICAL_SURFACE('',#5009,9.5E-1,4.5E1);
#5011=ORIENTED_EDGE('',*,*,#4567,.F.);
#5013=ORIENTED_EDGE('',*,*,#5012,.T.);
#5015=ORIENTED_EDGE('',*,*,#5014,.T.);
#5017=ORIENTED_EDGE('',*,*,#5016,.F.);
#5018=EDGE_LOOP('',(#5011,#5013,#5015,#5017));
#5019=FACE_OUTER_BOUND('',#5018,.F.);
#5020=ADVANCED_FACE('',(#5019),#5010,.F.);
#5021=CARTESIAN_POINT('',(-5.656854249492E0,-5.656854249492E0,-1.885E1));
#5022=DIRECTION('',(0.E0,0.E0,-1.E0));
#5023=DIRECTION('',(-7.071067811865E-1,7.071067811865E-1,0.E0));
#5024=AXIS2_PLACEMENT_3D('',#5021,#5022,#5023);
#5025=CONICAL_SURFACE('',#5024,9.5E-1,4.5E1);
#5026=ORIENTED_EDGE('',*,*,#4569,.F.);
#5027=ORIENTED_EDGE('',*,*,#5016,.T.);
#5029=ORIENTED_EDGE('',*,*,#5028,.T.);
#5030=ORIENTED_EDGE('',*,*,#5012,.F.);
#5031=EDGE_LOOP('',(#5026,#5027,#5029,#5030));
#5032=FACE_OUTER_BOUND('',#5031,.F.);
#5033=ADVANCED_FACE('',(#5032),#5025,.F.);
#5034=CARTESIAN_POINT('',(-5.656854249492E0,-5.656854249492E0,
-1.639527708002E1));
#5035=DIRECTION('',(0.E0,0.E0,-1.E0));
#5036=DIRECTION('',(-7.071067811865E-1,7.071067811865E-1,0.E0));
#5037=AXIS2_PLACEMENT_3D('',#5034,#5035,#5036);
#5038=CYLINDRICAL_SURFACE('',#5037,8.E-1);
#5040=ORIENTED_EDGE('',*,*,#5039,.F.);
#5041=ORIENTED_EDGE('',*,*,#5028,.F.);
#5043=ORIENTED_EDGE('',*,*,#5042,.T.);
#5045=ORIENTED_EDGE('',*,*,#5044,.F.);
#5046=EDGE_LOOP('',(#5040,#5041,#5043,#5045));
#5047=FACE_OUTER_BOUND('',#5046,.F.);
#5048=ADVANCED_FACE('',(#5047),#5038,.F.);
#5049=CARTESIAN_POINT('',(-5.656854249492E0,-5.656854249492E0,
-1.639527708002E1));
#5050=DIRECTION('',(0.E0,0.E0,-1.E0));
#5051=DIRECTION('',(-7.071067811865E-1,7.071067811865E-1,0.E0));
#5052=AXIS2_PLACEMENT_3D('',#5049,#5050,#5051);
#5053=CYLINDRICAL_SURFACE('',#5052,8.E-1);
#5054=ORIENTED_EDGE('',*,*,#5039,.T.);
#5056=ORIENTED_EDGE('',*,*,#5055,.F.);
#5057=ORIENTED_EDGE('',*,*,#5042,.F.);
#5058=ORIENTED_EDGE('',*,*,#5014,.F.);
#5059=EDGE_LOOP('',(#5054,#5056,#5057,#5058));
#5060=FACE_OUTER_BOUND('',#5059,.F.);
#5061=ADVANCED_FACE('',(#5060),#5053,.F.);
#5062=CARTESIAN_POINT('',(-5.656854249492E0,-5.656854249492E0,
-1.678106055385E1));
#5063=DIRECTION('',(0.E0,0.E0,-1.E0));
#5064=DIRECTION('',(-7.071067811865E-1,7.071067811865E-1,0.E0));
#5065=AXIS2_PLACEMENT_3D('',#5062,#5063,#5064);
#5066=CONICAL_SURFACE('',#5065,4.356235718967E-1,5.9E1);
#5068=ORIENTED_EDGE('',*,*,#5067,.T.);
#5070=ORIENTED_EDGE('',*,*,#5069,.F.);
#5071=ORIENTED_EDGE('',*,*,#5055,.T.);
#5072=EDGE_LOOP('',(#5068,#5070,#5071));
#5073=FACE_OUTER_BOUND('',#5072,.F.);
#5074=ADVANCED_FACE('',(#5073),#5066,.F.);
#5075=CARTESIAN_POINT('',(-5.656854249492E0,-5.656854249492E0,
-1.678106055385E1));
#5076=DIRECTION('',(0.E0,0.E0,-1.E0));
#5077=DIRECTION('',(-7.071067811865E-1,7.071067811865E-1,0.E0));
#5078=AXIS2_PLACEMENT_3D('',#5075,#5076,#5077);
#5079=CONICAL_SURFACE('',#5078,4.356235718967E-1,5.9E1);
#5080=ORIENTED_EDGE('',*,*,#5067,.F.);
#5081=ORIENTED_EDGE('',*,*,#5044,.T.);
#5082=ORIENTED_EDGE('',*,*,#5069,.T.);
#5083=EDGE_LOOP('',(#5080,#5081,#5082));
#5084=FACE_OUTER_BOUND('',#5083,.F.);
#5085=ADVANCED_FACE('',(#5084),#5079,.F.);
#5086=CARTESIAN_POINT('',(-8.E0,0.E0,-1.885E1));
#5087=DIRECTION('',(0.E0,0.E0,-1.E0));
#5088=DIRECTION('',(0.E0,1.E0,0.E0));
#5089=AXIS2_PLACEMENT_3D('',#5086,#5087,#5088);
#5090=CONICAL_SURFACE('',#5089,9.5E-1,4.5E1);
#5091=ORIENTED_EDGE('',*,*,#4573,.F.);
#5093=ORIENTED_EDGE('',*,*,#5092,.T.);
#5095=ORIENTED_EDGE('',*,*,#5094,.T.);
#5097=ORIENTED_EDGE('',*,*,#5096,.F.);
#5098=EDGE_LOOP('',(#5091,#5093,#5095,#5097));
#5099=FACE_OUTER_BOUND('',#5098,.F.);
#5100=ADVANCED_FACE('',(#5099),#5090,.F.);
#5101=CARTESIAN_POINT('',(-8.E0,0.E0,-1.885E1));
#5102=DIRECTION('',(0.E0,0.E0,-1.E0));
#5103=DIRECTION('',(0.E0,1.E0,0.E0));
#5104=AXIS2_PLACEMENT_3D('',#5101,#5102,#5103);
#5105=CONICAL_SURFACE('',#5104,9.5E-1,4.5E1);
#5106=ORIENTED_EDGE('',*,*,#4575,.F.);
#5107=ORIENTED_EDGE('',*,*,#5096,.T.);
#5109=ORIENTED_EDGE('',*,*,#5108,.T.);
#5110=ORIENTED_EDGE('',*,*,#5092,.F.);
#5111=EDGE_LOOP('',(#5106,#5107,#5109,#5110));
#5112=FACE_OUTER_BOUND('',#5111,.F.);
#5113=ADVANCED_FACE('',(#5112),#5105,.F.);
#5114=CARTESIAN_POINT('',(-8.E0,0.E0,-1.639527708002E1));
#5115=DIRECTION('',(0.E0,0.E0,-1.E0));
#5116=DIRECTION('',(0.E0,1.E0,0.E0));
#5117=AXIS2_PLACEMENT_3D('',#5114,#5115,#5116);
#5118=CYLINDRICAL_SURFACE('',#5117,8.E-1);
#5120=ORIENTED_EDGE('',*,*,#5119,.F.);
#5121=ORIENTED_EDGE('',*,*,#5108,.F.);
#5123=ORIENTED_EDGE('',*,*,#5122,.T.);
#5125=ORIENTED_EDGE('',*,*,#5124,.F.);
#5126=EDGE_LOOP('',(#5120,#5121,#5123,#5125));
#5127=FACE_OUTER_BOUND('',#5126,.F.);
#5128=ADVANCED_FACE('',(#5127),#5118,.F.);
#5129=CARTESIAN_POINT('',(-8.E0,0.E0,-1.639527708002E1));
#5130=DIRECTION('',(0.E0,0.E0,-1.E0));
#5131=DIRECTION('',(0.E0,1.E0,0.E0));
#5132=AXIS2_PLACEMENT_3D('',#5129,#5130,#5131);
#5133=CYLINDRICAL_SURFACE('',#5132,8.E-1);
#5134=ORIENTED_EDGE('',*,*,#5119,.T.);
#5136=ORIENTED_EDGE('',*,*,#5135,.F.);
#5137=ORIENTED_EDGE('',*,*,#5122,.F.);
#5138=ORIENTED_EDGE('',*,*,#5094,.F.);
#5139=EDGE_LOOP('',(#5134,#5136,#5137,#5138));
#5140=FACE_OUTER_BOUND('',#5139,.F.);
#5141=ADVANCED_FACE('',(#5140),#5133,.F.);
#5142=CARTESIAN_POINT('',(-8.E0,0.E0,-1.678106055385E1));
#5143=DIRECTION('',(0.E0,0.E0,-1.E0));
#5144=DIRECTION('',(0.E0,1.E0,0.E0));
#5145=AXIS2_PLACEMENT_3D('',#5142,#5143,#5144);
#5146=CONICAL_SURFACE('',#5145,4.356235718967E-1,5.9E1);
#5148=ORIENTED_EDGE('',*,*,#5147,.T.);
#5150=ORIENTED_EDGE('',*,*,#5149,.F.);
#5151=ORIENTED_EDGE('',*,*,#5135,.T.);
#5152=EDGE_LOOP('',(#5148,#5150,#5151));
#5153=FACE_OUTER_BOUND('',#5152,.F.);
#5154=ADVANCED_FACE('',(#5153),#5146,.F.);
#5155=CARTESIAN_POINT('',(-8.E0,0.E0,-1.678106055385E1));
#5156=DIRECTION('',(0.E0,0.E0,-1.E0));
#5157=DIRECTION('',(0.E0,1.E0,0.E0));
#5158=AXIS2_PLACEMENT_3D('',#5155,#5156,#5157);
#5159=CONICAL_SURFACE('',#5158,4.356235718967E-1,5.9E1);
#5160=ORIENTED_EDGE('',*,*,#5147,.F.);
#5161=ORIENTED_EDGE('',*,*,#5124,.T.);
#5162=ORIENTED_EDGE('',*,*,#5149,.T.);
#5163=EDGE_LOOP('',(#5160,#5161,#5162));
#5164=FACE_OUTER_BOUND('',#5163,.F.);
#5165=ADVANCED_FACE('',(#5164),#5159,.F.);
#5166=CARTESIAN_POINT('',(-5.656854249492E0,5.656854249492E0,-1.885E1));
#5167=DIRECTION('',(0.E0,0.E0,-1.E0));
#5168=DIRECTION('',(7.071067811865E-1,7.071067811865E-1,0.E0));
#5169=AXIS2_PLACEMENT_3D('',#5166,#5167,#5168);
#5170=CONICAL_SURFACE('',#5169,9.5E-1,4.5E1);
#5171=ORIENTED_EDGE('',*,*,#4579,.F.);
#5173=ORIENTED_EDGE('',*,*,#5172,.T.);
#5175=ORIENTED_EDGE('',*,*,#5174,.T.);
#5177=ORIENTED_EDGE('',*,*,#5176,.F.);
#5178=EDGE_LOOP('',(#5171,#5173,#5175,#5177));
#5179=FACE_OUTER_BOUND('',#5178,.F.);
#5180=ADVANCED_FACE('',(#5179),#5170,.F.);
#5181=CARTESIAN_POINT('',(-5.656854249492E0,5.656854249492E0,-1.885E1));
#5182=DIRECTION('',(0.E0,0.E0,-1.E0));
#5183=DIRECTION('',(7.071067811865E-1,7.071067811865E-1,0.E0));
#5184=AXIS2_PLACEMENT_3D('',#5181,#5182,#5183);
#5185=CONICAL_SURFACE('',#5184,9.5E-1,4.5E1);
#5186=ORIENTED_EDGE('',*,*,#4581,.F.);
#5187=ORIENTED_EDGE('',*,*,#5176,.T.);
#5189=ORIENTED_EDGE('',*,*,#5188,.T.);
#5190=ORIENTED_EDGE('',*,*,#5172,.F.);
#5191=EDGE_LOOP('',(#5186,#5187,#5189,#5190));
#5192=FACE_OUTER_BOUND('',#5191,.F.);
#5193=ADVANCED_FACE('',(#5192),#5185,.F.);
#5194=CARTESIAN_POINT('',(-5.656854249492E0,5.656854249492E0,
-1.639527708002E1));
#5195=DIRECTION('',(0.E0,0.E0,-1.E0));
#5196=DIRECTION('',(7.071067811865E-1,7.071067811865E-1,0.E0));
#5197=AXIS2_PLACEMENT_3D('',#5194,#5195,#5196);
#5198=CYLINDRICAL_SURFACE('',#5197,8.E-1);
#5200=ORIENTED_EDGE('',*,*,#5199,.F.);
#5201=ORIENTED_EDGE('',*,*,#5188,.F.);
#5203=ORIENTED_EDGE('',*,*,#5202,.T.);
#5205=ORIENTED_EDGE('',*,*,#5204,.F.);
#5206=EDGE_LOOP('',(#5200,#5201,#5203,#5205));
#5207=FACE_OUTER_BOUND('',#5206,.F.);
#5208=ADVANCED_FACE('',(#5207),#5198,.F.);
#5209=CARTESIAN_POINT('',(-5.656854249492E0,5.656854249492E0,
-1.639527708002E1));
#5210=DIRECTION('',(0.E0,0.E0,-1.E0));
#5211=DIRECTION('',(7.071067811865E-1,7.071067811865E-1,0.E0));
#5212=AXIS2_PLACEMENT_3D('',#5209,#5210,#5211);
#5213=CYLINDRICAL_SURFACE('',#5212,8.E-1);
#5214=ORIENTED_EDGE('',*,*,#5199,.T.);
#5216=ORIENTED_EDGE('',*,*,#5215,.F.);
#5217=ORIENTED_EDGE('',*,*,#5202,.F.);
#5218=ORIENTED_EDGE('',*,*,#5174,.F.);
#5219=EDGE_LOOP('',(#5214,#5216,#5217,#5218));
#5220=FACE_OUTER_BOUND('',#5219,.F.);
#5221=ADVANCED_FACE('',(#5220),#5213,.F.);
#5222=CARTESIAN_POINT('',(-5.656854249492E0,5.656854249492E0,
-1.678106055385E1));
#5223=DIRECTION('',(0.E0,0.E0,-1.E0));
#5224=DIRECTION('',(7.071067811865E-1,7.071067811865E-1,0.E0));
#5225=AXIS2_PLACEMENT_3D('',#5222,#5223,#5224);
#5226=CONICAL_SURFACE('',#5225,4.356235718967E-1,5.9E1);
#5228=ORIENTED_EDGE('',*,*,#5227,.T.);
#5230=ORIENTED_EDGE('',*,*,#5229,.F.);
#5231=ORIENTED_EDGE('',*,*,#5215,.T.);
#5232=EDGE_LOOP('',(#5228,#5230,#5231));
#5233=FACE_OUTER_BOUND('',#5232,.F.);
#5234=ADVANCED_FACE('',(#5233),#5226,.F.);
#5235=CARTESIAN_POINT('',(-5.656854249492E0,5.656854249492E0,
-1.678106055385E1));
#5236=DIRECTION('',(0.E0,0.E0,-1.E0));
#5237=DIRECTION('',(7.071067811865E-1,7.071067811865E-1,0.E0));
#5238=AXIS2_PLACEMENT_3D('',#5235,#5236,#5237);
#5239=CONICAL_SURFACE('',#5238,4.356235718967E-1,5.9E1);
#5240=ORIENTED_EDGE('',*,*,#5227,.F.);
#5241=ORIENTED_EDGE('',*,*,#5204,.T.);
#5242=ORIENTED_EDGE('',*,*,#5229,.T.);
#5243=EDGE_LOOP('',(#5240,#5241,#5242));
#5244=FACE_OUTER_BOUND('',#5243,.F.);
#5245=ADVANCED_FACE('',(#5244),#5239,.F.);
#5246=CARTESIAN_POINT('',(0.E0,0.E0,-1.9E1));
#5247=DIRECTION('',(0.E0,0.E0,-1.E0));
#5248=DIRECTION('',(-1.E0,0.E0,0.E0));
#5249=AXIS2_PLACEMENT_3D('',#5246,#5247,#5248);
#5250=CYLINDRICAL_SURFACE('',#5249,6.1E0);
#5251=ORIENTED_EDGE('',*,*,#4585,.F.);
#5253=ORIENTED_EDGE('',*,*,#5252,.F.);
#5255=ORIENTED_EDGE('',*,*,#5254,.F.);
#5257=ORIENTED_EDGE('',*,*,#5256,.T.);
#5258=EDGE_LOOP('',(#5251,#5253,#5255,#5257));
#5259=FACE_OUTER_BOUND('',#5258,.F.);
#5260=ADVANCED_FACE('',(#5259),#5250,.F.);
#5261=CARTESIAN_POINT('',(0.E0,0.E0,-1.9E1));
#5262=DIRECTION('',(0.E0,0.E0,-1.E0));
#5263=DIRECTION('',(-1.E0,0.E0,0.E0));
#5264=AXIS2_PLACEMENT_3D('',#5261,#5262,#5263);
#5265=CYLINDRICAL_SURFACE('',#5264,6.1E0);
#5266=ORIENTED_EDGE('',*,*,#4587,.F.);
#5267=ORIENTED_EDGE('',*,*,#5256,.F.);
#5269=ORIENTED_EDGE('',*,*,#5268,.F.);
#5270=ORIENTED_EDGE('',*,*,#5252,.T.);
#5271=EDGE_LOOP('',(#5266,#5267,#5269,#5270));
#5272=FACE_OUTER_BOUND('',#5271,.F.);
#5273=ADVANCED_FACE('',(#5272),#5265,.F.);
#5274=CARTESIAN_POINT('',(0.E0,0.E0,-1.85E1));
#5275=DIRECTION('',(0.E0,0.E0,-1.E0));
#5276=DIRECTION('',(-1.E0,0.E0,0.E0));
#5277=AXIS2_PLACEMENT_3D('',#5274,#5275,#5276);
#5278=PLANE('',#5277);
#5279=ORIENTED_EDGE('',*,*,#5254,.T.);
#5280=ORIENTED_EDGE('',*,*,#5268,.T.);
#5281=EDGE_LOOP('',(#5279,#5280));
#5282=FACE_OUTER_BOUND('',#5281,.F.);
#5283=ADVANCED_FACE('',(#5282),#5278,.T.);
#5284=CARTESIAN_POINT('',(-5.65E0,-8.E0,-1.7E1));
#5285=DIRECTION('',(-1.E0,0.E0,0.E0));
#5286=DIRECTION('',(0.E0,1.E0,0.E0));
#5287=AXIS2_PLACEMENT_3D('',#5284,#5285,#5286);
#5288=PLANE('',#5287);
#5289=ORIENTED_EDGE('',*,*,#4263,.F.);
#5291=ORIENTED_EDGE('',*,*,#5290,.T.);
#5293=ORIENTED_EDGE('',*,*,#5292,.T.);
#5294=ORIENTED_EDGE('',*,*,#4491,.F.);
#5295=EDGE_LOOP('',(#5289,#5291,#5293,#5294));
#5296=FACE_OUTER_BOUND('',#5295,.F.);
#5297=ADVANCED_FACE('',(#5296),#5288,.F.);
#5298=CARTESIAN_POINT('',(-1.71E1,-8.E0,-1.7E1));
#5299=DIRECTION('',(0.E0,1.E0,0.E0));
#5300=DIRECTION('',(0.E0,0.E0,1.E0));
#5301=AXIS2_PLACEMENT_3D('',#5298,#5299,#5300);
#5302=PLANE('',#5301);
#5304=ORIENTED_EDGE('',*,*,#5303,.T.);
#5306=ORIENTED_EDGE('',*,*,#5305,.F.);
#5307=ORIENTED_EDGE('',*,*,#5290,.F.);
#5308=ORIENTED_EDGE('',*,*,#4261,.F.);
#5310=ORIENTED_EDGE('',*,*,#5309,.T.);
#5312=ORIENTED_EDGE('',*,*,#5311,.T.);
#5314=ORIENTED_EDGE('',*,*,#5313,.T.);
#5316=ORIENTED_EDGE('',*,*,#5315,.F.);
#5318=ORIENTED_EDGE('',*,*,#5317,.T.);
#5320=ORIENTED_EDGE('',*,*,#5319,.T.);
#5322=ORIENTED_EDGE('',*,*,#5321,.T.);
#5324=ORIENTED_EDGE('',*,*,#5323,.T.);
#5326=ORIENTED_EDGE('',*,*,#5325,.T.);
#5328=ORIENTED_EDGE('',*,*,#5327,.T.);
#5330=ORIENTED_EDGE('',*,*,#5329,.T.);
#5331=ORIENTED_EDGE('',*,*,#4460,.F.);
#5333=ORIENTED_EDGE('',*,*,#5332,.T.);
#5335=ORIENTED_EDGE('',*,*,#5334,.F.);
#5336=EDGE_LOOP('',(#5304,#5306,#5307,#5308,#5310,#5312,#5314,#5316,#5318,#5320,
#5322,#5324,#5326,#5328,#5330,#5331,#5333,#5335));
#5337=FACE_OUTER_BOUND('',#5336,.F.);
#5338=ADVANCED_FACE('',(#5337),#5302,.F.);
#5339=CARTESIAN_POINT('',(0.E0,0.E0,-1.6E1));
#5340=DIRECTION('',(0.E0,0.E0,-1.E0));
#5341=DIRECTION('',(0.E0,-1.E0,0.E0));
#5342=AXIS2_PLACEMENT_3D('',#5339,#5340,#5341);
#5343=PLANE('',#5342);
#5344=ORIENTED_EDGE('',*,*,#5303,.F.);
#5345=ORIENTED_EDGE('',*,*,#4495,.T.);
#5346=EDGE_LOOP('',(#5344,#5345));
#5347=FACE_OUTER_BOUND('',#5346,.F.);
#5348=ADVANCED_FACE('',(#5347),#5343,.F.);
#5349=CARTESIAN_POINT('',(0.E0,0.E0,-1.6E1));
#5350=DIRECTION('',(0.E0,0.E0,-1.E0));
#5351=DIRECTION('',(-1.E0,0.E0,0.E0));
#5352=AXIS2_PLACEMENT_3D('',#5349,#5350,#5351);
#5353=PLANE('',#5352);
#5354=ORIENTED_EDGE('',*,*,#4493,.T.);
#5355=ORIENTED_EDGE('',*,*,#5292,.F.);
#5356=ORIENTED_EDGE('',*,*,#5305,.T.);
#5357=EDGE_LOOP('',(#5354,#5355,#5356));
#5358=FACE_OUTER_BOUND('',#5357,.F.);
#5359=ADVANCED_FACE('',(#5358),#5353,.T.);
#5360=CARTESIAN_POINT('',(-1.405E1,6.25E-1,-1.68E1));
#5361=DIRECTION('',(-7.071067811865E-1,0.E0,-7.071067811865E-1));
#5362=DIRECTION('',(-7.071067811865E-1,0.E0,7.071067811865E-1));
#5363=AXIS2_PLACEMENT_3D('',#5360,#5361,#5362);
#5364=PLANE('',#5363);
#5365=ORIENTED_EDGE('',*,*,#5309,.F.);
#5366=ORIENTED_EDGE('',*,*,#4259,.T.);
#5368=ORIENTED_EDGE('',*,*,#5367,.F.);
#5370=ORIENTED_EDGE('',*,*,#5369,.F.);
#5371=EDGE_LOOP('',(#5365,#5366,#5368,#5370));
#5372=FACE_OUTER_BOUND('',#5371,.F.);
#5373=ADVANCED_FACE('',(#5372),#5364,.T.);
#5374=CARTESIAN_POINT('',(-1.310857864376E1,1.010857864376E1,-1.68E1));
#5375=DIRECTION('',(-5.E-1,5.E-1,-7.071067811865E-1));
#5376=DIRECTION('',(-5.E-1,5.E-1,7.071067811866E-1));
#5377=AXIS2_PLACEMENT_3D('',#5374,#5375,#5376);
#5378=PLANE('',#5377);
#5380=ORIENTED_EDGE('',*,*,#5379,.F.);
#5381=ORIENTED_EDGE('',*,*,#5367,.T.);
#5382=ORIENTED_EDGE('',*,*,#4257,.F.);
#5383=ORIENTED_EDGE('',*,*,#4222,.F.);
#5384=EDGE_LOOP('',(#5380,#5381,#5382,#5383));
#5385=FACE_OUTER_BOUND('',#5384,.F.);
#5386=ADVANCED_FACE('',(#5385),#5378,.T.);
#5387=CARTESIAN_POINT('',(-1.325E1,1.025E1,-2.842170943040E-14));
#5388=DIRECTION('',(-7.071067811865E-1,7.071067811865E-1,0.E0));
#5389=DIRECTION('',(7.071067811865E-1,7.071067811865E-1,0.E0));
#5390=AXIS2_PLACEMENT_3D('',#5387,#5388,#5389);
#5391=PLANE('',#5390);
#5393=ORIENTED_EDGE('',*,*,#5392,.T.);
#5395=ORIENTED_EDGE('',*,*,#5394,.T.);
#5396=ORIENTED_EDGE('',*,*,#5379,.T.);
#5398=ORIENTED_EDGE('',*,*,#5397,.F.);
#5399=EDGE_LOOP('',(#5393,#5395,#5396,#5398));
#5400=FACE_OUTER_BOUND('',#5399,.F.);
#5401=ADVANCED_FACE('',(#5400),#5391,.T.);
#5402=CARTESIAN_POINT('',(-1.310857864376E1,1.010857864376E1,1.68E1));
#5403=DIRECTION('',(-5.E-1,5.E-1,7.071067811865E-1));
#5404=DIRECTION('',(-5.E-1,5.E-1,-7.071067811866E-1));
#5405=AXIS2_PLACEMENT_3D('',#5402,#5403,#5404);
#5406=PLANE('',#5405);
#5408=ORIENTED_EDGE('',*,*,#5407,.F.);
#5410=ORIENTED_EDGE('',*,*,#5409,.F.);
#5411=ORIENTED_EDGE('',*,*,#5392,.F.);
#5413=ORIENTED_EDGE('',*,*,#5412,.T.);
#5414=EDGE_LOOP('',(#5408,#5410,#5411,#5413));
#5415=FACE_OUTER_BOUND('',#5414,.F.);
#5416=ADVANCED_FACE('',(#5415),#5406,.T.);
#5417=CARTESIAN_POINT('',(0.E0,0.E0,1.7E1));
#5418=DIRECTION('',(0.E0,0.E0,1.E0));
#5419=DIRECTION('',(1.E0,0.E0,0.E0));
#5420=AXIS2_PLACEMENT_3D('',#5417,#5418,#5419);
#5421=PLANE('',#5420);
#5423=ORIENTED_EDGE('',*,*,#5422,.F.);
#5425=ORIENTED_EDGE('',*,*,#5424,.T.);
#5427=ORIENTED_EDGE('',*,*,#5426,.F.);
#5429=ORIENTED_EDGE('',*,*,#5428,.T.);
#5431=ORIENTED_EDGE('',*,*,#5430,.F.);
#5433=ORIENTED_EDGE('',*,*,#5432,.T.);
#5435=ORIENTED_EDGE('',*,*,#5434,.F.);
#5436=ORIENTED_EDGE('',*,*,#5407,.T.);
#5437=EDGE_LOOP('',(#5423,#5425,#5427,#5429,#5431,#5433,#5435,#5436));
#5438=FACE_OUTER_BOUND('',#5437,.F.);
#5440=ORIENTED_EDGE('',*,*,#5439,.T.);
#5442=ORIENTED_EDGE('',*,*,#5441,.T.);
#5443=EDGE_LOOP('',(#5440,#5442));
#5444=FACE_BOUND('',#5443,.F.);
#5446=ORIENTED_EDGE('',*,*,#5445,.T.);
#5448=ORIENTED_EDGE('',*,*,#5447,.T.);
#5449=EDGE_LOOP('',(#5446,#5448));
#5450=FACE_BOUND('',#5449,.F.);
#5452=ORIENTED_EDGE('',*,*,#5451,.T.);
#5454=ORIENTED_EDGE('',*,*,#5453,.T.);
#5455=EDGE_LOOP('',(#5452,#5454));
#5456=FACE_BOUND('',#5455,.F.);
#5458=ORIENTED_EDGE('',*,*,#5457,.T.);
#5460=ORIENTED_EDGE('',*,*,#5459,.T.);
#5461=EDGE_LOOP('',(#5458,#5460));
#5462=FACE_BOUND('',#5461,.F.);
#5464=ORIENTED_EDGE('',*,*,#5463,.T.);
#5466=ORIENTED_EDGE('',*,*,#5465,.T.);
#5467=EDGE_LOOP('',(#5464,#5466));
#5468=FACE_BOUND('',#5467,.F.);
#5470=ORIENTED_EDGE('',*,*,#5469,.T.);
#5472=ORIENTED_EDGE('',*,*,#5471,.T.);
#5473=EDGE_LOOP('',(#5470,#5472));
#5474=FACE_BOUND('',#5473,.F.);
#5476=ORIENTED_EDGE('',*,*,#5475,.T.);
#5478=ORIENTED_EDGE('',*,*,#5477,.T.);
#5479=EDGE_LOOP('',(#5476,#5478));
#5480=FACE_BOUND('',#5479,.F.);
#5481=ADVANCED_FACE('',(#5438,#5444,#5450,#5456,#5462,#5468,#5474,#5480),#5421,
.T.);
#5482=CARTESIAN_POINT('',(2.131628207280E-14,1.105E1,1.68E1));
#5483=DIRECTION('',(0.E0,7.071067811865E-1,7.071067811865E-1));
#5484=DIRECTION('',(0.E0,7.071067811865E-1,-7.071067811865E-1));
#5485=AXIS2_PLACEMENT_3D('',#5482,#5483,#5484);
#5486=PLANE('',#5485);
#5488=ORIENTED_EDGE('',*,*,#5487,.F.);
#5490=ORIENTED_EDGE('',*,*,#5489,.T.);
#5491=ORIENTED_EDGE('',*,*,#5422,.T.);
#5492=ORIENTED_EDGE('',*,*,#5412,.F.);
#5493=EDGE_LOOP('',(#5488,#5490,#5491,#5492));
#5494=FACE_OUTER_BOUND('',#5493,.F.);
#5495=ADVANCED_FACE('',(#5494),#5486,.T.);
#5496=CARTESIAN_POINT('',(1.425E1,1.125E1,-1.7E1));
#5497=DIRECTION('',(0.E0,1.E0,0.E0));
#5498=DIRECTION('',(-1.E0,0.E0,0.E0));
#5499=AXIS2_PLACEMENT_3D('',#5496,#5497,#5498);
#5500=PLANE('',#5499);
#5502=ORIENTED_EDGE('',*,*,#5501,.T.);
#5504=ORIENTED_EDGE('',*,*,#5503,.F.);
#5506=ORIENTED_EDGE('',*,*,#5505,.T.);
#5508=ORIENTED_EDGE('',*,*,#5507,.F.);
#5509=ORIENTED_EDGE('',*,*,#5487,.T.);
#5510=ORIENTED_EDGE('',*,*,#5397,.T.);
#5511=ORIENTED_EDGE('',*,*,#4220,.T.);
#5512=ORIENTED_EDGE('',*,*,#4241,.T.);
#5513=EDGE_LOOP('',(#5502,#5504,#5506,#5508,#5509,#5510,#5511,#5512));
#5514=FACE_OUTER_BOUND('',#5513,.F.);
#5516=ORIENTED_EDGE('',*,*,#5515,.T.);
#5518=ORIENTED_EDGE('',*,*,#5517,.T.);
#5519=EDGE_LOOP('',(#5516,#5518));
#5520=FACE_BOUND('',#5519,.F.);
#5522=ORIENTED_EDGE('',*,*,#5521,.T.);
#5524=ORIENTED_EDGE('',*,*,#5523,.T.);
#5525=EDGE_LOOP('',(#5522,#5524));
#5526=FACE_BOUND('',#5525,.F.);
#5527=ADVANCED_FACE('',(#5514,#5520,#5526),#5500,.T.);
#5528=CARTESIAN_POINT('',(0.E0,0.E0,-1.35E1));
#5529=DIRECTION('',(0.E0,0.E0,-1.E0));
#5530=DIRECTION('',(1.E0,0.E0,0.E0));
#5531=AXIS2_PLACEMENT_3D('',#5528,#5529,#5530);
#5532=PLANE('',#5531);
#5533=ORIENTED_EDGE('',*,*,#5501,.F.);
#5534=ORIENTED_EDGE('',*,*,#4239,.F.);
#5535=ORIENTED_EDGE('',*,*,#4444,.F.);
#5537=ORIENTED_EDGE('',*,*,#5536,.F.);
#5538=EDGE_LOOP('',(#5533,#5534,#5535,#5537));
#5539=FACE_OUTER_BOUND('',#5538,.F.);
#5540=ADVANCED_FACE('',(#5539),#5532,.T.);
#5541=CARTESIAN_POINT('',(3.5E0,1.125E1,-1.7E1));
#5542=DIRECTION('',(1.E0,0.E0,0.E0));
#5543=DIRECTION('',(0.E0,-1.E0,0.E0));
#5544=AXIS2_PLACEMENT_3D('',#5541,#5542,#5543);
#5545=PLANE('',#5544);
#5547=ORIENTED_EDGE('',*,*,#5546,.T.);
#5548=ORIENTED_EDGE('',*,*,#5503,.T.);
#5549=ORIENTED_EDGE('',*,*,#5536,.T.);
#5550=ORIENTED_EDGE('',*,*,#4442,.F.);
#5551=ORIENTED_EDGE('',*,*,#4468,.F.);
#5552=EDGE_LOOP('',(#5547,#5548,#5549,#5550,#5551));
#5553=FACE_OUTER_BOUND('',#5552,.F.);
#5554=ADVANCED_FACE('',(#5553),#5545,.F.);
#5555=CARTESIAN_POINT('',(7.875E0,1.105E1,-1.68E1));
#5556=DIRECTION('',(0.E0,7.071067811865E-1,-7.071067811865E-1));
#5557=DIRECTION('',(0.E0,7.071067811865E-1,7.071067811865E-1));
#5558=AXIS2_PLACEMENT_3D('',#5555,#5556,#5557);
#5559=PLANE('',#5558);
#5560=ORIENTED_EDGE('',*,*,#5505,.F.);
#5561=ORIENTED_EDGE('',*,*,#5546,.F.);
#5562=ORIENTED_EDGE('',*,*,#4466,.T.);
#5564=ORIENTED_EDGE('',*,*,#5563,.F.);
#5565=EDGE_LOOP('',(#5560,#5561,#5562,#5564));
#5566=FACE_OUTER_BOUND('',#5565,.F.);
#5567=ADVANCED_FACE('',(#5566),#5559,.T.);
#5568=CARTESIAN_POINT('',(1.310857864376E1,1.010857864376E1,-1.68E1));
#5569=DIRECTION('',(5.E-1,5.E-1,-7.071067811865E-1));
#5570=DIRECTION('',(5.E-1,5.E-1,7.071067811866E-1));
#5571=AXIS2_PLACEMENT_3D('',#5568,#5569,#5570);
#5572=PLANE('',#5571);
#5573=ORIENTED_EDGE('',*,*,#4464,.F.);
#5575=ORIENTED_EDGE('',*,*,#5574,.F.);
#5577=ORIENTED_EDGE('',*,*,#5576,.F.);
#5578=ORIENTED_EDGE('',*,*,#5563,.T.);
#5579=EDGE_LOOP('',(#5573,#5575,#5577,#5578));
#5580=FACE_OUTER_BOUND('',#5579,.F.);
#5581=ADVANCED_FACE('',(#5580),#5572,.T.);
#5582=CARTESIAN_POINT('',(1.405E1,6.25E-1,-1.68E1));
#5583=DIRECTION('',(7.071067811865E-1,0.E0,-7.071067811865E-1));
#5584=DIRECTION('',(7.071067811865E-1,0.E0,7.071067811865E-1));
#5585=AXIS2_PLACEMENT_3D('',#5582,#5583,#5584);
#5586=PLANE('',#5585);
#5587=ORIENTED_EDGE('',*,*,#5329,.F.);
#5589=ORIENTED_EDGE('',*,*,#5588,.F.);
#5590=ORIENTED_EDGE('',*,*,#5574,.T.);
#5591=ORIENTED_EDGE('',*,*,#4462,.T.);
#5592=EDGE_LOOP('',(#5587,#5589,#5590,#5591));
#5593=FACE_OUTER_BOUND('',#5592,.F.);
#5594=ADVANCED_FACE('',(#5593),#5586,.T.);
#5595=CARTESIAN_POINT('',(1.425E1,-3.525E1,-1.7E1));
#5596=DIRECTION('',(1.E0,0.E0,0.E0));
#5597=DIRECTION('',(0.E0,1.E0,0.E0));
#5598=AXIS2_PLACEMENT_3D('',#5595,#5596,#5597);
#5599=PLANE('',#5598);
#5601=ORIENTED_EDGE('',*,*,#5600,.T.);
#5603=ORIENTED_EDGE('',*,*,#5602,.T.);
#5604=ORIENTED_EDGE('',*,*,#5588,.T.);
#5605=ORIENTED_EDGE('',*,*,#5327,.F.);
#5607=ORIENTED_EDGE('',*,*,#5606,.F.);
#5609=ORIENTED_EDGE('',*,*,#5608,.F.);
#5611=ORIENTED_EDGE('',*,*,#5610,.T.);
#5613=ORIENTED_EDGE('',*,*,#5612,.F.);
#5614=EDGE_LOOP('',(#5601,#5603,#5604,#5605,#5607,#5609,#5611,#5613));
#5615=FACE_OUTER_BOUND('',#5614,.F.);
#5617=ORIENTED_EDGE('',*,*,#5616,.T.);
#5619=ORIENTED_EDGE('',*,*,#5618,.T.);
#5620=EDGE_LOOP('',(#5617,#5619));
#5621=FACE_BOUND('',#5620,.F.);
#5623=ORIENTED_EDGE('',*,*,#5622,.T.);
#5625=ORIENTED_EDGE('',*,*,#5624,.T.);
#5626=EDGE_LOOP('',(#5623,#5625));
#5627=FACE_BOUND('',#5626,.F.);
#5629=ORIENTED_EDGE('',*,*,#5628,.T.);
#5631=ORIENTED_EDGE('',*,*,#5630,.T.);
#5632=EDGE_LOOP('',(#5629,#5631));
#5633=FACE_BOUND('',#5632,.F.);
#5635=ORIENTED_EDGE('',*,*,#5634,.T.);
#5637=ORIENTED_EDGE('',*,*,#5636,.T.);
#5638=EDGE_LOOP('',(#5635,#5637));
#5639=FACE_BOUND('',#5638,.F.);
#5640=ADVANCED_FACE('',(#5615,#5621,#5627,#5633,#5639),#5599,.T.);
#5641=CARTESIAN_POINT('',(1.405E1,-1.2E1,1.68E1));
#5642=DIRECTION('',(7.071067811865E-1,0.E0,7.071067811865E-1));
#5643=DIRECTION('',(7.071067811865E-1,0.E0,-7.071067811865E-1));
#5644=AXIS2_PLACEMENT_3D('',#5641,#5642,#5643);
#5645=PLANE('',#5644);
#5646=ORIENTED_EDGE('',*,*,#5600,.F.);
#5648=ORIENTED_EDGE('',*,*,#5647,.T.);
#5649=ORIENTED_EDGE('',*,*,#5426,.T.);
#5651=ORIENTED_EDGE('',*,*,#5650,.F.);
#5652=EDGE_LOOP('',(#5646,#5648,#5649,#5651));
#5653=FACE_OUTER_BOUND('',#5652,.F.);
#5654=ADVANCED_FACE('',(#5653),#5645,.T.);
#5655=CARTESIAN_POINT('',(1.310857864376E1,-3.410857864376E1,1.68E1));
#5656=DIRECTION('',(5.E-1,-5.E-1,7.071067811865E-1));
#5657=DIRECTION('',(5.E-1,-5.E-1,-7.071067811866E-1));
#5658=AXIS2_PLACEMENT_3D('',#5655,#5656,#5657);
#5659=PLANE('',#5658);
#5661=ORIENTED_EDGE('',*,*,#5660,.F.);
#5663=ORIENTED_EDGE('',*,*,#5662,.T.);
#5664=ORIENTED_EDGE('',*,*,#5428,.F.);
#5665=ORIENTED_EDGE('',*,*,#5647,.F.);
#5666=EDGE_LOOP('',(#5661,#5663,#5664,#5665));
#5667=FACE_OUTER_BOUND('',#5666,.F.);
#5668=ADVANCED_FACE('',(#5667),#5659,.T.);
#5669=CARTESIAN_POINT('',(1.325E1,-3.425E1,-2.842170943040E-14));
#5670=DIRECTION('',(7.071067811865E-1,-7.071067811865E-1,0.E0));
#5671=DIRECTION('',(-7.071067811865E-1,-7.071067811865E-1,0.E0));
#5672=AXIS2_PLACEMENT_3D('',#5669,#5670,#5671);
#5673=PLANE('',#5672);
#5674=ORIENTED_EDGE('',*,*,#5660,.T.);
#5675=ORIENTED_EDGE('',*,*,#5612,.T.);
#5677=ORIENTED_EDGE('',*,*,#5676,.T.);
#5679=ORIENTED_EDGE('',*,*,#5678,.F.);
#5680=EDGE_LOOP('',(#5674,#5675,#5677,#5679));
#5681=FACE_OUTER_BOUND('',#5680,.F.);
#5682=ADVANCED_FACE('',(#5681),#5673,.T.);
#5683=CARTESIAN_POINT('',(1.310857864376E1,-3.410857864376E1,-1.68E1));
#5684=DIRECTION('',(5.E-1,-5.E-1,-7.071067811865E-1));
#5685=DIRECTION('',(5.E-1,-5.E-1,7.071067811866E-1));
#5686=AXIS2_PLACEMENT_3D('',#5683,#5684,#5685);
#5687=PLANE('',#5686);
#5689=ORIENTED_EDGE('',*,*,#5688,.F.);
#5691=ORIENTED_EDGE('',*,*,#5690,.F.);
#5692=ORIENTED_EDGE('',*,*,#5676,.F.);
#5694=ORIENTED_EDGE('',*,*,#5693,.T.);
#5695=EDGE_LOOP('',(#5689,#5691,#5692,#5694));
#5696=FACE_OUTER_BOUND('',#5695,.F.);
#5697=ADVANCED_FACE('',(#5696),#5687,.T.);
#5698=CARTESIAN_POINT('',(0.E0,0.E0,-1.7E1));
#5699=DIRECTION('',(0.E0,0.E0,1.E0));
#5700=DIRECTION('',(1.E0,0.E0,0.E0));
#5701=AXIS2_PLACEMENT_3D('',#5698,#5699,#5700);
#5702=PLANE('',#5701);
#5704=ORIENTED_EDGE('',*,*,#5703,.F.);
#5706=ORIENTED_EDGE('',*,*,#5705,.F.);
#5708=ORIENTED_EDGE('',*,*,#5707,.F.);
#5710=ORIENTED_EDGE('',*,*,#5709,.T.);
#5712=ORIENTED_EDGE('',*,*,#5711,.F.);
#5714=ORIENTED_EDGE('',*,*,#5713,.T.);
#5716=ORIENTED_EDGE('',*,*,#5715,.F.);
#5718=ORIENTED_EDGE('',*,*,#5717,.F.);
#5720=ORIENTED_EDGE('',*,*,#5719,.F.);
#5722=ORIENTED_EDGE('',*,*,#5721,.T.);
#5724=ORIENTED_EDGE('',*,*,#5723,.F.);
#5725=ORIENTED_EDGE('',*,*,#5688,.T.);
#5726=EDGE_LOOP('',(#5704,#5706,#5708,#5710,#5712,#5714,#5716,#5718,#5720,#5722,
#5724,#5725));
#5727=FACE_OUTER_BOUND('',#5726,.F.);
#5729=ORIENTED_EDGE('',*,*,#5728,.T.);
#5731=ORIENTED_EDGE('',*,*,#5730,.T.);
#5732=EDGE_LOOP('',(#5729,#5731));
#5733=FACE_BOUND('',#5732,.F.);
#5735=ORIENTED_EDGE('',*,*,#5734,.T.);
#5737=ORIENTED_EDGE('',*,*,#5736,.T.);
#5738=EDGE_LOOP('',(#5735,#5737));
#5739=FACE_BOUND('',#5738,.F.);
#5740=ADVANCED_FACE('',(#5727,#5733,#5739),#5702,.F.);
#5741=CARTESIAN_POINT('',(1.405E1,-2.7125E1,-1.68E1));
#5742=DIRECTION('',(7.071067811865E-1,0.E0,-7.071067811865E-1));
#5743=DIRECTION('',(7.071067811865E-1,0.E0,7.071067811865E-1));
#5744=AXIS2_PLACEMENT_3D('',#5741,#5742,#5743);
#5745=PLANE('',#5744);
#5747=ORIENTED_EDGE('',*,*,#5746,.F.);
#5748=ORIENTED_EDGE('',*,*,#5703,.T.);
#5749=ORIENTED_EDGE('',*,*,#5693,.F.);
#5750=ORIENTED_EDGE('',*,*,#5610,.F.);
#5751=EDGE_LOOP('',(#5747,#5748,#5749,#5750));
#5752=FACE_OUTER_BOUND('',#5751,.F.);
#5753=ADVANCED_FACE('',(#5752),#5745,.T.);
#5754=CARTESIAN_POINT('',(-1.71E1,-2.1E1,-1.38E1));
#5755=DIRECTION('',(0.E0,-1.E0,0.E0));
#5756=DIRECTION('',(0.E0,0.E0,-1.E0));
#5757=AXIS2_PLACEMENT_3D('',#5754,#5755,#5756);
#5758=PLANE('',#5757);
#5759=ORIENTED_EDGE('',*,*,#5746,.T.);
#5760=ORIENTED_EDGE('',*,*,#5608,.T.);
#5762=ORIENTED_EDGE('',*,*,#5761,.T.);
#5764=ORIENTED_EDGE('',*,*,#5763,.F.);
#5765=ORIENTED_EDGE('',*,*,#5705,.T.);
#5766=EDGE_LOOP('',(#5759,#5760,#5762,#5764,#5765));
#5767=FACE_OUTER_BOUND('',#5766,.F.);
#5768=ADVANCED_FACE('',(#5767),#5758,.F.);
#5769=CARTESIAN_POINT('',(0.E0,0.E0,-8.5E0));
#5770=DIRECTION('',(0.E0,0.E0,-1.E0));
#5771=DIRECTION('',(-1.E0,0.E0,0.E0));
#5772=AXIS2_PLACEMENT_3D('',#5769,#5770,#5771);
#5773=PLANE('',#5772);
#5774=ORIENTED_EDGE('',*,*,#5606,.T.);
#5775=ORIENTED_EDGE('',*,*,#5325,.F.);
#5777=ORIENTED_EDGE('',*,*,#5776,.F.);
#5778=ORIENTED_EDGE('',*,*,#5761,.F.);
#5779=EDGE_LOOP('',(#5774,#5775,#5777,#5778));
#5780=FACE_OUTER_BOUND('',#5779,.F.);
#5781=ADVANCED_FACE('',(#5780),#5773,.T.);
#5782=CARTESIAN_POINT('',(9.4E0,-2.1E1,-1.7E1));
#5783=DIRECTION('',(-1.E0,0.E0,0.E0));
#5784=DIRECTION('',(0.E0,1.E0,0.E0));
#5785=AXIS2_PLACEMENT_3D('',#5782,#5783,#5784);
#5786=PLANE('',#5785);
#5788=ORIENTED_EDGE('',*,*,#5787,.T.);
#5790=ORIENTED_EDGE('',*,*,#5789,.F.);
#5791=ORIENTED_EDGE('',*,*,#5707,.T.);
#5792=ORIENTED_EDGE('',*,*,#5763,.T.);
#5793=ORIENTED_EDGE('',*,*,#5776,.T.);
#5794=ORIENTED_EDGE('',*,*,#5323,.F.);
#5795=EDGE_LOOP('',(#5788,#5790,#5791,#5792,#5793,#5794));
#5796=FACE_OUTER_BOUND('',#5795,.F.);
#5797=ADVANCED_FACE('',(#5796),#5786,.F.);
#5798=CARTESIAN_POINT('',(9.2E0,-1.32E1,-1.36E1));
#5799=DIRECTION('',(7.071067811865E-1,0.E0,-7.071067811865E-1));
#5800=DIRECTION('',(7.071067811865E-1,0.E0,7.071067811865E-1));
#5801=AXIS2_PLACEMENT_3D('',#5798,#5799,#5800);
#5802=PLANE('',#5801);
#5803=ORIENTED_EDGE('',*,*,#5787,.F.);
#5804=ORIENTED_EDGE('',*,*,#5321,.F.);
#5806=ORIENTED_EDGE('',*,*,#5805,.T.);
#5808=ORIENTED_EDGE('',*,*,#5807,.T.);
#5809=EDGE_LOOP('',(#5803,#5804,#5806,#5808));
#5810=FACE_OUTER_BOUND('',#5809,.F.);
#5811=ADVANCED_FACE('',(#5810),#5802,.T.);
#5812=CARTESIAN_POINT('',(-1.71E1,-8.E0,-1.38E1));
#5813=DIRECTION('',(0.E0,0.E0,1.E0));
#5814=DIRECTION('',(0.E0,-1.E0,0.E0));
#5815=AXIS2_PLACEMENT_3D('',#5812,#5813,#5814);
#5816=PLANE('',#5815);
#5817=ORIENTED_EDGE('',*,*,#5805,.F.);
#5818=ORIENTED_EDGE('',*,*,#5319,.F.);
#5820=ORIENTED_EDGE('',*,*,#5819,.F.);
#5822=ORIENTED_EDGE('',*,*,#5821,.T.);
#5824=ORIENTED_EDGE('',*,*,#5823,.T.);
#5826=ORIENTED_EDGE('',*,*,#5825,.T.);
#5827=EDGE_LOOP('',(#5817,#5818,#5820,#5822,#5824,#5826));
#5828=FACE_OUTER_BOUND('',#5827,.F.);
#5829=ADVANCED_FACE('',(#5828),#5816,.F.);
#5830=CARTESIAN_POINT('',(-9.2E0,-1.32E1,-1.36E1));
#5831=DIRECTION('',(-7.071067811865E-1,0.E0,-7.071067811865E-1));
#5832=DIRECTION('',(-7.071067811865E-1,0.E0,7.071067811865E-1));
#5833=AXIS2_PLACEMENT_3D('',#5830,#5831,#5832);
#5834=PLANE('',#5833);
#5836=ORIENTED_EDGE('',*,*,#5835,.F.);
#5838=ORIENTED_EDGE('',*,*,#5837,.T.);
#5839=ORIENTED_EDGE('',*,*,#5819,.T.);
#5840=ORIENTED_EDGE('',*,*,#5317,.F.);
#5841=EDGE_LOOP('',(#5836,#5838,#5839,#5840));
#5842=FACE_OUTER_BOUND('',#5841,.F.);
#5843=ADVANCED_FACE('',(#5842),#5834,.T.);
#5844=CARTESIAN_POINT('',(-9.4E0,-8.E0,-1.7E1));
#5845=DIRECTION('',(1.E0,0.E0,0.E0));
#5846=DIRECTION('',(0.E0,-1.E0,0.E0));
#5847=AXIS2_PLACEMENT_3D('',#5844,#5845,#5846);
#5848=PLANE('',#5847);
#5849=ORIENTED_EDGE('',*,*,#5835,.T.);
#5850=ORIENTED_EDGE('',*,*,#5315,.T.);
#5852=ORIENTED_EDGE('',*,*,#5851,.T.);
#5854=ORIENTED_EDGE('',*,*,#5853,.T.);
#5855=ORIENTED_EDGE('',*,*,#5715,.T.);
#5857=ORIENTED_EDGE('',*,*,#5856,.F.);
#5858=EDGE_LOOP('',(#5849,#5850,#5852,#5854,#5855,#5857));
#5859=FACE_OUTER_BOUND('',#5858,.F.);
#5860=ADVANCED_FACE('',(#5859),#5848,.F.);
#5861=CARTESIAN_POINT('',(0.E0,0.E0,-8.5E0));
#5862=DIRECTION('',(0.E0,0.E0,-1.E0));
#5863=DIRECTION('',(-1.E0,0.E0,0.E0));
#5864=AXIS2_PLACEMENT_3D('',#5861,#5862,#5863);
#5865=PLANE('',#5864);
#5867=ORIENTED_EDGE('',*,*,#5866,.F.);
#5869=ORIENTED_EDGE('',*,*,#5868,.F.);
#5870=ORIENTED_EDGE('',*,*,#5851,.F.);
#5871=ORIENTED_EDGE('',*,*,#5313,.F.);
#5872=EDGE_LOOP('',(#5867,#5869,#5870,#5871));
#5873=FACE_OUTER_BOUND('',#5872,.F.);
#5874=ADVANCED_FACE('',(#5873),#5865,.T.);
#5875=CARTESIAN_POINT('',(-1.425E1,1.125E1,-1.7E1));
#5876=DIRECTION('',(-1.E0,0.E0,0.E0));
#5877=DIRECTION('',(0.E0,-1.E0,0.E0));
#5878=AXIS2_PLACEMENT_3D('',#5875,#5876,#5877);
#5879=PLANE('',#5878);
#5881=ORIENTED_EDGE('',*,*,#5880,.T.);
#5883=ORIENTED_EDGE('',*,*,#5882,.T.);
#5885=ORIENTED_EDGE('',*,*,#5884,.T.);
#5887=ORIENTED_EDGE('',*,*,#5886,.F.);
#5888=ORIENTED_EDGE('',*,*,#5866,.T.);
#5889=ORIENTED_EDGE('',*,*,#5311,.F.);
#5890=ORIENTED_EDGE('',*,*,#5369,.T.);
#5891=ORIENTED_EDGE('',*,*,#5394,.F.);
#5892=EDGE_LOOP('',(#5881,#5883,#5885,#5887,#5888,#5889,#5890,#5891));
#5893=FACE_OUTER_BOUND('',#5892,.F.);
#5895=ORIENTED_EDGE('',*,*,#5894,.T.);
#5897=ORIENTED_EDGE('',*,*,#5896,.T.);
#5898=EDGE_LOOP('',(#5895,#5897));
#5899=FACE_BOUND('',#5898,.F.);
#5901=ORIENTED_EDGE('',*,*,#5900,.T.);
#5903=ORIENTED_EDGE('',*,*,#5902,.T.);
#5904=EDGE_LOOP('',(#5901,#5903));
#5905=FACE_BOUND('',#5904,.F.);
#5907=ORIENTED_EDGE('',*,*,#5906,.T.);
#5909=ORIENTED_EDGE('',*,*,#5908,.T.);
#5910=EDGE_LOOP('',(#5907,#5909));
#5911=FACE_BOUND('',#5910,.F.);
#5913=ORIENTED_EDGE('',*,*,#5912,.T.);
#5915=ORIENTED_EDGE('',*,*,#5914,.T.);
#5916=EDGE_LOOP('',(#5913,#5915));
#5917=FACE_BOUND('',#5916,.F.);
#5918=ADVANCED_FACE('',(#5893,#5899,#5905,#5911,#5917),#5879,.T.);
#5919=CARTESIAN_POINT('',(-1.405E1,-1.2E1,1.68E1));
#5920=DIRECTION('',(-7.071067811865E-1,0.E0,7.071067811865E-1));
#5921=DIRECTION('',(-7.071067811865E-1,0.E0,-7.071067811865E-1));
#5922=AXIS2_PLACEMENT_3D('',#5919,#5920,#5921);
#5923=PLANE('',#5922);
#5924=ORIENTED_EDGE('',*,*,#5880,.F.);
#5925=ORIENTED_EDGE('',*,*,#5409,.T.);
#5926=ORIENTED_EDGE('',*,*,#5434,.T.);
#5928=ORIENTED_EDGE('',*,*,#5927,.F.);
#5929=EDGE_LOOP('',(#5924,#5925,#5926,#5928));
#5930=FACE_OUTER_BOUND('',#5929,.F.);
#5931=ADVANCED_FACE('',(#5930),#5923,.T.);
#5932=CARTESIAN_POINT('',(-1.310857864376E1,-3.410857864376E1,1.68E1));
#5933=DIRECTION('',(-5.E-1,-5.E-1,7.071067811865E-1));
#5934=DIRECTION('',(-5.E-1,-5.E-1,-7.071067811866E-1));
#5935=AXIS2_PLACEMENT_3D('',#5932,#5933,#5934);
#5936=PLANE('',#5935);
#5938=ORIENTED_EDGE('',*,*,#5937,.F.);
#5939=ORIENTED_EDGE('',*,*,#5927,.T.);
#5940=ORIENTED_EDGE('',*,*,#5432,.F.);
#5942=ORIENTED_EDGE('',*,*,#5941,.F.);
#5943=EDGE_LOOP('',(#5938,#5939,#5940,#5942));
#5944=FACE_OUTER_BOUND('',#5943,.F.);
#5945=ADVANCED_FACE('',(#5944),#5936,.T.);
#5946=CARTESIAN_POINT('',(-1.325E1,-3.425E1,-2.842170943040E-14));
#5947=DIRECTION('',(-7.071067811865E-1,-7.071067811865E-1,0.E0));
#5948=DIRECTION('',(-7.071067811865E-1,7.071067811865E-1,0.E0));
#5949=AXIS2_PLACEMENT_3D('',#5946,#5947,#5948);
#5950=PLANE('',#5949);
#5951=ORIENTED_EDGE('',*,*,#5937,.T.);
#5953=ORIENTED_EDGE('',*,*,#5952,.T.);
#5955=ORIENTED_EDGE('',*,*,#5954,.T.);
#5956=ORIENTED_EDGE('',*,*,#5882,.F.);
#5957=EDGE_LOOP('',(#5951,#5953,#5955,#5956));
#5958=FACE_OUTER_BOUND('',#5957,.F.);
#5959=ADVANCED_FACE('',(#5958),#5950,.T.);
#5960=CARTESIAN_POINT('',(-1.425E1,-3.525E1,-1.7E1));
#5961=DIRECTION('',(0.E0,-1.E0,0.E0));
#5962=DIRECTION('',(1.E0,0.E0,0.E0));
#5963=AXIS2_PLACEMENT_3D('',#5960,#5961,#5962);
#5964=PLANE('',#5963);
#5966=ORIENTED_EDGE('',*,*,#5965,.T.);
#5967=ORIENTED_EDGE('',*,*,#5678,.T.);
#5969=ORIENTED_EDGE('',*,*,#5968,.T.);
#5970=ORIENTED_EDGE('',*,*,#5952,.F.);
#5971=EDGE_LOOP('',(#5966,#5967,#5969,#5970));
#5972=FACE_OUTER_BOUND('',#5971,.F.);
#5974=ORIENTED_EDGE('',*,*,#5973,.T.);
#5976=ORIENTED_EDGE('',*,*,#5975,.T.);
#5977=EDGE_LOOP('',(#5974,#5976));
#5978=FACE_BOUND('',#5977,.F.);
#5980=ORIENTED_EDGE('',*,*,#5979,.T.);
#5982=ORIENTED_EDGE('',*,*,#5981,.T.);
#5983=EDGE_LOOP('',(#5980,#5982));
#5984=FACE_BOUND('',#5983,.F.);
#5986=ORIENTED_EDGE('',*,*,#5985,.T.);
#5988=ORIENTED_EDGE('',*,*,#5987,.T.);
#5989=EDGE_LOOP('',(#5986,#5988));
#5990=FACE_BOUND('',#5989,.F.);
#5992=ORIENTED_EDGE('',*,*,#5991,.T.);
#5994=ORIENTED_EDGE('',*,*,#5993,.T.);
#5995=EDGE_LOOP('',(#5992,#5994));
#5996=FACE_BOUND('',#5995,.F.);
#5997=ADVANCED_FACE('',(#5972,#5978,#5984,#5990,#5996),#5964,.T.);
#5998=CARTESIAN_POINT('',(0.E0,-3.505E1,1.68E1));
#5999=DIRECTION('',(0.E0,-7.071067811865E-1,7.071067811865E-1));
#6000=DIRECTION('',(0.E0,-7.071067811865E-1,-7.071067811865E-1));
#6001=AXIS2_PLACEMENT_3D('',#5998,#5999,#6000);
#6002=PLANE('',#6001);
#6003=ORIENTED_EDGE('',*,*,#5965,.F.);
#6004=ORIENTED_EDGE('',*,*,#5941,.T.);
#6005=ORIENTED_EDGE('',*,*,#5430,.T.);
#6006=ORIENTED_EDGE('',*,*,#5662,.F.);
#6007=EDGE_LOOP('',(#6003,#6004,#6005,#6006));
#6008=FACE_OUTER_BOUND('',#6007,.F.);
#6009=ADVANCED_FACE('',(#6008),#6002,.T.);
#6010=CARTESIAN_POINT('',(3.552713678801E-14,-3.505E1,-1.68E1));
#6011=DIRECTION('',(0.E0,-7.071067811865E-1,-7.071067811865E-1));
#6012=DIRECTION('',(0.E0,-7.071067811865E-1,7.071067811865E-1));
#6013=AXIS2_PLACEMENT_3D('',#6010,#6011,#6012);
#6014=PLANE('',#6013);
#6015=ORIENTED_EDGE('',*,*,#5968,.F.);
#6016=ORIENTED_EDGE('',*,*,#5690,.T.);
#6017=ORIENTED_EDGE('',*,*,#5723,.T.);
#6019=ORIENTED_EDGE('',*,*,#6018,.F.);
#6020=EDGE_LOOP('',(#6015,#6016,#6017,#6019));
#6021=FACE_OUTER_BOUND('',#6020,.F.);
#6022=ADVANCED_FACE('',(#6021),#6014,.T.);
#6023=CARTESIAN_POINT('',(-1.310857864376E1,-3.410857864376E1,-1.68E1));
#6024=DIRECTION('',(-5.E-1,-5.E-1,-7.071067811865E-1));
#6025=DIRECTION('',(-5.E-1,-5.E-1,7.071067811866E-1));
#6026=AXIS2_PLACEMENT_3D('',#6023,#6024,#6025);
#6027=PLANE('',#6026);
#6028=ORIENTED_EDGE('',*,*,#5721,.F.);
#6030=ORIENTED_EDGE('',*,*,#6029,.F.);
#6031=ORIENTED_EDGE('',*,*,#5954,.F.);
#6032=ORIENTED_EDGE('',*,*,#6018,.T.);
#6033=EDGE_LOOP('',(#6028,#6030,#6031,#6032));
#6034=FACE_OUTER_BOUND('',#6033,.F.);
#6035=ADVANCED_FACE('',(#6034),#6027,.T.);
#6036=CARTESIAN_POINT('',(-1.405E1,-2.7125E1,-1.68E1));
#6037=DIRECTION('',(-7.071067811865E-1,0.E0,-7.071067811865E-1));
#6038=DIRECTION('',(-7.071067811865E-1,0.E0,7.071067811865E-1));
#6039=AXIS2_PLACEMENT_3D('',#6036,#6037,#6038);
#6040=PLANE('',#6039);
#6042=ORIENTED_EDGE('',*,*,#6041,.F.);
#6043=ORIENTED_EDGE('',*,*,#5884,.F.);
#6044=ORIENTED_EDGE('',*,*,#6029,.T.);
#6045=ORIENTED_EDGE('',*,*,#5719,.T.);
#6046=EDGE_LOOP('',(#6042,#6043,#6044,#6045));
#6047=FACE_OUTER_BOUND('',#6046,.F.);
#6048=ADVANCED_FACE('',(#6047),#6040,.T.);
#6049=CARTESIAN_POINT('',(-1.71E1,-2.1E1,-1.38E1));
#6050=DIRECTION('',(0.E0,-1.E0,0.E0));
#6051=DIRECTION('',(0.E0,0.E0,-1.E0));
#6052=AXIS2_PLACEMENT_3D('',#6049,#6050,#6051);
#6053=PLANE('',#6052);
#6054=ORIENTED_EDGE('',*,*,#6041,.T.);
#6055=ORIENTED_EDGE('',*,*,#5717,.T.);
#6056=ORIENTED_EDGE('',*,*,#5853,.F.);
#6057=ORIENTED_EDGE('',*,*,#5868,.T.);
#6058=ORIENTED_EDGE('',*,*,#5886,.T.);
#6059=EDGE_LOOP('',(#6054,#6055,#6056,#6057,#6058));
#6060=FACE_OUTER_BOUND('',#6059,.F.);
#6061=ADVANCED_FACE('',(#6060),#6053,.F.);
#6062=CARTESIAN_POINT('',(-8.E0,-3.50875E1,6.E0));
#6063=DIRECTION('',(0.E0,-1.E0,0.E0));
#6064=DIRECTION('',(-1.E0,0.E0,0.E0));
#6065=AXIS2_PLACEMENT_3D('',#6062,#6063,#6064);
#6066=CONICAL_SURFACE('',#6065,1.1875E0,4.5E1);
#6067=ORIENTED_EDGE('',*,*,#5973,.F.);
#6069=ORIENTED_EDGE('',*,*,#6068,.F.);
#6071=ORIENTED_EDGE('',*,*,#6070,.T.);
#6073=ORIENTED_EDGE('',*,*,#6072,.T.);
#6074=EDGE_LOOP('',(#6067,#6069,#6071,#6073));
#6075=FACE_OUTER_BOUND('',#6074,.F.);
#6076=ADVANCED_FACE('',(#6075),#6066,.F.);
#6077=CARTESIAN_POINT('',(-8.E0,-3.50875E1,6.E0));
#6078=DIRECTION('',(0.E0,-1.E0,0.E0));
#6079=DIRECTION('',(-1.E0,0.E0,0.E0));
#6080=AXIS2_PLACEMENT_3D('',#6077,#6078,#6079);
#6081=CONICAL_SURFACE('',#6080,1.1875E0,4.5E1);
#6082=ORIENTED_EDGE('',*,*,#5975,.F.);
#6083=ORIENTED_EDGE('',*,*,#6072,.F.);
#6085=ORIENTED_EDGE('',*,*,#6084,.T.);
#6086=ORIENTED_EDGE('',*,*,#6068,.T.);
#6087=EDGE_LOOP('',(#6082,#6083,#6085,#6086));
#6088=FACE_OUTER_BOUND('',#6087,.F.);
#6089=ADVANCED_FACE('',(#6088),#6081,.F.);
#6090=CARTESIAN_POINT('',(-8.E0,-3.145332375877E1,6.E0));
#6091=DIRECTION('',(0.E0,-1.E0,0.E0));
#6092=DIRECTION('',(-1.E0,0.E0,0.E0));
#6093=AXIS2_PLACEMENT_3D('',#6090,#6091,#6092);
#6094=CYLINDRICAL_SURFACE('',#6093,1.025E0);
#6096=ORIENTED_EDGE('',*,*,#6095,.F.);
#6098=ORIENTED_EDGE('',*,*,#6097,.T.);
#6099=ORIENTED_EDGE('',*,*,#6084,.F.);
#6101=ORIENTED_EDGE('',*,*,#6100,.F.);
#6102=EDGE_LOOP('',(#6096,#6098,#6099,#6101));
#6103=FACE_OUTER_BOUND('',#6102,.F.);
#6104=ADVANCED_FACE('',(#6103),#6094,.F.);
#6105=CARTESIAN_POINT('',(0.E0,-3.225E1,0.E0));
#6106=DIRECTION('',(0.E0,-1.E0,0.E0));
#6107=DIRECTION('',(1.E0,0.E0,0.E0));
#6108=AXIS2_PLACEMENT_3D('',#6105,#6106,#6107);
#6109=PLANE('',#6108);
#6111=ORIENTED_EDGE('',*,*,#6110,.T.);
#6112=ORIENTED_EDGE('',*,*,#6095,.T.);
#6113=EDGE_LOOP('',(#6111,#6112));
#6114=FACE_OUTER_BOUND('',#6113,.F.);
#6115=ADVANCED_FACE('',(#6114),#6109,.T.);
#6116=CARTESIAN_POINT('',(-8.E0,-3.145332375877E1,6.E0));
#6117=DIRECTION('',(0.E0,-1.E0,0.E0));
#6118=DIRECTION('',(-1.E0,0.E0,0.E0));
#6119=AXIS2_PLACEMENT_3D('',#6116,#6117,#6118);
#6120=CYLINDRICAL_SURFACE('',#6119,1.025E0);
#6121=ORIENTED_EDGE('',*,*,#6110,.F.);
#6122=ORIENTED_EDGE('',*,*,#6100,.T.);
#6123=ORIENTED_EDGE('',*,*,#6070,.F.);
#6124=ORIENTED_EDGE('',*,*,#6097,.F.);
#6125=EDGE_LOOP('',(#6121,#6122,#6123,#6124));
#6126=FACE_OUTER_BOUND('',#6125,.F.);
#6127=ADVANCED_FACE('',(#6126),#6120,.F.);
#6128=CARTESIAN_POINT('',(8.E0,-3.50875E1,-6.E0));
#6129=DIRECTION('',(0.E0,-1.E0,0.E0));
#6130=DIRECTION('',(-1.E0,0.E0,0.E0));
#6131=AXIS2_PLACEMENT_3D('',#6128,#6129,#6130);
#6132=CONICAL_SURFACE('',#6131,1.1875E0,4.5E1);
#6133=ORIENTED_EDGE('',*,*,#5979,.F.);
#6135=ORIENTED_EDGE('',*,*,#6134,.F.);
#6137=ORIENTED_EDGE('',*,*,#6136,.T.);
#6139=ORIENTED_EDGE('',*,*,#6138,.T.);
#6140=EDGE_LOOP('',(#6133,#6135,#6137,#6139));
#6141=FACE_OUTER_BOUND('',#6140,.F.);
#6142=ADVANCED_FACE('',(#6141),#6132,.F.);
#6143=CARTESIAN_POINT('',(8.E0,-3.50875E1,-6.E0));
#6144=DIRECTION('',(0.E0,-1.E0,0.E0));
#6145=DIRECTION('',(-1.E0,0.E0,0.E0));
#6146=AXIS2_PLACEMENT_3D('',#6143,#6144,#6145);
#6147=CONICAL_SURFACE('',#6146,1.1875E0,4.5E1);
#6148=ORIENTED_EDGE('',*,*,#5981,.F.);
#6149=ORIENTED_EDGE('',*,*,#6138,.F.);
#6151=ORIENTED_EDGE('',*,*,#6150,.T.);
#6152=ORIENTED_EDGE('',*,*,#6134,.T.);
#6153=EDGE_LOOP('',(#6148,#6149,#6151,#6152));
#6154=FACE_OUTER_BOUND('',#6153,.F.);
#6155=ADVANCED_FACE('',(#6154),#6147,.F.);
#6156=CARTESIAN_POINT('',(8.E0,-3.145332375877E1,-6.E0));
#6157=DIRECTION('',(0.E0,-1.E0,0.E0));
#6158=DIRECTION('',(-1.E0,0.E0,0.E0));
#6159=AXIS2_PLACEMENT_3D('',#6156,#6157,#6158);
#6160=CYLINDRICAL_SURFACE('',#6159,1.025E0);
#6162=ORIENTED_EDGE('',*,*,#6161,.F.);
#6164=ORIENTED_EDGE('',*,*,#6163,.T.);
#6165=ORIENTED_EDGE('',*,*,#6150,.F.);
#6167=ORIENTED_EDGE('',*,*,#6166,.F.);
#6168=EDGE_LOOP('',(#6162,#6164,#6165,#6167));
#6169=FACE_OUTER_BOUND('',#6168,.F.);
#6170=ADVANCED_FACE('',(#6169),#6160,.F.);
#6171=CARTESIAN_POINT('',(0.E0,-3.225E1,0.E0));
#6172=DIRECTION('',(0.E0,-1.E0,0.E0));
#6173=DIRECTION('',(1.E0,0.E0,0.E0));
#6174=AXIS2_PLACEMENT_3D('',#6171,#6172,#6173);
#6175=PLANE('',#6174);
#6177=ORIENTED_EDGE('',*,*,#6176,.T.);
#6178=ORIENTED_EDGE('',*,*,#6161,.T.);
#6179=EDGE_LOOP('',(#6177,#6178));
#6180=FACE_OUTER_BOUND('',#6179,.F.);
#6181=ADVANCED_FACE('',(#6180),#6175,.T.);
#6182=CARTESIAN_POINT('',(8.E0,-3.145332375877E1,-6.E0));
#6183=DIRECTION('',(0.E0,-1.E0,0.E0));
#6184=DIRECTION('',(-1.E0,0.E0,0.E0));
#6185=AXIS2_PLACEMENT_3D('',#6182,#6183,#6184);
#6186=CYLINDRICAL_SURFACE('',#6185,1.025E0);
#6187=ORIENTED_EDGE('',*,*,#6176,.F.);
#6188=ORIENTED_EDGE('',*,*,#6166,.T.);
#6189=ORIENTED_EDGE('',*,*,#6136,.F.);
#6190=ORIENTED_EDGE('',*,*,#6163,.F.);
#6191=EDGE_LOOP('',(#6187,#6188,#6189,#6190));
#6192=FACE_OUTER_BOUND('',#6191,.F.);
#6193=ADVANCED_FACE('',(#6192),#6186,.F.);
#6194=CARTESIAN_POINT('',(-8.E0,-3.50875E1,-6.E0));
#6195=DIRECTION('',(0.E0,-1.E0,0.E0));
#6196=DIRECTION('',(-1.E0,0.E0,0.E0));
#6197=AXIS2_PLACEMENT_3D('',#6194,#6195,#6196);
#6198=CONICAL_SURFACE('',#6197,1.1875E0,4.5E1);
#6199=ORIENTED_EDGE('',*,*,#5985,.F.);
#6201=ORIENTED_EDGE('',*,*,#6200,.F.);
#6203=ORIENTED_EDGE('',*,*,#6202,.T.);
#6205=ORIENTED_EDGE('',*,*,#6204,.T.);
#6206=EDGE_LOOP('',(#6199,#6201,#6203,#6205));
#6207=FACE_OUTER_BOUND('',#6206,.F.);
#6208=ADVANCED_FACE('',(#6207),#6198,.F.);
#6209=CARTESIAN_POINT('',(-8.E0,-3.50875E1,-6.E0));
#6210=DIRECTION('',(0.E0,-1.E0,0.E0));
#6211=DIRECTION('',(-1.E0,0.E0,0.E0));
#6212=AXIS2_PLACEMENT_3D('',#6209,#6210,#6211);
#6213=CONICAL_SURFACE('',#6212,1.1875E0,4.5E1);
#6214=ORIENTED_EDGE('',*,*,#5987,.F.);
#6215=ORIENTED_EDGE('',*,*,#6204,.F.);
#6217=ORIENTED_EDGE('',*,*,#6216,.T.);
#6218=ORIENTED_EDGE('',*,*,#6200,.T.);
#6219=EDGE_LOOP('',(#6214,#6215,#6217,#6218));
#6220=FACE_OUTER_BOUND('',#6219,.F.);
#6221=ADVANCED_FACE('',(#6220),#6213,.F.);
#6222=CARTESIAN_POINT('',(-8.E0,-3.145332375877E1,-6.E0));
#6223=DIRECTION('',(0.E0,-1.E0,0.E0));
#6224=DIRECTION('',(-1.E0,0.E0,0.E0));
#6225=AXIS2_PLACEMENT_3D('',#6222,#6223,#6224);
#6226=CYLINDRICAL_SURFACE('',#6225,1.025E0);
#6228=ORIENTED_EDGE('',*,*,#6227,.F.);
#6230=ORIENTED_EDGE('',*,*,#6229,.T.);
#6231=ORIENTED_EDGE('',*,*,#6216,.F.);
#6233=ORIENTED_EDGE('',*,*,#6232,.F.);
#6234=EDGE_LOOP('',(#6228,#6230,#6231,#6233));
#6235=FACE_OUTER_BOUND('',#6234,.F.);
#6236=ADVANCED_FACE('',(#6235),#6226,.F.);
#6237=CARTESIAN_POINT('',(0.E0,-3.225E1,0.E0));
#6238=DIRECTION('',(0.E0,-1.E0,0.E0));
#6239=DIRECTION('',(1.E0,0.E0,0.E0));
#6240=AXIS2_PLACEMENT_3D('',#6237,#6238,#6239);
#6241=PLANE('',#6240);
#6243=ORIENTED_EDGE('',*,*,#6242,.T.);
#6244=ORIENTED_EDGE('',*,*,#6227,.T.);
#6245=EDGE_LOOP('',(#6243,#6244));
#6246=FACE_OUTER_BOUND('',#6245,.F.);
#6247=ADVANCED_FACE('',(#6246),#6241,.T.);
#6248=CARTESIAN_POINT('',(-8.E0,-3.145332375877E1,-6.E0));
#6249=DIRECTION('',(0.E0,-1.E0,0.E0));
#6250=DIRECTION('',(-1.E0,0.E0,0.E0));
#6251=AXIS2_PLACEMENT_3D('',#6248,#6249,#6250);
#6252=CYLINDRICAL_SURFACE('',#6251,1.025E0);
#6253=ORIENTED_EDGE('',*,*,#6242,.F.);
#6254=ORIENTED_EDGE('',*,*,#6232,.T.);
#6255=ORIENTED_EDGE('',*,*,#6202,.F.);
#6256=ORIENTED_EDGE('',*,*,#6229,.F.);
#6257=EDGE_LOOP('',(#6253,#6254,#6255,#6256));
#6258=FACE_OUTER_BOUND('',#6257,.F.);
#6259=ADVANCED_FACE('',(#6258),#6252,.F.);
#6260=CARTESIAN_POINT('',(8.E0,-3.50875E1,6.E0));
#6261=DIRECTION('',(0.E0,-1.E0,0.E0));
#6262=DIRECTION('',(-1.E0,0.E0,0.E0));
#6263=AXIS2_PLACEMENT_3D('',#6260,#6261,#6262);
#6264=CONICAL_SURFACE('',#6263,1.1875E0,4.5E1);
#6265=ORIENTED_EDGE('',*,*,#5991,.F.);
#6267=ORIENTED_EDGE('',*,*,#6266,.F.);
#6269=ORIENTED_EDGE('',*,*,#6268,.T.);
#6271=ORIENTED_EDGE('',*,*,#6270,.T.);
#6272=EDGE_LOOP('',(#6265,#6267,#6269,#6271));
#6273=FACE_OUTER_BOUND('',#6272,.F.);
#6274=ADVANCED_FACE('',(#6273),#6264,.F.);
#6275=CARTESIAN_POINT('',(8.E0,-3.50875E1,6.E0));
#6276=DIRECTION('',(0.E0,-1.E0,0.E0));
#6277=DIRECTION('',(-1.E0,0.E0,0.E0));
#6278=AXIS2_PLACEMENT_3D('',#6275,#6276,#6277);
#6279=CONICAL_SURFACE('',#6278,1.1875E0,4.5E1);
#6280=ORIENTED_EDGE('',*,*,#5993,.F.);
#6281=ORIENTED_EDGE('',*,*,#6270,.F.);
#6283=ORIENTED_EDGE('',*,*,#6282,.T.);
#6284=ORIENTED_EDGE('',*,*,#6266,.T.);
#6285=EDGE_LOOP('',(#6280,#6281,#6283,#6284));
#6286=FACE_OUTER_BOUND('',#6285,.F.);
#6287=ADVANCED_FACE('',(#6286),#6279,.F.);
#6288=CARTESIAN_POINT('',(8.E0,-3.145332375877E1,6.E0));
#6289=DIRECTION('',(0.E0,-1.E0,0.E0));
#6290=DIRECTION('',(-1.E0,0.E0,0.E0));
#6291=AXIS2_PLACEMENT_3D('',#6288,#6289,#6290);
#6292=CYLINDRICAL_SURFACE('',#6291,1.025E0);
#6294=ORIENTED_EDGE('',*,*,#6293,.F.);
#6296=ORIENTED_EDGE('',*,*,#6295,.T.);
#6297=ORIENTED_EDGE('',*,*,#6282,.F.);
#6299=ORIENTED_EDGE('',*,*,#6298,.F.);
#6300=EDGE_LOOP('',(#6294,#6296,#6297,#6299));
#6301=FACE_OUTER_BOUND('',#6300,.F.);
#6302=ADVANCED_FACE('',(#6301),#6292,.F.);
#6303=CARTESIAN_POINT('',(0.E0,-3.225E1,0.E0));
#6304=DIRECTION('',(0.E0,-1.E0,0.E0));
#6305=DIRECTION('',(1.E0,0.E0,0.E0));
#6306=AXIS2_PLACEMENT_3D('',#6303,#6304,#6305);
#6307=PLANE('',#6306);
#6309=ORIENTED_EDGE('',*,*,#6308,.T.);
#6310=ORIENTED_EDGE('',*,*,#6293,.T.);
#6311=EDGE_LOOP('',(#6309,#6310));
#6312=FACE_OUTER_BOUND('',#6311,.F.);
#6313=ADVANCED_FACE('',(#6312),#6307,.T.);
#6314=CARTESIAN_POINT('',(8.E0,-3.145332375877E1,6.E0));
#6315=DIRECTION('',(0.E0,-1.E0,0.E0));
#6316=DIRECTION('',(-1.E0,0.E0,0.E0));
#6317=AXIS2_PLACEMENT_3D('',#6314,#6315,#6316);
#6318=CYLINDRICAL_SURFACE('',#6317,1.025E0);
#6319=ORIENTED_EDGE('',*,*,#6308,.F.);
#6320=ORIENTED_EDGE('',*,*,#6298,.T.);
#6321=ORIENTED_EDGE('',*,*,#6268,.F.);
#6322=ORIENTED_EDGE('',*,*,#6295,.F.);
#6323=EDGE_LOOP('',(#6319,#6320,#6321,#6322));
#6324=FACE_OUTER_BOUND('',#6323,.F.);
#6325=ADVANCED_FACE('',(#6324),#6318,.F.);
#6326=CARTESIAN_POINT('',(-1.40875E1,-4.E0,6.E0));
#6327=DIRECTION('',(-1.E0,0.E0,0.E0));
#6328=DIRECTION('',(0.E0,1.E0,0.E0));
#6329=AXIS2_PLACEMENT_3D('',#6326,#6327,#6328);
#6330=CONICAL_SURFACE('',#6329,1.1875E0,4.5E1);
#6332=ORIENTED_EDGE('',*,*,#6331,.T.);
#6333=ORIENTED_EDGE('',*,*,#5894,.F.);
#6335=ORIENTED_EDGE('',*,*,#6334,.F.);
#6337=ORIENTED_EDGE('',*,*,#6336,.T.);
#6338=EDGE_LOOP('',(#6332,#6333,#6335,#6337));
#6339=FACE_OUTER_BOUND('',#6338,.F.);
#6340=ADVANCED_FACE('',(#6339),#6330,.F.);
#6341=CARTESIAN_POINT('',(-1.40875E1,-4.E0,6.E0));
#6342=DIRECTION('',(-1.E0,0.E0,0.E0));
#6343=DIRECTION('',(0.E0,1.E0,0.E0));
#6344=AXIS2_PLACEMENT_3D('',#6341,#6342,#6343);
#6345=CONICAL_SURFACE('',#6344,1.1875E0,4.5E1);
#6346=ORIENTED_EDGE('',*,*,#6331,.F.);
#6348=ORIENTED_EDGE('',*,*,#6347,.T.);
#6349=ORIENTED_EDGE('',*,*,#6334,.T.);
#6350=ORIENTED_EDGE('',*,*,#5896,.F.);
#6351=EDGE_LOOP('',(#6346,#6348,#6349,#6350));
#6352=FACE_OUTER_BOUND('',#6351,.F.);
#6353=ADVANCED_FACE('',(#6352),#6345,.F.);
#6354=CARTESIAN_POINT('',(-1.045332375877E1,-4.E0,6.E0));
#6355=DIRECTION('',(1.E0,0.E0,0.E0));
#6356=DIRECTION('',(0.E0,-1.E0,0.E0));
#6357=AXIS2_PLACEMENT_3D('',#6354,#6355,#6356);
#6358=CYLINDRICAL_SURFACE('',#6357,1.025E0);
#6360=ORIENTED_EDGE('',*,*,#6359,.F.);
#6362=ORIENTED_EDGE('',*,*,#6361,.T.);
#6363=ORIENTED_EDGE('',*,*,#6347,.F.);
#6365=ORIENTED_EDGE('',*,*,#6364,.F.);
#6366=EDGE_LOOP('',(#6360,#6362,#6363,#6365));
#6367=FACE_OUTER_BOUND('',#6366,.F.);
#6368=ADVANCED_FACE('',(#6367),#6358,.F.);
#6369=CARTESIAN_POINT('',(-1.125E1,0.E0,0.E0));
#6370=DIRECTION('',(1.E0,0.E0,0.E0));
#6371=DIRECTION('',(0.E0,0.E0,-1.E0));
#6372=AXIS2_PLACEMENT_3D('',#6369,#6370,#6371);
#6373=PLANE('',#6372);
#6375=ORIENTED_EDGE('',*,*,#6374,.T.);
#6376=ORIENTED_EDGE('',*,*,#6359,.T.);
#6377=EDGE_LOOP('',(#6375,#6376));
#6378=FACE_OUTER_BOUND('',#6377,.F.);
#6379=ADVANCED_FACE('',(#6378),#6373,.F.);
#6380=CARTESIAN_POINT('',(-1.045332375877E1,-4.E0,6.E0));
#6381=DIRECTION('',(1.E0,0.E0,0.E0));
#6382=DIRECTION('',(0.E0,-1.E0,0.E0));
#6383=AXIS2_PLACEMENT_3D('',#6380,#6381,#6382);
#6384=CYLINDRICAL_SURFACE('',#6383,1.025E0);
#6385=ORIENTED_EDGE('',*,*,#6374,.F.);
#6386=ORIENTED_EDGE('',*,*,#6364,.T.);
#6387=ORIENTED_EDGE('',*,*,#6336,.F.);
#6388=ORIENTED_EDGE('',*,*,#6361,.F.);
#6389=EDGE_LOOP('',(#6385,#6386,#6387,#6388));
#6390=FACE_OUTER_BOUND('',#6389,.F.);
#6391=ADVANCED_FACE('',(#6390),#6384,.F.);
#6392=CARTESIAN_POINT('',(-1.40875E1,-2.8E1,-6.E0));
#6393=DIRECTION('',(-1.E0,0.E0,0.E0));
#6394=DIRECTION('',(0.E0,1.E0,0.E0));
#6395=AXIS2_PLACEMENT_3D('',#6392,#6393,#6394);
#6396=CONICAL_SURFACE('',#6395,1.1875E0,4.5E1);
#6398=ORIENTED_EDGE('',*,*,#6397,.T.);
#6399=ORIENTED_EDGE('',*,*,#5900,.F.);
#6401=ORIENTED_EDGE('',*,*,#6400,.F.);
#6403=ORIENTED_EDGE('',*,*,#6402,.T.);
#6404=EDGE_LOOP('',(#6398,#6399,#6401,#6403));
#6405=FACE_OUTER_BOUND('',#6404,.F.);
#6406=ADVANCED_FACE('',(#6405),#6396,.F.);
#6407=CARTESIAN_POINT('',(-1.40875E1,-2.8E1,-6.E0));
#6408=DIRECTION('',(-1.E0,0.E0,0.E0));
#6409=DIRECTION('',(0.E0,1.E0,0.E0));
#6410=AXIS2_PLACEMENT_3D('',#6407,#6408,#6409);
#6411=CONICAL_SURFACE('',#6410,1.1875E0,4.5E1);
#6412=ORIENTED_EDGE('',*,*,#6397,.F.);
#6414=ORIENTED_EDGE('',*,*,#6413,.T.);
#6415=ORIENTED_EDGE('',*,*,#6400,.T.);
#6416=ORIENTED_EDGE('',*,*,#5902,.F.);
#6417=EDGE_LOOP('',(#6412,#6414,#6415,#6416));
#6418=FACE_OUTER_BOUND('',#6417,.F.);
#6419=ADVANCED_FACE('',(#6418),#6411,.F.);
#6420=CARTESIAN_POINT('',(-1.045332375877E1,-2.8E1,-6.E0));
#6421=DIRECTION('',(1.E0,0.E0,0.E0));
#6422=DIRECTION('',(0.E0,-1.E0,0.E0));
#6423=AXIS2_PLACEMENT_3D('',#6420,#6421,#6422);
#6424=CYLINDRICAL_SURFACE('',#6423,1.025E0);
#6426=ORIENTED_EDGE('',*,*,#6425,.F.);
#6428=ORIENTED_EDGE('',*,*,#6427,.T.);
#6429=ORIENTED_EDGE('',*,*,#6413,.F.);
#6431=ORIENTED_EDGE('',*,*,#6430,.F.);
#6432=EDGE_LOOP('',(#6426,#6428,#6429,#6431));
#6433=FACE_OUTER_BOUND('',#6432,.F.);
#6434=ADVANCED_FACE('',(#6433),#6424,.F.);
#6435=CARTESIAN_POINT('',(-1.125E1,0.E0,0.E0));
#6436=DIRECTION('',(1.E0,0.E0,0.E0));
#6437=DIRECTION('',(0.E0,0.E0,-1.E0));
#6438=AXIS2_PLACEMENT_3D('',#6435,#6436,#6437);
#6439=PLANE('',#6438);
#6441=ORIENTED_EDGE('',*,*,#6440,.T.);
#6442=ORIENTED_EDGE('',*,*,#6425,.T.);
#6443=EDGE_LOOP('',(#6441,#6442));
#6444=FACE_OUTER_BOUND('',#6443,.F.);
#6445=ADVANCED_FACE('',(#6444),#6439,.F.);
#6446=CARTESIAN_POINT('',(-1.045332375877E1,-2.8E1,-6.E0));
#6447=DIRECTION('',(1.E0,0.E0,0.E0));
#6448=DIRECTION('',(0.E0,-1.E0,0.E0));
#6449=AXIS2_PLACEMENT_3D('',#6446,#6447,#6448);
#6450=CYLINDRICAL_SURFACE('',#6449,1.025E0);
#6451=ORIENTED_EDGE('',*,*,#6440,.F.);
#6452=ORIENTED_EDGE('',*,*,#6430,.T.);
#6453=ORIENTED_EDGE('',*,*,#6402,.F.);
#6454=ORIENTED_EDGE('',*,*,#6427,.F.);
#6455=EDGE_LOOP('',(#6451,#6452,#6453,#6454));
#6456=FACE_OUTER_BOUND('',#6455,.F.);
#6457=ADVANCED_FACE('',(#6456),#6450,.F.);
#6458=CARTESIAN_POINT('',(-1.40875E1,-2.8E1,6.E0));
#6459=DIRECTION('',(-1.E0,0.E0,0.E0));
#6460=DIRECTION('',(0.E0,1.E0,0.E0));
#6461=AXIS2_PLACEMENT_3D('',#6458,#6459,#6460);
#6462=CONICAL_SURFACE('',#6461,1.1875E0,4.5E1);
#6464=ORIENTED_EDGE('',*,*,#6463,.T.);
#6465=ORIENTED_EDGE('',*,*,#5906,.F.);
#6467=ORIENTED_EDGE('',*,*,#6466,.F.);
#6469=ORIENTED_EDGE('',*,*,#6468,.T.);
#6470=EDGE_LOOP('',(#6464,#6465,#6467,#6469));
#6471=FACE_OUTER_BOUND('',#6470,.F.);
#6472=ADVANCED_FACE('',(#6471),#6462,.F.);
#6473=CARTESIAN_POINT('',(-1.40875E1,-2.8E1,6.E0));
#6474=DIRECTION('',(-1.E0,0.E0,0.E0));
#6475=DIRECTION('',(0.E0,1.E0,0.E0));
#6476=AXIS2_PLACEMENT_3D('',#6473,#6474,#6475);
#6477=CONICAL_SURFACE('',#6476,1.1875E0,4.5E1);
#6478=ORIENTED_EDGE('',*,*,#6463,.F.);
#6480=ORIENTED_EDGE('',*,*,#6479,.T.);
#6481=ORIENTED_EDGE('',*,*,#6466,.T.);
#6482=ORIENTED_EDGE('',*,*,#5908,.F.);
#6483=EDGE_LOOP('',(#6478,#6480,#6481,#6482));
#6484=FACE_OUTER_BOUND('',#6483,.F.);
#6485=ADVANCED_FACE('',(#6484),#6477,.F.);
#6486=CARTESIAN_POINT('',(-1.045332375877E1,-2.8E1,6.E0));
#6487=DIRECTION('',(1.E0,0.E0,0.E0));
#6488=DIRECTION('',(0.E0,-1.E0,0.E0));
#6489=AXIS2_PLACEMENT_3D('',#6486,#6487,#6488);
#6490=CYLINDRICAL_SURFACE('',#6489,1.025E0);
#6492=ORIENTED_EDGE('',*,*,#6491,.F.);
#6494=ORIENTED_EDGE('',*,*,#6493,.T.);
#6495=ORIENTED_EDGE('',*,*,#6479,.F.);
#6497=ORIENTED_EDGE('',*,*,#6496,.F.);
#6498=EDGE_LOOP('',(#6492,#6494,#6495,#6497));
#6499=FACE_OUTER_BOUND('',#6498,.F.);
#6500=ADVANCED_FACE('',(#6499),#6490,.F.);
#6501=CARTESIAN_POINT('',(-1.125E1,0.E0,0.E0));
#6502=DIRECTION('',(1.E0,0.E0,0.E0));
#6503=DIRECTION('',(0.E0,0.E0,-1.E0));
#6504=AXIS2_PLACEMENT_3D('',#6501,#6502,#6503);
#6505=PLANE('',#6504);
#6507=ORIENTED_EDGE('',*,*,#6506,.T.);
#6508=ORIENTED_EDGE('',*,*,#6491,.T.);
#6509=EDGE_LOOP('',(#6507,#6508));
#6510=FACE_OUTER_BOUND('',#6509,.F.);
#6511=ADVANCED_FACE('',(#6510),#6505,.F.);
#6512=CARTESIAN_POINT('',(-1.045332375877E1,-2.8E1,6.E0));
#6513=DIRECTION('',(1.E0,0.E0,0.E0));
#6514=DIRECTION('',(0.E0,-1.E0,0.E0));
#6515=AXIS2_PLACEMENT_3D('',#6512,#6513,#6514);
#6516=CYLINDRICAL_SURFACE('',#6515,1.025E0);
#6517=ORIENTED_EDGE('',*,*,#6506,.F.);
#6518=ORIENTED_EDGE('',*,*,#6496,.T.);
#6519=ORIENTED_EDGE('',*,*,#6468,.F.);
#6520=ORIENTED_EDGE('',*,*,#6493,.F.);
#6521=EDGE_LOOP('',(#6517,#6518,#6519,#6520));
#6522=FACE_OUTER_BOUND('',#6521,.F.);
#6523=ADVANCED_FACE('',(#6522),#6516,.F.);
#6524=CARTESIAN_POINT('',(-1.40875E1,-4.E0,-6.E0));
#6525=DIRECTION('',(-1.E0,0.E0,0.E0));
#6526=DIRECTION('',(0.E0,1.E0,0.E0));
#6527=AXIS2_PLACEMENT_3D('',#6524,#6525,#6526);
#6528=CONICAL_SURFACE('',#6527,1.1875E0,4.5E1);
#6530=ORIENTED_EDGE('',*,*,#6529,.T.);
#6531=ORIENTED_EDGE('',*,*,#5912,.F.);
#6533=ORIENTED_EDGE('',*,*,#6532,.F.);
#6535=ORIENTED_EDGE('',*,*,#6534,.T.);
#6536=EDGE_LOOP('',(#6530,#6531,#6533,#6535));
#6537=FACE_OUTER_BOUND('',#6536,.F.);
#6538=ADVANCED_FACE('',(#6537),#6528,.F.);
#6539=CARTESIAN_POINT('',(-1.40875E1,-4.E0,-6.E0));
#6540=DIRECTION('',(-1.E0,0.E0,0.E0));
#6541=DIRECTION('',(0.E0,1.E0,0.E0));
#6542=AXIS2_PLACEMENT_3D('',#6539,#6540,#6541);
#6543=CONICAL_SURFACE('',#6542,1.1875E0,4.5E1);
#6544=ORIENTED_EDGE('',*,*,#6529,.F.);
#6546=ORIENTED_EDGE('',*,*,#6545,.T.);
#6547=ORIENTED_EDGE('',*,*,#6532,.T.);
#6548=ORIENTED_EDGE('',*,*,#5914,.F.);
#6549=EDGE_LOOP('',(#6544,#6546,#6547,#6548));
#6550=FACE_OUTER_BOUND('',#6549,.F.);
#6551=ADVANCED_FACE('',(#6550),#6543,.F.);
#6552=CARTESIAN_POINT('',(-1.045332375877E1,-4.E0,-6.E0));
#6553=DIRECTION('',(1.E0,0.E0,0.E0));
#6554=DIRECTION('',(0.E0,-1.E0,0.E0));
#6555=AXIS2_PLACEMENT_3D('',#6552,#6553,#6554);
#6556=CYLINDRICAL_SURFACE('',#6555,1.025E0);
#6558=ORIENTED_EDGE('',*,*,#6557,.F.);
#6560=ORIENTED_EDGE('',*,*,#6559,.T.);
#6561=ORIENTED_EDGE('',*,*,#6545,.F.);
#6563=ORIENTED_EDGE('',*,*,#6562,.F.);
#6564=EDGE_LOOP('',(#6558,#6560,#6561,#6563));
#6565=FACE_OUTER_BOUND('',#6564,.F.);
#6566=ADVANCED_FACE('',(#6565),#6556,.F.);
#6567=CARTESIAN_POINT('',(-1.125E1,0.E0,0.E0));
#6568=DIRECTION('',(1.E0,0.E0,0.E0));
#6569=DIRECTION('',(0.E0,0.E0,-1.E0));
#6570=AXIS2_PLACEMENT_3D('',#6567,#6568,#6569);
#6571=PLANE('',#6570);
#6573=ORIENTED_EDGE('',*,*,#6572,.T.);
#6574=ORIENTED_EDGE('',*,*,#6557,.T.);
#6575=EDGE_LOOP('',(#6573,#6574));
#6576=FACE_OUTER_BOUND('',#6575,.F.);
#6577=ADVANCED_FACE('',(#6576),#6571,.F.);
#6578=CARTESIAN_POINT('',(-1.045332375877E1,-4.E0,-6.E0));
#6579=DIRECTION('',(1.E0,0.E0,0.E0));
#6580=DIRECTION('',(0.E0,-1.E0,0.E0));
#6581=AXIS2_PLACEMENT_3D('',#6578,#6579,#6580);
#6582=CYLINDRICAL_SURFACE('',#6581,1.025E0);
#6583=ORIENTED_EDGE('',*,*,#6572,.F.);
#6584=ORIENTED_EDGE('',*,*,#6562,.T.);
#6585=ORIENTED_EDGE('',*,*,#6534,.F.);
#6586=ORIENTED_EDGE('',*,*,#6559,.F.);
#6587=EDGE_LOOP('',(#6583,#6584,#6585,#6586));
#6588=FACE_OUTER_BOUND('',#6587,.F.);
#6589=ADVANCED_FACE('',(#6588),#6582,.F.);
#6590=CARTESIAN_POINT('',(-7.75E0,-1.715E1,-1.54E1));
#6591=DIRECTION('',(-7.071067811865E-1,7.071067811865E-1,0.E0));
#6592=DIRECTION('',(-7.071067811865E-1,-7.071067811865E-1,0.E0));
#6593=AXIS2_PLACEMENT_3D('',#6590,#6591,#6592);
#6594=PLANE('',#6593);
#6595=ORIENTED_EDGE('',*,*,#5821,.F.);
#6596=ORIENTED_EDGE('',*,*,#5837,.F.);
#6597=ORIENTED_EDGE('',*,*,#5856,.T.);
#6598=ORIENTED_EDGE('',*,*,#5713,.F.);
#6600=ORIENTED_EDGE('',*,*,#6599,.T.);
#6601=EDGE_LOOP('',(#6595,#6596,#6597,#6598,#6600));
#6602=FACE_OUTER_BOUND('',#6601,.F.);
#6603=ADVANCED_FACE('',(#6602),#6594,.T.);
#6604=CARTESIAN_POINT('',(-9.4E0,-1.55E1,-1.7E1));
#6605=DIRECTION('',(0.E0,1.E0,0.E0));
#6606=DIRECTION('',(1.E0,0.E0,0.E0));
#6607=AXIS2_PLACEMENT_3D('',#6604,#6605,#6606);
#6608=PLANE('',#6607);
#6609=ORIENTED_EDGE('',*,*,#6599,.F.);
#6610=ORIENTED_EDGE('',*,*,#5711,.T.);
#6612=ORIENTED_EDGE('',*,*,#6611,.T.);
#6613=ORIENTED_EDGE('',*,*,#5823,.F.);
#6614=EDGE_LOOP('',(#6609,#6610,#6612,#6613));
#6615=FACE_OUTER_BOUND('',#6614,.F.);
#6616=ADVANCED_FACE('',(#6615),#6608,.T.);
#6617=CARTESIAN_POINT('',(7.75E0,-1.715E1,-1.54E1));
#6618=DIRECTION('',(7.071067811865E-1,7.071067811865E-1,0.E0));
#6619=DIRECTION('',(-7.071067811865E-1,7.071067811865E-1,0.E0));
#6620=AXIS2_PLACEMENT_3D('',#6617,#6618,#6619);
#6621=PLANE('',#6620);
#6622=ORIENTED_EDGE('',*,*,#5789,.T.);
#6623=ORIENTED_EDGE('',*,*,#5807,.F.);
#6624=ORIENTED_EDGE('',*,*,#5825,.F.);
#6625=ORIENTED_EDGE('',*,*,#6611,.F.);
#6626=ORIENTED_EDGE('',*,*,#5709,.F.);
#6627=EDGE_LOOP('',(#6622,#6623,#6624,#6625,#6626));
#6628=FACE_OUTER_BOUND('',#6627,.F.);
#6629=ADVANCED_FACE('',(#6628),#6621,.T.);
#6630=CARTESIAN_POINT('',(-1.1E1,-3.2E1,-1.7E1));
#6631=DIRECTION('',(0.E0,0.E0,-1.E0));
#6632=DIRECTION('',(-1.E0,0.E0,0.E0));
#6633=AXIS2_PLACEMENT_3D('',#6630,#6631,#6632);
#6634=CYLINDRICAL_SURFACE('',#6633,2.4E0);
#6635=ORIENTED_EDGE('',*,*,#5728,.F.);
#6637=ORIENTED_EDGE('',*,*,#6636,.T.);
#6639=ORIENTED_EDGE('',*,*,#6638,.F.);
#6641=ORIENTED_EDGE('',*,*,#6640,.F.);
#6642=EDGE_LOOP('',(#6635,#6637,#6639,#6641));
#6643=FACE_OUTER_BOUND('',#6642,.F.);
#6644=ADVANCED_FACE('',(#6643),#6634,.F.);
#6645=CARTESIAN_POINT('',(-1.1E1,-3.2E1,-1.7E1));
#6646=DIRECTION('',(0.E0,0.E0,-1.E0));
#6647=DIRECTION('',(-1.E0,0.E0,0.E0));
#6648=AXIS2_PLACEMENT_3D('',#6645,#6646,#6647);
#6649=CYLINDRICAL_SURFACE('',#6648,2.4E0);
#6650=ORIENTED_EDGE('',*,*,#5730,.F.);
#6651=ORIENTED_EDGE('',*,*,#6640,.T.);
#6653=ORIENTED_EDGE('',*,*,#6652,.F.);
#6654=ORIENTED_EDGE('',*,*,#6636,.F.);
#6655=EDGE_LOOP('',(#6650,#6651,#6653,#6654));
#6656=FACE_OUTER_BOUND('',#6655,.F.);
#6657=ADVANCED_FACE('',(#6656),#6649,.F.);
#6658=CARTESIAN_POINT('',(0.E0,0.E0,-1.42E1));
#6659=DIRECTION('',(0.E0,0.E0,-1.E0));
#6660=DIRECTION('',(-1.E0,0.E0,0.E0));
#6661=AXIS2_PLACEMENT_3D('',#6658,#6659,#6660);
#6662=PLANE('',#6661);
#6663=ORIENTED_EDGE('',*,*,#6638,.T.);
#6664=ORIENTED_EDGE('',*,*,#6652,.T.);
#6665=EDGE_LOOP('',(#6663,#6664));
#6666=FACE_OUTER_BOUND('',#6665,.F.);
#6668=ORIENTED_EDGE('',*,*,#6667,.T.);
#6670=ORIENTED_EDGE('',*,*,#6669,.T.);
#6671=EDGE_LOOP('',(#6668,#6670));
#6672=FACE_BOUND('',#6671,.F.);
#6673=ADVANCED_FACE('',(#6666,#6672),#6662,.T.);
#6674=CARTESIAN_POINT('',(-1.1E1,-3.2E1,-1.7E1));
#6675=DIRECTION('',(0.E0,0.E0,-1.E0));
#6676=DIRECTION('',(-1.E0,0.E0,0.E0));
#6677=AXIS2_PLACEMENT_3D('',#6674,#6675,#6676);
#6678=CYLINDRICAL_SURFACE('',#6677,1.3E0);
#6679=ORIENTED_EDGE('',*,*,#6667,.F.);
#6681=ORIENTED_EDGE('',*,*,#6680,.T.);
#6683=ORIENTED_EDGE('',*,*,#6682,.F.);
#6685=ORIENTED_EDGE('',*,*,#6684,.F.);
#6686=EDGE_LOOP('',(#6679,#6681,#6683,#6685));
#6687=FACE_OUTER_BOUND('',#6686,.F.);
#6688=ADVANCED_FACE('',(#6687),#6678,.F.);
#6689=CARTESIAN_POINT('',(-1.1E1,-3.2E1,-1.7E1));
#6690=DIRECTION('',(0.E0,0.E0,-1.E0));
#6691=DIRECTION('',(-1.E0,0.E0,0.E0));
#6692=AXIS2_PLACEMENT_3D('',#6689,#6690,#6691);
#6693=CYLINDRICAL_SURFACE('',#6692,1.3E0);
#6694=ORIENTED_EDGE('',*,*,#6669,.F.);
#6695=ORIENTED_EDGE('',*,*,#6684,.T.);
#6697=ORIENTED_EDGE('',*,*,#6696,.F.);
#6698=ORIENTED_EDGE('',*,*,#6680,.F.);
#6699=EDGE_LOOP('',(#6694,#6695,#6697,#6698));
#6700=FACE_OUTER_BOUND('',#6699,.F.);
#6701=ADVANCED_FACE('',(#6700),#6693,.F.);
#6702=CARTESIAN_POINT('',(-1.1E1,-3.2E1,-8.E0));
#6703=DIRECTION('',(0.E0,0.E0,-1.E0));
#6704=DIRECTION('',(1.E0,0.E0,0.E0));
#6705=AXIS2_PLACEMENT_3D('',#6702,#6703,#6704);
#6706=PLANE('',#6705);
#6708=ORIENTED_EDGE('',*,*,#6707,.T.);
#6710=ORIENTED_EDGE('',*,*,#6709,.T.);
#6711=EDGE_LOOP('',(#6708,#6710));
#6712=FACE_OUTER_BOUND('',#6711,.F.);
#6713=ORIENTED_EDGE('',*,*,#6682,.T.);
#6714=ORIENTED_EDGE('',*,*,#6696,.T.);
#6715=EDGE_LOOP('',(#6713,#6714));
#6716=FACE_BOUND('',#6715,.F.);
#6717=ADVANCED_FACE('',(#6712,#6716),#6706,.F.);
#6718=CARTESIAN_POINT('',(-1.1E1,-3.2E1,-7.8375E0));
#6719=DIRECTION('',(0.E0,0.E0,-1.E0));
#6720=DIRECTION('',(1.E0,0.E0,0.E0));
#6721=AXIS2_PLACEMENT_3D('',#6718,#6719,#6720);
#6722=CONICAL_SURFACE('',#6721,1.1875E0,4.5E1);
#6724=ORIENTED_EDGE('',*,*,#6723,.T.);
#6725=ORIENTED_EDGE('',*,*,#6707,.F.);
#6727=ORIENTED_EDGE('',*,*,#6726,.F.);
#6729=ORIENTED_EDGE('',*,*,#6728,.T.);
#6730=EDGE_LOOP('',(#6724,#6725,#6727,#6729));
#6731=FACE_OUTER_BOUND('',#6730,.F.);
#6732=ADVANCED_FACE('',(#6731),#6722,.F.);
#6733=CARTESIAN_POINT('',(-1.1E1,-3.2E1,-7.8375E0));
#6734=DIRECTION('',(0.E0,0.E0,-1.E0));
#6735=DIRECTION('',(1.E0,0.E0,0.E0));
#6736=AXIS2_PLACEMENT_3D('',#6733,#6734,#6735);
#6737=CONICAL_SURFACE('',#6736,1.1875E0,4.5E1);
#6738=ORIENTED_EDGE('',*,*,#6723,.F.);
#6740=ORIENTED_EDGE('',*,*,#6739,.T.);
#6741=ORIENTED_EDGE('',*,*,#6726,.T.);
#6742=ORIENTED_EDGE('',*,*,#6709,.F.);
#6743=EDGE_LOOP('',(#6738,#6740,#6741,#6742));
#6744=FACE_OUTER_BOUND('',#6743,.F.);
#6745=ADVANCED_FACE('',(#6744),#6737,.F.);
#6746=CARTESIAN_POINT('',(-1.1E1,-3.2E1,-5.283237587716E-1));
#6747=DIRECTION('',(0.E0,0.E0,-1.E0));
#6748=DIRECTION('',(1.E0,0.E0,0.E0));
#6749=AXIS2_PLACEMENT_3D('',#6746,#6747,#6748);
#6750=CYLINDRICAL_SURFACE('',#6749,1.025E0);
#6752=ORIENTED_EDGE('',*,*,#6751,.F.);
#6754=ORIENTED_EDGE('',*,*,#6753,.F.);
#6756=ORIENTED_EDGE('',*,*,#6755,.T.);
#6757=ORIENTED_EDGE('',*,*,#6739,.F.);
#6758=EDGE_LOOP('',(#6752,#6754,#6756,#6757));
#6759=FACE_OUTER_BOUND('',#6758,.F.);
#6760=ADVANCED_FACE('',(#6759),#6750,.F.);
#6761=CARTESIAN_POINT('',(-1.1E1,-3.2E1,-5.283237587716E-1));
#6762=DIRECTION('',(0.E0,0.E0,-1.E0));
#6763=DIRECTION('',(1.E0,0.E0,0.E0));
#6764=AXIS2_PLACEMENT_3D('',#6761,#6762,#6763);
#6765=CYLINDRICAL_SURFACE('',#6764,1.025E0);
#6766=ORIENTED_EDGE('',*,*,#6751,.T.);
#6767=ORIENTED_EDGE('',*,*,#6728,.F.);
#6768=ORIENTED_EDGE('',*,*,#6755,.F.);
#6770=ORIENTED_EDGE('',*,*,#6769,.F.);
#6771=EDGE_LOOP('',(#6766,#6767,#6768,#6770));
#6772=FACE_OUTER_BOUND('',#6771,.F.);
#6773=ADVANCED_FACE('',(#6772),#6765,.F.);
#6774=CARTESIAN_POINT('',(-1.1E1,-3.2E1,-1.213463734210E0));
#6775=DIRECTION('',(0.E0,0.E0,-1.E0));
#6776=DIRECTION('',(1.E0,0.E0,0.E0));
#6777=AXIS2_PLACEMENT_3D('',#6774,#6775,#6776);
#6778=CONICAL_SURFACE('',#6777,5.481235718962E-1,5.9E1);
#6780=ORIENTED_EDGE('',*,*,#6779,.T.);
#6781=ORIENTED_EDGE('',*,*,#6769,.T.);
#6783=ORIENTED_EDGE('',*,*,#6782,.F.);
#6784=EDGE_LOOP('',(#6780,#6781,#6783));
#6785=FACE_OUTER_BOUND('',#6784,.F.);
#6786=ADVANCED_FACE('',(#6785),#6778,.F.);
#6787=CARTESIAN_POINT('',(-1.1E1,-3.2E1,-1.213463734210E0));
#6788=DIRECTION('',(0.E0,0.E0,-1.E0));
#6789=DIRECTION('',(1.E0,0.E0,0.E0));
#6790=AXIS2_PLACEMENT_3D('',#6787,#6788,#6789);
#6791=CONICAL_SURFACE('',#6790,5.481235718962E-1,5.9E1);
#6792=ORIENTED_EDGE('',*,*,#6779,.F.);
#6793=ORIENTED_EDGE('',*,*,#6782,.T.);
#6794=ORIENTED_EDGE('',*,*,#6753,.T.);
#6795=EDGE_LOOP('',(#6792,#6793,#6794));
#6796=FACE_OUTER_BOUND('',#6795,.F.);
#6797=ADVANCED_FACE('',(#6796),#6791,.F.);
#6798=CARTESIAN_POINT('',(1.1E1,-3.2E1,-1.7E1));
#6799=DIRECTION('',(0.E0,0.E0,-1.E0));
#6800=DIRECTION('',(-1.E0,0.E0,0.E0));
#6801=AXIS2_PLACEMENT_3D('',#6798,#6799,#6800);
#6802=CYLINDRICAL_SURFACE('',#6801,2.4E0);
#6803=ORIENTED_EDGE('',*,*,#5734,.F.);
#6805=ORIENTED_EDGE('',*,*,#6804,.T.);
#6807=ORIENTED_EDGE('',*,*,#6806,.F.);
#6809=ORIENTED_EDGE('',*,*,#6808,.F.);
#6810=EDGE_LOOP('',(#6803,#6805,#6807,#6809));
#6811=FACE_OUTER_BOUND('',#6810,.F.);
#6812=ADVANCED_FACE('',(#6811),#6802,.F.);
#6813=CARTESIAN_POINT('',(1.1E1,-3.2E1,-1.7E1));
#6814=DIRECTION('',(0.E0,0.E0,-1.E0));
#6815=DIRECTION('',(-1.E0,0.E0,0.E0));
#6816=AXIS2_PLACEMENT_3D('',#6813,#6814,#6815);
#6817=CYLINDRICAL_SURFACE('',#6816,2.4E0);
#6818=ORIENTED_EDGE('',*,*,#5736,.F.);
#6819=ORIENTED_EDGE('',*,*,#6808,.T.);
#6821=ORIENTED_EDGE('',*,*,#6820,.F.);
#6822=ORIENTED_EDGE('',*,*,#6804,.F.);
#6823=EDGE_LOOP('',(#6818,#6819,#6821,#6822));
#6824=FACE_OUTER_BOUND('',#6823,.F.);
#6825=ADVANCED_FACE('',(#6824),#6817,.F.);
#6826=CARTESIAN_POINT('',(0.E0,0.E0,-1.42E1));
#6827=DIRECTION('',(0.E0,0.E0,-1.E0));
#6828=DIRECTION('',(-1.E0,0.E0,0.E0));
#6829=AXIS2_PLACEMENT_3D('',#6826,#6827,#6828);
#6830=PLANE('',#6829);
#6831=ORIENTED_EDGE('',*,*,#6806,.T.);
#6832=ORIENTED_EDGE('',*,*,#6820,.T.);
#6833=EDGE_LOOP('',(#6831,#6832));
#6834=FACE_OUTER_BOUND('',#6833,.F.);
#6836=ORIENTED_EDGE('',*,*,#6835,.T.);
#6838=ORIENTED_EDGE('',*,*,#6837,.T.);
#6839=EDGE_LOOP('',(#6836,#6838));
#6840=FACE_BOUND('',#6839,.F.);
#6841=ADVANCED_FACE('',(#6834,#6840),#6830,.T.);
#6842=CARTESIAN_POINT('',(1.1E1,-3.2E1,-1.7E1));
#6843=DIRECTION('',(0.E0,0.E0,-1.E0));
#6844=DIRECTION('',(-1.E0,0.E0,0.E0));
#6845=AXIS2_PLACEMENT_3D('',#6842,#6843,#6844);
#6846=CYLINDRICAL_SURFACE('',#6845,1.3E0);
#6847=ORIENTED_EDGE('',*,*,#6835,.F.);
#6849=ORIENTED_EDGE('',*,*,#6848,.T.);
#6851=ORIENTED_EDGE('',*,*,#6850,.F.);
#6853=ORIENTED_EDGE('',*,*,#6852,.F.);
#6854=EDGE_LOOP('',(#6847,#6849,#6851,#6853));
#6855=FACE_OUTER_BOUND('',#6854,.F.);
#6856=ADVANCED_FACE('',(#6855),#6846,.F.);
#6857=CARTESIAN_POINT('',(1.1E1,-3.2E1,-1.7E1));
#6858=DIRECTION('',(0.E0,0.E0,-1.E0));
#6859=DIRECTION('',(-1.E0,0.E0,0.E0));
#6860=AXIS2_PLACEMENT_3D('',#6857,#6858,#6859);
#6861=CYLINDRICAL_SURFACE('',#6860,1.3E0);
#6862=ORIENTED_EDGE('',*,*,#6837,.F.);
#6863=ORIENTED_EDGE('',*,*,#6852,.T.);
#6865=ORIENTED_EDGE('',*,*,#6864,.F.);
#6866=ORIENTED_EDGE('',*,*,#6848,.F.);
#6867=EDGE_LOOP('',(#6862,#6863,#6865,#6866));
#6868=FACE_OUTER_BOUND('',#6867,.F.);
#6869=ADVANCED_FACE('',(#6868),#6861,.F.);
#6870=CARTESIAN_POINT('',(1.1E1,-3.2E1,-8.E0));
#6871=DIRECTION('',(0.E0,0.E0,-1.E0));
#6872=DIRECTION('',(1.E0,0.E0,0.E0));
#6873=AXIS2_PLACEMENT_3D('',#6870,#6871,#6872);
#6874=PLANE('',#6873);
#6876=ORIENTED_EDGE('',*,*,#6875,.T.);
#6878=ORIENTED_EDGE('',*,*,#6877,.T.);
#6879=EDGE_LOOP('',(#6876,#6878));
#6880=FACE_OUTER_BOUND('',#6879,.F.);
#6881=ORIENTED_EDGE('',*,*,#6850,.T.);
#6882=ORIENTED_EDGE('',*,*,#6864,.T.);
#6883=EDGE_LOOP('',(#6881,#6882));
#6884=FACE_BOUND('',#6883,.F.);
#6885=ADVANCED_FACE('',(#6880,#6884),#6874,.F.);
#6886=CARTESIAN_POINT('',(1.1E1,-3.2E1,-7.8375E0));
#6887=DIRECTION('',(0.E0,0.E0,-1.E0));
#6888=DIRECTION('',(1.E0,0.E0,0.E0));
#6889=AXIS2_PLACEMENT_3D('',#6886,#6887,#6888);
#6890=CONICAL_SURFACE('',#6889,1.1875E0,4.5E1);
#6892=ORIENTED_EDGE('',*,*,#6891,.T.);
#6893=ORIENTED_EDGE('',*,*,#6875,.F.);
#6895=ORIENTED_EDGE('',*,*,#6894,.F.);
#6897=ORIENTED_EDGE('',*,*,#6896,.T.);
#6898=EDGE_LOOP('',(#6892,#6893,#6895,#6897));
#6899=FACE_OUTER_BOUND('',#6898,.F.);
#6900=ADVANCED_FACE('',(#6899),#6890,.F.);
#6901=CARTESIAN_POINT('',(1.1E1,-3.2E1,-7.8375E0));
#6902=DIRECTION('',(0.E0,0.E0,-1.E0));
#6903=DIRECTION('',(1.E0,0.E0,0.E0));
#6904=AXIS2_PLACEMENT_3D('',#6901,#6902,#6903);
#6905=CONICAL_SURFACE('',#6904,1.1875E0,4.5E1);
#6906=ORIENTED_EDGE('',*,*,#6891,.F.);
#6908=ORIENTED_EDGE('',*,*,#6907,.T.);
#6909=ORIENTED_EDGE('',*,*,#6894,.T.);
#6910=ORIENTED_EDGE('',*,*,#6877,.F.);
#6911=EDGE_LOOP('',(#6906,#6908,#6909,#6910));
#6912=FACE_OUTER_BOUND('',#6911,.F.);
#6913=ADVANCED_FACE('',(#6912),#6905,.F.);
#6914=CARTESIAN_POINT('',(1.1E1,-3.2E1,-5.283237587716E-1));
#6915=DIRECTION('',(0.E0,0.E0,-1.E0));
#6916=DIRECTION('',(1.E0,0.E0,0.E0));
#6917=AXIS2_PLACEMENT_3D('',#6914,#6915,#6916);
#6918=CYLINDRICAL_SURFACE('',#6917,1.025E0);
#6920=ORIENTED_EDGE('',*,*,#6919,.F.);
#6922=ORIENTED_EDGE('',*,*,#6921,.F.);
#6924=ORIENTED_EDGE('',*,*,#6923,.T.);
#6925=ORIENTED_EDGE('',*,*,#6907,.F.);
#6926=EDGE_LOOP('',(#6920,#6922,#6924,#6925));
#6927=FACE_OUTER_BOUND('',#6926,.F.);
#6928=ADVANCED_FACE('',(#6927),#6918,.F.);
#6929=CARTESIAN_POINT('',(1.1E1,-3.2E1,-5.283237587716E-1));
#6930=DIRECTION('',(0.E0,0.E0,-1.E0));
#6931=DIRECTION('',(1.E0,0.E0,0.E0));
#6932=AXIS2_PLACEMENT_3D('',#6929,#6930,#6931);
#6933=CYLINDRICAL_SURFACE('',#6932,1.025E0);
#6934=ORIENTED_EDGE('',*,*,#6919,.T.);
#6935=ORIENTED_EDGE('',*,*,#6896,.F.);
#6936=ORIENTED_EDGE('',*,*,#6923,.F.);
#6938=ORIENTED_EDGE('',*,*,#6937,.F.);
#6939=EDGE_LOOP('',(#6934,#6935,#6936,#6938));
#6940=FACE_OUTER_BOUND('',#6939,.F.);
#6941=ADVANCED_FACE('',(#6940),#6933,.F.);
#6942=CARTESIAN_POINT('',(1.1E1,-3.2E1,-1.213463734210E0));
#6943=DIRECTION('',(0.E0,0.E0,-1.E0));
#6944=DIRECTION('',(1.E0,0.E0,0.E0));
#6945=AXIS2_PLACEMENT_3D('',#6942,#6943,#6944);
#6946=CONICAL_SURFACE('',#6945,5.481235718962E-1,5.9E1);
#6948=ORIENTED_EDGE('',*,*,#6947,.T.);
#6949=ORIENTED_EDGE('',*,*,#6937,.T.);
#6951=ORIENTED_EDGE('',*,*,#6950,.F.);
#6952=EDGE_LOOP('',(#6948,#6949,#6951));
#6953=FACE_OUTER_BOUND('',#6952,.F.);
#6954=ADVANCED_FACE('',(#6953),#6946,.F.);
#6955=CARTESIAN_POINT('',(1.1E1,-3.2E1,-1.213463734210E0));
#6956=DIRECTION('',(0.E0,0.E0,-1.E0));
#6957=DIRECTION('',(1.E0,0.E0,0.E0));
#6958=AXIS2_PLACEMENT_3D('',#6955,#6956,#6957);
#6959=CONICAL_SURFACE('',#6958,5.481235718962E-1,5.9E1);
#6960=ORIENTED_EDGE('',*,*,#6947,.F.);
#6961=ORIENTED_EDGE('',*,*,#6950,.T.);
#6962=ORIENTED_EDGE('',*,*,#6921,.T.);
#6963=EDGE_LOOP('',(#6960,#6961,#6962));
#6964=FACE_OUTER_BOUND('',#6963,.F.);
#6965=ADVANCED_FACE('',(#6964),#6959,.F.);
#6966=CARTESIAN_POINT('',(1.310857864376E1,1.010857864376E1,1.68E1));
#6967=DIRECTION('',(5.E-1,5.E-1,7.071067811865E-1));
#6968=DIRECTION('',(5.E-1,5.E-1,-7.071067811866E-1));
#6969=AXIS2_PLACEMENT_3D('',#6966,#6967,#6968);
#6970=PLANE('',#6969);
#6972=ORIENTED_EDGE('',*,*,#6971,.F.);
#6973=ORIENTED_EDGE('',*,*,#5650,.T.);
#6974=ORIENTED_EDGE('',*,*,#5424,.F.);
#6975=ORIENTED_EDGE('',*,*,#5489,.F.);
#6976=EDGE_LOOP('',(#6972,#6973,#6974,#6975));
#6977=FACE_OUTER_BOUND('',#6976,.F.);
#6978=ADVANCED_FACE('',(#6977),#6970,.T.);
#6979=CARTESIAN_POINT('',(1.325E1,1.025E1,-2.842170943040E-14));
#6980=DIRECTION('',(7.071067811865E-1,7.071067811865E-1,0.E0));
#6981=DIRECTION('',(7.071067811865E-1,-7.071067811865E-1,0.E0));
#6982=AXIS2_PLACEMENT_3D('',#6979,#6980,#6981);
#6983=PLANE('',#6982);
#6984=ORIENTED_EDGE('',*,*,#6971,.T.);
#6985=ORIENTED_EDGE('',*,*,#5507,.T.);
#6986=ORIENTED_EDGE('',*,*,#5576,.T.);
#6987=ORIENTED_EDGE('',*,*,#5602,.F.);
#6988=EDGE_LOOP('',(#6984,#6985,#6986,#6987));
#6989=FACE_OUTER_BOUND('',#6988,.F.);
#6990=ADVANCED_FACE('',(#6989),#6983,.T.);
#6991=CARTESIAN_POINT('',(1.40875E1,-4.E0,6.E0));
#6992=DIRECTION('',(1.E0,0.E0,0.E0));
#6993=DIRECTION('',(0.E0,-1.E0,0.E0));
#6994=AXIS2_PLACEMENT_3D('',#6991,#6992,#6993);
#6995=CONICAL_SURFACE('',#6994,1.1875E0,4.5E1);
#6996=ORIENTED_EDGE('',*,*,#5616,.F.);
#6998=ORIENTED_EDGE('',*,*,#6997,.F.);
#7000=ORIENTED_EDGE('',*,*,#6999,.T.);
#7002=ORIENTED_EDGE('',*,*,#7001,.T.);
#7003=EDGE_LOOP('',(#6996,#6998,#7000,#7002));
#7004=FACE_OUTER_BOUND('',#7003,.F.);
#7005=ADVANCED_FACE('',(#7004),#6995,.F.);
#7006=CARTESIAN_POINT('',(1.40875E1,-4.E0,6.E0));
#7007=DIRECTION('',(1.E0,0.E0,0.E0));
#7008=DIRECTION('',(0.E0,-1.E0,0.E0));
#7009=AXIS2_PLACEMENT_3D('',#7006,#7007,#7008);
#7010=CONICAL_SURFACE('',#7009,1.1875E0,4.5E1);
#7011=ORIENTED_EDGE('',*,*,#5618,.F.);
#7012=ORIENTED_EDGE('',*,*,#7001,.F.);
#7014=ORIENTED_EDGE('',*,*,#7013,.T.);
#7015=ORIENTED_EDGE('',*,*,#6997,.T.);
#7016=EDGE_LOOP('',(#7011,#7012,#7014,#7015));
#7017=FACE_OUTER_BOUND('',#7016,.F.);
#7018=ADVANCED_FACE('',(#7017),#7010,.F.);
#7019=CARTESIAN_POINT('',(1.045332375877E1,-4.E0,6.E0));
#7020=DIRECTION('',(1.E0,0.E0,0.E0));
#7021=DIRECTION('',(0.E0,-1.E0,0.E0));
#7022=AXIS2_PLACEMENT_3D('',#7019,#7020,#7021);
#7023=CYLINDRICAL_SURFACE('',#7022,1.025E0);
#7025=ORIENTED_EDGE('',*,*,#7024,.F.);
#7027=ORIENTED_EDGE('',*,*,#7026,.T.);
#7028=ORIENTED_EDGE('',*,*,#7013,.F.);
#7030=ORIENTED_EDGE('',*,*,#7029,.F.);
#7031=EDGE_LOOP('',(#7025,#7027,#7028,#7030));
#7032=FACE_OUTER_BOUND('',#7031,.F.);
#7033=ADVANCED_FACE('',(#7032),#7023,.F.);
#7034=CARTESIAN_POINT('',(1.125E1,0.E0,0.E0));
#7035=DIRECTION('',(1.E0,0.E0,0.E0));
#7036=DIRECTION('',(0.E0,0.E0,-1.E0));
#7037=AXIS2_PLACEMENT_3D('',#7034,#7035,#7036);
#7038=PLANE('',#7037);
#7040=ORIENTED_EDGE('',*,*,#7039,.T.);
#7041=ORIENTED_EDGE('',*,*,#7024,.T.);
#7042=EDGE_LOOP('',(#7040,#7041));
#7043=FACE_OUTER_BOUND('',#7042,.F.);
#7044=ADVANCED_FACE('',(#7043),#7038,.T.);
#7045=CARTESIAN_POINT('',(1.045332375877E1,-4.E0,6.E0));
#7046=DIRECTION('',(1.E0,0.E0,0.E0));
#7047=DIRECTION('',(0.E0,-1.E0,0.E0));
#7048=AXIS2_PLACEMENT_3D('',#7045,#7046,#7047);
#7049=CYLINDRICAL_SURFACE('',#7048,1.025E0);
#7050=ORIENTED_EDGE('',*,*,#7039,.F.);
#7051=ORIENTED_EDGE('',*,*,#7029,.T.);
#7052=ORIENTED_EDGE('',*,*,#6999,.F.);
#7053=ORIENTED_EDGE('',*,*,#7026,.F.);
#7054=EDGE_LOOP('',(#7050,#7051,#7052,#7053));
#7055=FACE_OUTER_BOUND('',#7054,.F.);
#7056=ADVANCED_FACE('',(#7055),#7049,.F.);
#7057=CARTESIAN_POINT('',(1.40875E1,-2.8E1,-6.E0));
#7058=DIRECTION('',(1.E0,0.E0,0.E0));
#7059=DIRECTION('',(0.E0,-1.E0,0.E0));
#7060=AXIS2_PLACEMENT_3D('',#7057,#7058,#7059);
#7061=CONICAL_SURFACE('',#7060,1.1875E0,4.5E1);
#7062=ORIENTED_EDGE('',*,*,#5622,.F.);
#7064=ORIENTED_EDGE('',*,*,#7063,.F.);
#7066=ORIENTED_EDGE('',*,*,#7065,.T.);
#7068=ORIENTED_EDGE('',*,*,#7067,.T.);
#7069=EDGE_LOOP('',(#7062,#7064,#7066,#7068));
#7070=FACE_OUTER_BOUND('',#7069,.F.);
#7071=ADVANCED_FACE('',(#7070),#7061,.F.);
#7072=CARTESIAN_POINT('',(1.40875E1,-2.8E1,-6.E0));
#7073=DIRECTION('',(1.E0,0.E0,0.E0));
#7074=DIRECTION('',(0.E0,-1.E0,0.E0));
#7075=AXIS2_PLACEMENT_3D('',#7072,#7073,#7074);
#7076=CONICAL_SURFACE('',#7075,1.1875E0,4.5E1);
#7077=ORIENTED_EDGE('',*,*,#5624,.F.);
#7078=ORIENTED_EDGE('',*,*,#7067,.F.);
#7080=ORIENTED_EDGE('',*,*,#7079,.T.);
#7081=ORIENTED_EDGE('',*,*,#7063,.T.);
#7082=EDGE_LOOP('',(#7077,#7078,#7080,#7081));
#7083=FACE_OUTER_BOUND('',#7082,.F.);
#7084=ADVANCED_FACE('',(#7083),#7076,.F.);
#7085=CARTESIAN_POINT('',(1.045332375877E1,-2.8E1,-6.E0));
#7086=DIRECTION('',(1.E0,0.E0,0.E0));
#7087=DIRECTION('',(0.E0,-1.E0,0.E0));
#7088=AXIS2_PLACEMENT_3D('',#7085,#7086,#7087);
#7089=CYLINDRICAL_SURFACE('',#7088,1.025E0);
#7091=ORIENTED_EDGE('',*,*,#7090,.F.);
#7093=ORIENTED_EDGE('',*,*,#7092,.T.);
#7094=ORIENTED_EDGE('',*,*,#7079,.F.);
#7096=ORIENTED_EDGE('',*,*,#7095,.F.);
#7097=EDGE_LOOP('',(#7091,#7093,#7094,#7096));
#7098=FACE_OUTER_BOUND('',#7097,.F.);
#7099=ADVANCED_FACE('',(#7098),#7089,.F.);
#7100=CARTESIAN_POINT('',(1.125E1,0.E0,0.E0));
#7101=DIRECTION('',(1.E0,0.E0,0.E0));
#7102=DIRECTION('',(0.E0,0.E0,-1.E0));
#7103=AXIS2_PLACEMENT_3D('',#7100,#7101,#7102);
#7104=PLANE('',#7103);
#7106=ORIENTED_EDGE('',*,*,#7105,.T.);
#7107=ORIENTED_EDGE('',*,*,#7090,.T.);
#7108=EDGE_LOOP('',(#7106,#7107));
#7109=FACE_OUTER_BOUND('',#7108,.F.);
#7110=ADVANCED_FACE('',(#7109),#7104,.T.);
#7111=CARTESIAN_POINT('',(1.045332375877E1,-2.8E1,-6.E0));
#7112=DIRECTION('',(1.E0,0.E0,0.E0));
#7113=DIRECTION('',(0.E0,-1.E0,0.E0));
#7114=AXIS2_PLACEMENT_3D('',#7111,#7112,#7113);
#7115=CYLINDRICAL_SURFACE('',#7114,1.025E0);
#7116=ORIENTED_EDGE('',*,*,#7105,.F.);
#7117=ORIENTED_EDGE('',*,*,#7095,.T.);
#7118=ORIENTED_EDGE('',*,*,#7065,.F.);
#7119=ORIENTED_EDGE('',*,*,#7092,.F.);
#7120=EDGE_LOOP('',(#7116,#7117,#7118,#7119));
#7121=FACE_OUTER_BOUND('',#7120,.F.);
#7122=ADVANCED_FACE('',(#7121),#7115,.F.);
#7123=CARTESIAN_POINT('',(1.40875E1,-2.8E1,6.E0));
#7124=DIRECTION('',(1.E0,0.E0,0.E0));
#7125=DIRECTION('',(0.E0,-1.E0,0.E0));
#7126=AXIS2_PLACEMENT_3D('',#7123,#7124,#7125);
#7127=CONICAL_SURFACE('',#7126,1.1875E0,4.5E1);
#7128=ORIENTED_EDGE('',*,*,#5628,.F.);
#7130=ORIENTED_EDGE('',*,*,#7129,.F.);
#7132=ORIENTED_EDGE('',*,*,#7131,.T.);
#7134=ORIENTED_EDGE('',*,*,#7133,.T.);
#7135=EDGE_LOOP('',(#7128,#7130,#7132,#7134));
#7136=FACE_OUTER_BOUND('',#7135,.F.);
#7137=ADVANCED_FACE('',(#7136),#7127,.F.);
#7138=CARTESIAN_POINT('',(1.40875E1,-2.8E1,6.E0));
#7139=DIRECTION('',(1.E0,0.E0,0.E0));
#7140=DIRECTION('',(0.E0,-1.E0,0.E0));
#7141=AXIS2_PLACEMENT_3D('',#7138,#7139,#7140);
#7142=CONICAL_SURFACE('',#7141,1.1875E0,4.5E1);
#7143=ORIENTED_EDGE('',*,*,#5630,.F.);
#7144=ORIENTED_EDGE('',*,*,#7133,.F.);
#7146=ORIENTED_EDGE('',*,*,#7145,.T.);
#7147=ORIENTED_EDGE('',*,*,#7129,.T.);
#7148=EDGE_LOOP('',(#7143,#7144,#7146,#7147));
#7149=FACE_OUTER_BOUND('',#7148,.F.);
#7150=ADVANCED_FACE('',(#7149),#7142,.F.);
#7151=CARTESIAN_POINT('',(1.045332375877E1,-2.8E1,6.E0));
#7152=DIRECTION('',(1.E0,0.E0,0.E0));
#7153=DIRECTION('',(0.E0,-1.E0,0.E0));
#7154=AXIS2_PLACEMENT_3D('',#7151,#7152,#7153);
#7155=CYLINDRICAL_SURFACE('',#7154,1.025E0);
#7157=ORIENTED_EDGE('',*,*,#7156,.F.);
#7159=ORIENTED_EDGE('',*,*,#7158,.T.);
#7160=ORIENTED_EDGE('',*,*,#7145,.F.);
#7162=ORIENTED_EDGE('',*,*,#7161,.F.);
#7163=EDGE_LOOP('',(#7157,#7159,#7160,#7162));
#7164=FACE_OUTER_BOUND('',#7163,.F.);
#7165=ADVANCED_FACE('',(#7164),#7155,.F.);
#7166=CARTESIAN_POINT('',(1.125E1,0.E0,0.E0));
#7167=DIRECTION('',(1.E0,0.E0,0.E0));
#7168=DIRECTION('',(0.E0,0.E0,-1.E0));
#7169=AXIS2_PLACEMENT_3D('',#7166,#7167,#7168);
#7170=PLANE('',#7169);
#7172=ORIENTED_EDGE('',*,*,#7171,.T.);
#7173=ORIENTED_EDGE('',*,*,#7156,.T.);
#7174=EDGE_LOOP('',(#7172,#7173));
#7175=FACE_OUTER_BOUND('',#7174,.F.);
#7176=ADVANCED_FACE('',(#7175),#7170,.T.);
#7177=CARTESIAN_POINT('',(1.045332375877E1,-2.8E1,6.E0));
#7178=DIRECTION('',(1.E0,0.E0,0.E0));
#7179=DIRECTION('',(0.E0,-1.E0,0.E0));
#7180=AXIS2_PLACEMENT_3D('',#7177,#7178,#7179);
#7181=CYLINDRICAL_SURFACE('',#7180,1.025E0);
#7182=ORIENTED_EDGE('',*,*,#7171,.F.);
#7183=ORIENTED_EDGE('',*,*,#7161,.T.);
#7184=ORIENTED_EDGE('',*,*,#7131,.F.);
#7185=ORIENTED_EDGE('',*,*,#7158,.F.);
#7186=EDGE_LOOP('',(#7182,#7183,#7184,#7185));
#7187=FACE_OUTER_BOUND('',#7186,.F.);
#7188=ADVANCED_FACE('',(#7187),#7181,.F.);
#7189=CARTESIAN_POINT('',(1.40875E1,-4.E0,-6.E0));
#7190=DIRECTION('',(1.E0,0.E0,0.E0));
#7191=DIRECTION('',(0.E0,-1.E0,0.E0));
#7192=AXIS2_PLACEMENT_3D('',#7189,#7190,#7191);
#7193=CONICAL_SURFACE('',#7192,1.1875E0,4.5E1);
#7194=ORIENTED_EDGE('',*,*,#5634,.F.);
#7196=ORIENTED_EDGE('',*,*,#7195,.F.);
#7198=ORIENTED_EDGE('',*,*,#7197,.T.);
#7200=ORIENTED_EDGE('',*,*,#7199,.T.);
#7201=EDGE_LOOP('',(#7194,#7196,#7198,#7200));
#7202=FACE_OUTER_BOUND('',#7201,.F.);
#7203=ADVANCED_FACE('',(#7202),#7193,.F.);
#7204=CARTESIAN_POINT('',(1.40875E1,-4.E0,-6.E0));
#7205=DIRECTION('',(1.E0,0.E0,0.E0));
#7206=DIRECTION('',(0.E0,-1.E0,0.E0));
#7207=AXIS2_PLACEMENT_3D('',#7204,#7205,#7206);
#7208=CONICAL_SURFACE('',#7207,1.1875E0,4.5E1);
#7209=ORIENTED_EDGE('',*,*,#5636,.F.);
#7210=ORIENTED_EDGE('',*,*,#7199,.F.);
#7212=ORIENTED_EDGE('',*,*,#7211,.T.);
#7213=ORIENTED_EDGE('',*,*,#7195,.T.);
#7214=EDGE_LOOP('',(#7209,#7210,#7212,#7213));
#7215=FACE_OUTER_BOUND('',#7214,.F.);
#7216=ADVANCED_FACE('',(#7215),#7208,.F.);
#7217=CARTESIAN_POINT('',(1.045332375877E1,-4.E0,-6.E0));
#7218=DIRECTION('',(1.E0,0.E0,0.E0));
#7219=DIRECTION('',(0.E0,-1.E0,0.E0));
#7220=AXIS2_PLACEMENT_3D('',#7217,#7218,#7219);
#7221=CYLINDRICAL_SURFACE('',#7220,1.025E0);
#7223=ORIENTED_EDGE('',*,*,#7222,.F.);
#7225=ORIENTED_EDGE('',*,*,#7224,.T.);
#7226=ORIENTED_EDGE('',*,*,#7211,.F.);
#7228=ORIENTED_EDGE('',*,*,#7227,.F.);
#7229=EDGE_LOOP('',(#7223,#7225,#7226,#7228));
#7230=FACE_OUTER_BOUND('',#7229,.F.);
#7231=ADVANCED_FACE('',(#7230),#7221,.F.);
#7232=CARTESIAN_POINT('',(1.125E1,0.E0,0.E0));
#7233=DIRECTION('',(1.E0,0.E0,0.E0));
#7234=DIRECTION('',(0.E0,0.E0,-1.E0));
#7235=AXIS2_PLACEMENT_3D('',#7232,#7233,#7234);
#7236=PLANE('',#7235);
#7238=ORIENTED_EDGE('',*,*,#7237,.T.);
#7239=ORIENTED_EDGE('',*,*,#7222,.T.);
#7240=EDGE_LOOP('',(#7238,#7239));
#7241=FACE_OUTER_BOUND('',#7240,.F.);
#7242=ADVANCED_FACE('',(#7241),#7236,.T.);
#7243=CARTESIAN_POINT('',(1.045332375877E1,-4.E0,-6.E0));
#7244=DIRECTION('',(1.E0,0.E0,0.E0));
#7245=DIRECTION('',(0.E0,-1.E0,0.E0));
#7246=AXIS2_PLACEMENT_3D('',#7243,#7244,#7245);
#7247=CYLINDRICAL_SURFACE('',#7246,1.025E0);
#7248=ORIENTED_EDGE('',*,*,#7237,.F.);
#7249=ORIENTED_EDGE('',*,*,#7227,.T.);
#7250=ORIENTED_EDGE('',*,*,#7197,.F.);
#7251=ORIENTED_EDGE('',*,*,#7224,.F.);
#7252=EDGE_LOOP('',(#7248,#7249,#7250,#7251));
#7253=FACE_OUTER_BOUND('',#7252,.F.);
#7254=ADVANCED_FACE('',(#7253),#7247,.F.);
#7255=CARTESIAN_POINT('',(8.E0,1.10875E1,6.E0));
#7256=DIRECTION('',(0.E0,1.E0,0.E0));
#7257=DIRECTION('',(1.E0,0.E0,0.E0));
#7258=AXIS2_PLACEMENT_3D('',#7255,#7256,#7257);
#7259=CONICAL_SURFACE('',#7258,1.1875E0,4.5E1);
#7260=ORIENTED_EDGE('',*,*,#5515,.F.);
#7262=ORIENTED_EDGE('',*,*,#7261,.F.);
#7264=ORIENTED_EDGE('',*,*,#7263,.T.);
#7266=ORIENTED_EDGE('',*,*,#7265,.T.);
#7267=EDGE_LOOP('',(#7260,#7262,#7264,#7266));
#7268=FACE_OUTER_BOUND('',#7267,.F.);
#7269=ADVANCED_FACE('',(#7268),#7259,.F.);
#7270=CARTESIAN_POINT('',(8.E0,1.10875E1,6.E0));
#7271=DIRECTION('',(0.E0,1.E0,0.E0));
#7272=DIRECTION('',(1.E0,0.E0,0.E0));
#7273=AXIS2_PLACEMENT_3D('',#7270,#7271,#7272);
#7274=CONICAL_SURFACE('',#7273,1.1875E0,4.5E1);
#7275=ORIENTED_EDGE('',*,*,#5517,.F.);
#7276=ORIENTED_EDGE('',*,*,#7265,.F.);
#7278=ORIENTED_EDGE('',*,*,#7277,.T.);
#7279=ORIENTED_EDGE('',*,*,#7261,.T.);
#7280=EDGE_LOOP('',(#7275,#7276,#7278,#7279));
#7281=FACE_OUTER_BOUND('',#7280,.F.);
#7282=ADVANCED_FACE('',(#7281),#7274,.F.);
#7283=CARTESIAN_POINT('',(8.E0,7.453323758772E0,6.E0));
#7284=DIRECTION('',(0.E0,1.E0,0.E0));
#7285=DIRECTION('',(1.E0,0.E0,0.E0));
#7286=AXIS2_PLACEMENT_3D('',#7283,#7284,#7285);
#7287=CYLINDRICAL_SURFACE('',#7286,1.025E0);
#7289=ORIENTED_EDGE('',*,*,#7288,.F.);
#7291=ORIENTED_EDGE('',*,*,#7290,.T.);
#7292=ORIENTED_EDGE('',*,*,#7277,.F.);
#7294=ORIENTED_EDGE('',*,*,#7293,.F.);
#7295=EDGE_LOOP('',(#7289,#7291,#7292,#7294));
#7296=FACE_OUTER_BOUND('',#7295,.F.);
#7297=ADVANCED_FACE('',(#7296),#7287,.F.);
#7298=CARTESIAN_POINT('',(8.E0,8.25E0,6.E0));
#7299=DIRECTION('',(0.E0,1.E0,0.E0));
#7300=DIRECTION('',(-1.E0,0.E0,0.E0));
#7301=AXIS2_PLACEMENT_3D('',#7298,#7299,#7300);
#7302=PLANE('',#7301);
#7304=ORIENTED_EDGE('',*,*,#7303,.T.);
#7305=ORIENTED_EDGE('',*,*,#7288,.T.);
#7306=EDGE_LOOP('',(#7304,#7305));
#7307=FACE_OUTER_BOUND('',#7306,.F.);
#7308=ADVANCED_FACE('',(#7307),#7302,.T.);
#7309=CARTESIAN_POINT('',(8.E0,7.453323758772E0,6.E0));
#7310=DIRECTION('',(0.E0,1.E0,0.E0));
#7311=DIRECTION('',(1.E0,0.E0,0.E0));
#7312=AXIS2_PLACEMENT_3D('',#7309,#7310,#7311);
#7313=CYLINDRICAL_SURFACE('',#7312,1.025E0);
#7314=ORIENTED_EDGE('',*,*,#7303,.F.);
#7315=ORIENTED_EDGE('',*,*,#7293,.T.);
#7316=ORIENTED_EDGE('',*,*,#7263,.F.);
#7317=ORIENTED_EDGE('',*,*,#7290,.F.);
#7318=EDGE_LOOP('',(#7314,#7315,#7316,#7317));
#7319=FACE_OUTER_BOUND('',#7318,.F.);
#7320=ADVANCED_FACE('',(#7319),#7313,.F.);
#7321=CARTESIAN_POINT('',(-8.E0,1.10875E1,6.E0));
#7322=DIRECTION('',(0.E0,1.E0,0.E0));
#7323=DIRECTION('',(1.E0,0.E0,0.E0));
#7324=AXIS2_PLACEMENT_3D('',#7321,#7322,#7323);
#7325=CONICAL_SURFACE('',#7324,1.1875E0,4.5E1);
#7327=ORIENTED_EDGE('',*,*,#7326,.T.);
#7328=ORIENTED_EDGE('',*,*,#5521,.F.);
#7330=ORIENTED_EDGE('',*,*,#7329,.F.);
#7332=ORIENTED_EDGE('',*,*,#7331,.T.);
#7333=EDGE_LOOP('',(#7327,#7328,#7330,#7332));
#7334=FACE_OUTER_BOUND('',#7333,.F.);
#7335=ADVANCED_FACE('',(#7334),#7325,.F.);
#7336=CARTESIAN_POINT('',(-8.E0,1.10875E1,6.E0));
#7337=DIRECTION('',(0.E0,1.E0,0.E0));
#7338=DIRECTION('',(1.E0,0.E0,0.E0));
#7339=AXIS2_PLACEMENT_3D('',#7336,#7337,#7338);
#7340=CONICAL_SURFACE('',#7339,1.1875E0,4.5E1);
#7341=ORIENTED_EDGE('',*,*,#7326,.F.);
#7343=ORIENTED_EDGE('',*,*,#7342,.T.);
#7344=ORIENTED_EDGE('',*,*,#7329,.T.);
#7345=ORIENTED_EDGE('',*,*,#5523,.F.);
#7346=EDGE_LOOP('',(#7341,#7343,#7344,#7345));
#7347=FACE_OUTER_BOUND('',#7346,.F.);
#7348=ADVANCED_FACE('',(#7347),#7340,.F.);
#7349=CARTESIAN_POINT('',(-8.E0,7.453323758772E0,6.E0));
#7350=DIRECTION('',(0.E0,-1.E0,0.E0));
#7351=DIRECTION('',(-1.E0,0.E0,0.E0));
#7352=AXIS2_PLACEMENT_3D('',#7349,#7350,#7351);
#7353=CYLINDRICAL_SURFACE('',#7352,1.025E0);
#7355=ORIENTED_EDGE('',*,*,#7354,.F.);
#7357=ORIENTED_EDGE('',*,*,#7356,.T.);
#7358=ORIENTED_EDGE('',*,*,#7342,.F.);
#7360=ORIENTED_EDGE('',*,*,#7359,.F.);
#7361=EDGE_LOOP('',(#7355,#7357,#7358,#7360));
#7362=FACE_OUTER_BOUND('',#7361,.F.);
#7363=ADVANCED_FACE('',(#7362),#7353,.F.);
#7364=CARTESIAN_POINT('',(8.E0,8.25E0,6.E0));
#7365=DIRECTION('',(0.E0,1.E0,0.E0));
#7366=DIRECTION('',(-1.E0,0.E0,0.E0));
#7367=AXIS2_PLACEMENT_3D('',#7364,#7365,#7366);
#7368=PLANE('',#7367);
#7370=ORIENTED_EDGE('',*,*,#7369,.T.);
#7371=ORIENTED_EDGE('',*,*,#7354,.T.);
#7372=EDGE_LOOP('',(#7370,#7371));
#7373=FACE_OUTER_BOUND('',#7372,.F.);
#7374=ADVANCED_FACE('',(#7373),#7368,.T.);
#7375=CARTESIAN_POINT('',(-8.E0,7.453323758772E0,6.E0));
#7376=DIRECTION('',(0.E0,-1.E0,0.E0));
#7377=DIRECTION('',(-1.E0,0.E0,0.E0));
#7378=AXIS2_PLACEMENT_3D('',#7375,#7376,#7377);
#7379=CYLINDRICAL_SURFACE('',#7378,1.025E0);
#7380=ORIENTED_EDGE('',*,*,#7369,.F.);
#7381=ORIENTED_EDGE('',*,*,#7359,.T.);
#7382=ORIENTED_EDGE('',*,*,#7331,.F.);
#7383=ORIENTED_EDGE('',*,*,#7356,.F.);
#7384=EDGE_LOOP('',(#7380,#7381,#7382,#7383));
#7385=FACE_OUTER_BOUND('',#7384,.F.);
#7386=ADVANCED_FACE('',(#7385),#7379,.F.);
#7387=CARTESIAN_POINT('',(-1.1E1,8.E0,1.7E1));
#7388=DIRECTION('',(0.E0,0.E0,1.E0));
#7389=DIRECTION('',(1.E0,0.E0,0.E0));
#7390=AXIS2_PLACEMENT_3D('',#7387,#7388,#7389);
#7391=CYLINDRICAL_SURFACE('',#7390,2.4E0);
#7392=ORIENTED_EDGE('',*,*,#5439,.F.);
#7394=ORIENTED_EDGE('',*,*,#7393,.T.);
#7396=ORIENTED_EDGE('',*,*,#7395,.F.);
#7398=ORIENTED_EDGE('',*,*,#7397,.F.);
#7399=EDGE_LOOP('',(#7392,#7394,#7396,#7398));
#7400=FACE_OUTER_BOUND('',#7399,.F.);
#7401=ADVANCED_FACE('',(#7400),#7391,.F.);
#7402=CARTESIAN_POINT('',(-1.1E1,8.E0,1.7E1));
#7403=DIRECTION('',(0.E0,0.E0,1.E0));
#7404=DIRECTION('',(1.E0,0.E0,0.E0));
#7405=AXIS2_PLACEMENT_3D('',#7402,#7403,#7404);
#7406=CYLINDRICAL_SURFACE('',#7405,2.4E0);
#7407=ORIENTED_EDGE('',*,*,#5441,.F.);
#7408=ORIENTED_EDGE('',*,*,#7397,.T.);
#7410=ORIENTED_EDGE('',*,*,#7409,.F.);
#7411=ORIENTED_EDGE('',*,*,#7393,.F.);
#7412=EDGE_LOOP('',(#7407,#7408,#7410,#7411));
#7413=FACE_OUTER_BOUND('',#7412,.F.);
#7414=ADVANCED_FACE('',(#7413),#7406,.F.);
#7415=CARTESIAN_POINT('',(0.E0,0.E0,1.42E1));
#7416=DIRECTION('',(0.E0,0.E0,1.E0));
#7417=DIRECTION('',(1.E0,0.E0,0.E0));
#7418=AXIS2_PLACEMENT_3D('',#7415,#7416,#7417);
#7419=PLANE('',#7418);
#7420=ORIENTED_EDGE('',*,*,#7395,.T.);
#7421=ORIENTED_EDGE('',*,*,#7409,.T.);
#7422=EDGE_LOOP('',(#7420,#7421));
#7423=FACE_OUTER_BOUND('',#7422,.F.);
#7425=ORIENTED_EDGE('',*,*,#7424,.T.);
#7427=ORIENTED_EDGE('',*,*,#7426,.T.);
#7428=EDGE_LOOP('',(#7425,#7427));
#7429=FACE_BOUND('',#7428,.F.);
#7430=ADVANCED_FACE('',(#7423,#7429),#7419,.T.);
#7431=CARTESIAN_POINT('',(-1.1E1,8.E0,1.7E1));
#7432=DIRECTION('',(0.E0,0.E0,1.E0));
#7433=DIRECTION('',(1.E0,0.E0,0.E0));
#7434=AXIS2_PLACEMENT_3D('',#7431,#7432,#7433);
#7435=CYLINDRICAL_SURFACE('',#7434,1.3E0);
#7436=ORIENTED_EDGE('',*,*,#7424,.F.);
#7438=ORIENTED_EDGE('',*,*,#7437,.T.);
#7440=ORIENTED_EDGE('',*,*,#7439,.F.);
#7442=ORIENTED_EDGE('',*,*,#7441,.F.);
#7443=EDGE_LOOP('',(#7436,#7438,#7440,#7442));
#7444=FACE_OUTER_BOUND('',#7443,.F.);
#7445=ADVANCED_FACE('',(#7444),#7435,.F.);
#7446=CARTESIAN_POINT('',(-1.1E1,8.E0,1.7E1));
#7447=DIRECTION('',(0.E0,0.E0,1.E0));
#7448=DIRECTION('',(1.E0,0.E0,0.E0));
#7449=AXIS2_PLACEMENT_3D('',#7446,#7447,#7448);
#7450=CYLINDRICAL_SURFACE('',#7449,1.3E0);
#7451=ORIENTED_EDGE('',*,*,#7426,.F.);
#7452=ORIENTED_EDGE('',*,*,#7441,.T.);
#7454=ORIENTED_EDGE('',*,*,#7453,.F.);
#7455=ORIENTED_EDGE('',*,*,#7437,.F.);
#7456=EDGE_LOOP('',(#7451,#7452,#7454,#7455));
#7457=FACE_OUTER_BOUND('',#7456,.F.);
#7458=ADVANCED_FACE('',(#7457),#7450,.F.);
#7459=CARTESIAN_POINT('',(-1.1E1,8.E0,1.E1));
#7460=DIRECTION('',(0.E0,0.E0,1.E0));
#7461=DIRECTION('',(-1.E0,0.E0,0.E0));
#7462=AXIS2_PLACEMENT_3D('',#7459,#7460,#7461);
#7463=PLANE('',#7462);
#7465=ORIENTED_EDGE('',*,*,#7464,.T.);
#7467=ORIENTED_EDGE('',*,*,#7466,.T.);
#7468=EDGE_LOOP('',(#7465,#7467));
#7469=FACE_OUTER_BOUND('',#7468,.F.);
#7470=ORIENTED_EDGE('',*,*,#7439,.T.);
#7471=ORIENTED_EDGE('',*,*,#7453,.T.);
#7472=EDGE_LOOP('',(#7470,#7471));
#7473=FACE_BOUND('',#7472,.F.);
#7474=ADVANCED_FACE('',(#7469,#7473),#7463,.F.);
#7475=CARTESIAN_POINT('',(-1.1E1,8.E0,9.8375E0));
#7476=DIRECTION('',(0.E0,0.E0,1.E0));
#7477=DIRECTION('',(-1.E0,0.E0,0.E0));
#7478=AXIS2_PLACEMENT_3D('',#7475,#7476,#7477);
#7479=CONICAL_SURFACE('',#7478,1.1875E0,4.5E1);
#7481=ORIENTED_EDGE('',*,*,#7480,.T.);
#7482=ORIENTED_EDGE('',*,*,#7464,.F.);
#7484=ORIENTED_EDGE('',*,*,#7483,.F.);
#7486=ORIENTED_EDGE('',*,*,#7485,.T.);
#7487=EDGE_LOOP('',(#7481,#7482,#7484,#7486));
#7488=FACE_OUTER_BOUND('',#7487,.F.);
#7489=ADVANCED_FACE('',(#7488),#7479,.F.);
#7490=CARTESIAN_POINT('',(-1.1E1,8.E0,9.8375E0));
#7491=DIRECTION('',(0.E0,0.E0,1.E0));
#7492=DIRECTION('',(-1.E0,0.E0,0.E0));
#7493=AXIS2_PLACEMENT_3D('',#7490,#7491,#7492);
#7494=CONICAL_SURFACE('',#7493,1.1875E0,4.5E1);
#7495=ORIENTED_EDGE('',*,*,#7480,.F.);
#7497=ORIENTED_EDGE('',*,*,#7496,.T.);
#7498=ORIENTED_EDGE('',*,*,#7483,.T.);
#7499=ORIENTED_EDGE('',*,*,#7466,.F.);
#7500=EDGE_LOOP('',(#7495,#7497,#7498,#7499));
#7501=FACE_OUTER_BOUND('',#7500,.F.);
#7502=ADVANCED_FACE('',(#7501),#7494,.F.);
#7503=CARTESIAN_POINT('',(-1.1E1,8.E0,4.283237587716E-1));
#7504=DIRECTION('',(0.E0,0.E0,1.E0));
#7505=DIRECTION('',(-1.E0,0.E0,0.E0));
#7506=AXIS2_PLACEMENT_3D('',#7503,#7504,#7505);
#7507=CYLINDRICAL_SURFACE('',#7506,1.025E0);
#7509=ORIENTED_EDGE('',*,*,#7508,.F.);
#7511=ORIENTED_EDGE('',*,*,#7510,.F.);
#7513=ORIENTED_EDGE('',*,*,#7512,.T.);
#7514=ORIENTED_EDGE('',*,*,#7496,.F.);
#7515=EDGE_LOOP('',(#7509,#7511,#7513,#7514));
#7516=FACE_OUTER_BOUND('',#7515,.F.);
#7517=ADVANCED_FACE('',(#7516),#7507,.F.);
#7518=CARTESIAN_POINT('',(-1.1E1,8.E0,4.283237587716E-1));
#7519=DIRECTION('',(0.E0,0.E0,1.E0));
#7520=DIRECTION('',(-1.E0,0.E0,0.E0));
#7521=AXIS2_PLACEMENT_3D('',#7518,#7519,#7520);
#7522=CYLINDRICAL_SURFACE('',#7521,1.025E0);
#7523=ORIENTED_EDGE('',*,*,#7508,.T.);
#7524=ORIENTED_EDGE('',*,*,#7485,.F.);
#7525=ORIENTED_EDGE('',*,*,#7512,.F.);
#7527=ORIENTED_EDGE('',*,*,#7526,.F.);
#7528=EDGE_LOOP('',(#7523,#7524,#7525,#7527));
#7529=FACE_OUTER_BOUND('',#7528,.F.);
#7530=ADVANCED_FACE('',(#7529),#7522,.F.);
#7531=CARTESIAN_POINT('',(-1.1E1,8.E0,1.213463734210E0));
#7532=DIRECTION('',(0.E0,0.E0,1.E0));
#7533=DIRECTION('',(-1.E0,0.E0,0.E0));
#7534=AXIS2_PLACEMENT_3D('',#7531,#7532,#7533);
#7535=CONICAL_SURFACE('',#7534,5.481235718962E-1,5.9E1);
#7537=ORIENTED_EDGE('',*,*,#7536,.T.);
#7538=ORIENTED_EDGE('',*,*,#7526,.T.);
#7540=ORIENTED_EDGE('',*,*,#7539,.F.);
#7541=EDGE_LOOP('',(#7537,#7538,#7540));
#7542=FACE_OUTER_BOUND('',#7541,.F.);
#7543=ADVANCED_FACE('',(#7542),#7535,.F.);
#7544=CARTESIAN_POINT('',(-1.1E1,8.E0,1.213463734210E0));
#7545=DIRECTION('',(0.E0,0.E0,1.E0));
#7546=DIRECTION('',(-1.E0,0.E0,0.E0));
#7547=AXIS2_PLACEMENT_3D('',#7544,#7545,#7546);
#7548=CONICAL_SURFACE('',#7547,5.481235718962E-1,5.9E1);
#7549=ORIENTED_EDGE('',*,*,#7536,.F.);
#7550=ORIENTED_EDGE('',*,*,#7539,.T.);
#7551=ORIENTED_EDGE('',*,*,#7510,.T.);
#7552=EDGE_LOOP('',(#7549,#7550,#7551));
#7553=FACE_OUTER_BOUND('',#7552,.F.);
#7554=ADVANCED_FACE('',(#7553),#7548,.F.);
#7555=CARTESIAN_POINT('',(1.1E1,-3.2E1,1.7E1));
#7556=DIRECTION('',(0.E0,0.E0,1.E0));
#7557=DIRECTION('',(1.E0,0.E0,0.E0));
#7558=AXIS2_PLACEMENT_3D('',#7555,#7556,#7557);
#7559=CYLINDRICAL_SURFACE('',#7558,2.4E0);
#7560=ORIENTED_EDGE('',*,*,#5445,.F.);
#7562=ORIENTED_EDGE('',*,*,#7561,.T.);
#7564=ORIENTED_EDGE('',*,*,#7563,.F.);
#7566=ORIENTED_EDGE('',*,*,#7565,.F.);
#7567=EDGE_LOOP('',(#7560,#7562,#7564,#7566));
#7568=FACE_OUTER_BOUND('',#7567,.F.);
#7569=ADVANCED_FACE('',(#7568),#7559,.F.);
#7570=CARTESIAN_POINT('',(1.1E1,-3.2E1,1.7E1));
#7571=DIRECTION('',(0.E0,0.E0,1.E0));
#7572=DIRECTION('',(1.E0,0.E0,0.E0));
#7573=AXIS2_PLACEMENT_3D('',#7570,#7571,#7572);
#7574=CYLINDRICAL_SURFACE('',#7573,2.4E0);
#7575=ORIENTED_EDGE('',*,*,#5447,.F.);
#7576=ORIENTED_EDGE('',*,*,#7565,.T.);
#7578=ORIENTED_EDGE('',*,*,#7577,.F.);
#7579=ORIENTED_EDGE('',*,*,#7561,.F.);
#7580=EDGE_LOOP('',(#7575,#7576,#7578,#7579));
#7581=FACE_OUTER_BOUND('',#7580,.F.);
#7582=ADVANCED_FACE('',(#7581),#7574,.F.);
#7583=CARTESIAN_POINT('',(0.E0,0.E0,1.42E1));
#7584=DIRECTION('',(0.E0,0.E0,1.E0));
#7585=DIRECTION('',(1.E0,0.E0,0.E0));
#7586=AXIS2_PLACEMENT_3D('',#7583,#7584,#7585);
#7587=PLANE('',#7586);
#7588=ORIENTED_EDGE('',*,*,#7563,.T.);
#7589=ORIENTED_EDGE('',*,*,#7577,.T.);
#7590=EDGE_LOOP('',(#7588,#7589));
#7591=FACE_OUTER_BOUND('',#7590,.F.);
#7593=ORIENTED_EDGE('',*,*,#7592,.T.);
#7595=ORIENTED_EDGE('',*,*,#7594,.T.);
#7596=EDGE_LOOP('',(#7593,#7595));
#7597=FACE_BOUND('',#7596,.F.);
#7598=ADVANCED_FACE('',(#7591,#7597),#7587,.T.);
#7599=CARTESIAN_POINT('',(1.1E1,-3.2E1,1.7E1));
#7600=DIRECTION('',(0.E0,0.E0,1.E0));
#7601=DIRECTION('',(1.E0,0.E0,0.E0));
#7602=AXIS2_PLACEMENT_3D('',#7599,#7600,#7601);
#7603=CYLINDRICAL_SURFACE('',#7602,1.3E0);
#7604=ORIENTED_EDGE('',*,*,#7592,.F.);
#7606=ORIENTED_EDGE('',*,*,#7605,.T.);
#7608=ORIENTED_EDGE('',*,*,#7607,.F.);
#7610=ORIENTED_EDGE('',*,*,#7609,.F.);
#7611=EDGE_LOOP('',(#7604,#7606,#7608,#7610));
#7612=FACE_OUTER_BOUND('',#7611,.F.);
#7613=ADVANCED_FACE('',(#7612),#7603,.F.);
#7614=CARTESIAN_POINT('',(1.1E1,-3.2E1,1.7E1));
#7615=DIRECTION('',(0.E0,0.E0,1.E0));
#7616=DIRECTION('',(1.E0,0.E0,0.E0));
#7617=AXIS2_PLACEMENT_3D('',#7614,#7615,#7616);
#7618=CYLINDRICAL_SURFACE('',#7617,1.3E0);
#7619=ORIENTED_EDGE('',*,*,#7594,.F.);
#7620=ORIENTED_EDGE('',*,*,#7609,.T.);
#7622=ORIENTED_EDGE('',*,*,#7621,.F.);
#7623=ORIENTED_EDGE('',*,*,#7605,.F.);
#7624=EDGE_LOOP('',(#7619,#7620,#7622,#7623));
#7625=FACE_OUTER_BOUND('',#7624,.F.);
#7626=ADVANCED_FACE('',(#7625),#7618,.F.);
#7627=CARTESIAN_POINT('',(1.1E1,-3.2E1,1.E1));
#7628=DIRECTION('',(0.E0,0.E0,1.E0));
#7629=DIRECTION('',(-1.E0,0.E0,0.E0));
#7630=AXIS2_PLACEMENT_3D('',#7627,#7628,#7629);
#7631=PLANE('',#7630);
#7633=ORIENTED_EDGE('',*,*,#7632,.T.);
#7635=ORIENTED_EDGE('',*,*,#7634,.T.);
#7636=EDGE_LOOP('',(#7633,#7635));
#7637=FACE_OUTER_BOUND('',#7636,.F.);
#7638=ORIENTED_EDGE('',*,*,#7607,.T.);
#7639=ORIENTED_EDGE('',*,*,#7621,.T.);
#7640=EDGE_LOOP('',(#7638,#7639));
#7641=FACE_BOUND('',#7640,.F.);
#7642=ADVANCED_FACE('',(#7637,#7641),#7631,.F.);
#7643=CARTESIAN_POINT('',(1.1E1,-3.2E1,9.8375E0));
#7644=DIRECTION('',(0.E0,0.E0,1.E0));
#7645=DIRECTION('',(-1.E0,0.E0,0.E0));
#7646=AXIS2_PLACEMENT_3D('',#7643,#7644,#7645);
#7647=CONICAL_SURFACE('',#7646,1.1875E0,4.5E1);
#7649=ORIENTED_EDGE('',*,*,#7648,.T.);
#7650=ORIENTED_EDGE('',*,*,#7632,.F.);
#7652=ORIENTED_EDGE('',*,*,#7651,.F.);
#7654=ORIENTED_EDGE('',*,*,#7653,.T.);
#7655=EDGE_LOOP('',(#7649,#7650,#7652,#7654));
#7656=FACE_OUTER_BOUND('',#7655,.F.);
#7657=ADVANCED_FACE('',(#7656),#7647,.F.);
#7658=CARTESIAN_POINT('',(1.1E1,-3.2E1,9.8375E0));
#7659=DIRECTION('',(0.E0,0.E0,1.E0));
#7660=DIRECTION('',(-1.E0,0.E0,0.E0));
#7661=AXIS2_PLACEMENT_3D('',#7658,#7659,#7660);
#7662=CONICAL_SURFACE('',#7661,1.1875E0,4.5E1);
#7663=ORIENTED_EDGE('',*,*,#7648,.F.);
#7665=ORIENTED_EDGE('',*,*,#7664,.T.);
#7666=ORIENTED_EDGE('',*,*,#7651,.T.);
#7667=ORIENTED_EDGE('',*,*,#7634,.F.);
#7668=EDGE_LOOP('',(#7663,#7665,#7666,#7667));
#7669=FACE_OUTER_BOUND('',#7668,.F.);
#7670=ADVANCED_FACE('',(#7669),#7662,.F.);
#7671=CARTESIAN_POINT('',(1.1E1,-3.2E1,4.283237587716E-1));
#7672=DIRECTION('',(0.E0,0.E0,1.E0));
#7673=DIRECTION('',(-1.E0,0.E0,0.E0));
#7674=AXIS2_PLACEMENT_3D('',#7671,#7672,#7673);
#7675=CYLINDRICAL_SURFACE('',#7674,1.025E0);
#7677=ORIENTED_EDGE('',*,*,#7676,.F.);
#7679=ORIENTED_EDGE('',*,*,#7678,.F.);
#7681=ORIENTED_EDGE('',*,*,#7680,.T.);
#7682=ORIENTED_EDGE('',*,*,#7664,.F.);
#7683=EDGE_LOOP('',(#7677,#7679,#7681,#7682));
#7684=FACE_OUTER_BOUND('',#7683,.F.);
#7685=ADVANCED_FACE('',(#7684),#7675,.F.);
#7686=CARTESIAN_POINT('',(1.1E1,-3.2E1,4.283237587716E-1));
#7687=DIRECTION('',(0.E0,0.E0,1.E0));
#7688=DIRECTION('',(-1.E0,0.E0,0.E0));
#7689=AXIS2_PLACEMENT_3D('',#7686,#7687,#7688);
#7690=CYLINDRICAL_SURFACE('',#7689,1.025E0);
#7691=ORIENTED_EDGE('',*,*,#7676,.T.);
#7692=ORIENTED_EDGE('',*,*,#7653,.F.);
#7693=ORIENTED_EDGE('',*,*,#7680,.F.);
#7695=ORIENTED_EDGE('',*,*,#7694,.F.);
#7696=EDGE_LOOP('',(#7691,#7692,#7693,#7695));
#7697=FACE_OUTER_BOUND('',#7696,.F.);
#7698=ADVANCED_FACE('',(#7697),#7690,.F.);
#7699=CARTESIAN_POINT('',(1.1E1,-3.2E1,1.213463734210E0));
#7700=DIRECTION('',(0.E0,0.E0,1.E0));
#7701=DIRECTION('',(-1.E0,0.E0,0.E0));
#7702=AXIS2_PLACEMENT_3D('',#7699,#7700,#7701);
#7703=CONICAL_SURFACE('',#7702,5.481235718962E-1,5.9E1);
#7705=ORIENTED_EDGE('',*,*,#7704,.T.);
#7706=ORIENTED_EDGE('',*,*,#7694,.T.);
#7708=ORIENTED_EDGE('',*,*,#7707,.F.);
#7709=EDGE_LOOP('',(#7705,#7706,#7708));
#7710=FACE_OUTER_BOUND('',#7709,.F.);
#7711=ADVANCED_FACE('',(#7710),#7703,.F.);
#7712=CARTESIAN_POINT('',(1.1E1,-3.2E1,1.213463734210E0));
#7713=DIRECTION('',(0.E0,0.E0,1.E0));
#7714=DIRECTION('',(-1.E0,0.E0,0.E0));
#7715=AXIS2_PLACEMENT_3D('',#7712,#7713,#7714);
#7716=CONICAL_SURFACE('',#7715,5.481235718962E-1,5.9E1);
#7717=ORIENTED_EDGE('',*,*,#7704,.F.);
#7718=ORIENTED_EDGE('',*,*,#7707,.T.);
#7719=ORIENTED_EDGE('',*,*,#7678,.T.);
#7720=EDGE_LOOP('',(#7717,#7718,#7719));
#7721=FACE_OUTER_BOUND('',#7720,.F.);
#7722=ADVANCED_FACE('',(#7721),#7716,.F.);
#7723=CARTESIAN_POINT('',(-1.1E1,-3.2E1,1.7E1));
#7724=DIRECTION('',(0.E0,0.E0,1.E0));
#7725=DIRECTION('',(1.E0,0.E0,0.E0));
#7726=AXIS2_PLACEMENT_3D('',#7723,#7724,#7725);
#7727=CYLINDRICAL_SURFACE('',#7726,2.4E0);
#7728=ORIENTED_EDGE('',*,*,#5451,.F.);
#7730=ORIENTED_EDGE('',*,*,#7729,.T.);
#7732=ORIENTED_EDGE('',*,*,#7731,.F.);
#7734=ORIENTED_EDGE('',*,*,#7733,.F.);
#7735=EDGE_LOOP('',(#7728,#7730,#7732,#7734));
#7736=FACE_OUTER_BOUND('',#7735,.F.);
#7737=ADVANCED_FACE('',(#7736),#7727,.F.);
#7738=CARTESIAN_POINT('',(-1.1E1,-3.2E1,1.7E1));
#7739=DIRECTION('',(0.E0,0.E0,1.E0));
#7740=DIRECTION('',(1.E0,0.E0,0.E0));
#7741=AXIS2_PLACEMENT_3D('',#7738,#7739,#7740);
#7742=CYLINDRICAL_SURFACE('',#7741,2.4E0);
#7743=ORIENTED_EDGE('',*,*,#5453,.F.);
#7744=ORIENTED_EDGE('',*,*,#7733,.T.);
#7746=ORIENTED_EDGE('',*,*,#7745,.F.);
#7747=ORIENTED_EDGE('',*,*,#7729,.F.);
#7748=EDGE_LOOP('',(#7743,#7744,#7746,#7747));
#7749=FACE_OUTER_BOUND('',#7748,.F.);
#7750=ADVANCED_FACE('',(#7749),#7742,.F.);
#7751=CARTESIAN_POINT('',(0.E0,0.E0,1.42E1));
#7752=DIRECTION('',(0.E0,0.E0,1.E0));
#7753=DIRECTION('',(1.E0,0.E0,0.E0));
#7754=AXIS2_PLACEMENT_3D('',#7751,#7752,#7753);
#7755=PLANE('',#7754);
#7756=ORIENTED_EDGE('',*,*,#7731,.T.);
#7757=ORIENTED_EDGE('',*,*,#7745,.T.);
#7758=EDGE_LOOP('',(#7756,#7757));
#7759=FACE_OUTER_BOUND('',#7758,.F.);
#7761=ORIENTED_EDGE('',*,*,#7760,.T.);
#7763=ORIENTED_EDGE('',*,*,#7762,.T.);
#7764=EDGE_LOOP('',(#7761,#7763));
#7765=FACE_BOUND('',#7764,.F.);
#7766=ADVANCED_FACE('',(#7759,#7765),#7755,.T.);
#7767=CARTESIAN_POINT('',(-1.1E1,-3.2E1,1.7E1));
#7768=DIRECTION('',(0.E0,0.E0,1.E0));
#7769=DIRECTION('',(1.E0,0.E0,0.E0));
#7770=AXIS2_PLACEMENT_3D('',#7767,#7768,#7769);
#7771=CYLINDRICAL_SURFACE('',#7770,1.3E0);
#7772=ORIENTED_EDGE('',*,*,#7760,.F.);
#7774=ORIENTED_EDGE('',*,*,#7773,.T.);
#7776=ORIENTED_EDGE('',*,*,#7775,.F.);
#7778=ORIENTED_EDGE('',*,*,#7777,.F.);
#7779=EDGE_LOOP('',(#7772,#7774,#7776,#7778));
#7780=FACE_OUTER_BOUND('',#7779,.F.);
#7781=ADVANCED_FACE('',(#7780),#7771,.F.);
#7782=CARTESIAN_POINT('',(-1.1E1,-3.2E1,1.7E1));
#7783=DIRECTION('',(0.E0,0.E0,1.E0));
#7784=DIRECTION('',(1.E0,0.E0,0.E0));
#7785=AXIS2_PLACEMENT_3D('',#7782,#7783,#7784);
#7786=CYLINDRICAL_SURFACE('',#7785,1.3E0);
#7787=ORIENTED_EDGE('',*,*,#7762,.F.);
#7788=ORIENTED_EDGE('',*,*,#7777,.T.);
#7790=ORIENTED_EDGE('',*,*,#7789,.F.);
#7791=ORIENTED_EDGE('',*,*,#7773,.F.);
#7792=EDGE_LOOP('',(#7787,#7788,#7790,#7791));
#7793=FACE_OUTER_BOUND('',#7792,.F.);
#7794=ADVANCED_FACE('',(#7793),#7786,.F.);
#7795=CARTESIAN_POINT('',(-1.1E1,-3.2E1,1.E1));
#7796=DIRECTION('',(0.E0,0.E0,1.E0));
#7797=DIRECTION('',(-1.E0,0.E0,0.E0));
#7798=AXIS2_PLACEMENT_3D('',#7795,#7796,#7797);
#7799=PLANE('',#7798);
#7801=ORIENTED_EDGE('',*,*,#7800,.T.);
#7803=ORIENTED_EDGE('',*,*,#7802,.T.);
#7804=EDGE_LOOP('',(#7801,#7803));
#7805=FACE_OUTER_BOUND('',#7804,.F.);
#7806=ORIENTED_EDGE('',*,*,#7775,.T.);
#7807=ORIENTED_EDGE('',*,*,#7789,.T.);
#7808=EDGE_LOOP('',(#7806,#7807));
#7809=FACE_BOUND('',#7808,.F.);
#7810=ADVANCED_FACE('',(#7805,#7809),#7799,.F.);
#7811=CARTESIAN_POINT('',(-1.1E1,-3.2E1,9.8375E0));
#7812=DIRECTION('',(0.E0,0.E0,1.E0));
#7813=DIRECTION('',(-1.E0,0.E0,0.E0));
#7814=AXIS2_PLACEMENT_3D('',#7811,#7812,#7813);
#7815=CONICAL_SURFACE('',#7814,1.1875E0,4.5E1);
#7817=ORIENTED_EDGE('',*,*,#7816,.T.);
#7818=ORIENTED_EDGE('',*,*,#7800,.F.);
#7820=ORIENTED_EDGE('',*,*,#7819,.F.);
#7822=ORIENTED_EDGE('',*,*,#7821,.T.);
#7823=EDGE_LOOP('',(#7817,#7818,#7820,#7822));
#7824=FACE_OUTER_BOUND('',#7823,.F.);
#7825=ADVANCED_FACE('',(#7824),#7815,.F.);
#7826=CARTESIAN_POINT('',(-1.1E1,-3.2E1,9.8375E0));
#7827=DIRECTION('',(0.E0,0.E0,1.E0));
#7828=DIRECTION('',(-1.E0,0.E0,0.E0));
#7829=AXIS2_PLACEMENT_3D('',#7826,#7827,#7828);
#7830=CONICAL_SURFACE('',#7829,1.1875E0,4.5E1);
#7831=ORIENTED_EDGE('',*,*,#7816,.F.);
#7833=ORIENTED_EDGE('',*,*,#7832,.T.);
#7834=ORIENTED_EDGE('',*,*,#7819,.T.);
#7835=ORIENTED_EDGE('',*,*,#7802,.F.);
#7836=EDGE_LOOP('',(#7831,#7833,#7834,#7835));
#7837=FACE_OUTER_BOUND('',#7836,.F.);
#7838=ADVANCED_FACE('',(#7837),#7830,.F.);
#7839=CARTESIAN_POINT('',(-1.1E1,-3.2E1,4.283237587716E-1));
#7840=DIRECTION('',(0.E0,0.E0,1.E0));
#7841=DIRECTION('',(-1.E0,0.E0,0.E0));
#7842=AXIS2_PLACEMENT_3D('',#7839,#7840,#7841);
#7843=CYLINDRICAL_SURFACE('',#7842,1.025E0);
#7845=ORIENTED_EDGE('',*,*,#7844,.F.);
#7847=ORIENTED_EDGE('',*,*,#7846,.F.);
#7849=ORIENTED_EDGE('',*,*,#7848,.T.);
#7850=ORIENTED_EDGE('',*,*,#7832,.F.);
#7851=EDGE_LOOP('',(#7845,#7847,#7849,#7850));
#7852=FACE_OUTER_BOUND('',#7851,.F.);
#7853=ADVANCED_FACE('',(#7852),#7843,.F.);
#7854=CARTESIAN_POINT('',(-1.1E1,-3.2E1,4.283237587716E-1));
#7855=DIRECTION('',(0.E0,0.E0,1.E0));
#7856=DIRECTION('',(-1.E0,0.E0,0.E0));
#7857=AXIS2_PLACEMENT_3D('',#7854,#7855,#7856);
#7858=CYLINDRICAL_SURFACE('',#7857,1.025E0);
#7859=ORIENTED_EDGE('',*,*,#7844,.T.);
#7860=ORIENTED_EDGE('',*,*,#7821,.F.);
#7861=ORIENTED_EDGE('',*,*,#7848,.F.);
#7863=ORIENTED_EDGE('',*,*,#7862,.F.);
#7864=EDGE_LOOP('',(#7859,#7860,#7861,#7863));
#7865=FACE_OUTER_BOUND('',#7864,.F.);
#7866=ADVANCED_FACE('',(#7865),#7858,.F.);
#7867=CARTESIAN_POINT('',(-1.1E1,-3.2E1,1.213463734210E0));
#7868=DIRECTION('',(0.E0,0.E0,1.E0));
#7869=DIRECTION('',(-1.E0,0.E0,0.E0));
#7870=AXIS2_PLACEMENT_3D('',#7867,#7868,#7869);
#7871=CONICAL_SURFACE('',#7870,5.481235718962E-1,5.9E1);
#7873=ORIENTED_EDGE('',*,*,#7872,.T.);
#7874=ORIENTED_EDGE('',*,*,#7862,.T.);
#7876=ORIENTED_EDGE('',*,*,#7875,.F.);
#7877=EDGE_LOOP('',(#7873,#7874,#7876));
#7878=FACE_OUTER_BOUND('',#7877,.F.);
#7879=ADVANCED_FACE('',(#7878),#7871,.F.);
#7880=CARTESIAN_POINT('',(-1.1E1,-3.2E1,1.213463734210E0));
#7881=DIRECTION('',(0.E0,0.E0,1.E0));
#7882=DIRECTION('',(-1.E0,0.E0,0.E0));
#7883=AXIS2_PLACEMENT_3D('',#7880,#7881,#7882);
#7884=CONICAL_SURFACE('',#7883,5.481235718962E-1,5.9E1);
#7885=ORIENTED_EDGE('',*,*,#7872,.F.);
#7886=ORIENTED_EDGE('',*,*,#7875,.T.);
#7887=ORIENTED_EDGE('',*,*,#7846,.T.);
#7888=EDGE_LOOP('',(#7885,#7886,#7887));
#7889=FACE_OUTER_BOUND('',#7888,.F.);
#7890=ADVANCED_FACE('',(#7889),#7884,.F.);
#7891=CARTESIAN_POINT('',(1.1E1,-8.E0,1.68375E1));
#7892=DIRECTION('',(0.E0,0.E0,1.E0));
#7893=DIRECTION('',(-1.E0,0.E0,0.E0));
#7894=AXIS2_PLACEMENT_3D('',#7891,#7892,#7893);
#7895=CONICAL_SURFACE('',#7894,1.1875E0,4.5E1);
#7896=ORIENTED_EDGE('',*,*,#5457,.F.);
#7898=ORIENTED_EDGE('',*,*,#7897,.F.);
#7900=ORIENTED_EDGE('',*,*,#7899,.T.);
#7902=ORIENTED_EDGE('',*,*,#7901,.T.);
#7903=EDGE_LOOP('',(#7896,#7898,#7900,#7902));
#7904=FACE_OUTER_BOUND('',#7903,.F.);
#7905=ADVANCED_FACE('',(#7904),#7895,.F.);
#7906=CARTESIAN_POINT('',(1.1E1,-8.E0,1.68375E1));
#7907=DIRECTION('',(0.E0,0.E0,1.E0));
#7908=DIRECTION('',(-1.E0,0.E0,0.E0));
#7909=AXIS2_PLACEMENT_3D('',#7906,#7907,#7908);
#7910=CONICAL_SURFACE('',#7909,1.1875E0,4.5E1);
#7911=ORIENTED_EDGE('',*,*,#5459,.F.);
#7912=ORIENTED_EDGE('',*,*,#7901,.F.);
#7914=ORIENTED_EDGE('',*,*,#7913,.T.);
#7915=ORIENTED_EDGE('',*,*,#7897,.T.);
#7916=EDGE_LOOP('',(#7911,#7912,#7914,#7915));
#7917=FACE_OUTER_BOUND('',#7916,.F.);
#7918=ADVANCED_FACE('',(#7917),#7910,.F.);
#7919=CARTESIAN_POINT('',(1.1E1,-8.E0,1.267832375877E1));
#7920=DIRECTION('',(0.E0,0.E0,1.E0));
#7921=DIRECTION('',(-1.E0,0.E0,0.E0));
#7922=AXIS2_PLACEMENT_3D('',#7919,#7920,#7921);
#7923=CYLINDRICAL_SURFACE('',#7922,1.025E0);
#7925=ORIENTED_EDGE('',*,*,#7924,.F.);
#7927=ORIENTED_EDGE('',*,*,#7926,.T.);
#7928=ORIENTED_EDGE('',*,*,#7913,.F.);
#7930=ORIENTED_EDGE('',*,*,#7929,.F.);
#7931=EDGE_LOOP('',(#7925,#7927,#7928,#7930));
#7932=FACE_OUTER_BOUND('',#7931,.F.);
#7933=ADVANCED_FACE('',(#7932),#7923,.F.);
#7934=CARTESIAN_POINT('',(0.E0,0.E0,1.4E1));
#7935=DIRECTION('',(0.E0,0.E0,1.E0));
#7936=DIRECTION('',(1.E0,0.E0,0.E0));
#7937=AXIS2_PLACEMENT_3D('',#7934,#7935,#7936);
#7938=PLANE('',#7937);
#7940=ORIENTED_EDGE('',*,*,#7939,.T.);
#7941=ORIENTED_EDGE('',*,*,#7924,.T.);
#7942=EDGE_LOOP('',(#7940,#7941));
#7943=FACE_OUTER_BOUND('',#7942,.F.);
#7944=ADVANCED_FACE('',(#7943),#7938,.T.);
#7945=CARTESIAN_POINT('',(1.1E1,-8.E0,1.267832375877E1));
#7946=DIRECTION('',(0.E0,0.E0,1.E0));
#7947=DIRECTION('',(-1.E0,0.E0,0.E0));
#7948=AXIS2_PLACEMENT_3D('',#7945,#7946,#7947);
#7949=CYLINDRICAL_SURFACE('',#7948,1.025E0);
#7950=ORIENTED_EDGE('',*,*,#7939,.F.);
#7951=ORIENTED_EDGE('',*,*,#7929,.T.);
#7952=ORIENTED_EDGE('',*,*,#7899,.F.);
#7953=ORIENTED_EDGE('',*,*,#7926,.F.);
#7954=EDGE_LOOP('',(#7950,#7951,#7952,#7953));
#7955=FACE_OUTER_BOUND('',#7954,.F.);
#7956=ADVANCED_FACE('',(#7955),#7949,.F.);
#7957=CARTESIAN_POINT('',(-1.1E1,-8.E0,1.68375E1));
#7958=DIRECTION('',(0.E0,0.E0,1.E0));
#7959=DIRECTION('',(-1.E0,0.E0,0.E0));
#7960=AXIS2_PLACEMENT_3D('',#7957,#7958,#7959);
#7961=CONICAL_SURFACE('',#7960,1.1875E0,4.5E1);
#7963=ORIENTED_EDGE('',*,*,#7962,.T.);
#7964=ORIENTED_EDGE('',*,*,#5463,.F.);
#7966=ORIENTED_EDGE('',*,*,#7965,.F.);
#7968=ORIENTED_EDGE('',*,*,#7967,.T.);
#7969=EDGE_LOOP('',(#7963,#7964,#7966,#7968));
#7970=FACE_OUTER_BOUND('',#7969,.F.);
#7971=ADVANCED_FACE('',(#7970),#7961,.F.);
#7972=CARTESIAN_POINT('',(-1.1E1,-8.E0,1.68375E1));
#7973=DIRECTION('',(0.E0,0.E0,1.E0));
#7974=DIRECTION('',(-1.E0,0.E0,0.E0));
#7975=AXIS2_PLACEMENT_3D('',#7972,#7973,#7974);
#7976=CONICAL_SURFACE('',#7975,1.1875E0,4.5E1);
#7977=ORIENTED_EDGE('',*,*,#7962,.F.);
#7979=ORIENTED_EDGE('',*,*,#7978,.T.);
#7980=ORIENTED_EDGE('',*,*,#7965,.T.);
#7981=ORIENTED_EDGE('',*,*,#5465,.F.);
#7982=EDGE_LOOP('',(#7977,#7979,#7980,#7981));
#7983=FACE_OUTER_BOUND('',#7982,.F.);
#7984=ADVANCED_FACE('',(#7983),#7976,.F.);
#7985=CARTESIAN_POINT('',(-1.1E1,-8.E0,1.267832375877E1));
#7986=DIRECTION('',(0.E0,0.E0,-1.E0));
#7987=DIRECTION('',(1.E0,0.E0,0.E0));
#7988=AXIS2_PLACEMENT_3D('',#7985,#7986,#7987);
#7989=CYLINDRICAL_SURFACE('',#7988,1.025E0);
#7991=ORIENTED_EDGE('',*,*,#7990,.F.);
#7993=ORIENTED_EDGE('',*,*,#7992,.T.);
#7994=ORIENTED_EDGE('',*,*,#7978,.F.);
#7996=ORIENTED_EDGE('',*,*,#7995,.F.);
#7997=EDGE_LOOP('',(#7991,#7993,#7994,#7996));
#7998=FACE_OUTER_BOUND('',#7997,.F.);
#7999=ADVANCED_FACE('',(#7998),#7989,.F.);
#8000=CARTESIAN_POINT('',(0.E0,0.E0,1.4E1));
#8001=DIRECTION('',(0.E0,0.E0,1.E0));
#8002=DIRECTION('',(1.E0,0.E0,0.E0));
#8003=AXIS2_PLACEMENT_3D('',#8000,#8001,#8002);
#8004=PLANE('',#8003);
#8006=ORIENTED_EDGE('',*,*,#8005,.T.);
#8007=ORIENTED_EDGE('',*,*,#7990,.T.);
#8008=EDGE_LOOP('',(#8006,#8007));
#8009=FACE_OUTER_BOUND('',#8008,.F.);
#8010=ADVANCED_FACE('',(#8009),#8004,.T.);
#8011=CARTESIAN_POINT('',(-1.1E1,-8.E0,1.267832375877E1));
#8012=DIRECTION('',(0.E0,0.E0,-1.E0));
#8013=DIRECTION('',(1.E0,0.E0,0.E0));
#8014=AXIS2_PLACEMENT_3D('',#8011,#8012,#8013);
#8015=CYLINDRICAL_SURFACE('',#8014,1.025E0);
#8016=ORIENTED_EDGE('',*,*,#8005,.F.);
#8017=ORIENTED_EDGE('',*,*,#7995,.T.);
#8018=ORIENTED_EDGE('',*,*,#7967,.F.);
#8019=ORIENTED_EDGE('',*,*,#7992,.F.);
#8020=EDGE_LOOP('',(#8016,#8017,#8018,#8019));
#8021=FACE_OUTER_BOUND('',#8020,.F.);
#8022=ADVANCED_FACE('',(#8021),#8015,.F.);
#8023=CARTESIAN_POINT('',(1.1E1,8.E0,1.7E1));
#8024=DIRECTION('',(0.E0,0.E0,1.E0));
#8025=DIRECTION('',(1.E0,0.E0,0.E0));
#8026=AXIS2_PLACEMENT_3D('',#8023,#8024,#8025);
#8027=CYLINDRICAL_SURFACE('',#8026,2.4E0);
#8028=ORIENTED_EDGE('',*,*,#5469,.F.);
#8030=ORIENTED_EDGE('',*,*,#8029,.T.);
#8032=ORIENTED_EDGE('',*,*,#8031,.F.);
#8034=ORIENTED_EDGE('',*,*,#8033,.F.);
#8035=EDGE_LOOP('',(#8028,#8030,#8032,#8034));
#8036=FACE_OUTER_BOUND('',#8035,.F.);
#8037=ADVANCED_FACE('',(#8036),#8027,.F.);
#8038=CARTESIAN_POINT('',(1.1E1,8.E0,1.7E1));
#8039=DIRECTION('',(0.E0,0.E0,1.E0));
#8040=DIRECTION('',(1.E0,0.E0,0.E0));
#8041=AXIS2_PLACEMENT_3D('',#8038,#8039,#8040);
#8042=CYLINDRICAL_SURFACE('',#8041,2.4E0);
#8043=ORIENTED_EDGE('',*,*,#5471,.F.);
#8044=ORIENTED_EDGE('',*,*,#8033,.T.);
#8046=ORIENTED_EDGE('',*,*,#8045,.F.);
#8047=ORIENTED_EDGE('',*,*,#8029,.F.);
#8048=EDGE_LOOP('',(#8043,#8044,#8046,#8047));
#8049=FACE_OUTER_BOUND('',#8048,.F.);
#8050=ADVANCED_FACE('',(#8049),#8042,.F.);
#8051=CARTESIAN_POINT('',(0.E0,0.E0,1.42E1));
#8052=DIRECTION('',(0.E0,0.E0,1.E0));
#8053=DIRECTION('',(1.E0,0.E0,0.E0));
#8054=AXIS2_PLACEMENT_3D('',#8051,#8052,#8053);
#8055=PLANE('',#8054);
#8056=ORIENTED_EDGE('',*,*,#8031,.T.);
#8057=ORIENTED_EDGE('',*,*,#8045,.T.);
#8058=EDGE_LOOP('',(#8056,#8057));
#8059=FACE_OUTER_BOUND('',#8058,.F.);
#8061=ORIENTED_EDGE('',*,*,#8060,.T.);
#8063=ORIENTED_EDGE('',*,*,#8062,.T.);
#8064=EDGE_LOOP('',(#8061,#8063));
#8065=FACE_BOUND('',#8064,.F.);
#8066=ADVANCED_FACE('',(#8059,#8065),#8055,.T.);
#8067=CARTESIAN_POINT('',(1.1E1,8.E0,1.7E1));
#8068=DIRECTION('',(0.E0,0.E0,1.E0));
#8069=DIRECTION('',(1.E0,0.E0,0.E0));
#8070=AXIS2_PLACEMENT_3D('',#8067,#8068,#8069);
#8071=CYLINDRICAL_SURFACE('',#8070,1.3E0);
#8072=ORIENTED_EDGE('',*,*,#8060,.F.);
#8074=ORIENTED_EDGE('',*,*,#8073,.T.);
#8076=ORIENTED_EDGE('',*,*,#8075,.F.);
#8078=ORIENTED_EDGE('',*,*,#8077,.F.);
#8079=EDGE_LOOP('',(#8072,#8074,#8076,#8078));
#8080=FACE_OUTER_BOUND('',#8079,.F.);
#8081=ADVANCED_FACE('',(#8080),#8071,.F.);
#8082=CARTESIAN_POINT('',(1.1E1,8.E0,1.7E1));
#8083=DIRECTION('',(0.E0,0.E0,1.E0));
#8084=DIRECTION('',(1.E0,0.E0,0.E0));
#8085=AXIS2_PLACEMENT_3D('',#8082,#8083,#8084);
#8086=CYLINDRICAL_SURFACE('',#8085,1.3E0);
#8087=ORIENTED_EDGE('',*,*,#8062,.F.);
#8088=ORIENTED_EDGE('',*,*,#8077,.T.);
#8090=ORIENTED_EDGE('',*,*,#8089,.F.);
#8091=ORIENTED_EDGE('',*,*,#8073,.F.);
#8092=EDGE_LOOP('',(#8087,#8088,#8090,#8091));
#8093=FACE_OUTER_BOUND('',#8092,.F.);
#8094=ADVANCED_FACE('',(#8093),#8086,.F.);
#8095=CARTESIAN_POINT('',(1.1E1,8.E0,1.E1));
#8096=DIRECTION('',(0.E0,0.E0,1.E0));
#8097=DIRECTION('',(-1.E0,0.E0,0.E0));
#8098=AXIS2_PLACEMENT_3D('',#8095,#8096,#8097);
#8099=PLANE('',#8098);
#8101=ORIENTED_EDGE('',*,*,#8100,.T.);
#8103=ORIENTED_EDGE('',*,*,#8102,.T.);
#8104=EDGE_LOOP('',(#8101,#8103));
#8105=FACE_OUTER_BOUND('',#8104,.F.);
#8106=ORIENTED_EDGE('',*,*,#8075,.T.);
#8107=ORIENTED_EDGE('',*,*,#8089,.T.);
#8108=EDGE_LOOP('',(#8106,#8107));
#8109=FACE_BOUND('',#8108,.F.);
#8110=ADVANCED_FACE('',(#8105,#8109),#8099,.F.);
#8111=CARTESIAN_POINT('',(1.1E1,8.E0,9.8375E0));
#8112=DIRECTION('',(0.E0,0.E0,1.E0));
#8113=DIRECTION('',(-1.E0,0.E0,0.E0));
#8114=AXIS2_PLACEMENT_3D('',#8111,#8112,#8113);
#8115=CONICAL_SURFACE('',#8114,1.1875E0,4.5E1);
#8117=ORIENTED_EDGE('',*,*,#8116,.T.);
#8118=ORIENTED_EDGE('',*,*,#8100,.F.);
#8120=ORIENTED_EDGE('',*,*,#8119,.F.);
#8122=ORIENTED_EDGE('',*,*,#8121,.T.);
#8123=EDGE_LOOP('',(#8117,#8118,#8120,#8122));
#8124=FACE_OUTER_BOUND('',#8123,.F.);
#8125=ADVANCED_FACE('',(#8124),#8115,.F.);
#8126=CARTESIAN_POINT('',(1.1E1,8.E0,9.8375E0));
#8127=DIRECTION('',(0.E0,0.E0,1.E0));
#8128=DIRECTION('',(-1.E0,0.E0,0.E0));
#8129=AXIS2_PLACEMENT_3D('',#8126,#8127,#8128);
#8130=CONICAL_SURFACE('',#8129,1.1875E0,4.5E1);
#8131=ORIENTED_EDGE('',*,*,#8116,.F.);
#8133=ORIENTED_EDGE('',*,*,#8132,.T.);
#8134=ORIENTED_EDGE('',*,*,#8119,.T.);
#8135=ORIENTED_EDGE('',*,*,#8102,.F.);
#8136=EDGE_LOOP('',(#8131,#8133,#8134,#8135));
#8137=FACE_OUTER_BOUND('',#8136,.F.);
#8138=ADVANCED_FACE('',(#8137),#8130,.F.);
#8139=CARTESIAN_POINT('',(1.1E1,8.E0,4.283237587716E-1));
#8140=DIRECTION('',(0.E0,0.E0,1.E0));
#8141=DIRECTION('',(-1.E0,0.E0,0.E0));
#8142=AXIS2_PLACEMENT_3D('',#8139,#8140,#8141);
#8143=CYLINDRICAL_SURFACE('',#8142,1.025E0);
#8145=ORIENTED_EDGE('',*,*,#8144,.F.);
#8147=ORIENTED_EDGE('',*,*,#8146,.F.);
#8149=ORIENTED_EDGE('',*,*,#8148,.T.);
#8150=ORIENTED_EDGE('',*,*,#8132,.F.);
#8151=EDGE_LOOP('',(#8145,#8147,#8149,#8150));
#8152=FACE_OUTER_BOUND('',#8151,.F.);
#8153=ADVANCED_FACE('',(#8152),#8143,.F.);
#8154=CARTESIAN_POINT('',(1.1E1,8.E0,4.283237587716E-1));
#8155=DIRECTION('',(0.E0,0.E0,1.E0));
#8156=DIRECTION('',(-1.E0,0.E0,0.E0));
#8157=AXIS2_PLACEMENT_3D('',#8154,#8155,#8156);
#8158=CYLINDRICAL_SURFACE('',#8157,1.025E0);
#8159=ORIENTED_EDGE('',*,*,#8144,.T.);
#8160=ORIENTED_EDGE('',*,*,#8121,.F.);
#8161=ORIENTED_EDGE('',*,*,#8148,.F.);
#8163=ORIENTED_EDGE('',*,*,#8162,.F.);
#8164=EDGE_LOOP('',(#8159,#8160,#8161,#8163));
#8165=FACE_OUTER_BOUND('',#8164,.F.);
#8166=ADVANCED_FACE('',(#8165),#8158,.F.);
#8167=CARTESIAN_POINT('',(1.1E1,8.E0,1.213463734210E0));
#8168=DIRECTION('',(0.E0,0.E0,1.E0));
#8169=DIRECTION('',(-1.E0,0.E0,0.E0));
#8170=AXIS2_PLACEMENT_3D('',#8167,#8168,#8169);
#8171=CONICAL_SURFACE('',#8170,5.481235718962E-1,5.9E1);
#8173=ORIENTED_EDGE('',*,*,#8172,.T.);
#8174=ORIENTED_EDGE('',*,*,#8162,.T.);
#8176=ORIENTED_EDGE('',*,*,#8175,.F.);
#8177=EDGE_LOOP('',(#8173,#8174,#8176));
#8178=FACE_OUTER_BOUND('',#8177,.F.);
#8179=ADVANCED_FACE('',(#8178),#8171,.F.);
#8180=CARTESIAN_POINT('',(1.1E1,8.E0,1.213463734210E0));
#8181=DIRECTION('',(0.E0,0.E0,1.E0));
#8182=DIRECTION('',(-1.E0,0.E0,0.E0));
#8183=AXIS2_PLACEMENT_3D('',#8180,#8181,#8182);
#8184=CONICAL_SURFACE('',#8183,5.481235718962E-1,5.9E1);
#8185=ORIENTED_EDGE('',*,*,#8172,.F.);
#8186=ORIENTED_EDGE('',*,*,#8175,.T.);
#8187=ORIENTED_EDGE('',*,*,#8146,.T.);
#8188=EDGE_LOOP('',(#8185,#8186,#8187));
#8189=FACE_OUTER_BOUND('',#8188,.F.);
#8190=ADVANCED_FACE('',(#8189),#8184,.F.);
#8191=CARTESIAN_POINT('',(0.E0,0.E0,2.135E1));
#8192=DIRECTION('',(0.E0,0.E0,-1.E0));
#8193=DIRECTION('',(0.E0,-1.E0,0.E0));
#8194=AXIS2_PLACEMENT_3D('',#8191,#8192,#8193);
#8195=CYLINDRICAL_SURFACE('',#8194,9.75E0);
#8197=ORIENTED_EDGE('',*,*,#8196,.F.);
#8199=ORIENTED_EDGE('',*,*,#8198,.F.);
#8200=ORIENTED_EDGE('',*,*,#5475,.F.);
#8202=ORIENTED_EDGE('',*,*,#8201,.T.);
#8203=EDGE_LOOP('',(#8197,#8199,#8200,#8202));
#8204=FACE_OUTER_BOUND('',#8203,.F.);
#8205=ADVANCED_FACE('',(#8204),#8195,.T.);
#8206=CARTESIAN_POINT('',(0.E0,0.E0,1.89E1));
#8207=DIRECTION('',(0.E0,0.E0,-1.E0));
#8208=DIRECTION('',(0.E0,-1.E0,0.E0));
#8209=AXIS2_PLACEMENT_3D('',#8206,#8207,#8208);
#8210=CONICAL_SURFACE('',#8209,9.649999999999E0,4.5E1);
#8212=ORIENTED_EDGE('',*,*,#8211,.F.);
#8214=ORIENTED_EDGE('',*,*,#8213,.T.);
#8215=ORIENTED_EDGE('',*,*,#8196,.T.);
#8217=ORIENTED_EDGE('',*,*,#8216,.F.);
#8218=EDGE_LOOP('',(#8212,#8214,#8215,#8217));
#8219=FACE_OUTER_BOUND('',#8218,.F.);
#8220=ADVANCED_FACE('',(#8219),#8210,.T.);
#8221=CARTESIAN_POINT('',(0.E0,0.E0,1.9E1));
#8222=DIRECTION('',(0.E0,0.E0,-1.E0));
#8223=DIRECTION('',(0.E0,-1.E0,0.E0));
#8224=AXIS2_PLACEMENT_3D('',#8221,#8222,#8223);
#8225=PLANE('',#8224);
#8226=ORIENTED_EDGE('',*,*,#8211,.T.);
#8228=ORIENTED_EDGE('',*,*,#8227,.T.);
#8229=EDGE_LOOP('',(#8226,#8228));
#8230=FACE_OUTER_BOUND('',#8229,.F.);
#8232=ORIENTED_EDGE('',*,*,#8231,.T.);
#8234=ORIENTED_EDGE('',*,*,#8233,.T.);
#8235=EDGE_LOOP('',(#8232,#8234));
#8236=FACE_BOUND('',#8235,.F.);
#8238=ORIENTED_EDGE('',*,*,#8237,.T.);
#8240=ORIENTED_EDGE('',*,*,#8239,.T.);
#8241=EDGE_LOOP('',(#8238,#8240));
#8242=FACE_BOUND('',#8241,.F.);
#8244=ORIENTED_EDGE('',*,*,#8243,.T.);
#8246=ORIENTED_EDGE('',*,*,#8245,.T.);
#8247=EDGE_LOOP('',(#8244,#8246));
#8248=FACE_BOUND('',#8247,.F.);
#8250=ORIENTED_EDGE('',*,*,#8249,.T.);
#8252=ORIENTED_EDGE('',*,*,#8251,.T.);
#8253=EDGE_LOOP('',(#8250,#8252));
#8254=FACE_BOUND('',#8253,.F.);
#8256=ORIENTED_EDGE('',*,*,#8255,.T.);
#8258=ORIENTED_EDGE('',*,*,#8257,.T.);
#8259=EDGE_LOOP('',(#8256,#8258));
#8260=FACE_BOUND('',#8259,.F.);
#8262=ORIENTED_EDGE('',*,*,#8261,.T.);
#8264=ORIENTED_EDGE('',*,*,#8263,.T.);
#8265=EDGE_LOOP('',(#8262,#8264));
#8266=FACE_BOUND('',#8265,.F.);
#8268=ORIENTED_EDGE('',*,*,#8267,.T.);
#8270=ORIENTED_EDGE('',*,*,#8269,.T.);
#8271=EDGE_LOOP('',(#8268,#8270));
#8272=FACE_BOUND('',#8271,.F.);
#8274=ORIENTED_EDGE('',*,*,#8273,.T.);
#8276=ORIENTED_EDGE('',*,*,#8275,.T.);
#8277=EDGE_LOOP('',(#8274,#8276));
#8278=FACE_BOUND('',#8277,.F.);
#8280=ORIENTED_EDGE('',*,*,#8279,.T.);
#8282=ORIENTED_EDGE('',*,*,#8281,.T.);
#8283=EDGE_LOOP('',(#8280,#8282));
#8284=FACE_BOUND('',#8283,.F.);
#8285=ADVANCED_FACE('',(#8230,#8236,#8242,#8248,#8254,#8260,#8266,#8272,#8278,
#8284),#8225,.F.);
#8286=CARTESIAN_POINT('',(0.E0,0.E0,1.89E1));
#8287=DIRECTION('',(0.E0,0.E0,-1.E0));
#8288=DIRECTION('',(0.E0,-1.E0,0.E0));
#8289=AXIS2_PLACEMENT_3D('',#8286,#8287,#8288);
#8290=CONICAL_SURFACE('',#8289,9.649999999999E0,4.5E1);
#8291=ORIENTED_EDGE('',*,*,#8227,.F.);
#8292=ORIENTED_EDGE('',*,*,#8216,.T.);
#8294=ORIENTED_EDGE('',*,*,#8293,.T.);
#8295=ORIENTED_EDGE('',*,*,#8213,.F.);
#8296=EDGE_LOOP('',(#8291,#8292,#8294,#8295));
#8297=FACE_OUTER_BOUND('',#8296,.F.);
#8298=ADVANCED_FACE('',(#8297),#8290,.T.);
#8299=CARTESIAN_POINT('',(0.E0,0.E0,2.135E1));
#8300=DIRECTION('',(0.E0,0.E0,-1.E0));
#8301=DIRECTION('',(0.E0,-1.E0,0.E0));
#8302=AXIS2_PLACEMENT_3D('',#8299,#8300,#8301);
#8303=CYLINDRICAL_SURFACE('',#8302,9.75E0);
#8304=ORIENTED_EDGE('',*,*,#8293,.F.);
#8305=ORIENTED_EDGE('',*,*,#8201,.F.);
#8306=ORIENTED_EDGE('',*,*,#5477,.F.);
#8307=ORIENTED_EDGE('',*,*,#8198,.T.);
#8308=EDGE_LOOP('',(#8304,#8305,#8306,#8307));
#8309=FACE_OUTER_BOUND('',#8308,.F.);
#8310=ADVANCED_FACE('',(#8309),#8303,.T.);
#8311=CARTESIAN_POINT('',(0.E0,8.E0,1.885E1));
#8312=DIRECTION('',(0.E0,0.E0,1.E0));
#8313=DIRECTION('',(-1.E0,0.E0,0.E0));
#8314=AXIS2_PLACEMENT_3D('',#8311,#8312,#8313);
#8315=CONICAL_SURFACE('',#8314,9.5E-1,4.5E1);
#8316=ORIENTED_EDGE('',*,*,#8231,.F.);
#8318=ORIENTED_EDGE('',*,*,#8317,.F.);
#8320=ORIENTED_EDGE('',*,*,#8319,.T.);
#8322=ORIENTED_EDGE('',*,*,#8321,.T.);
#8323=EDGE_LOOP('',(#8316,#8318,#8320,#8322));
#8324=FACE_OUTER_BOUND('',#8323,.F.);
#8325=ADVANCED_FACE('',(#8324),#8315,.F.);
#8326=CARTESIAN_POINT('',(0.E0,8.E0,1.885E1));
#8327=DIRECTION('',(0.E0,0.E0,1.E0));
#8328=DIRECTION('',(-1.E0,0.E0,0.E0));
#8329=AXIS2_PLACEMENT_3D('',#8326,#8327,#8328);
#8330=CONICAL_SURFACE('',#8329,9.5E-1,4.5E1);
#8331=ORIENTED_EDGE('',*,*,#8233,.F.);
#8332=ORIENTED_EDGE('',*,*,#8321,.F.);
#8334=ORIENTED_EDGE('',*,*,#8333,.T.);
#8335=ORIENTED_EDGE('',*,*,#8317,.T.);
#8336=EDGE_LOOP('',(#8331,#8332,#8334,#8335));
#8337=FACE_OUTER_BOUND('',#8336,.F.);
#8338=ADVANCED_FACE('',(#8337),#8330,.F.);
#8339=CARTESIAN_POINT('',(0.E0,8.E0,1.639527708002E1));
#8340=DIRECTION('',(0.E0,0.E0,1.E0));
#8341=DIRECTION('',(-1.E0,0.E0,0.E0));
#8342=AXIS2_PLACEMENT_3D('',#8339,#8340,#8341);
#8343=CYLINDRICAL_SURFACE('',#8342,8.E-1);
#8345=ORIENTED_EDGE('',*,*,#8344,.F.);
#8347=ORIENTED_EDGE('',*,*,#8346,.T.);
#8348=ORIENTED_EDGE('',*,*,#8333,.F.);
#8350=ORIENTED_EDGE('',*,*,#8349,.F.);
#8351=EDGE_LOOP('',(#8345,#8347,#8348,#8350));
#8352=FACE_OUTER_BOUND('',#8351,.F.);
#8353=ADVANCED_FACE('',(#8352),#8343,.F.);
#8354=CARTESIAN_POINT('',(0.E0,0.E0,1.7E1));
#8355=DIRECTION('',(0.E0,0.E0,1.E0));
#8356=DIRECTION('',(1.E0,0.E0,0.E0));
#8357=AXIS2_PLACEMENT_3D('',#8354,#8355,#8356);
#8358=PLANE('',#8357);
#8360=ORIENTED_EDGE('',*,*,#8359,.T.);
#8361=ORIENTED_EDGE('',*,*,#8344,.T.);
#8362=EDGE_LOOP('',(#8360,#8361));
#8363=FACE_OUTER_BOUND('',#8362,.F.);
#8364=ADVANCED_FACE('',(#8363),#8358,.T.);
#8365=CARTESIAN_POINT('',(0.E0,8.E0,1.639527708002E1));
#8366=DIRECTION('',(0.E0,0.E0,1.E0));
#8367=DIRECTION('',(-1.E0,0.E0,0.E0));
#8368=AXIS2_PLACEMENT_3D('',#8365,#8366,#8367);
#8369=CYLINDRICAL_SURFACE('',#8368,8.E-1);
#8370=ORIENTED_EDGE('',*,*,#8359,.F.);
#8371=ORIENTED_EDGE('',*,*,#8349,.T.);
#8372=ORIENTED_EDGE('',*,*,#8319,.F.);
#8373=ORIENTED_EDGE('',*,*,#8346,.F.);
#8374=EDGE_LOOP('',(#8370,#8371,#8372,#8373));
#8375=FACE_OUTER_BOUND('',#8374,.F.);
#8376=ADVANCED_FACE('',(#8375),#8369,.F.);
#8377=CARTESIAN_POINT('',(-5.656854249492E0,5.656854249492E0,1.885E1));
#8378=DIRECTION('',(0.E0,0.E0,1.E0));
#8379=DIRECTION('',(-7.071067811865E-1,-7.071067811865E-1,0.E0));
#8380=AXIS2_PLACEMENT_3D('',#8377,#8378,#8379);
#8381=CONICAL_SURFACE('',#8380,9.5E-1,4.5E1);
#8382=ORIENTED_EDGE('',*,*,#8237,.F.);
#8384=ORIENTED_EDGE('',*,*,#8383,.F.);
#8386=ORIENTED_EDGE('',*,*,#8385,.T.);
#8388=ORIENTED_EDGE('',*,*,#8387,.T.);
#8389=EDGE_LOOP('',(#8382,#8384,#8386,#8388));
#8390=FACE_OUTER_BOUND('',#8389,.F.);
#8391=ADVANCED_FACE('',(#8390),#8381,.F.);
#8392=CARTESIAN_POINT('',(-5.656854249492E0,5.656854249492E0,1.885E1));
#8393=DIRECTION('',(0.E0,0.E0,1.E0));
#8394=DIRECTION('',(-7.071067811865E-1,-7.071067811865E-1,0.E0));
#8395=AXIS2_PLACEMENT_3D('',#8392,#8393,#8394);
#8396=CONICAL_SURFACE('',#8395,9.5E-1,4.5E1);
#8397=ORIENTED_EDGE('',*,*,#8239,.F.);
#8398=ORIENTED_EDGE('',*,*,#8387,.F.);
#8400=ORIENTED_EDGE('',*,*,#8399,.T.);
#8401=ORIENTED_EDGE('',*,*,#8383,.T.);
#8402=EDGE_LOOP('',(#8397,#8398,#8400,#8401));
#8403=FACE_OUTER_BOUND('',#8402,.F.);
#8404=ADVANCED_FACE('',(#8403),#8396,.F.);
#8405=CARTESIAN_POINT('',(-5.656854249492E0,5.656854249492E0,1.639527708002E1));
#8406=DIRECTION('',(0.E0,0.E0,1.E0));
#8407=DIRECTION('',(-7.071067811865E-1,-7.071067811865E-1,0.E0));
#8408=AXIS2_PLACEMENT_3D('',#8405,#8406,#8407);
#8409=CYLINDRICAL_SURFACE('',#8408,8.E-1);
#8411=ORIENTED_EDGE('',*,*,#8410,.F.);
#8413=ORIENTED_EDGE('',*,*,#8412,.T.);
#8414=ORIENTED_EDGE('',*,*,#8399,.F.);
#8416=ORIENTED_EDGE('',*,*,#8415,.F.);
#8417=EDGE_LOOP('',(#8411,#8413,#8414,#8416));
#8418=FACE_OUTER_BOUND('',#8417,.F.);
#8419=ADVANCED_FACE('',(#8418),#8409,.F.);
#8420=CARTESIAN_POINT('',(0.E0,0.E0,1.7E1));
#8421=DIRECTION('',(0.E0,0.E0,1.E0));
#8422=DIRECTION('',(1.E0,0.E0,0.E0));
#8423=AXIS2_PLACEMENT_3D('',#8420,#8421,#8422);
#8424=PLANE('',#8423);
#8426=ORIENTED_EDGE('',*,*,#8425,.T.);
#8427=ORIENTED_EDGE('',*,*,#8410,.T.);
#8428=EDGE_LOOP('',(#8426,#8427));
#8429=FACE_OUTER_BOUND('',#8428,.F.);
#8430=ADVANCED_FACE('',(#8429),#8424,.T.);
#8431=CARTESIAN_POINT('',(-5.656854249492E0,5.656854249492E0,1.639527708002E1));
#8432=DIRECTION('',(0.E0,0.E0,1.E0));
#8433=DIRECTION('',(-7.071067811865E-1,-7.071067811865E-1,0.E0));
#8434=AXIS2_PLACEMENT_3D('',#8431,#8432,#8433);
#8435=CYLINDRICAL_SURFACE('',#8434,8.E-1);
#8436=ORIENTED_EDGE('',*,*,#8425,.F.);
#8437=ORIENTED_EDGE('',*,*,#8415,.T.);
#8438=ORIENTED_EDGE('',*,*,#8385,.F.);
#8439=ORIENTED_EDGE('',*,*,#8412,.F.);
#8440=EDGE_LOOP('',(#8436,#8437,#8438,#8439));
#8441=FACE_OUTER_BOUND('',#8440,.F.);
#8442=ADVANCED_FACE('',(#8441),#8435,.F.);
#8443=CARTESIAN_POINT('',(-8.E0,0.E0,1.885E1));
#8444=DIRECTION('',(0.E0,0.E0,1.E0));
#8445=DIRECTION('',(0.E0,-1.E0,0.E0));
#8446=AXIS2_PLACEMENT_3D('',#8443,#8444,#8445);
#8447=CONICAL_SURFACE('',#8446,9.5E-1,4.5E1);
#8448=ORIENTED_EDGE('',*,*,#8243,.F.);
#8450=ORIENTED_EDGE('',*,*,#8449,.F.);
#8452=ORIENTED_EDGE('',*,*,#8451,.T.);
#8454=ORIENTED_EDGE('',*,*,#8453,.T.);
#8455=EDGE_LOOP('',(#8448,#8450,#8452,#8454));
#8456=FACE_OUTER_BOUND('',#8455,.F.);
#8457=ADVANCED_FACE('',(#8456),#8447,.F.);
#8458=CARTESIAN_POINT('',(-8.E0,0.E0,1.885E1));
#8459=DIRECTION('',(0.E0,0.E0,1.E0));
#8460=DIRECTION('',(0.E0,-1.E0,0.E0));
#8461=AXIS2_PLACEMENT_3D('',#8458,#8459,#8460);
#8462=CONICAL_SURFACE('',#8461,9.5E-1,4.5E1);
#8463=ORIENTED_EDGE('',*,*,#8245,.F.);
#8464=ORIENTED_EDGE('',*,*,#8453,.F.);
#8466=ORIENTED_EDGE('',*,*,#8465,.T.);
#8467=ORIENTED_EDGE('',*,*,#8449,.T.);
#8468=EDGE_LOOP('',(#8463,#8464,#8466,#8467));
#8469=FACE_OUTER_BOUND('',#8468,.F.);
#8470=ADVANCED_FACE('',(#8469),#8462,.F.);
#8471=CARTESIAN_POINT('',(-8.E0,0.E0,1.639527708002E1));
#8472=DIRECTION('',(0.E0,0.E0,1.E0));
#8473=DIRECTION('',(0.E0,-1.E0,0.E0));
#8474=AXIS2_PLACEMENT_3D('',#8471,#8472,#8473);
#8475=CYLINDRICAL_SURFACE('',#8474,8.E-1);
#8477=ORIENTED_EDGE('',*,*,#8476,.F.);
#8479=ORIENTED_EDGE('',*,*,#8478,.T.);
#8480=ORIENTED_EDGE('',*,*,#8465,.F.);
#8482=ORIENTED_EDGE('',*,*,#8481,.F.);
#8483=EDGE_LOOP('',(#8477,#8479,#8480,#8482));
#8484=FACE_OUTER_BOUND('',#8483,.F.);
#8485=ADVANCED_FACE('',(#8484),#8475,.F.);
#8486=CARTESIAN_POINT('',(0.E0,0.E0,1.7E1));
#8487=DIRECTION('',(0.E0,0.E0,1.E0));
#8488=DIRECTION('',(1.E0,0.E0,0.E0));
#8489=AXIS2_PLACEMENT_3D('',#8486,#8487,#8488);
#8490=PLANE('',#8489);
#8492=ORIENTED_EDGE('',*,*,#8491,.T.);
#8493=ORIENTED_EDGE('',*,*,#8476,.T.);
#8494=EDGE_LOOP('',(#8492,#8493));
#8495=FACE_OUTER_BOUND('',#8494,.F.);
#8496=ADVANCED_FACE('',(#8495),#8490,.T.);
#8497=CARTESIAN_POINT('',(-8.E0,0.E0,1.639527708002E1));
#8498=DIRECTION('',(0.E0,0.E0,1.E0));
#8499=DIRECTION('',(0.E0,-1.E0,0.E0));
#8500=AXIS2_PLACEMENT_3D('',#8497,#8498,#8499);
#8501=CYLINDRICAL_SURFACE('',#8500,8.E-1);
#8502=ORIENTED_EDGE('',*,*,#8491,.F.);
#8503=ORIENTED_EDGE('',*,*,#8481,.T.);
#8504=ORIENTED_EDGE('',*,*,#8451,.F.);
#8505=ORIENTED_EDGE('',*,*,#8478,.F.);
#8506=EDGE_LOOP('',(#8502,#8503,#8504,#8505));
#8507=FACE_OUTER_BOUND('',#8506,.F.);
#8508=ADVANCED_FACE('',(#8507),#8501,.F.);
#8509=CARTESIAN_POINT('',(-5.656854249492E0,-5.656854249492E0,1.885E1));
#8510=DIRECTION('',(0.E0,0.E0,1.E0));
#8511=DIRECTION('',(7.071067811865E-1,-7.071067811865E-1,0.E0));
#8512=AXIS2_PLACEMENT_3D('',#8509,#8510,#8511);
#8513=CONICAL_SURFACE('',#8512,9.5E-1,4.5E1);
#8514=ORIENTED_EDGE('',*,*,#8249,.F.);
#8516=ORIENTED_EDGE('',*,*,#8515,.F.);
#8518=ORIENTED_EDGE('',*,*,#8517,.T.);
#8520=ORIENTED_EDGE('',*,*,#8519,.T.);
#8521=EDGE_LOOP('',(#8514,#8516,#8518,#8520));
#8522=FACE_OUTER_BOUND('',#8521,.F.);
#8523=ADVANCED_FACE('',(#8522),#8513,.F.);
#8524=CARTESIAN_POINT('',(-5.656854249492E0,-5.656854249492E0,1.885E1));
#8525=DIRECTION('',(0.E0,0.E0,1.E0));
#8526=DIRECTION('',(7.071067811865E-1,-7.071067811865E-1,0.E0));
#8527=AXIS2_PLACEMENT_3D('',#8524,#8525,#8526);
#8528=CONICAL_SURFACE('',#8527,9.5E-1,4.5E1);
#8529=ORIENTED_EDGE('',*,*,#8251,.F.);
#8530=ORIENTED_EDGE('',*,*,#8519,.F.);
#8532=ORIENTED_EDGE('',*,*,#8531,.T.);
#8533=ORIENTED_EDGE('',*,*,#8515,.T.);
#8534=EDGE_LOOP('',(#8529,#8530,#8532,#8533));
#8535=FACE_OUTER_BOUND('',#8534,.F.);
#8536=ADVANCED_FACE('',(#8535),#8528,.F.);
#8537=CARTESIAN_POINT('',(-5.656854249492E0,-5.656854249492E0,
1.639527708002E1));
#8538=DIRECTION('',(0.E0,0.E0,1.E0));
#8539=DIRECTION('',(7.071067811865E-1,-7.071067811865E-1,0.E0));
#8540=AXIS2_PLACEMENT_3D('',#8537,#8538,#8539);
#8541=CYLINDRICAL_SURFACE('',#8540,8.E-1);
#8543=ORIENTED_EDGE('',*,*,#8542,.F.);
#8545=ORIENTED_EDGE('',*,*,#8544,.T.);
#8546=ORIENTED_EDGE('',*,*,#8531,.F.);
#8548=ORIENTED_EDGE('',*,*,#8547,.F.);
#8549=EDGE_LOOP('',(#8543,#8545,#8546,#8548));
#8550=FACE_OUTER_BOUND('',#8549,.F.);
#8551=ADVANCED_FACE('',(#8550),#8541,.F.);
#8552=CARTESIAN_POINT('',(0.E0,0.E0,1.7E1));
#8553=DIRECTION('',(0.E0,0.E0,1.E0));
#8554=DIRECTION('',(1.E0,0.E0,0.E0));
#8555=AXIS2_PLACEMENT_3D('',#8552,#8553,#8554);
#8556=PLANE('',#8555);
#8558=ORIENTED_EDGE('',*,*,#8557,.T.);
#8559=ORIENTED_EDGE('',*,*,#8542,.T.);
#8560=EDGE_LOOP('',(#8558,#8559));
#8561=FACE_OUTER_BOUND('',#8560,.F.);
#8562=ADVANCED_FACE('',(#8561),#8556,.T.);
#8563=CARTESIAN_POINT('',(-5.656854249492E0,-5.656854249492E0,
1.639527708002E1));
#8564=DIRECTION('',(0.E0,0.E0,1.E0));
#8565=DIRECTION('',(7.071067811865E-1,-7.071067811865E-1,0.E0));
#8566=AXIS2_PLACEMENT_3D('',#8563,#8564,#8565);
#8567=CYLINDRICAL_SURFACE('',#8566,8.E-1);
#8568=ORIENTED_EDGE('',*,*,#8557,.F.);
#8569=ORIENTED_EDGE('',*,*,#8547,.T.);
#8570=ORIENTED_EDGE('',*,*,#8517,.F.);
#8571=ORIENTED_EDGE('',*,*,#8544,.F.);
#8572=EDGE_LOOP('',(#8568,#8569,#8570,#8571));
#8573=FACE_OUTER_BOUND('',#8572,.F.);
#8574=ADVANCED_FACE('',(#8573),#8567,.F.);
#8575=CARTESIAN_POINT('',(0.E0,-8.E0,1.885E1));
#8576=DIRECTION('',(0.E0,0.E0,1.E0));
#8577=DIRECTION('',(1.E0,0.E0,0.E0));
#8578=AXIS2_PLACEMENT_3D('',#8575,#8576,#8577);
#8579=CONICAL_SURFACE('',#8578,9.5E-1,4.5E1);
#8580=ORIENTED_EDGE('',*,*,#8255,.F.);
#8582=ORIENTED_EDGE('',*,*,#8581,.F.);
#8584=ORIENTED_EDGE('',*,*,#8583,.T.);
#8586=ORIENTED_EDGE('',*,*,#8585,.T.);
#8587=EDGE_LOOP('',(#8580,#8582,#8584,#8586));
#8588=FACE_OUTER_BOUND('',#8587,.F.);
#8589=ADVANCED_FACE('',(#8588),#8579,.F.);
#8590=CARTESIAN_POINT('',(0.E0,-8.E0,1.885E1));
#8591=DIRECTION('',(0.E0,0.E0,1.E0));
#8592=DIRECTION('',(1.E0,0.E0,0.E0));
#8593=AXIS2_PLACEMENT_3D('',#8590,#8591,#8592);
#8594=CONICAL_SURFACE('',#8593,9.5E-1,4.5E1);
#8595=ORIENTED_EDGE('',*,*,#8257,.F.);
#8596=ORIENTED_EDGE('',*,*,#8585,.F.);
#8598=ORIENTED_EDGE('',*,*,#8597,.T.);
#8599=ORIENTED_EDGE('',*,*,#8581,.T.);
#8600=EDGE_LOOP('',(#8595,#8596,#8598,#8599));
#8601=FACE_OUTER_BOUND('',#8600,.F.);
#8602=ADVANCED_FACE('',(#8601),#8594,.F.);
#8603=CARTESIAN_POINT('',(0.E0,-8.E0,1.639527708002E1));
#8604=DIRECTION('',(0.E0,0.E0,1.E0));
#8605=DIRECTION('',(1.E0,0.E0,0.E0));
#8606=AXIS2_PLACEMENT_3D('',#8603,#8604,#8605);
#8607=CYLINDRICAL_SURFACE('',#8606,8.E-1);
#8609=ORIENTED_EDGE('',*,*,#8608,.F.);
#8611=ORIENTED_EDGE('',*,*,#8610,.T.);
#8612=ORIENTED_EDGE('',*,*,#8597,.F.);
#8614=ORIENTED_EDGE('',*,*,#8613,.F.);
#8615=EDGE_LOOP('',(#8609,#8611,#8612,#8614));
#8616=FACE_OUTER_BOUND('',#8615,.F.);
#8617=ADVANCED_FACE('',(#8616),#8607,.F.);
#8618=CARTESIAN_POINT('',(0.E0,0.E0,1.7E1));
#8619=DIRECTION('',(0.E0,0.E0,1.E0));
#8620=DIRECTION('',(1.E0,0.E0,0.E0));
#8621=AXIS2_PLACEMENT_3D('',#8618,#8619,#8620);
#8622=PLANE('',#8621);
#8624=ORIENTED_EDGE('',*,*,#8623,.T.);
#8625=ORIENTED_EDGE('',*,*,#8608,.T.);
#8626=EDGE_LOOP('',(#8624,#8625));
#8627=FACE_OUTER_BOUND('',#8626,.F.);
#8628=ADVANCED_FACE('',(#8627),#8622,.T.);
#8629=CARTESIAN_POINT('',(0.E0,-8.E0,1.639527708002E1));
#8630=DIRECTION('',(0.E0,0.E0,1.E0));
#8631=DIRECTION('',(1.E0,0.E0,0.E0));
#8632=AXIS2_PLACEMENT_3D('',#8629,#8630,#8631);
#8633=CYLINDRICAL_SURFACE('',#8632,8.E-1);
#8634=ORIENTED_EDGE('',*,*,#8623,.F.);
#8635=ORIENTED_EDGE('',*,*,#8613,.T.);
#8636=ORIENTED_EDGE('',*,*,#8583,.F.);
#8637=ORIENTED_EDGE('',*,*,#8610,.F.);
#8638=EDGE_LOOP('',(#8634,#8635,#8636,#8637));
#8639=FACE_OUTER_BOUND('',#8638,.F.);
#8640=ADVANCED_FACE('',(#8639),#8633,.F.);
#8641=CARTESIAN_POINT('',(5.656854249492E0,-5.656854249492E0,1.885E1));
#8642=DIRECTION('',(0.E0,0.E0,1.E0));
#8643=DIRECTION('',(7.071067811865E-1,7.071067811865E-1,0.E0));
#8644=AXIS2_PLACEMENT_3D('',#8641,#8642,#8643);
#8645=CONICAL_SURFACE('',#8644,9.5E-1,4.5E1);
#8646=ORIENTED_EDGE('',*,*,#8261,.F.);
#8648=ORIENTED_EDGE('',*,*,#8647,.F.);
#8650=ORIENTED_EDGE('',*,*,#8649,.T.);
#8652=ORIENTED_EDGE('',*,*,#8651,.T.);
#8653=EDGE_LOOP('',(#8646,#8648,#8650,#8652));
#8654=FACE_OUTER_BOUND('',#8653,.F.);
#8655=ADVANCED_FACE('',(#8654),#8645,.F.);
#8656=CARTESIAN_POINT('',(5.656854249492E0,-5.656854249492E0,1.885E1));
#8657=DIRECTION('',(0.E0,0.E0,1.E0));
#8658=DIRECTION('',(7.071067811865E-1,7.071067811865E-1,0.E0));
#8659=AXIS2_PLACEMENT_3D('',#8656,#8657,#8658);
#8660=CONICAL_SURFACE('',#8659,9.5E-1,4.5E1);
#8661=ORIENTED_EDGE('',*,*,#8263,.F.);
#8662=ORIENTED_EDGE('',*,*,#8651,.F.);
#8664=ORIENTED_EDGE('',*,*,#8663,.T.);
#8665=ORIENTED_EDGE('',*,*,#8647,.T.);
#8666=EDGE_LOOP('',(#8661,#8662,#8664,#8665));
#8667=FACE_OUTER_BOUND('',#8666,.F.);
#8668=ADVANCED_FACE('',(#8667),#8660,.F.);
#8669=CARTESIAN_POINT('',(5.656854249492E0,-5.656854249492E0,1.639527708002E1));
#8670=DIRECTION('',(0.E0,0.E0,1.E0));
#8671=DIRECTION('',(7.071067811865E-1,7.071067811865E-1,0.E0));
#8672=AXIS2_PLACEMENT_3D('',#8669,#8670,#8671);
#8673=CYLINDRICAL_SURFACE('',#8672,8.E-1);
#8675=ORIENTED_EDGE('',*,*,#8674,.F.);
#8677=ORIENTED_EDGE('',*,*,#8676,.T.);
#8678=ORIENTED_EDGE('',*,*,#8663,.F.);
#8680=ORIENTED_EDGE('',*,*,#8679,.F.);
#8681=EDGE_LOOP('',(#8675,#8677,#8678,#8680));
#8682=FACE_OUTER_BOUND('',#8681,.F.);
#8683=ADVANCED_FACE('',(#8682),#8673,.F.);
#8684=CARTESIAN_POINT('',(0.E0,0.E0,1.7E1));
#8685=DIRECTION('',(0.E0,0.E0,1.E0));
#8686=DIRECTION('',(1.E0,0.E0,0.E0));
#8687=AXIS2_PLACEMENT_3D('',#8684,#8685,#8686);
#8688=PLANE('',#8687);
#8690=ORIENTED_EDGE('',*,*,#8689,.T.);
#8691=ORIENTED_EDGE('',*,*,#8674,.T.);
#8692=EDGE_LOOP('',(#8690,#8691));
#8693=FACE_OUTER_BOUND('',#8692,.F.);
#8694=ADVANCED_FACE('',(#8693),#8688,.T.);
#8695=CARTESIAN_POINT('',(5.656854249492E0,-5.656854249492E0,1.639527708002E1));
#8696=DIRECTION('',(0.E0,0.E0,1.E0));
#8697=DIRECTION('',(7.071067811865E-1,7.071067811865E-1,0.E0));
#8698=AXIS2_PLACEMENT_3D('',#8695,#8696,#8697);
#8699=CYLINDRICAL_SURFACE('',#8698,8.E-1);
#8700=ORIENTED_EDGE('',*,*,#8689,.F.);
#8701=ORIENTED_EDGE('',*,*,#8679,.T.);
#8702=ORIENTED_EDGE('',*,*,#8649,.F.);
#8703=ORIENTED_EDGE('',*,*,#8676,.F.);
#8704=EDGE_LOOP('',(#8700,#8701,#8702,#8703));
#8705=FACE_OUTER_BOUND('',#8704,.F.);
#8706=ADVANCED_FACE('',(#8705),#8699,.F.);
#8707=CARTESIAN_POINT('',(8.E0,0.E0,1.885E1));
#8708=DIRECTION('',(0.E0,0.E0,1.E0));
#8709=DIRECTION('',(0.E0,1.E0,0.E0));
#8710=AXIS2_PLACEMENT_3D('',#8707,#8708,#8709);
#8711=CONICAL_SURFACE('',#8710,9.5E-1,4.5E1);
#8712=ORIENTED_EDGE('',*,*,#8267,.F.);
#8714=ORIENTED_EDGE('',*,*,#8713,.F.);
#8716=ORIENTED_EDGE('',*,*,#8715,.T.);
#8718=ORIENTED_EDGE('',*,*,#8717,.T.);
#8719=EDGE_LOOP('',(#8712,#8714,#8716,#8718));
#8720=FACE_OUTER_BOUND('',#8719,.F.);
#8721=ADVANCED_FACE('',(#8720),#8711,.F.);
#8722=CARTESIAN_POINT('',(8.E0,0.E0,1.885E1));
#8723=DIRECTION('',(0.E0,0.E0,1.E0));
#8724=DIRECTION('',(0.E0,1.E0,0.E0));
#8725=AXIS2_PLACEMENT_3D('',#8722,#8723,#8724);
#8726=CONICAL_SURFACE('',#8725,9.5E-1,4.5E1);
#8727=ORIENTED_EDGE('',*,*,#8269,.F.);
#8728=ORIENTED_EDGE('',*,*,#8717,.F.);
#8730=ORIENTED_EDGE('',*,*,#8729,.T.);
#8731=ORIENTED_EDGE('',*,*,#8713,.T.);
#8732=EDGE_LOOP('',(#8727,#8728,#8730,#8731));
#8733=FACE_OUTER_BOUND('',#8732,.F.);
#8734=ADVANCED_FACE('',(#8733),#8726,.F.);
#8735=CARTESIAN_POINT('',(8.E0,0.E0,1.639527708002E1));
#8736=DIRECTION('',(0.E0,0.E0,1.E0));
#8737=DIRECTION('',(0.E0,1.E0,0.E0));
#8738=AXIS2_PLACEMENT_3D('',#8735,#8736,#8737);
#8739=CYLINDRICAL_SURFACE('',#8738,8.E-1);
#8741=ORIENTED_EDGE('',*,*,#8740,.F.);
#8743=ORIENTED_EDGE('',*,*,#8742,.T.);
#8744=ORIENTED_EDGE('',*,*,#8729,.F.);
#8746=ORIENTED_EDGE('',*,*,#8745,.F.);
#8747=EDGE_LOOP('',(#8741,#8743,#8744,#8746));
#8748=FACE_OUTER_BOUND('',#8747,.F.);
#8749=ADVANCED_FACE('',(#8748),#8739,.F.);
#8750=CARTESIAN_POINT('',(0.E0,0.E0,1.7E1));
#8751=DIRECTION('',(0.E0,0.E0,1.E0));
#8752=DIRECTION('',(1.E0,0.E0,0.E0));
#8753=AXIS2_PLACEMENT_3D('',#8750,#8751,#8752);
#8754=PLANE('',#8753);
#8756=ORIENTED_EDGE('',*,*,#8755,.T.);
#8757=ORIENTED_EDGE('',*,*,#8740,.T.);
#8758=EDGE_LOOP('',(#8756,#8757));
#8759=FACE_OUTER_BOUND('',#8758,.F.);
#8760=ADVANCED_FACE('',(#8759),#8754,.T.);
#8761=CARTESIAN_POINT('',(8.E0,0.E0,1.639527708002E1));
#8762=DIRECTION('',(0.E0,0.E0,1.E0));
#8763=DIRECTION('',(0.E0,1.E0,0.E0));
#8764=AXIS2_PLACEMENT_3D('',#8761,#8762,#8763);
#8765=CYLINDRICAL_SURFACE('',#8764,8.E-1);
#8766=ORIENTED_EDGE('',*,*,#8755,.F.);
#8767=ORIENTED_EDGE('',*,*,#8745,.T.);
#8768=ORIENTED_EDGE('',*,*,#8715,.F.);
#8769=ORIENTED_EDGE('',*,*,#8742,.F.);
#8770=EDGE_LOOP('',(#8766,#8767,#8768,#8769));
#8771=FACE_OUTER_BOUND('',#8770,.F.);
#8772=ADVANCED_FACE('',(#8771),#8765,.F.);
#8773=CARTESIAN_POINT('',(5.656854249492E0,5.656854249492E0,1.885E1));
#8774=DIRECTION('',(0.E0,0.E0,1.E0));
#8775=DIRECTION('',(-7.071067811865E-1,7.071067811865E-1,0.E0));
#8776=AXIS2_PLACEMENT_3D('',#8773,#8774,#8775);
#8777=CONICAL_SURFACE('',#8776,9.5E-1,4.5E1);
#8778=ORIENTED_EDGE('',*,*,#8273,.F.);
#8780=ORIENTED_EDGE('',*,*,#8779,.F.);
#8782=ORIENTED_EDGE('',*,*,#8781,.T.);
#8784=ORIENTED_EDGE('',*,*,#8783,.T.);
#8785=EDGE_LOOP('',(#8778,#8780,#8782,#8784));
#8786=FACE_OUTER_BOUND('',#8785,.F.);
#8787=ADVANCED_FACE('',(#8786),#8777,.F.);
#8788=CARTESIAN_POINT('',(5.656854249492E0,5.656854249492E0,1.885E1));
#8789=DIRECTION('',(0.E0,0.E0,1.E0));
#8790=DIRECTION('',(-7.071067811865E-1,7.071067811865E-1,0.E0));
#8791=AXIS2_PLACEMENT_3D('',#8788,#8789,#8790);
#8792=CONICAL_SURFACE('',#8791,9.5E-1,4.5E1);
#8793=ORIENTED_EDGE('',*,*,#8275,.F.);
#8794=ORIENTED_EDGE('',*,*,#8783,.F.);
#8796=ORIENTED_EDGE('',*,*,#8795,.T.);
#8797=ORIENTED_EDGE('',*,*,#8779,.T.);
#8798=EDGE_LOOP('',(#8793,#8794,#8796,#8797));
#8799=FACE_OUTER_BOUND('',#8798,.F.);
#8800=ADVANCED_FACE('',(#8799),#8792,.F.);
#8801=CARTESIAN_POINT('',(5.656854249492E0,5.656854249492E0,1.639527708002E1));
#8802=DIRECTION('',(0.E0,0.E0,1.E0));
#8803=DIRECTION('',(-7.071067811865E-1,7.071067811865E-1,0.E0));
#8804=AXIS2_PLACEMENT_3D('',#8801,#8802,#8803);
#8805=CYLINDRICAL_SURFACE('',#8804,8.E-1);
#8807=ORIENTED_EDGE('',*,*,#8806,.F.);
#8809=ORIENTED_EDGE('',*,*,#8808,.T.);
#8810=ORIENTED_EDGE('',*,*,#8795,.F.);
#8812=ORIENTED_EDGE('',*,*,#8811,.F.);
#8813=EDGE_LOOP('',(#8807,#8809,#8810,#8812));
#8814=FACE_OUTER_BOUND('',#8813,.F.);
#8815=ADVANCED_FACE('',(#8814),#8805,.F.);
#8816=CARTESIAN_POINT('',(0.E0,0.E0,1.7E1));
#8817=DIRECTION('',(0.E0,0.E0,1.E0));
#8818=DIRECTION('',(1.E0,0.E0,0.E0));
#8819=AXIS2_PLACEMENT_3D('',#8816,#8817,#8818);
#8820=PLANE('',#8819);
#8822=ORIENTED_EDGE('',*,*,#8821,.T.);
#8823=ORIENTED_EDGE('',*,*,#8806,.T.);
#8824=EDGE_LOOP('',(#8822,#8823));
#8825=FACE_OUTER_BOUND('',#8824,.F.);
#8826=ADVANCED_FACE('',(#8825),#8820,.T.);
#8827=CARTESIAN_POINT('',(5.656854249492E0,5.656854249492E0,1.639527708002E1));
#8828=DIRECTION('',(0.E0,0.E0,1.E0));
#8829=DIRECTION('',(-7.071067811865E-1,7.071067811865E-1,0.E0));
#8830=AXIS2_PLACEMENT_3D('',#8827,#8828,#8829);
#8831=CYLINDRICAL_SURFACE('',#8830,8.E-1);
#8832=ORIENTED_EDGE('',*,*,#8821,.F.);
#8833=ORIENTED_EDGE('',*,*,#8811,.T.);
#8834=ORIENTED_EDGE('',*,*,#8781,.F.);
#8835=ORIENTED_EDGE('',*,*,#8808,.F.);
#8836=EDGE_LOOP('',(#8832,#8833,#8834,#8835));
#8837=FACE_OUTER_BOUND('',#8836,.F.);
#8838=ADVANCED_FACE('',(#8837),#8831,.F.);
#8839=CARTESIAN_POINT('',(0.E0,0.E0,2.135E1));
#8840=DIRECTION('',(0.E0,0.E0,-1.E0));
#8841=DIRECTION('',(0.E0,-1.E0,0.E0));
#8842=AXIS2_PLACEMENT_3D('',#8839,#8840,#8841);
#8843=CYLINDRICAL_SURFACE('',#8842,4.E0);
#8845=ORIENTED_EDGE('',*,*,#8844,.T.);
#8847=ORIENTED_EDGE('',*,*,#8846,.T.);
#8848=ORIENTED_EDGE('',*,*,#8279,.F.);
#8850=ORIENTED_EDGE('',*,*,#8849,.T.);
#8851=EDGE_LOOP('',(#8845,#8847,#8848,#8850));
#8852=FACE_OUTER_BOUND('',#8851,.F.);
#8853=ADVANCED_FACE('',(#8852),#8843,.T.);
#8854=CARTESIAN_POINT('',(0.E0,0.E0,2.110000000267E1));
#8855=DIRECTION('',(0.E0,0.E0,-1.E0));
#8856=DIRECTION('',(0.E0,-1.E0,0.E0));
#8857=AXIS2_PLACEMENT_3D('',#8854,#8855,#8856);
#8858=CONICAL_SURFACE('',#8857,3.899999997327E0,4.5E1);
#8860=ORIENTED_EDGE('',*,*,#8859,.T.);
#8862=ORIENTED_EDGE('',*,*,#8861,.T.);
#8863=ORIENTED_EDGE('',*,*,#8844,.F.);
#8865=ORIENTED_EDGE('',*,*,#8864,.F.);
#8866=EDGE_LOOP('',(#8860,#8862,#8863,#8865));
#8867=FACE_OUTER_BOUND('',#8866,.F.);
#8868=ADVANCED_FACE('',(#8867),#8858,.T.);
#8869=CARTESIAN_POINT('',(0.E0,0.E0,2.12E1));
#8870=DIRECTION('',(0.E0,0.E0,-1.E0));
#8871=DIRECTION('',(0.E0,-1.E0,0.E0));
#8872=AXIS2_PLACEMENT_3D('',#8869,#8870,#8871);
#8873=PLANE('',#8872);
#8875=ORIENTED_EDGE('',*,*,#8874,.F.);
#8876=ORIENTED_EDGE('',*,*,#8859,.F.);
#8877=EDGE_LOOP('',(#8875,#8876));
#8878=FACE_OUTER_BOUND('',#8877,.F.);
#8880=ORIENTED_EDGE('',*,*,#8879,.T.);
#8882=ORIENTED_EDGE('',*,*,#8881,.T.);
#8883=EDGE_LOOP('',(#8880,#8882));
#8884=FACE_BOUND('',#8883,.F.);
#8885=ADVANCED_FACE('',(#8878,#8884),#8873,.F.);
#8886=CARTESIAN_POINT('',(0.E0,0.E0,2.09E1));
#8887=DIRECTION('',(0.E0,0.E0,1.E0));
#8888=DIRECTION('',(1.E0,0.E0,0.E0));
#8889=AXIS2_PLACEMENT_3D('',#8886,#8887,#8888);
#8890=CYLINDRICAL_SURFACE('',#8889,2.25E0);
#8892=ORIENTED_EDGE('',*,*,#8891,.T.);
#8894=ORIENTED_EDGE('',*,*,#8893,.T.);
#8895=ORIENTED_EDGE('',*,*,#8879,.F.);
#8897=ORIENTED_EDGE('',*,*,#8896,.T.);
#8898=EDGE_LOOP('',(#8892,#8894,#8895,#8897));
#8899=FACE_OUTER_BOUND('',#8898,.F.);
#8900=ADVANCED_FACE('',(#8899),#8890,.T.);
#8901=CARTESIAN_POINT('',(0.E0,0.E0,2.362500000368E1));
#8902=DIRECTION('',(0.E0,0.E0,-1.E0));
#8903=DIRECTION('',(0.E0,-1.E0,0.E0));
#8904=AXIS2_PLACEMENT_3D('',#8901,#8902,#8903);
#8905=CONICAL_SURFACE('',#8904,2.174999996319E0,4.5E1);
#8907=ORIENTED_EDGE('',*,*,#8906,.T.);
#8909=ORIENTED_EDGE('',*,*,#8908,.T.);
#8910=ORIENTED_EDGE('',*,*,#8891,.F.);
#8912=ORIENTED_EDGE('',*,*,#8911,.F.);
#8913=EDGE_LOOP('',(#8907,#8909,#8910,#8912));
#8914=FACE_OUTER_BOUND('',#8913,.F.);
#8915=ADVANCED_FACE('',(#8914),#8905,.T.);
#8916=CARTESIAN_POINT('',(0.E0,0.E0,2.37E1));
#8917=DIRECTION('',(0.E0,0.E0,1.E0));
#8918=DIRECTION('',(1.E0,0.E0,0.E0));
#8919=AXIS2_PLACEMENT_3D('',#8916,#8917,#8918);
#8920=PLANE('',#8919);
#8922=ORIENTED_EDGE('',*,*,#8921,.F.);
#8923=ORIENTED_EDGE('',*,*,#8906,.F.);
#8924=EDGE_LOOP('',(#8922,#8923));
#8925=FACE_OUTER_BOUND('',#8924,.F.);
#8926=ADVANCED_FACE('',(#8925),#8920,.T.);
#8927=CARTESIAN_POINT('',(0.E0,0.E0,2.362500000368E1));
#8928=DIRECTION('',(0.E0,0.E0,-1.E0));
#8929=DIRECTION('',(0.E0,-1.E0,0.E0));
#8930=AXIS2_PLACEMENT_3D('',#8927,#8928,#8929);
#8931=CONICAL_SURFACE('',#8930,2.174999996319E0,4.5E1);
#8932=ORIENTED_EDGE('',*,*,#8921,.T.);
#8933=ORIENTED_EDGE('',*,*,#8911,.T.);
#8935=ORIENTED_EDGE('',*,*,#8934,.F.);
#8936=ORIENTED_EDGE('',*,*,#8908,.F.);
#8937=EDGE_LOOP('',(#8932,#8933,#8935,#8936));
#8938=FACE_OUTER_BOUND('',#8937,.F.);
#8939=ADVANCED_FACE('',(#8938),#8931,.T.);
#8940=CARTESIAN_POINT('',(0.E0,0.E0,2.09E1));
#8941=DIRECTION('',(0.E0,0.E0,1.E0));
#8942=DIRECTION('',(1.E0,0.E0,0.E0));
#8943=AXIS2_PLACEMENT_3D('',#8940,#8941,#8942);
#8944=CYLINDRICAL_SURFACE('',#8943,2.25E0);
#8945=ORIENTED_EDGE('',*,*,#8934,.T.);
#8946=ORIENTED_EDGE('',*,*,#8896,.F.);
#8947=ORIENTED_EDGE('',*,*,#8881,.F.);
#8948=ORIENTED_EDGE('',*,*,#8893,.F.);
#8949=EDGE_LOOP('',(#8945,#8946,#8947,#8948));
#8950=FACE_OUTER_BOUND('',#8949,.F.);
#8951=ADVANCED_FACE('',(#8950),#8944,.T.);
#8952=CARTESIAN_POINT('',(0.E0,0.E0,2.110000000267E1));
#8953=DIRECTION('',(0.E0,0.E0,-1.E0));
#8954=DIRECTION('',(0.E0,-1.E0,0.E0));
#8955=AXIS2_PLACEMENT_3D('',#8952,#8953,#8954);
#8956=CONICAL_SURFACE('',#8955,3.899999997327E0,4.5E1);
#8957=ORIENTED_EDGE('',*,*,#8874,.T.);
#8958=ORIENTED_EDGE('',*,*,#8864,.T.);
#8960=ORIENTED_EDGE('',*,*,#8959,.F.);
#8961=ORIENTED_EDGE('',*,*,#8861,.F.);
#8962=EDGE_LOOP('',(#8957,#8958,#8960,#8961));
#8963=FACE_OUTER_BOUND('',#8962,.F.);
#8964=ADVANCED_FACE('',(#8963),#8956,.T.);
#8965=CARTESIAN_POINT('',(0.E0,0.E0,2.135E1));
#8966=DIRECTION('',(0.E0,0.E0,-1.E0));
#8967=DIRECTION('',(0.E0,-1.E0,0.E0));
#8968=AXIS2_PLACEMENT_3D('',#8965,#8966,#8967);
#8969=CYLINDRICAL_SURFACE('',#8968,4.E0);
#8970=ORIENTED_EDGE('',*,*,#8959,.T.);
#8971=ORIENTED_EDGE('',*,*,#8849,.F.);
#8972=ORIENTED_EDGE('',*,*,#8281,.F.);
#8973=ORIENTED_EDGE('',*,*,#8846,.F.);
#8974=EDGE_LOOP('',(#8970,#8971,#8972,#8973));
#8975=FACE_OUTER_BOUND('',#8974,.F.);
#8976=ADVANCED_FACE('',(#8975),#8969,.T.);
#8977=CARTESIAN_POINT('',(5.65E0,-7.005533527148E0,-1.7E1));
#8978=DIRECTION('',(1.E0,0.E0,0.E0));
#8979=DIRECTION('',(0.E0,-1.E0,0.E0));
#8980=AXIS2_PLACEMENT_3D('',#8977,#8978,#8979);
#8981=PLANE('',#8980);
#8982=ORIENTED_EDGE('',*,*,#4458,.F.);
#8983=ORIENTED_EDGE('',*,*,#4499,.F.);
#8985=ORIENTED_EDGE('',*,*,#8984,.T.);
#8986=ORIENTED_EDGE('',*,*,#5332,.F.);
#8987=EDGE_LOOP('',(#8982,#8983,#8985,#8986));
#8988=FACE_OUTER_BOUND('',#8987,.F.);
#8989=ADVANCED_FACE('',(#8988),#8981,.F.);
#8990=CARTESIAN_POINT('',(0.E0,0.E0,-1.6E1));
#8991=DIRECTION('',(0.E0,0.E0,-1.E0));
#8992=DIRECTION('',(-1.E0,0.E0,0.E0));
#8993=AXIS2_PLACEMENT_3D('',#8990,#8991,#8992);
#8994=PLANE('',#8993);
#8995=ORIENTED_EDGE('',*,*,#4497,.T.);
#8996=ORIENTED_EDGE('',*,*,#5334,.T.);
#8997=ORIENTED_EDGE('',*,*,#8984,.F.);
#8998=EDGE_LOOP('',(#8995,#8996,#8997));
#8999=FACE_OUTER_BOUND('',#8998,.F.);
#9000=ADVANCED_FACE('',(#8999),#8994,.T.);
#9001=CARTESIAN_POINT('',(1.1E1,8.E0,-1.7E1));
#9002=DIRECTION('',(0.E0,0.E0,-1.E0));
#9003=DIRECTION('',(-1.E0,0.E0,0.E0));
#9004=AXIS2_PLACEMENT_3D('',#9001,#9002,#9003);
#9005=CYLINDRICAL_SURFACE('',#9004,2.4E0);
#9006=ORIENTED_EDGE('',*,*,#4473,.F.);
#9008=ORIENTED_EDGE('',*,*,#9007,.T.);
#9010=ORIENTED_EDGE('',*,*,#9009,.F.);
#9012=ORIENTED_EDGE('',*,*,#9011,.F.);
#9013=EDGE_LOOP('',(#9006,#9008,#9010,#9012));
#9014=FACE_OUTER_BOUND('',#9013,.F.);
#9015=ADVANCED_FACE('',(#9014),#9005,.F.);
#9016=CARTESIAN_POINT('',(1.1E1,8.E0,-1.7E1));
#9017=DIRECTION('',(0.E0,0.E0,-1.E0));
#9018=DIRECTION('',(-1.E0,0.E0,0.E0));
#9019=AXIS2_PLACEMENT_3D('',#9016,#9017,#9018);
#9020=CYLINDRICAL_SURFACE('',#9019,2.4E0);
#9021=ORIENTED_EDGE('',*,*,#4475,.F.);
#9022=ORIENTED_EDGE('',*,*,#9011,.T.);
#9024=ORIENTED_EDGE('',*,*,#9023,.F.);
#9025=ORIENTED_EDGE('',*,*,#9007,.F.);
#9026=EDGE_LOOP('',(#9021,#9022,#9024,#9025));
#9027=FACE_OUTER_BOUND('',#9026,.F.);
#9028=ADVANCED_FACE('',(#9027),#9020,.F.);
#9029=CARTESIAN_POINT('',(0.E0,0.E0,-1.42E1));
#9030=DIRECTION('',(0.E0,0.E0,-1.E0));
#9031=DIRECTION('',(-1.E0,0.E0,0.E0));
#9032=AXIS2_PLACEMENT_3D('',#9029,#9030,#9031);
#9033=PLANE('',#9032);
#9034=ORIENTED_EDGE('',*,*,#9009,.T.);
#9035=ORIENTED_EDGE('',*,*,#9023,.T.);
#9036=EDGE_LOOP('',(#9034,#9035));
#9037=FACE_OUTER_BOUND('',#9036,.F.);
#9039=ORIENTED_EDGE('',*,*,#9038,.T.);
#9041=ORIENTED_EDGE('',*,*,#9040,.T.);
#9042=EDGE_LOOP('',(#9039,#9041));
#9043=FACE_BOUND('',#9042,.F.);
#9044=ADVANCED_FACE('',(#9037,#9043),#9033,.T.);
#9045=CARTESIAN_POINT('',(1.1E1,8.E0,-1.7E1));
#9046=DIRECTION('',(0.E0,0.E0,-1.E0));
#9047=DIRECTION('',(-1.E0,0.E0,0.E0));
#9048=AXIS2_PLACEMENT_3D('',#9045,#9046,#9047);
#9049=CYLINDRICAL_SURFACE('',#9048,1.3E0);
#9050=ORIENTED_EDGE('',*,*,#9038,.F.);
#9052=ORIENTED_EDGE('',*,*,#9051,.T.);
#9054=ORIENTED_EDGE('',*,*,#9053,.F.);
#9056=ORIENTED_EDGE('',*,*,#9055,.F.);
#9057=EDGE_LOOP('',(#9050,#9052,#9054,#9056));
#9058=FACE_OUTER_BOUND('',#9057,.F.);
#9059=ADVANCED_FACE('',(#9058),#9049,.F.);
#9060=CARTESIAN_POINT('',(1.1E1,8.E0,-1.7E1));
#9061=DIRECTION('',(0.E0,0.E0,-1.E0));
#9062=DIRECTION('',(-1.E0,0.E0,0.E0));
#9063=AXIS2_PLACEMENT_3D('',#9060,#9061,#9062);
#9064=CYLINDRICAL_SURFACE('',#9063,1.3E0);
#9065=ORIENTED_EDGE('',*,*,#9040,.F.);
#9066=ORIENTED_EDGE('',*,*,#9055,.T.);
#9068=ORIENTED_EDGE('',*,*,#9067,.F.);
#9069=ORIENTED_EDGE('',*,*,#9051,.F.);
#9070=EDGE_LOOP('',(#9065,#9066,#9068,#9069));
#9071=FACE_OUTER_BOUND('',#9070,.F.);
#9072=ADVANCED_FACE('',(#9071),#9064,.F.);
#9073=CARTESIAN_POINT('',(1.1E1,8.E0,-8.E0));
#9074=DIRECTION('',(0.E0,0.E0,-1.E0));
#9075=DIRECTION('',(1.E0,0.E0,0.E0));
#9076=AXIS2_PLACEMENT_3D('',#9073,#9074,#9075);
#9077=PLANE('',#9076);
#9079=ORIENTED_EDGE('',*,*,#9078,.T.);
#9081=ORIENTED_EDGE('',*,*,#9080,.T.);
#9082=EDGE_LOOP('',(#9079,#9081));
#9083=FACE_OUTER_BOUND('',#9082,.F.);
#9084=ORIENTED_EDGE('',*,*,#9053,.T.);
#9085=ORIENTED_EDGE('',*,*,#9067,.T.);
#9086=EDGE_LOOP('',(#9084,#9085));
#9087=FACE_BOUND('',#9086,.F.);
#9088=ADVANCED_FACE('',(#9083,#9087),#9077,.F.);
#9089=CARTESIAN_POINT('',(1.1E1,8.E0,-7.8375E0));
#9090=DIRECTION('',(0.E0,0.E0,-1.E0));
#9091=DIRECTION('',(1.E0,0.E0,0.E0));
#9092=AXIS2_PLACEMENT_3D('',#9089,#9090,#9091);
#9093=CONICAL_SURFACE('',#9092,1.1875E0,4.5E1);
#9095=ORIENTED_EDGE('',*,*,#9094,.T.);
#9096=ORIENTED_EDGE('',*,*,#9078,.F.);
#9098=ORIENTED_EDGE('',*,*,#9097,.F.);
#9100=ORIENTED_EDGE('',*,*,#9099,.T.);
#9101=EDGE_LOOP('',(#9095,#9096,#9098,#9100));
#9102=FACE_OUTER_BOUND('',#9101,.F.);
#9103=ADVANCED_FACE('',(#9102),#9093,.F.);
#9104=CARTESIAN_POINT('',(1.1E1,8.E0,-7.8375E0));
#9105=DIRECTION('',(0.E0,0.E0,-1.E0));
#9106=DIRECTION('',(1.E0,0.E0,0.E0));
#9107=AXIS2_PLACEMENT_3D('',#9104,#9105,#9106);
#9108=CONICAL_SURFACE('',#9107,1.1875E0,4.5E1);
#9109=ORIENTED_EDGE('',*,*,#9094,.F.);
#9111=ORIENTED_EDGE('',*,*,#9110,.T.);
#9112=ORIENTED_EDGE('',*,*,#9097,.T.);
#9113=ORIENTED_EDGE('',*,*,#9080,.F.);
#9114=EDGE_LOOP('',(#9109,#9111,#9112,#9113));
#9115=FACE_OUTER_BOUND('',#9114,.F.);
#9116=ADVANCED_FACE('',(#9115),#9108,.F.);
#9117=CARTESIAN_POINT('',(1.1E1,8.E0,-5.283237587716E-1));
#9118=DIRECTION('',(0.E0,0.E0,-1.E0));
#9119=DIRECTION('',(1.E0,0.E0,0.E0));
#9120=AXIS2_PLACEMENT_3D('',#9117,#9118,#9119);
#9121=CYLINDRICAL_SURFACE('',#9120,1.025E0);
#9123=ORIENTED_EDGE('',*,*,#9122,.F.);
#9125=ORIENTED_EDGE('',*,*,#9124,.F.);
#9127=ORIENTED_EDGE('',*,*,#9126,.T.);
#9128=ORIENTED_EDGE('',*,*,#9110,.F.);
#9129=EDGE_LOOP('',(#9123,#9125,#9127,#9128));
#9130=FACE_OUTER_BOUND('',#9129,.F.);
#9131=ADVANCED_FACE('',(#9130),#9121,.F.);
#9132=CARTESIAN_POINT('',(1.1E1,8.E0,-5.283237587716E-1));
#9133=DIRECTION('',(0.E0,0.E0,-1.E0));
#9134=DIRECTION('',(1.E0,0.E0,0.E0));
#9135=AXIS2_PLACEMENT_3D('',#9132,#9133,#9134);
#9136=CYLINDRICAL_SURFACE('',#9135,1.025E0);
#9137=ORIENTED_EDGE('',*,*,#9122,.T.);
#9138=ORIENTED_EDGE('',*,*,#9099,.F.);
#9139=ORIENTED_EDGE('',*,*,#9126,.F.);
#9141=ORIENTED_EDGE('',*,*,#9140,.F.);
#9142=EDGE_LOOP('',(#9137,#9138,#9139,#9141));
#9143=FACE_OUTER_BOUND('',#9142,.F.);
#9144=ADVANCED_FACE('',(#9143),#9136,.F.);
#9145=CARTESIAN_POINT('',(1.1E1,8.E0,-1.213463734210E0));
#9146=DIRECTION('',(0.E0,0.E0,-1.E0));
#9147=DIRECTION('',(1.E0,0.E0,0.E0));
#9148=AXIS2_PLACEMENT_3D('',#9145,#9146,#9147);
#9149=CONICAL_SURFACE('',#9148,5.481235718962E-1,5.9E1);
#9151=ORIENTED_EDGE('',*,*,#9150,.T.);
#9152=ORIENTED_EDGE('',*,*,#9140,.T.);
#9154=ORIENTED_EDGE('',*,*,#9153,.F.);
#9155=EDGE_LOOP('',(#9151,#9152,#9154));
#9156=FACE_OUTER_BOUND('',#9155,.F.);
#9157=ADVANCED_FACE('',(#9156),#9149,.F.);
#9158=CARTESIAN_POINT('',(1.1E1,8.E0,-1.213463734210E0));
#9159=DIRECTION('',(0.E0,0.E0,-1.E0));
#9160=DIRECTION('',(1.E0,0.E0,0.E0));
#9161=AXIS2_PLACEMENT_3D('',#9158,#9159,#9160);
#9162=CONICAL_SURFACE('',#9161,5.481235718962E-1,5.9E1);
#9163=ORIENTED_EDGE('',*,*,#9150,.F.);
#9164=ORIENTED_EDGE('',*,*,#9153,.T.);
#9165=ORIENTED_EDGE('',*,*,#9124,.T.);
#9166=EDGE_LOOP('',(#9163,#9164,#9165));
#9167=FACE_OUTER_BOUND('',#9166,.F.);
#9168=ADVANCED_FACE('',(#9167),#9162,.F.);
#9169=CARTESIAN_POINT('',(-1.1E1,8.E0,-1.7E1));
#9170=DIRECTION('',(0.E0,0.E0,-1.E0));
#9171=DIRECTION('',(-1.E0,0.E0,0.E0));
#9172=AXIS2_PLACEMENT_3D('',#9169,#9170,#9171);
#9173=CYLINDRICAL_SURFACE('',#9172,2.4E0);
#9174=ORIENTED_EDGE('',*,*,#4269,.F.);
#9176=ORIENTED_EDGE('',*,*,#9175,.T.);
#9178=ORIENTED_EDGE('',*,*,#9177,.F.);
#9180=ORIENTED_EDGE('',*,*,#9179,.F.);
#9181=EDGE_LOOP('',(#9174,#9176,#9178,#9180));
#9182=FACE_OUTER_BOUND('',#9181,.F.);
#9183=ADVANCED_FACE('',(#9182),#9173,.F.);
#9184=CARTESIAN_POINT('',(-1.1E1,8.E0,-1.7E1));
#9185=DIRECTION('',(0.E0,0.E0,-1.E0));
#9186=DIRECTION('',(-1.E0,0.E0,0.E0));
#9187=AXIS2_PLACEMENT_3D('',#9184,#9185,#9186);
#9188=CYLINDRICAL_SURFACE('',#9187,2.4E0);
#9189=ORIENTED_EDGE('',*,*,#4271,.F.);
#9190=ORIENTED_EDGE('',*,*,#9179,.T.);
#9192=ORIENTED_EDGE('',*,*,#9191,.F.);
#9193=ORIENTED_EDGE('',*,*,#9175,.F.);
#9194=EDGE_LOOP('',(#9189,#9190,#9192,#9193));
#9195=FACE_OUTER_BOUND('',#9194,.F.);
#9196=ADVANCED_FACE('',(#9195),#9188,.F.);
#9197=CARTESIAN_POINT('',(0.E0,0.E0,-1.42E1));
#9198=DIRECTION('',(0.E0,0.E0,-1.E0));
#9199=DIRECTION('',(-1.E0,0.E0,0.E0));
#9200=AXIS2_PLACEMENT_3D('',#9197,#9198,#9199);
#9201=PLANE('',#9200);
#9202=ORIENTED_EDGE('',*,*,#9177,.T.);
#9203=ORIENTED_EDGE('',*,*,#9191,.T.);
#9204=EDGE_LOOP('',(#9202,#9203));
#9205=FACE_OUTER_BOUND('',#9204,.F.);
#9207=ORIENTED_EDGE('',*,*,#9206,.T.);
#9209=ORIENTED_EDGE('',*,*,#9208,.T.);
#9210=EDGE_LOOP('',(#9207,#9209));
#9211=FACE_BOUND('',#9210,.F.);
#9212=ADVANCED_FACE('',(#9205,#9211),#9201,.T.);
#9213=CARTESIAN_POINT('',(-1.1E1,8.E0,-1.7E1));
#9214=DIRECTION('',(0.E0,0.E0,-1.E0));
#9215=DIRECTION('',(-1.E0,0.E0,0.E0));
#9216=AXIS2_PLACEMENT_3D('',#9213,#9214,#9215);
#9217=CYLINDRICAL_SURFACE('',#9216,1.3E0);
#9218=ORIENTED_EDGE('',*,*,#9206,.F.);
#9220=ORIENTED_EDGE('',*,*,#9219,.T.);
#9222=ORIENTED_EDGE('',*,*,#9221,.F.);
#9224=ORIENTED_EDGE('',*,*,#9223,.F.);
#9225=EDGE_LOOP('',(#9218,#9220,#9222,#9224));
#9226=FACE_OUTER_BOUND('',#9225,.F.);
#9227=ADVANCED_FACE('',(#9226),#9217,.F.);
#9228=CARTESIAN_POINT('',(-1.1E1,8.E0,-1.7E1));
#9229=DIRECTION('',(0.E0,0.E0,-1.E0));
#9230=DIRECTION('',(-1.E0,0.E0,0.E0));
#9231=AXIS2_PLACEMENT_3D('',#9228,#9229,#9230);
#9232=CYLINDRICAL_SURFACE('',#9231,1.3E0);
#9233=ORIENTED_EDGE('',*,*,#9208,.F.);
#9234=ORIENTED_EDGE('',*,*,#9223,.T.);
#9236=ORIENTED_EDGE('',*,*,#9235,.F.);
#9237=ORIENTED_EDGE('',*,*,#9219,.F.);
#9238=EDGE_LOOP('',(#9233,#9234,#9236,#9237));
#9239=FACE_OUTER_BOUND('',#9238,.F.);
#9240=ADVANCED_FACE('',(#9239),#9232,.F.);
#9241=CARTESIAN_POINT('',(-1.1E1,8.E0,-8.E0));
#9242=DIRECTION('',(0.E0,0.E0,-1.E0));
#9243=DIRECTION('',(1.E0,0.E0,0.E0));
#9244=AXIS2_PLACEMENT_3D('',#9241,#9242,#9243);
#9245=PLANE('',#9244);
#9247=ORIENTED_EDGE('',*,*,#9246,.T.);
#9249=ORIENTED_EDGE('',*,*,#9248,.T.);
#9250=EDGE_LOOP('',(#9247,#9249));
#9251=FACE_OUTER_BOUND('',#9250,.F.);
#9252=ORIENTED_EDGE('',*,*,#9221,.T.);
#9253=ORIENTED_EDGE('',*,*,#9235,.T.);
#9254=EDGE_LOOP('',(#9252,#9253));
#9255=FACE_BOUND('',#9254,.F.);
#9256=ADVANCED_FACE('',(#9251,#9255),#9245,.F.);
#9257=CARTESIAN_POINT('',(-1.1E1,8.E0,-7.8375E0));
#9258=DIRECTION('',(0.E0,0.E0,-1.E0));
#9259=DIRECTION('',(1.E0,0.E0,0.E0));
#9260=AXIS2_PLACEMENT_3D('',#9257,#9258,#9259);
#9261=CONICAL_SURFACE('',#9260,1.1875E0,4.5E1);
#9263=ORIENTED_EDGE('',*,*,#9262,.T.);
#9264=ORIENTED_EDGE('',*,*,#9246,.F.);
#9266=ORIENTED_EDGE('',*,*,#9265,.F.);
#9268=ORIENTED_EDGE('',*,*,#9267,.T.);
#9269=EDGE_LOOP('',(#9263,#9264,#9266,#9268));
#9270=FACE_OUTER_BOUND('',#9269,.F.);
#9271=ADVANCED_FACE('',(#9270),#9261,.F.);
#9272=CARTESIAN_POINT('',(-1.1E1,8.E0,-7.8375E0));
#9273=DIRECTION('',(0.E0,0.E0,-1.E0));
#9274=DIRECTION('',(1.E0,0.E0,0.E0));
#9275=AXIS2_PLACEMENT_3D('',#9272,#9273,#9274);
#9276=CONICAL_SURFACE('',#9275,1.1875E0,4.5E1);
#9277=ORIENTED_EDGE('',*,*,#9262,.F.);
#9279=ORIENTED_EDGE('',*,*,#9278,.T.);
#9280=ORIENTED_EDGE('',*,*,#9265,.T.);
#9281=ORIENTED_EDGE('',*,*,#9248,.F.);
#9282=EDGE_LOOP('',(#9277,#9279,#9280,#9281));
#9283=FACE_OUTER_BOUND('',#9282,.F.);
#9284=ADVANCED_FACE('',(#9283),#9276,.F.);
#9285=CARTESIAN_POINT('',(-1.1E1,8.E0,-5.283237587716E-1));
#9286=DIRECTION('',(0.E0,0.E0,-1.E0));
#9287=DIRECTION('',(1.E0,0.E0,0.E0));
#9288=AXIS2_PLACEMENT_3D('',#9285,#9286,#9287);
#9289=CYLINDRICAL_SURFACE('',#9288,1.025E0);
#9291=ORIENTED_EDGE('',*,*,#9290,.F.);
#9293=ORIENTED_EDGE('',*,*,#9292,.F.);
#9295=ORIENTED_EDGE('',*,*,#9294,.T.);
#9296=ORIENTED_EDGE('',*,*,#9278,.F.);
#9297=EDGE_LOOP('',(#9291,#9293,#9295,#9296));
#9298=FACE_OUTER_BOUND('',#9297,.F.);
#9299=ADVANCED_FACE('',(#9298),#9289,.F.);
#9300=CARTESIAN_POINT('',(-1.1E1,8.E0,-5.283237587716E-1));
#9301=DIRECTION('',(0.E0,0.E0,-1.E0));
#9302=DIRECTION('',(1.E0,0.E0,0.E0));
#9303=AXIS2_PLACEMENT_3D('',#9300,#9301,#9302);
#9304=CYLINDRICAL_SURFACE('',#9303,1.025E0);
#9305=ORIENTED_EDGE('',*,*,#9290,.T.);
#9306=ORIENTED_EDGE('',*,*,#9267,.F.);
#9307=ORIENTED_EDGE('',*,*,#9294,.F.);
#9309=ORIENTED_EDGE('',*,*,#9308,.F.);
#9310=EDGE_LOOP('',(#9305,#9306,#9307,#9309));
#9311=FACE_OUTER_BOUND('',#9310,.F.);
#9312=ADVANCED_FACE('',(#9311),#9304,.F.);
#9313=CARTESIAN_POINT('',(-1.1E1,8.E0,-1.213463734210E0));
#9314=DIRECTION('',(0.E0,0.E0,-1.E0));
#9315=DIRECTION('',(1.E0,0.E0,0.E0));
#9316=AXIS2_PLACEMENT_3D('',#9313,#9314,#9315);
#9317=CONICAL_SURFACE('',#9316,5.481235718962E-1,5.9E1);
#9319=ORIENTED_EDGE('',*,*,#9318,.T.);
#9320=ORIENTED_EDGE('',*,*,#9308,.T.);
#9322=ORIENTED_EDGE('',*,*,#9321,.F.);
#9323=EDGE_LOOP('',(#9319,#9320,#9322));
#9324=FACE_OUTER_BOUND('',#9323,.F.);
#9325=ADVANCED_FACE('',(#9324),#9317,.F.);
#9326=CARTESIAN_POINT('',(-1.1E1,8.E0,-1.213463734210E0));
#9327=DIRECTION('',(0.E0,0.E0,-1.E0));
#9328=DIRECTION('',(1.E0,0.E0,0.E0));
#9329=AXIS2_PLACEMENT_3D('',#9326,#9327,#9328);
#9330=CONICAL_SURFACE('',#9329,5.481235718962E-1,5.9E1);
#9331=ORIENTED_EDGE('',*,*,#9318,.F.);
#9332=ORIENTED_EDGE('',*,*,#9321,.T.);
#9333=ORIENTED_EDGE('',*,*,#9292,.T.);
#9334=EDGE_LOOP('',(#9331,#9332,#9333));
#9335=FACE_OUTER_BOUND('',#9334,.F.);
#9336=ADVANCED_FACE('',(#9335),#9330,.F.);
#9337=CLOSED_SHELL('',(#4228,#4245,#4275,#4308,#4330,#4345,#4360,#4375,#4391,
#4404,#4417,#4430,#4449,#4479,#4505,#4523,#4591,#4605,#4620,#4633,#4648,#4661,
#4674,#4685,#4700,#4713,#4728,#4741,#4754,#4765,#4780,#4793,#4808,#4821,#4834,
#4845,#4860,#4873,#4888,#4901,#4914,#4925,#4940,#4953,#4968,#4981,#4994,#5005,
#5020,#5033,#5048,#5061,#5074,#5085,#5100,#5113,#5128,#5141,#5154,#5165,#5180,
#5193,#5208,#5221,#5234,#5245,#5260,#5273,#5283,#5297,#5338,#5348,#5359,#5373,
#5386,#5401,#5416,#5481,#5495,#5527,#5540,#5554,#5567,#5581,#5594,#5640,#5654,
#5668,#5682,#5697,#5740,#5753,#5768,#5781,#5797,#5811,#5829,#5843,#5860,#5874,
#5918,#5931,#5945,#5959,#5997,#6009,#6022,#6035,#6048,#6061,#6076,#6089,#6104,
#6115,#6127,#6142,#6155,#6170,#6181,#6193,#6208,#6221,#6236,#6247,#6259,#6274,
#6287,#6302,#6313,#6325,#6340,#6353,#6368,#6379,#6391,#6406,#6419,#6434,#6445,
#6457,#6472,#6485,#6500,#6511,#6523,#6538,#6551,#6566,#6577,#6589,#6603,#6616,
#6629,#6644,#6657,#6673,#6688,#6701,#6717,#6732,#6745,#6760,#6773,#6786,#6797,
#6812,#6825,#6841,#6856,#6869,#6885,#6900,#6913,#6928,#6941,#6954,#6965,#6978,
#6990,#7005,#7018,#7033,#7044,#7056,#7071,#7084,#7099,#7110,#7122,#7137,#7150,
#7165,#7176,#7188,#7203,#7216,#7231,#7242,#7254,#7269,#7282,#7297,#7308,#7320,
#7335,#7348,#7363,#7374,#7386,#7401,#7414,#7430,#7445,#7458,#7474,#7489,#7502,
#7517,#7530,#7543,#7554,#7569,#7582,#7598,#7613,#7626,#7642,#7657,#7670,#7685,
#7698,#7711,#7722,#7737,#7750,#7766,#7781,#7794,#7810,#7825,#7838,#7853,#7866,
#7879,#7890,#7905,#7918,#7933,#7944,#7956,#7971,#7984,#7999,#8010,#8022,#8037,
#8050,#8066,#8081,#8094,#8110,#8125,#8138,#8153,#8166,#8179,#8190,#8205,#8220,
#8285,#8298,#8310,#8325,#8338,#8353,#8364,#8376,#8391,#8404,#8419,#8430,#8442,
#8457,#8470,#8485,#8496,#8508,#8523,#8536,#8551,#8562,#8574,#8589,#8602,#8617,
#8628,#8640,#8655,#8668,#8683,#8694,#8706,#8721,#8734,#8749,#8760,#8772,#8787,
#8800,#8815,#8826,#8838,#8853,#8868,#8885,#8900,#8915,#8926,#8939,#8951,#8964,
#8976,#8989,#9000,#9015,#9028,#9044,#9059,#9072,#9088,#9103,#9116,#9131,#9144,
#9157,#9168,#9183,#9196,#9212,#9227,#9240,#9256,#9271,#9284,#9299,#9312,#9325,
#9336));
#9338=MANIFOLD_SOLID_BREP('',#9337);
#9340=DIMENSIONAL_EXPONENTS(0.E0,0.E0,0.E0,0.E0,0.E0,0.E0,0.E0);
#9342=PLANE_ANGLE_MEASURE_WITH_UNIT(PLANE_ANGLE_MEASURE(1.745329251994E-2),
#9341);
#9343=(CONVERSION_BASED_UNIT('DEGREE',#9342)NAMED_UNIT(*)PLANE_ANGLE_UNIT());
#9345=UNCERTAINTY_MEASURE_WITH_UNIT(LENGTH_MEASURE(6.926331052713E-3),#9339,
'closure',
'Maximum model space distance between geometric entities at asserted connectivities');
#9346=(GEOMETRIC_REPRESENTATION_CONTEXT(3)GLOBAL_UNCERTAINTY_ASSIGNED_CONTEXT((
#9345))GLOBAL_UNIT_ASSIGNED_CONTEXT((#9339,#9343,#9344))REPRESENTATION_CONTEXT(
'ID1','3'));
#9347=CARTESIAN_POINT('',(0.E0,0.E0,0.E0));
#9348=DIRECTION('',(0.E0,0.E0,1.E0));
#9349=DIRECTION('',(1.E0,0.E0,0.E0));
#9352=APPLICATION_CONTEXT(
'CONFIGURATION CONTROLLED 3D DESIGNS OF MECHANICAL PARTS AND ASSEMBLIES');
#9353=APPLICATION_PROTOCOL_DEFINITION('international standard',
'config_control_design',1994,#9352);
#9354=DESIGN_CONTEXT('',#9352,'design');
#9355=MECHANICAL_CONTEXT('',#9352,'mechanical');
#9356=PRODUCT('DUMMY_DC12_3','DUMMY_DC12_3','NOT SPECIFIED',(#9355));
#9357=PRODUCT_DEFINITION_FORMATION_WITH_SPECIFIED_SOURCE('1','LAST_VERSION',
#9356,.MADE.);
#9366=CARTESIAN_POINT('',(0.E0,0.E0,0.E0));
#9367=DIRECTION('',(0.E0,0.E0,1.E0));
#9368=DIRECTION('',(1.E0,0.E0,0.E0));
#9369=AXIS2_PLACEMENT_3D('',#9366,#9367,#9368);
#9370=ITEM_DEFINED_TRANSFORMATION('','',#9350,#9369);
#9371=CARTESIAN_POINT('',(0.E0,0.E0,0.E0));
#9372=DIRECTION('',(0.E0,0.E0,1.E0));
#9373=DIRECTION('',(1.E0,0.E0,0.E0));
#9375=(REPRESENTATION_RELATIONSHIP('','',#9351,#9363)REPRESENTATION_RELATIONSHIP_WITH_TRANSFORMATION(#9370)SHAPE_REPRESENTATION_RELATIONSHIP());
#9376=CONTEXT_DEPENDENT_SHAPE_REPRESENTATION(#9375,#9365);
#9377=CARTESIAN_POINT('',(0.E0,0.E0,-1.2E1));
#9378=DIRECTION('',(0.E0,0.E0,1.E0));
#9379=DIRECTION('',(-1.E0,0.E0,0.E0));
#9380=AXIS2_PLACEMENT_3D('',#9377,#9378,#9379);
#9382=CARTESIAN_POINT('',(0.E0,0.E0,-1.2E1));
#9383=DIRECTION('',(0.E0,0.E0,1.E0));
#9384=DIRECTION('',(1.E0,0.E0,0.E0));
#9385=AXIS2_PLACEMENT_3D('',#9382,#9383,#9384);
#9387=DIRECTION('',(-7.071067811865E-1,0.E0,7.071067811865E-1));
#9388=VECTOR('',#9387,3.181980515339E-1);
#9389=CARTESIAN_POINT('',(-1.025E0,0.E0,-1.2E1));
#9390=LINE('',#9389,#9388);
#9391=CARTESIAN_POINT('',(0.E0,0.E0,-1.1775E1));
#9392=DIRECTION('',(0.E0,0.E0,1.E0));
#9393=DIRECTION('',(-1.E0,0.E0,0.E0));
#9394=AXIS2_PLACEMENT_3D('',#9391,#9392,#9393);
#9396=CARTESIAN_POINT('',(0.E0,0.E0,-1.1775E1));
#9397=DIRECTION('',(0.E0,0.E0,1.E0));
#9398=DIRECTION('',(0.E0,-1.E0,0.E0));
#9399=AXIS2_PLACEMENT_3D('',#9396,#9397,#9398);
#9401=DIRECTION('',(7.071067811865E-1,0.E0,7.071067811865E-1));
#9402=VECTOR('',#9401,3.181980515339E-1);
#9403=CARTESIAN_POINT('',(1.025E0,0.E0,-1.2E1));
#9404=LINE('',#9403,#9402);
#9405=CARTESIAN_POINT('',(0.E0,0.E0,-1.1775E1));
#9406=DIRECTION('',(0.E0,0.E0,1.E0));
#9407=DIRECTION('',(1.E0,0.E0,0.E0));
#9408=AXIS2_PLACEMENT_3D('',#9405,#9406,#9407);
#9410=CARTESIAN_POINT('',(0.E0,0.E0,-1.1775E1));
#9411=DIRECTION('',(0.E0,0.E0,1.E0));
#9412=DIRECTION('',(0.E0,1.E0,0.E0));
#9413=AXIS2_PLACEMENT_3D('',#9410,#9411,#9412);
#9415=DIRECTION('',(0.E0,0.E0,-1.E0));
#9416=VECTOR('',#9415,1.1775E1);
#9417=CARTESIAN_POINT('',(0.E0,1.25E0,0.E0));
#9418=LINE('',#9417,#9416);
#9419=DIRECTION('',(0.E0,0.E0,-1.E0));
#9420=VECTOR('',#9419,1.1775E1);
#9421=CARTESIAN_POINT('',(0.E0,-1.25E0,0.E0));
#9422=LINE('',#9421,#9420);
#9423=CARTESIAN_POINT('',(0.E0,0.E0,0.E0));
#9424=DIRECTION('',(0.E0,0.E0,1.E0));
#9425=DIRECTION('',(0.E0,1.E0,0.E0));
#9426=AXIS2_PLACEMENT_3D('',#9423,#9424,#9425);
#9428=CARTESIAN_POINT('',(0.E0,0.E0,0.E0));
#9429=DIRECTION('',(0.E0,0.E0,1.E0));
#9430=DIRECTION('',(0.E0,-1.E0,0.E0));
#9431=AXIS2_PLACEMENT_3D('',#9428,#9429,#9430);
#9433=CARTESIAN_POINT('',(0.E0,0.E0,0.E0));
#9434=DIRECTION('',(0.E0,0.E0,-1.E0));
#9435=DIRECTION('',(0.E0,1.E0,0.E0));
#9436=AXIS2_PLACEMENT_3D('',#9433,#9434,#9435);
#9438=CARTESIAN_POINT('',(0.E0,0.E0,0.E0));
#9439=DIRECTION('',(0.E0,0.E0,-1.E0));
#9440=DIRECTION('',(0.E0,-1.E0,0.E0));
#9441=AXIS2_PLACEMENT_3D('',#9438,#9439,#9440);
#9443=DIRECTION('',(0.E0,0.E0,-1.E0));
#9444=VECTOR('',#9443,2.375E0);
#9445=CARTESIAN_POINT('',(0.E0,-2.25E0,2.375E0));
#9446=LINE('',#9445,#9444);
#9447=CARTESIAN_POINT('',(0.E0,0.E0,2.375E0));
#9448=DIRECTION('',(0.E0,0.E0,-1.E0));
#9449=DIRECTION('',(1.E0,0.E0,0.E0));
#9450=AXIS2_PLACEMENT_3D('',#9447,#9448,#9449);
#9452=CARTESIAN_POINT('',(0.E0,0.E0,2.375E0));
#9453=DIRECTION('',(0.E0,0.E0,-1.E0));
#9454=DIRECTION('',(0.E0,-1.E0,0.E0));
#9455=AXIS2_PLACEMENT_3D('',#9452,#9453,#9454);
#9457=DIRECTION('',(8.660254037844E-1,0.E0,5.000000000001E-1));
#9458=VECTOR('',#9457,2.499999999999E-1);
#9459=CARTESIAN_POINT('',(-2.25E0,0.E0,2.375E0));
#9460=LINE('',#9459,#9458);
#9461=DIRECTION('',(0.E0,0.E0,-1.E0));
#9462=VECTOR('',#9461,2.375E0);
#9463=CARTESIAN_POINT('',(0.E0,2.25E0,2.375E0));
#9464=LINE('',#9463,#9462);
#9465=CARTESIAN_POINT('',(0.E0,0.E0,2.375E0));
#9466=DIRECTION('',(0.E0,0.E0,-1.E0));
#9467=DIRECTION('',(0.E0,1.E0,0.E0));
#9468=AXIS2_PLACEMENT_3D('',#9465,#9466,#9467);
#9470=DIRECTION('',(-8.660254037844E-1,0.E0,5.000000000001E-1));
#9471=VECTOR('',#9470,2.499999999999E-1);
#9472=CARTESIAN_POINT('',(2.25E0,0.E0,2.375E0));
#9473=LINE('',#9472,#9471);
#9474=CARTESIAN_POINT('',(0.E0,0.E0,2.375E0));
#9475=DIRECTION('',(0.E0,0.E0,-1.E0));
#9476=DIRECTION('',(-1.E0,0.E0,0.E0));
#9477=AXIS2_PLACEMENT_3D('',#9474,#9475,#9476);
#9479=CARTESIAN_POINT('',(0.E0,0.E0,2.5E0));
#9480=DIRECTION('',(0.E0,0.E0,-1.E0));
#9481=DIRECTION('',(1.E0,0.E0,0.E0));
#9482=AXIS2_PLACEMENT_3D('',#9479,#9480,#9481);
#9484=CARTESIAN_POINT('',(0.E0,0.E0,2.5E0));
#9485=DIRECTION('',(0.E0,0.E0,-1.E0));
#9486=DIRECTION('',(-1.E0,0.E0,0.E0));
#9487=AXIS2_PLACEMENT_3D('',#9484,#9485,#9486);
#9489=DIRECTION('',(-8.660254037844E-1,-5.E-1,0.E0));
#9490=VECTOR('',#9489,1.154700538379E0);
#9491=CARTESIAN_POINT('',(1.088799896045E-13,1.154700538379E0,2.5E0));
#9492=LINE('',#9491,#9490);
#9493=DIRECTION('',(8.660254037845E-1,-5.E-1,0.E0));
#9494=VECTOR('',#9493,1.154700538379E0);
#9495=CARTESIAN_POINT('',(-1.E0,-5.773502691896E-1,2.5E0));
#9496=LINE('',#9495,#9494);
#9497=DIRECTION('',(8.660254037844E-1,5.E-1,0.E0));
#9498=VECTOR('',#9497,1.154700538379E0);
#9499=CARTESIAN_POINT('',(-1.088799896045E-13,-1.154700538379E0,2.5E0));
#9500=LINE('',#9499,#9498);
#9501=DIRECTION('',(-8.660254037845E-1,5.E-1,0.E0));
#9502=VECTOR('',#9501,1.154700538379E0);
#9503=CARTESIAN_POINT('',(1.E0,5.773502691896E-1,2.5E0));
#9504=LINE('',#9503,#9502);
#9505=DIRECTION('',(0.E0,0.E0,1.E0));
#9506=VECTOR('',#9505,1.25E0);
#9507=CARTESIAN_POINT('',(-1.E0,5.773502691895E-1,1.25E0));
#9508=LINE('',#9507,#9506);
#9509=DIRECTION('',(0.E0,0.E0,1.E0));
#9510=VECTOR('',#9509,1.25E0);
#9511=CARTESIAN_POINT('',(1.088799896045E-13,1.154700538379E0,1.25E0));
#9512=LINE('',#9511,#9510);
#9513=DIRECTION('',(-3.144043992238E-14,-1.E0,0.E0));
#9514=VECTOR('',#9513,1.154700538379E0);
#9515=CARTESIAN_POINT('',(1.E0,5.773502691896E-1,2.5E0));
#9516=LINE('',#9515,#9514);
#9517=DIRECTION('',(0.E0,0.E0,1.E0));
#9518=VECTOR('',#9517,1.25E0);
#9519=CARTESIAN_POINT('',(1.E0,5.773502691896E-1,1.25E0));
#9520=LINE('',#9519,#9518);
#9521=DIRECTION('',(0.E0,0.E0,1.E0));
#9522=VECTOR('',#9521,1.25E0);
#9523=CARTESIAN_POINT('',(1.E0,-5.773502691895E-1,1.25E0));
#9524=LINE('',#9523,#9522);
#9525=DIRECTION('',(0.E0,0.E0,1.E0));
#9526=VECTOR('',#9525,1.25E0);
#9527=CARTESIAN_POINT('',(-1.088799896045E-13,-1.154700538379E0,1.25E0));
#9528=LINE('',#9527,#9526);
#9529=DIRECTION('',(3.144043992238E-14,1.E0,0.E0));
#9530=VECTOR('',#9529,1.154700538379E0);
#9531=CARTESIAN_POINT('',(-1.E0,-5.773502691896E-1,2.5E0));
#9532=LINE('',#9531,#9530);
#9533=DIRECTION('',(0.E0,0.E0,1.E0));
#9534=VECTOR('',#9533,1.25E0);
#9535=CARTESIAN_POINT('',(-1.E0,-5.773502691896E-1,1.25E0));
#9536=LINE('',#9535,#9534);
#9537=DIRECTION('',(8.660254037844E-1,5.E-1,0.E0));
#9538=VECTOR('',#9537,1.154700538379E0);
#9539=CARTESIAN_POINT('',(-1.E0,5.773502691895E-1,1.25E0));
#9540=LINE('',#9539,#9538);
#9541=DIRECTION('',(8.660254037845E-1,-5.E-1,0.E0));
#9542=VECTOR('',#9541,1.154700538379E0);
#9543=CARTESIAN_POINT('',(1.088799896045E-13,1.154700538379E0,1.25E0));
#9544=LINE('',#9543,#9542);
#9545=DIRECTION('',(-3.144043992238E-14,-1.E0,0.E0));
#9546=VECTOR('',#9545,1.154700538379E0);
#9547=CARTESIAN_POINT('',(1.E0,5.773502691896E-1,1.25E0));
#9548=LINE('',#9547,#9546);
#9549=DIRECTION('',(-8.660254037844E-1,-5.E-1,0.E0));
#9550=VECTOR('',#9549,1.154700538379E0);
#9551=CARTESIAN_POINT('',(1.E0,-5.773502691895E-1,1.25E0));
#9552=LINE('',#9551,#9550);
#9553=DIRECTION('',(-8.660254037845E-1,5.E-1,0.E0));
#9554=VECTOR('',#9553,1.154700538379E0);
#9555=CARTESIAN_POINT('',(-1.088799896045E-13,-1.154700538379E0,1.25E0));
#9556=LINE('',#9555,#9554);
#9557=DIRECTION('',(3.144043992238E-14,1.E0,0.E0));
#9558=VECTOR('',#9557,1.154700538379E0);
#9559=CARTESIAN_POINT('',(-1.E0,-5.773502691896E-1,1.25E0));
#9560=LINE('',#9559,#9558);
#9561=CARTESIAN_POINT('',(-1.025E0,0.E0,-1.2E1));
#9562=CARTESIAN_POINT('',(1.025E0,0.E0,-1.2E1));
#9563=VERTEX_POINT('',#9561);
#9564=VERTEX_POINT('',#9562);
#9565=CARTESIAN_POINT('',(-1.25E0,0.E0,-1.1775E1));
#9566=VERTEX_POINT('',#9565);
#9567=CARTESIAN_POINT('',(0.E0,-1.25E0,-1.1775E1));
#9568=VERTEX_POINT('',#9567);
#9569=CARTESIAN_POINT('',(1.25E0,0.E0,-1.1775E1));
#9570=VERTEX_POINT('',#9569);
#9571=CARTESIAN_POINT('',(0.E0,1.25E0,-1.1775E1));
#9572=VERTEX_POINT('',#9571);
#9573=CARTESIAN_POINT('',(0.E0,-1.25E0,0.E0));
#9574=VERTEX_POINT('',#9573);
#9575=CARTESIAN_POINT('',(0.E0,1.25E0,0.E0));
#9576=VERTEX_POINT('',#9575);
#9577=CARTESIAN_POINT('',(0.E0,2.25E0,0.E0));
#9578=CARTESIAN_POINT('',(0.E0,-2.25E0,0.E0));
#9579=VERTEX_POINT('',#9577);
#9580=VERTEX_POINT('',#9578);
#9581=CARTESIAN_POINT('',(0.E0,-2.25E0,2.375E0));
#9582=CARTESIAN_POINT('',(-2.25E0,0.E0,2.375E0));
#9583=VERTEX_POINT('',#9581);
#9584=VERTEX_POINT('',#9582);
#9585=CARTESIAN_POINT('',(0.E0,2.25E0,2.375E0));
#9586=VERTEX_POINT('',#9585);
#9587=CARTESIAN_POINT('',(2.25E0,0.E0,2.375E0));
#9588=VERTEX_POINT('',#9587);
#9589=CARTESIAN_POINT('',(-2.033493649054E0,0.E0,2.5E0));
#9590=VERTEX_POINT('',#9589);
#9591=CARTESIAN_POINT('',(2.033493649054E0,0.E0,2.5E0));
#9592=VERTEX_POINT('',#9591);
#9593=CARTESIAN_POINT('',(1.088799896045E-13,1.154700538379E0,2.5E0));
#9594=CARTESIAN_POINT('',(-1.E0,5.773502691895E-1,2.5E0));
#9595=VERTEX_POINT('',#9593);
#9596=VERTEX_POINT('',#9594);
#9597=CARTESIAN_POINT('',(-1.E0,-5.773502691896E-1,2.5E0));
#9598=VERTEX_POINT('',#9597);
#9599=CARTESIAN_POINT('',(-1.089128787157E-13,-1.154700538379E0,2.5E0));
#9600=VERTEX_POINT('',#9599);
#9601=CARTESIAN_POINT('',(1.E0,-5.773502691895E-1,2.5E0));
#9602=VERTEX_POINT('',#9601);
#9603=CARTESIAN_POINT('',(1.E0,5.773502691896E-1,2.5E0));
#9604=VERTEX_POINT('',#9603);
#9605=CARTESIAN_POINT('',(1.088799896045E-13,1.154700538379E0,1.25E0));
#9606=VERTEX_POINT('',#9605);
#9607=CARTESIAN_POINT('',(-1.E0,5.773502691895E-1,1.25E0));
#9608=VERTEX_POINT('',#9607);
#9609=CARTESIAN_POINT('',(1.E0,5.773502691896E-1,1.25E0));
#9610=VERTEX_POINT('',#9609);
#9611=CARTESIAN_POINT('',(1.E0,-5.773502691895E-1,1.25E0));
#9612=VERTEX_POINT('',#9611);
#9613=CARTESIAN_POINT('',(-1.088799896045E-13,-1.154700538379E0,1.25E0));
#9614=VERTEX_POINT('',#9613);
#9615=CARTESIAN_POINT('',(-1.E0,-5.773502691896E-1,1.25E0));
#9616=VERTEX_POINT('',#9615);
#9617=CARTESIAN_POINT('',(0.E0,0.E0,-1.2E1));
#9618=DIRECTION('',(0.E0,0.E0,-1.E0));
#9619=DIRECTION('',(0.E0,-1.E0,0.E0));
#9620=AXIS2_PLACEMENT_3D('',#9617,#9618,#9619);
#9621=PLANE('',#9620);
#9623=ORIENTED_EDGE('',*,*,#9622,.T.);
#9625=ORIENTED_EDGE('',*,*,#9624,.T.);
#9626=EDGE_LOOP('',(#9623,#9625));
#9627=FACE_OUTER_BOUND('',#9626,.F.);
#9628=ADVANCED_FACE('',(#9627),#9621,.T.);
#9629=CARTESIAN_POINT('',(0.E0,0.E0,-1.18875E1));
#9630=DIRECTION('',(0.E0,0.E0,1.E0));
#9631=DIRECTION('',(-1.E0,0.E0,0.E0));
#9632=AXIS2_PLACEMENT_3D('',#9629,#9630,#9631);
#9633=CONICAL_SURFACE('',#9632,1.1375E0,4.5E1);
#9634=ORIENTED_EDGE('',*,*,#9622,.F.);
#9636=ORIENTED_EDGE('',*,*,#9635,.T.);
#9638=ORIENTED_EDGE('',*,*,#9637,.T.);
#9640=ORIENTED_EDGE('',*,*,#9639,.T.);
#9642=ORIENTED_EDGE('',*,*,#9641,.F.);
#9643=EDGE_LOOP('',(#9634,#9636,#9638,#9640,#9642));
#9644=FACE_OUTER_BOUND('',#9643,.F.);
#9645=ADVANCED_FACE('',(#9644),#9633,.T.);
#9646=CARTESIAN_POINT('',(0.E0,0.E0,-1.18875E1));
#9647=DIRECTION('',(0.E0,0.E0,1.E0));
#9648=DIRECTION('',(-1.E0,0.E0,0.E0));
#9649=AXIS2_PLACEMENT_3D('',#9646,#9647,#9648);
#9650=CONICAL_SURFACE('',#9649,1.1375E0,4.5E1);
#9651=ORIENTED_EDGE('',*,*,#9624,.F.);
#9652=ORIENTED_EDGE('',*,*,#9641,.T.);
#9654=ORIENTED_EDGE('',*,*,#9653,.T.);
#9656=ORIENTED_EDGE('',*,*,#9655,.T.);
#9657=ORIENTED_EDGE('',*,*,#9635,.F.);
#9658=EDGE_LOOP('',(#9651,#9652,#9654,#9656,#9657));
#9659=FACE_OUTER_BOUND('',#9658,.F.);
#9660=ADVANCED_FACE('',(#9659),#9650,.T.);
#9661=CARTESIAN_POINT('',(0.E0,0.E0,3.225E0));
#9662=DIRECTION('',(0.E0,0.E0,-1.E0));
#9663=DIRECTION('',(0.E0,-1.E0,0.E0));
#9664=AXIS2_PLACEMENT_3D('',#9661,#9662,#9663);
#9665=CYLINDRICAL_SURFACE('',#9664,1.25E0);
#9666=ORIENTED_EDGE('',*,*,#9639,.F.);
#9668=ORIENTED_EDGE('',*,*,#9667,.F.);
#9670=ORIENTED_EDGE('',*,*,#9669,.F.);
#9672=ORIENTED_EDGE('',*,*,#9671,.T.);
#9673=ORIENTED_EDGE('',*,*,#9653,.F.);
#9674=EDGE_LOOP('',(#9666,#9668,#9670,#9672,#9673));
#9675=FACE_OUTER_BOUND('',#9674,.F.);
#9676=ADVANCED_FACE('',(#9675),#9665,.T.);
#9677=CARTESIAN_POINT('',(0.E0,0.E0,3.225E0));
#9678=DIRECTION('',(0.E0,0.E0,-1.E0));
#9679=DIRECTION('',(0.E0,-1.E0,0.E0));
#9680=AXIS2_PLACEMENT_3D('',#9677,#9678,#9679);
#9681=CYLINDRICAL_SURFACE('',#9680,1.25E0);
#9682=ORIENTED_EDGE('',*,*,#9637,.F.);
#9683=ORIENTED_EDGE('',*,*,#9655,.F.);
#9684=ORIENTED_EDGE('',*,*,#9671,.F.);
#9686=ORIENTED_EDGE('',*,*,#9685,.F.);
#9687=ORIENTED_EDGE('',*,*,#9667,.T.);
#9688=EDGE_LOOP('',(#9682,#9683,#9684,#9686,#9687));
#9689=FACE_OUTER_BOUND('',#9688,.F.);
#9690=ADVANCED_FACE('',(#9689),#9681,.T.);
#9691=CARTESIAN_POINT('',(0.E0,0.E0,0.E0));
#9692=DIRECTION('',(0.E0,0.E0,-1.E0));
#9693=DIRECTION('',(0.E0,-1.E0,0.E0));
#9694=AXIS2_PLACEMENT_3D('',#9691,#9692,#9693);
#9695=PLANE('',#9694);
#9697=ORIENTED_EDGE('',*,*,#9696,.T.);
#9699=ORIENTED_EDGE('',*,*,#9698,.T.);
#9700=EDGE_LOOP('',(#9697,#9699));
#9701=FACE_OUTER_BOUND('',#9700,.F.);
#9702=ORIENTED_EDGE('',*,*,#9669,.T.);
#9703=ORIENTED_EDGE('',*,*,#9685,.T.);
#9704=EDGE_LOOP('',(#9702,#9703));
#9705=FACE_BOUND('',#9704,.F.);
#9706=ADVANCED_FACE('',(#9701,#9705),#9695,.T.);
#9707=CARTESIAN_POINT('',(0.E0,0.E0,3.225E0));
#9708=DIRECTION('',(0.E0,0.E0,-1.E0));
#9709=DIRECTION('',(0.E0,-1.E0,0.E0));
#9710=AXIS2_PLACEMENT_3D('',#9707,#9708,#9709);
#9711=CYLINDRICAL_SURFACE('',#9710,2.25E0);
#9713=ORIENTED_EDGE('',*,*,#9712,.F.);
#9715=ORIENTED_EDGE('',*,*,#9714,.T.);
#9716=ORIENTED_EDGE('',*,*,#9696,.F.);
#9718=ORIENTED_EDGE('',*,*,#9717,.F.);
#9720=ORIENTED_EDGE('',*,*,#9719,.F.);
#9721=EDGE_LOOP('',(#9713,#9715,#9716,#9718,#9720));
#9722=FACE_OUTER_BOUND('',#9721,.F.);
#9723=ADVANCED_FACE('',(#9722),#9711,.T.);
#9724=CARTESIAN_POINT('',(0.E0,0.E0,2.4375E0));
#9725=DIRECTION('',(0.E0,0.E0,-1.E0));
#9726=DIRECTION('',(1.E0,0.E0,0.E0));
#9727=AXIS2_PLACEMENT_3D('',#9724,#9725,#9726);
#9728=CONICAL_SURFACE('',#9727,2.141746824527E0,6.E1);
#9730=ORIENTED_EDGE('',*,*,#9729,.T.);
#9731=ORIENTED_EDGE('',*,*,#9712,.T.);
#9733=ORIENTED_EDGE('',*,*,#9732,.T.);
#9735=ORIENTED_EDGE('',*,*,#9734,.F.);
#9737=ORIENTED_EDGE('',*,*,#9736,.F.);
#9738=EDGE_LOOP('',(#9730,#9731,#9733,#9735,#9737));
#9739=FACE_OUTER_BOUND('',#9738,.F.);
#9740=ADVANCED_FACE('',(#9739),#9728,.T.);
#9741=CARTESIAN_POINT('',(0.E0,0.E0,3.225E0));
#9742=DIRECTION('',(0.E0,0.E0,-1.E0));
#9743=DIRECTION('',(0.E0,-1.E0,0.E0));
#9744=AXIS2_PLACEMENT_3D('',#9741,#9742,#9743);
#9745=CYLINDRICAL_SURFACE('',#9744,2.25E0);
#9746=ORIENTED_EDGE('',*,*,#9729,.F.);
#9748=ORIENTED_EDGE('',*,*,#9747,.F.);
#9749=ORIENTED_EDGE('',*,*,#9717,.T.);
#9750=ORIENTED_EDGE('',*,*,#9698,.F.);
#9751=ORIENTED_EDGE('',*,*,#9714,.F.);
#9752=EDGE_LOOP('',(#9746,#9748,#9749,#9750,#9751));
#9753=FACE_OUTER_BOUND('',#9752,.F.);
#9754=ADVANCED_FACE('',(#9753),#9745,.T.);
#9755=CARTESIAN_POINT('',(0.E0,0.E0,2.4375E0));
#9756=DIRECTION('',(0.E0,0.E0,-1.E0));
#9757=DIRECTION('',(1.E0,0.E0,0.E0));
#9758=AXIS2_PLACEMENT_3D('',#9755,#9756,#9757);
#9759=CONICAL_SURFACE('',#9758,2.141746824527E0,6.E1);
#9760=ORIENTED_EDGE('',*,*,#9747,.T.);
#9761=ORIENTED_EDGE('',*,*,#9736,.T.);
#9763=ORIENTED_EDGE('',*,*,#9762,.F.);
#9764=ORIENTED_EDGE('',*,*,#9732,.F.);
#9765=ORIENTED_EDGE('',*,*,#9719,.T.);
#9766=EDGE_LOOP('',(#9760,#9761,#9763,#9764,#9765));
#9767=FACE_OUTER_BOUND('',#9766,.F.);
#9768=ADVANCED_FACE('',(#9767),#9759,.T.);
#9769=CARTESIAN_POINT('',(0.E0,0.E0,2.5E0));
#9770=DIRECTION('',(0.E0,0.E0,-1.E0));
#9771=DIRECTION('',(0.E0,-1.E0,0.E0));
#9772=AXIS2_PLACEMENT_3D('',#9769,#9770,#9771);
#9773=PLANE('',#9772);
#9774=ORIENTED_EDGE('',*,*,#9734,.T.);
#9775=ORIENTED_EDGE('',*,*,#9762,.T.);
#9776=EDGE_LOOP('',(#9774,#9775));
#9777=FACE_OUTER_BOUND('',#9776,.F.);
#9779=ORIENTED_EDGE('',*,*,#9778,.T.);
#9781=ORIENTED_EDGE('',*,*,#9780,.F.);
#9783=ORIENTED_EDGE('',*,*,#9782,.T.);
#9785=ORIENTED_EDGE('',*,*,#9784,.T.);
#9787=ORIENTED_EDGE('',*,*,#9786,.F.);
#9789=ORIENTED_EDGE('',*,*,#9788,.T.);
#9790=EDGE_LOOP('',(#9779,#9781,#9783,#9785,#9787,#9789));
#9791=FACE_BOUND('',#9790,.F.);
#9792=ADVANCED_FACE('',(#9777,#9791),#9773,.F.);
#9793=CARTESIAN_POINT('',(0.E0,1.154700538379E0,2.5E0));
#9794=DIRECTION('',(-5.E-1,8.660254037844E-1,0.E0));
#9795=DIRECTION('',(-8.660254037844E-1,-5.E-1,0.E0));
#9796=AXIS2_PLACEMENT_3D('',#9793,#9794,#9795);
#9797=PLANE('',#9796);
#9798=ORIENTED_EDGE('',*,*,#9778,.F.);
#9800=ORIENTED_EDGE('',*,*,#9799,.F.);
#9802=ORIENTED_EDGE('',*,*,#9801,.F.);
#9804=ORIENTED_EDGE('',*,*,#9803,.T.);
#9805=EDGE_LOOP('',(#9798,#9800,#9802,#9804));
#9806=FACE_OUTER_BOUND('',#9805,.F.);
#9807=ADVANCED_FACE('',(#9806),#9797,.F.);
#9808=CARTESIAN_POINT('',(1.E0,5.773502691896E-1,2.5E0));
#9809=DIRECTION('',(5.E-1,8.660254037844E-1,0.E0));
#9810=DIRECTION('',(-8.660254037844E-1,5.E-1,0.E0));
#9811=AXIS2_PLACEMENT_3D('',#9808,#9809,#9810);
#9812=PLANE('',#9811);
#9813=ORIENTED_EDGE('',*,*,#9788,.F.);
#9815=ORIENTED_EDGE('',*,*,#9814,.F.);
#9817=ORIENTED_EDGE('',*,*,#9816,.F.);
#9818=ORIENTED_EDGE('',*,*,#9799,.T.);
#9819=EDGE_LOOP('',(#9813,#9815,#9817,#9818));
#9820=FACE_OUTER_BOUND('',#9819,.F.);
#9821=ADVANCED_FACE('',(#9820),#9812,.F.);
#9822=CARTESIAN_POINT('',(1.E0,-5.773502691896E-1,2.5E0));
#9823=DIRECTION('',(1.E0,0.E0,0.E0));
#9824=DIRECTION('',(0.E0,1.E0,0.E0));
#9825=AXIS2_PLACEMENT_3D('',#9822,#9823,#9824);
#9826=PLANE('',#9825);
#9827=ORIENTED_EDGE('',*,*,#9786,.T.);
#9829=ORIENTED_EDGE('',*,*,#9828,.F.);
#9831=ORIENTED_EDGE('',*,*,#9830,.F.);
#9832=ORIENTED_EDGE('',*,*,#9814,.T.);
#9833=EDGE_LOOP('',(#9827,#9829,#9831,#9832));
#9834=FACE_OUTER_BOUND('',#9833,.F.);
#9835=ADVANCED_FACE('',(#9834),#9826,.F.);
#9836=CARTESIAN_POINT('',(0.E0,-1.154700538379E0,2.5E0));
#9837=DIRECTION('',(5.E-1,-8.660254037844E-1,0.E0));
#9838=DIRECTION('',(8.660254037844E-1,5.E-1,0.E0));
#9839=AXIS2_PLACEMENT_3D('',#9836,#9837,#9838);
#9840=PLANE('',#9839);
#9841=ORIENTED_EDGE('',*,*,#9784,.F.);
#9843=ORIENTED_EDGE('',*,*,#9842,.F.);
#9845=ORIENTED_EDGE('',*,*,#9844,.F.);
#9846=ORIENTED_EDGE('',*,*,#9828,.T.);
#9847=EDGE_LOOP('',(#9841,#9843,#9845,#9846));
#9848=FACE_OUTER_BOUND('',#9847,.F.);
#9849=ADVANCED_FACE('',(#9848),#9840,.F.);
#9850=CARTESIAN_POINT('',(-1.E0,-5.773502691896E-1,2.5E0));
#9851=DIRECTION('',(-5.E-1,-8.660254037844E-1,0.E0));
#9852=DIRECTION('',(8.660254037844E-1,-5.E-1,0.E0));
#9853=AXIS2_PLACEMENT_3D('',#9850,#9851,#9852);
#9854=PLANE('',#9853);
#9855=ORIENTED_EDGE('',*,*,#9782,.F.);
#9857=ORIENTED_EDGE('',*,*,#9856,.F.);
#9859=ORIENTED_EDGE('',*,*,#9858,.F.);
#9860=ORIENTED_EDGE('',*,*,#9842,.T.);
#9861=EDGE_LOOP('',(#9855,#9857,#9859,#9860));
#9862=FACE_OUTER_BOUND('',#9861,.F.);
#9863=ADVANCED_FACE('',(#9862),#9854,.F.);
#9864=CARTESIAN_POINT('',(-1.E0,5.773502691896E-1,2.5E0));
#9865=DIRECTION('',(-1.E0,0.E0,0.E0));
#9866=DIRECTION('',(0.E0,-1.E0,0.E0));
#9867=AXIS2_PLACEMENT_3D('',#9864,#9865,#9866);
#9868=PLANE('',#9867);
#9869=ORIENTED_EDGE('',*,*,#9780,.T.);
#9870=ORIENTED_EDGE('',*,*,#9803,.F.);
#9872=ORIENTED_EDGE('',*,*,#9871,.F.);
#9873=ORIENTED_EDGE('',*,*,#9856,.T.);
#9874=EDGE_LOOP('',(#9869,#9870,#9872,#9873));
#9875=FACE_OUTER_BOUND('',#9874,.F.);
#9876=ADVANCED_FACE('',(#9875),#9868,.F.);
#9877=CARTESIAN_POINT('',(0.E0,0.E0,1.25E0));
#9878=DIRECTION('',(0.E0,0.E0,1.E0));
#9879=DIRECTION('',(1.E0,0.E0,0.E0));
#9880=AXIS2_PLACEMENT_3D('',#9877,#9878,#9879);
#9881=PLANE('',#9880);
#9882=ORIENTED_EDGE('',*,*,#9801,.T.);
#9883=ORIENTED_EDGE('',*,*,#9816,.T.);
#9884=ORIENTED_EDGE('',*,*,#9830,.T.);
#9885=ORIENTED_EDGE('',*,*,#9844,.T.);
#9886=ORIENTED_EDGE('',*,*,#9858,.T.);
#9887=ORIENTED_EDGE('',*,*,#9871,.T.);
#9888=EDGE_LOOP('',(#9882,#9883,#9884,#9885,#9886,#9887));
#9889=FACE_OUTER_BOUND('',#9888,.F.);
#9890=ADVANCED_FACE('',(#9889),#9881,.T.);
#9891=CLOSED_SHELL('',(#9628,#9645,#9660,#9676,#9690,#9706,#9723,#9740,#9754,
#9768,#9792,#9807,#9821,#9835,#9849,#9863,#9876,#9890));
#9892=MANIFOLD_SOLID_BREP('',#9891);
#9894=DIMENSIONAL_EXPONENTS(0.E0,0.E0,0.E0,0.E0,0.E0,0.E0,0.E0);
#9896=PLANE_ANGLE_MEASURE_WITH_UNIT(PLANE_ANGLE_MEASURE(1.745329251994E-2),
#9895);
#9897=(CONVERSION_BASED_UNIT('DEGREE',#9896)NAMED_UNIT(*)PLANE_ANGLE_UNIT());
#9899=UNCERTAINTY_MEASURE_WITH_UNIT(LENGTH_MEASURE(1.583568232939E-3),#9893,
'closure',
'Maximum model space distance between geometric entities at asserted connectivities');
#9900=(GEOMETRIC_REPRESENTATION_CONTEXT(3)GLOBAL_UNCERTAINTY_ASSIGNED_CONTEXT((
#9899))GLOBAL_UNIT_ASSIGNED_CONTEXT((#9893,#9897,#9898))REPRESENTATION_CONTEXT(
'ID2','3'));
#9901=CARTESIAN_POINT('',(0.E0,0.E0,0.E0));
#9902=DIRECTION('',(0.E0,0.E0,1.E0));
#9903=DIRECTION('',(1.E0,0.E0,0.E0));
#9906=MECHANICAL_CONTEXT('',#9352,'mechanical');
#9907=PRODUCT('WBH_M2_5X12_8','WBH_M2_5X12_8','NOT SPECIFIED',(#9906));
#9908=PRODUCT_DEFINITION_FORMATION_WITH_SPECIFIED_SOURCE('1','LAST_VERSION',
#9907,.MADE.);
#9914=CARTESIAN_POINT('',(-1.1E1,8.E0,1.42E1));
#9915=DIRECTION('',(0.E0,0.E0,1.E0));
#9916=DIRECTION('',(1.E0,0.E0,0.E0));
#9917=AXIS2_PLACEMENT_3D('',#9914,#9915,#9916);
#9918=ITEM_DEFINED_TRANSFORMATION('','',#9904,#9917);
#9919=CARTESIAN_POINT('',(0.E0,0.E0,0.E0));
#9920=DIRECTION('',(0.E0,0.E0,1.E0));
#9921=DIRECTION('',(1.E0,0.E0,0.E0));
#9923=(REPRESENTATION_RELATIONSHIP('','',#9905,#9363)REPRESENTATION_RELATIONSHIP_WITH_TRANSFORMATION(#9918)SHAPE_REPRESENTATION_RELATIONSHIP());
#9924=CONTEXT_DEPENDENT_SHAPE_REPRESENTATION(#9923,#9913);
#9927=CARTESIAN_POINT('',(1.1E1,8.E0,1.42E1));
#9928=DIRECTION('',(0.E0,0.E0,1.E0));
#9929=DIRECTION('',(1.E0,0.E0,0.E0));
#9930=AXIS2_PLACEMENT_3D('',#9927,#9928,#9929);
#9931=ITEM_DEFINED_TRANSFORMATION('','',#9904,#9930);
#9932=CARTESIAN_POINT('',(0.E0,0.E0,0.E0));
#9933=DIRECTION('',(0.E0,0.E0,1.E0));
#9934=DIRECTION('',(1.E0,0.E0,0.E0));
#9936=(REPRESENTATION_RELATIONSHIP('','',#9905,#9363)REPRESENTATION_RELATIONSHIP_WITH_TRANSFORMATION(#9931)SHAPE_REPRESENTATION_RELATIONSHIP());
#9937=CONTEXT_DEPENDENT_SHAPE_REPRESENTATION(#9936,#9926);
#9940=CARTESIAN_POINT('',(-1.1E1,-3.2E1,1.42E1));
#9941=DIRECTION('',(0.E0,0.E0,1.E0));
#9942=DIRECTION('',(1.E0,0.E0,0.E0));
#9943=AXIS2_PLACEMENT_3D('',#9940,#9941,#9942);
#9944=ITEM_DEFINED_TRANSFORMATION('','',#9904,#9943);
#9945=CARTESIAN_POINT('',(0.E0,0.E0,0.E0));
#9946=DIRECTION('',(0.E0,0.E0,1.E0));
#9947=DIRECTION('',(1.E0,0.E0,0.E0));
#9949=(REPRESENTATION_RELATIONSHIP('','',#9905,#9363)REPRESENTATION_RELATIONSHIP_WITH_TRANSFORMATION(#9944)SHAPE_REPRESENTATION_RELATIONSHIP());
#9950=CONTEXT_DEPENDENT_SHAPE_REPRESENTATION(#9949,#9939);
#9953=CARTESIAN_POINT('',(1.1E1,-3.2E1,1.42E1));
#9954=DIRECTION('',(0.E0,0.E0,1.E0));
#9955=DIRECTION('',(1.E0,0.E0,0.E0));
#9956=AXIS2_PLACEMENT_3D('',#9953,#9954,#9955);
#9957=ITEM_DEFINED_TRANSFORMATION('','',#9904,#9956);
#9958=CARTESIAN_POINT('',(0.E0,0.E0,0.E0));
#9959=DIRECTION('',(0.E0,0.E0,1.E0));
#9960=DIRECTION('',(1.E0,0.E0,0.E0));
#9962=(REPRESENTATION_RELATIONSHIP('','',#9905,#9363)REPRESENTATION_RELATIONSHIP_WITH_TRANSFORMATION(#9957)SHAPE_REPRESENTATION_RELATIONSHIP());
#9963=CONTEXT_DEPENDENT_SHAPE_REPRESENTATION(#9962,#9952);
#9966=CARTESIAN_POINT('',(1.1E1,-3.2E1,-1.42E1));
#9967=DIRECTION('',(0.E0,0.E0,-1.E0));
#9968=DIRECTION('',(-1.E0,0.E0,0.E0));
#9969=AXIS2_PLACEMENT_3D('',#9966,#9967,#9968);
#9970=ITEM_DEFINED_TRANSFORMATION('','',#9904,#9969);
#9971=CARTESIAN_POINT('',(0.E0,0.E0,0.E0));
#9972=DIRECTION('',(0.E0,0.E0,1.E0));
#9973=DIRECTION('',(1.E0,0.E0,0.E0));
#9975=(REPRESENTATION_RELATIONSHIP('','',#9905,#9363)REPRESENTATION_RELATIONSHIP_WITH_TRANSFORMATION(#9970)SHAPE_REPRESENTATION_RELATIONSHIP());
#9976=CONTEXT_DEPENDENT_SHAPE_REPRESENTATION(#9975,#9965);
#9979=CARTESIAN_POINT('',(-1.1E1,-3.2E1,-1.42E1));
#9980=DIRECTION('',(0.E0,0.E0,-1.E0));
#9981=DIRECTION('',(-1.E0,0.E0,0.E0));
#9982=AXIS2_PLACEMENT_3D('',#9979,#9980,#9981);
#9983=ITEM_DEFINED_TRANSFORMATION('','',#9904,#9982);
#9984=CARTESIAN_POINT('',(0.E0,0.E0,0.E0));
#9985=DIRECTION('',(0.E0,0.E0,1.E0));
#9986=DIRECTION('',(1.E0,0.E0,0.E0));
#9988=(REPRESENTATION_RELATIONSHIP('','',#9905,#9363)REPRESENTATION_RELATIONSHIP_WITH_TRANSFORMATION(#9983)SHAPE_REPRESENTATION_RELATIONSHIP());
#9989=CONTEXT_DEPENDENT_SHAPE_REPRESENTATION(#9988,#9978);
#9992=CARTESIAN_POINT('',(1.1E1,8.E0,-1.42E1));
#9993=DIRECTION('',(0.E0,0.E0,-1.E0));
#9994=DIRECTION('',(-1.E0,0.E0,0.E0));
#9995=AXIS2_PLACEMENT_3D('',#9992,#9993,#9994);
#9996=ITEM_DEFINED_TRANSFORMATION('','',#9904,#9995);
#9997=CARTESIAN_POINT('',(0.E0,0.E0,0.E0));
#9998=DIRECTION('',(0.E0,0.E0,1.E0));
#9999=DIRECTION('',(1.E0,0.E0,0.E0));
#10001=(REPRESENTATION_RELATIONSHIP('','',#9905,#9363)REPRESENTATION_RELATIONSHIP_WITH_TRANSFORMATION(#9996)SHAPE_REPRESENTATION_RELATIONSHIP());
#10002=CONTEXT_DEPENDENT_SHAPE_REPRESENTATION(#10001,#9991);
#10005=CARTESIAN_POINT('',(-1.1E1,8.E0,-1.42E1));
#10006=DIRECTION('',(0.E0,0.E0,-1.E0));
#10007=DIRECTION('',(-1.E0,0.E0,0.E0));
#10008=AXIS2_PLACEMENT_3D('',#10005,#10006,#10007);
#10009=ITEM_DEFINED_TRANSFORMATION('','',#9904,#10008);
#10010=CARTESIAN_POINT('',(0.E0,0.E0,0.E0));
#10011=DIRECTION('',(0.E0,0.E0,1.E0));
#10012=DIRECTION('',(1.E0,0.E0,0.E0));
#10014=(REPRESENTATION_RELATIONSHIP('','',#9905,#9363)REPRESENTATION_RELATIONSHIP_WITH_TRANSFORMATION(#10009)SHAPE_REPRESENTATION_RELATIONSHIP());
#10015=CONTEXT_DEPENDENT_SHAPE_REPRESENTATION(#10014,#10004);
#10016=CARTESIAN_POINT('',(0.E0,0.E0,0.E0));
#10017=DIRECTION('',(0.E0,1.E0,0.E0));
#10018=DIRECTION('',(2.222222222222E-1,0.E0,9.749960430436E-1));
#10019=AXIS2_PLACEMENT_3D('',#10016,#10017,#10018);
#10021=CARTESIAN_POINT('',(0.E0,0.E0,0.E0));
#10022=DIRECTION('',(0.E0,1.E0,0.E0));
#10023=DIRECTION('',(0.E0,0.E0,-1.E0));
#10024=AXIS2_PLACEMENT_3D('',#10021,#10022,#10023);
#10026=DIRECTION('',(-2.256707470090E-7,-1.206414778328E-13,-1.E0));
#10027=VECTOR('',#10026,7.266014612296E-1);
#10028=CARTESIAN_POINT('',(-5.E-1,0.E0,2.193741096848E0));
#10029=LINE('',#10028,#10027);
#10030=CARTESIAN_POINT('',(0.E0,-1.973976537784E-13,0.E0));
#10031=DIRECTION('',(0.E0,-1.E0,0.E0));
#10032=DIRECTION('',(-3.225807597027E-1,0.E0,9.465419449077E-1));
#10033=AXIS2_PLACEMENT_3D('',#10030,#10031,#10032);
#10035=CARTESIAN_POINT('',(0.E0,-1.973976537784E-13,0.E0));
#10036=DIRECTION('',(0.E0,-1.E0,0.E0));
#10037=DIRECTION('',(0.E0,0.E0,-1.E0));
#10038=AXIS2_PLACEMENT_3D('',#10035,#10036,#10037);
#10040=DIRECTION('',(-3.984143621444E-8,-1.206415666169E-13,-1.E0));
#10041=VECTOR('',#10040,7.266009943250E-1);
#10042=CARTESIAN_POINT('',(5.E-1,0.E0,2.193741096848E0));
#10043=LINE('',#10042,#10041);
#10044=DIRECTION('',(3.290848509995E-7,9.999999999999E-1,-1.940046887670E-7));
#10045=VECTOR('',#10044,3.499996664677E-1);
#10046=CARTESIAN_POINT('',(4.999998536173E-1,1.500003335324E-1,
1.307669762895E0));
#10047=LINE('',#10046,#10045);
#10048=DIRECTION('',(3.001250586253E-8,0.E0,1.E0));
#10049=VECTOR('',#10048,1.039669223868E0);
#10050=CARTESIAN_POINT('',(4.999999687969E-1,5.E-1,1.307669694993E0));
#10051=LINE('',#10050,#10049);
#10052=CARTESIAN_POINT('',(-5.000001639727E-1,-8.751024434159E-14,
1.467139635618E0));
#10053=CARTESIAN_POINT('',(-5.000001639727E-1,1.719767080689E-2,
1.448970687623E0));
#10054=CARTESIAN_POINT('',(-4.999999273111E-1,5.124198257983E-2,
1.412934675084E0));
#10055=CARTESIAN_POINT('',(-5.000000084522E-1,1.012440397137E-1,
1.359780573162E0));
#10056=CARTESIAN_POINT('',(-5.000000287375E-1,1.338674597465E-1,
1.324941245799E0));
#10057=CARTESIAN_POINT('',(-5.000000287375E-1,1.499999748995E-1,
1.307669665741E0));
#10059=CARTESIAN_POINT('',(0.E0,1.499999999998E-1,0.E0));
#10060=DIRECTION('',(0.E0,-1.E0,0.E0));
#10061=DIRECTION('',(-3.571428748884E-1,0.E0,9.340497668307E-1));
#10062=AXIS2_PLACEMENT_3D('',#10059,#10060,#10061);
#10064=CARTESIAN_POINT('',(0.E0,1.499999999998E-1,0.E0));
#10065=DIRECTION('',(0.E0,-1.E0,0.E0));
#10066=DIRECTION('',(-1.E0,0.E0,1.371424051391E-11));
#10067=AXIS2_PLACEMENT_3D('',#10064,#10065,#10066);
#10069=CARTESIAN_POINT('',(0.E0,1.499999999998E-1,0.E0));
#10070=DIRECTION('',(0.E0,-1.E0,0.E0));
#10071=DIRECTION('',(-3.122496133524E-11,0.E0,-1.E0));
#10072=AXIS2_PLACEMENT_3D('',#10069,#10070,#10071);
#10074=CARTESIAN_POINT('',(0.E0,1.499999999998E-1,0.E0));
#10075=DIRECTION('',(0.E0,-1.E0,0.E0));
#10076=DIRECTION('',(1.E0,0.E0,0.E0));
#10077=AXIS2_PLACEMENT_3D('',#10074,#10075,#10076);
#10079=CARTESIAN_POINT('',(4.999998536173E-1,1.500003335324E-1,
1.307669762895E0));
#10080=CARTESIAN_POINT('',(4.999998536173E-1,1.338671785956E-1,
1.324942025854E0));
#10081=CARTESIAN_POINT('',(5.000000644521E-1,1.012428912430E-1,
1.359781321617E0));
#10082=CARTESIAN_POINT('',(4.999999939918E-1,5.123990325968E-2,
1.412936422425E0));
#10083=CARTESIAN_POINT('',(4.999999710512E-1,1.719719001022E-2,
1.448971664020E0));
#10084=CARTESIAN_POINT('',(4.999999710512E-1,-8.751025252417E-14,
1.467140102523E0));
#10086=DIRECTION('',(-7.965257549541E-9,0.E0,-1.E0));
#10087=VECTOR('',#10086,1.039669238965E0);
#10088=CARTESIAN_POINT('',(-5.E-1,5.E-1,2.347338918861E0));
#10089=LINE('',#10088,#10087);
#10090=DIRECTION('',(-5.844643333946E-8,-1.E0,-4.044142571833E-8));
#10091=VECTOR('',#10090,3.500000251005E-1);
#10092=CARTESIAN_POINT('',(-5.000000082812E-1,5.E-1,1.307669679896E0));
#10093=LINE('',#10092,#10091);
#10094=CARTESIAN_POINT('',(0.E0,1.5E-1,0.E0));
#10095=DIRECTION('',(0.E0,1.E0,0.E0));
#10096=DIRECTION('',(1.E0,0.E0,0.E0));
#10097=AXIS2_PLACEMENT_3D('',#10094,#10095,#10096);
#10099=CARTESIAN_POINT('',(0.E0,1.5E-1,0.E0));
#10100=DIRECTION('',(0.E0,1.E0,0.E0));
#10101=DIRECTION('',(0.E0,0.E0,-1.E0));
#10102=AXIS2_PLACEMENT_3D('',#10099,#10100,#10101);
#10104=CARTESIAN_POINT('',(0.E0,1.5E-1,0.E0));
#10105=DIRECTION('',(0.E0,1.E0,0.E0));
#10106=DIRECTION('',(-1.E0,0.E0,6.302368592961E-11));
#10107=AXIS2_PLACEMENT_3D('',#10104,#10105,#10106);
#10109=CARTESIAN_POINT('',(-5.E-1,1.5E-1,2.347338918861E0));
#10110=CARTESIAN_POINT('',(-5.E-1,1.333246974006E-1,2.330289516273E0));
#10111=CARTESIAN_POINT('',(-5.E-1,9.998006566939E-2,2.296179150783E0));
#10112=CARTESIAN_POINT('',(-5.E-1,4.997924865485E-2,2.244980624754E0));
#10113=CARTESIAN_POINT('',(-5.E-1,1.665712900710E-2,2.210825401062E0));
#10114=CARTESIAN_POINT('',(-5.E-1,0.E0,2.193741096848E0));
#10116=CARTESIAN_POINT('',(5.E-1,0.E0,2.193741096848E0));
#10117=CARTESIAN_POINT('',(5.E-1,1.665712900729E-2,2.210825401063E0));
#10118=CARTESIAN_POINT('',(5.E-1,4.997924865531E-2,2.244980624754E0));
#10119=CARTESIAN_POINT('',(5.E-1,9.998006566984E-2,2.296179150783E0));
#10120=CARTESIAN_POINT('',(5.E-1,1.333246974008E-1,2.330289516273E0));
#10121=CARTESIAN_POINT('',(5.E-1,1.5E-1,2.347338918861E0));
#10123=CARTESIAN_POINT('',(0.E0,1.5E-1,0.E0));
#10124=DIRECTION('',(0.E0,1.E0,0.E0));
#10125=DIRECTION('',(2.083333333333E-1,0.E0,9.780578828588E-1));
#10126=AXIS2_PLACEMENT_3D('',#10123,#10124,#10125);
#10128=DIRECTION('',(0.E0,1.E0,-2.629406144995E-11));
#10129=VECTOR('',#10128,2.5E0);
#10130=CARTESIAN_POINT('',(2.4E0,1.5E-1,0.E0));
#10131=LINE('',#10130,#10129);
#10132=DIRECTION('',(-7.071067811865E-1,-7.071067811865E-1,2.544495523241E-10));
#10133=VECTOR('',#10132,2.121320343560E-1);
#10134=CARTESIAN_POINT('',(-2.25E0,2.8E0,1.082575178525E-10));
#10135=LINE('',#10134,#10133);
#10136=CARTESIAN_POINT('',(0.E0,2.65E0,0.E0));
#10137=DIRECTION('',(0.E0,-1.E0,0.E0));
#10138=DIRECTION('',(-1.E0,0.E0,6.302368592961E-11));
#10139=AXIS2_PLACEMENT_3D('',#10136,#10137,#10138);
#10141=CARTESIAN_POINT('',(0.E0,2.65E0,0.E0));
#10142=DIRECTION('',(0.E0,-1.E0,0.E0));
#10143=DIRECTION('',(0.E0,0.E0,-1.E0));
#10144=AXIS2_PLACEMENT_3D('',#10141,#10142,#10143);
#10146=CARTESIAN_POINT('',(0.E0,2.8E0,0.E0));
#10147=DIRECTION('',(0.E0,-1.E0,0.E0));
#10148=DIRECTION('',(-1.E0,0.E0,0.E0));
#10149=AXIS2_PLACEMENT_3D('',#10146,#10147,#10148);
#10151=CARTESIAN_POINT('',(0.E0,2.8E0,0.E0));
#10152=DIRECTION('',(0.E0,-1.E0,0.E0));
#10153=DIRECTION('',(0.E0,0.E0,-1.E0));
#10154=AXIS2_PLACEMENT_3D('',#10151,#10152,#10153);
#10156=CARTESIAN_POINT('',(0.E0,2.8E0,0.E0));
#10157=DIRECTION('',(0.E0,-1.E0,0.E0));
#10158=DIRECTION('',(1.E0,0.E0,0.E0));
#10159=AXIS2_PLACEMENT_3D('',#10156,#10157,#10158);
#10161=CARTESIAN_POINT('',(0.E0,2.8E0,0.E0));
#10162=DIRECTION('',(0.E0,-1.E0,0.E0));
#10163=DIRECTION('',(0.E0,0.E0,1.E0));
#10164=AXIS2_PLACEMENT_3D('',#10161,#10162,#10163);
#10166=CARTESIAN_POINT('',(0.E0,2.8E0,0.E0));
#10167=DIRECTION('',(0.E0,1.E0,0.E0));
#10168=DIRECTION('',(-1.E0,0.E0,0.E0));
#10169=AXIS2_PLACEMENT_3D('',#10166,#10167,#10168);
#10171=CARTESIAN_POINT('',(0.E0,2.8E0,0.E0));
#10172=DIRECTION('',(0.E0,1.E0,0.E0));
#10173=DIRECTION('',(1.E0,0.E0,0.E0));
#10174=AXIS2_PLACEMENT_3D('',#10171,#10172,#10173);
#10176=DIRECTION('',(7.071067811865E-1,-7.071067811865E-1,7.747019157107E-11));
#10177=VECTOR('',#10176,2.121320343560E-1);
#10178=CARTESIAN_POINT('',(2.25E0,2.8E0,-8.216872006369E-11));
#10179=LINE('',#10178,#10177);
#10180=CARTESIAN_POINT('',(0.E0,2.65E0,0.E0));
#10181=DIRECTION('',(0.E0,-1.E0,0.E0));
#10182=DIRECTION('',(1.E0,0.E0,0.E0));
#10183=AXIS2_PLACEMENT_3D('',#10180,#10181,#10182);
#10185=CARTESIAN_POINT('',(0.E0,2.65E0,0.E0));
#10186=DIRECTION('',(0.E0,-1.E0,0.E0));
#10187=DIRECTION('',(0.E0,0.E0,1.E0));
#10188=AXIS2_PLACEMENT_3D('',#10185,#10186,#10187);
#10190=DIRECTION('',(-2.601093943408E-14,-1.E0,-1.015061051086E-14));
#10191=VECTOR('',#10190,3.5E-1);
#10192=CARTESIAN_POINT('',(-5.E-1,5.E-1,2.347338918861E0));
#10193=LINE('',#10192,#10191);
#10194=DIRECTION('',(0.E0,1.E0,2.917280159279E-12));
#10195=VECTOR('',#10194,2.5E0);
#10196=CARTESIAN_POINT('',(-2.4E0,1.5E-1,1.549412186297E-10));
#10197=LINE('',#10196,#10195);
#10198=DIRECTION('',(0.E0,1.E0,0.E0));
#10199=VECTOR('',#10198,3.5E-1);
#10200=CARTESIAN_POINT('',(5.E-1,1.5E-1,2.347338918861E0));
#10201=LINE('',#10200,#10199);
#10202=CARTESIAN_POINT('',(0.E0,5.E-1,0.E0));
#10203=DIRECTION('',(0.E0,1.E0,0.E0));
#10204=DIRECTION('',(-2.083333333333E-1,0.E0,9.780578828588E-1));
#10205=AXIS2_PLACEMENT_3D('',#10202,#10203,#10204);
#10207=CARTESIAN_POINT('',(0.E0,5.E-1,0.E0));
#10208=DIRECTION('',(0.E0,-1.E0,0.E0));
#10209=DIRECTION('',(3.571428571429E-1,0.E0,9.340497736159E-1));
#10210=AXIS2_PLACEMENT_3D('',#10207,#10208,#10209);
#10212=DIRECTION('',(0.E0,1.E0,3.240225075854E-11));
#10213=VECTOR('',#10212,1.15E0);
#10214=CARTESIAN_POINT('',(1.4E0,1.499999999998E-1,0.E0));
#10215=LINE('',#10214,#10213);
#10216=CARTESIAN_POINT('',(0.E0,1.3E0,0.E0));
#10217=DIRECTION('',(0.E0,1.E0,0.E0));
#10218=DIRECTION('',(-1.E0,0.E0,1.371424051391E-11));
#10219=AXIS2_PLACEMENT_3D('',#10216,#10217,#10218);
#10221=CARTESIAN_POINT('',(0.E0,1.3E0,0.E0));
#10222=DIRECTION('',(0.E0,1.E0,0.E0));
#10223=DIRECTION('',(3.122461682596E-11,0.E0,1.E0));
#10224=AXIS2_PLACEMENT_3D('',#10221,#10222,#10223);
#10226=DIRECTION('',(7.071067811865E-1,7.071067811865E-1,1.129221974580E-10));
#10227=VECTOR('',#10226,1.414213562373E-1);
#10228=CARTESIAN_POINT('',(1.4E0,1.3E0,3.726267409760E-11));
#10229=LINE('',#10228,#10227);
#10230=CARTESIAN_POINT('',(0.E0,1.3E0,0.E0));
#10231=DIRECTION('',(0.E0,1.E0,0.E0));
#10232=DIRECTION('',(1.E0,0.E0,0.E0));
#10233=AXIS2_PLACEMENT_3D('',#10230,#10231,#10232);
#10235=CARTESIAN_POINT('',(0.E0,1.3E0,0.E0));
#10236=DIRECTION('',(0.E0,1.E0,0.E0));
#10237=DIRECTION('',(0.E0,0.E0,-1.E0));
#10238=AXIS2_PLACEMENT_3D('',#10235,#10236,#10237);
#10240=DIRECTION('',(-7.071067811865E-1,7.071067811865E-1,-1.487012288926E-10));
#10241=VECTOR('',#10240,1.414213562373E-1);
#10242=CARTESIAN_POINT('',(-1.4E0,1.3E0,-1.706897183169E-11));
#10243=LINE('',#10242,#10241);
#10244=DIRECTION('',(0.E0,1.E0,-5.131500475303E-11));
#10245=VECTOR('',#10244,1.15E0);
#10246=CARTESIAN_POINT('',(-1.4E0,1.499999999998E-1,4.194328363430E-11));
#10247=LINE('',#10246,#10245);
#10248=CARTESIAN_POINT('',(0.E0,1.4E0,0.E0));
#10249=DIRECTION('',(0.E0,-1.E0,0.E0));
#10250=DIRECTION('',(1.E0,0.E0,0.E0));
#10251=AXIS2_PLACEMENT_3D('',#10248,#10249,#10250);
#10253=CARTESIAN_POINT('',(0.E0,1.4E0,0.E0));
#10254=DIRECTION('',(0.E0,-1.E0,0.E0));
#10255=DIRECTION('',(-1.E0,0.E0,0.E0));
#10256=AXIS2_PLACEMENT_3D('',#10253,#10254,#10255);
#10258=CARTESIAN_POINT('',(0.E0,1.4E0,0.E0));
#10259=DIRECTION('',(0.E0,1.E0,0.E0));
#10260=DIRECTION('',(1.E0,0.E0,0.E0));
#10261=AXIS2_PLACEMENT_3D('',#10258,#10259,#10260);
#10263=CARTESIAN_POINT('',(0.E0,1.4E0,0.E0));
#10264=DIRECTION('',(0.E0,1.E0,0.E0));
#10265=DIRECTION('',(0.E0,0.E0,-1.E0));
#10266=AXIS2_PLACEMENT_3D('',#10263,#10264,#10265);
#10268=CARTESIAN_POINT('',(0.E0,1.4E0,0.E0));
#10269=DIRECTION('',(0.E0,1.E0,0.E0));
#10270=DIRECTION('',(-1.E0,0.E0,0.E0));
#10271=AXIS2_PLACEMENT_3D('',#10268,#10269,#10270);
#10273=CARTESIAN_POINT('',(0.E0,1.4E0,0.E0));
#10274=DIRECTION('',(0.E0,1.E0,0.E0));
#10275=DIRECTION('',(0.E0,0.E0,1.E0));
#10276=AXIS2_PLACEMENT_3D('',#10273,#10274,#10275);
#10278=DIRECTION('',(0.E0,1.E0,0.E0));
#10279=VECTOR('',#10278,1.4E0);
#10280=CARTESIAN_POINT('',(1.7E0,1.4E0,0.E0));
#10281=LINE('',#10280,#10279);
#10282=DIRECTION('',(0.E0,1.E0,0.E0));
#10283=VECTOR('',#10282,1.4E0);
#10284=CARTESIAN_POINT('',(-1.7E0,1.4E0,0.E0));
#10285=LINE('',#10284,#10283);
#10286=CARTESIAN_POINT('',(5.E-1,0.E0,2.193741096848E0));
#10287=CARTESIAN_POINT('',(4.999999710512E-1,-8.751025252417E-14,
1.467140102523E0));
#10288=VERTEX_POINT('',#10286);
#10289=VERTEX_POINT('',#10287);
#10290=CARTESIAN_POINT('',(0.E0,0.E0,-2.25E0));
#10291=VERTEX_POINT('',#10290);
#10292=CARTESIAN_POINT('',(-5.E-1,0.E0,2.193741096848E0));
#10293=VERTEX_POINT('',#10292);
#10294=CARTESIAN_POINT('',(-5.000001639727E-1,-8.751024434159E-14,
1.467139635618E0));
#10295=VERTEX_POINT('',#10294);
#10296=CARTESIAN_POINT('',(0.E0,-1.973976537784E-13,-1.55E0));
#10297=VERTEX_POINT('',#10296);
#10298=VERTEX_POINT('',#10079);
#10299=CARTESIAN_POINT('',(4.999999687969E-1,5.E-1,1.307669694993E0));
#10300=VERTEX_POINT('',#10299);
#10301=CARTESIAN_POINT('',(5.E-1,5.E-1,2.347338918861E0));
#10302=VERTEX_POINT('',#10301);
#10303=CARTESIAN_POINT('',(5.E-1,1.5E-1,2.347338918861E0));
#10304=VERTEX_POINT('',#10303);
#10305=VERTEX_POINT('',#10057);
#10306=CARTESIAN_POINT('',(-1.4E0,1.499999999998E-1,1.919991943211E-11));
#10307=VERTEX_POINT('',#10306);
#10308=CARTESIAN_POINT('',(-4.371494586934E-11,1.499999999998E-1,-1.4E0));
#10309=VERTEX_POINT('',#10308);
#10310=CARTESIAN_POINT('',(1.4E0,1.499999999998E-1,0.E0));
#10311=VERTEX_POINT('',#10310);
#10312=VERTEX_POINT('',#10109);
#10313=CARTESIAN_POINT('',(-5.E-1,5.E-1,2.347338918861E0));
#10314=VERTEX_POINT('',#10313);
#10315=CARTESIAN_POINT('',(-5.000000082812E-1,5.E-1,1.307669679896E0));
#10316=VERTEX_POINT('',#10315);
#10317=CARTESIAN_POINT('',(2.4E0,1.5E-1,0.E0));
#10318=CARTESIAN_POINT('',(0.E0,1.5E-1,-2.4E0));
#10319=VERTEX_POINT('',#10317);
#10320=VERTEX_POINT('',#10318);
#10321=CARTESIAN_POINT('',(-2.4E0,1.5E-1,1.512568462311E-10));
#10322=VERTEX_POINT('',#10321);
#10323=CARTESIAN_POINT('',(0.E0,2.65E0,-2.4E0));
#10324=CARTESIAN_POINT('',(2.4E0,2.65E0,0.E0));
#10325=VERTEX_POINT('',#10323);
#10326=VERTEX_POINT('',#10324);
#10327=CARTESIAN_POINT('',(-2.4E0,2.65E0,1.512568462311E-10));
#10328=VERTEX_POINT('',#10327);
#10329=CARTESIAN_POINT('',(0.E0,2.8E0,-2.25E0));
#10330=CARTESIAN_POINT('',(2.25E0,2.8E0,0.E0));
#10331=VERTEX_POINT('',#10329);
#10332=VERTEX_POINT('',#10330);
#10333=CARTESIAN_POINT('',(-2.25E0,2.8E0,0.E0));
#10334=VERTEX_POINT('',#10333);
#10335=CARTESIAN_POINT('',(0.E0,2.8E0,2.25E0));
#10336=VERTEX_POINT('',#10335);
#10337=CARTESIAN_POINT('',(-1.7E0,2.8E0,0.E0));
#10338=CARTESIAN_POINT('',(1.7E0,2.8E0,0.E0));
#10339=VERTEX_POINT('',#10337);
#10340=VERTEX_POINT('',#10338);
#10341=CARTESIAN_POINT('',(0.E0,2.65E0,2.4E0));
#10342=VERTEX_POINT('',#10341);
#10343=CARTESIAN_POINT('',(4.371446355634E-11,1.3E0,1.4E0));
#10344=CARTESIAN_POINT('',(1.4E0,1.3E0,0.E0));
#10345=VERTEX_POINT('',#10343);
#10346=VERTEX_POINT('',#10344);
#10347=CARTESIAN_POINT('',(-1.4E0,1.3E0,1.919993671947E-11));
#10348=VERTEX_POINT('',#10347);
#10349=CARTESIAN_POINT('',(1.5E0,1.4E0,5.323228441141E-11));
#10350=VERTEX_POINT('',#10349);
#10351=CARTESIAN_POINT('',(0.E0,1.4E0,1.5E0));
#10352=VERTEX_POINT('',#10351);
#10353=CARTESIAN_POINT('',(-1.5E0,1.4E0,0.E0));
#10354=VERTEX_POINT('',#10353);
#10355=CARTESIAN_POINT('',(0.E0,1.3E0,-1.4E0));
#10356=VERTEX_POINT('',#10355);
#10357=CARTESIAN_POINT('',(0.E0,1.4E0,-1.5E0));
#10358=VERTEX_POINT('',#10357);
#10359=CARTESIAN_POINT('',(1.7E0,1.4E0,0.E0));
#10360=CARTESIAN_POINT('',(-1.7E0,1.4E0,0.E0));
#10361=VERTEX_POINT('',#10359);
#10362=VERTEX_POINT('',#10360);
#10363=CARTESIAN_POINT('',(0.E0,0.E0,0.E0));
#10364=DIRECTION('',(0.E0,1.E0,0.E0));
#10365=DIRECTION('',(1.E0,0.E0,0.E0));
#10366=AXIS2_PLACEMENT_3D('',#10363,#10364,#10365);
#10367=PLANE('',#10366);
#10369=ORIENTED_EDGE('',*,*,#10368,.F.);
#10371=ORIENTED_EDGE('',*,*,#10370,.T.);
#10373=ORIENTED_EDGE('',*,*,#10372,.T.);
#10375=ORIENTED_EDGE('',*,*,#10374,.T.);
#10377=ORIENTED_EDGE('',*,*,#10376,.T.);
#10379=ORIENTED_EDGE('',*,*,#10378,.T.);
#10380=EDGE_LOOP('',(#10369,#10371,#10373,#10375,#10377,#10379));
#10381=FACE_OUTER_BOUND('',#10380,.F.);
#10382=ADVANCED_FACE('',(#10381),#10367,.F.);
#10383=CARTESIAN_POINT('',(5.E-1,0.E0,0.E0));
#10384=DIRECTION('',(1.E0,0.E0,0.E0));
#10385=DIRECTION('',(0.E0,0.E0,1.E0));
#10386=AXIS2_PLACEMENT_3D('',#10383,#10384,#10385);
#10387=PLANE('',#10386);
#10388=ORIENTED_EDGE('',*,*,#10368,.T.);
#10390=ORIENTED_EDGE('',*,*,#10389,.F.);
#10392=ORIENTED_EDGE('',*,*,#10391,.T.);
#10394=ORIENTED_EDGE('',*,*,#10393,.T.);
#10396=ORIENTED_EDGE('',*,*,#10395,.F.);
#10398=ORIENTED_EDGE('',*,*,#10397,.F.);
#10399=EDGE_LOOP('',(#10388,#10390,#10392,#10394,#10396,#10398));
#10400=FACE_OUTER_BOUND('',#10399,.F.);
#10401=ADVANCED_FACE('',(#10400),#10387,.F.);
#10402=CARTESIAN_POINT('',(0.E0,7.499999999980E-2,0.E0));
#10403=DIRECTION('',(0.E0,-1.E0,0.E0));
#10404=DIRECTION('',(0.E0,0.E0,-1.E0));
#10405=AXIS2_PLACEMENT_3D('',#10402,#10403,#10404);
#10406=CONICAL_SURFACE('',#10405,1.475E0,4.5E1);
#10407=ORIENTED_EDGE('',*,*,#10378,.F.);
#10408=ORIENTED_EDGE('',*,*,#10376,.F.);
#10410=ORIENTED_EDGE('',*,*,#10409,.T.);
#10412=ORIENTED_EDGE('',*,*,#10411,.T.);
#10414=ORIENTED_EDGE('',*,*,#10413,.T.);
#10416=ORIENTED_EDGE('',*,*,#10415,.T.);
#10418=ORIENTED_EDGE('',*,*,#10417,.T.);
#10419=ORIENTED_EDGE('',*,*,#10389,.T.);
#10420=EDGE_LOOP('',(#10407,#10408,#10410,#10412,#10414,#10416,#10418,#10419));
#10421=FACE_OUTER_BOUND('',#10420,.F.);
#10422=ADVANCED_FACE('',(#10421),#10406,.F.);
#10423=CARTESIAN_POINT('',(-5.E-1,0.E0,3.E0));
#10424=DIRECTION('',(-1.E0,0.E0,0.E0));
#10425=DIRECTION('',(0.E0,0.E0,-1.E0));
#10426=AXIS2_PLACEMENT_3D('',#10423,#10424,#10425);
#10427=PLANE('',#10426);
#10428=ORIENTED_EDGE('',*,*,#10374,.F.);
#10430=ORIENTED_EDGE('',*,*,#10429,.F.);
#10432=ORIENTED_EDGE('',*,*,#10431,.F.);
#10434=ORIENTED_EDGE('',*,*,#10433,.T.);
#10436=ORIENTED_EDGE('',*,*,#10435,.T.);
#10437=ORIENTED_EDGE('',*,*,#10409,.F.);
#10438=EDGE_LOOP('',(#10428,#10430,#10432,#10434,#10436,#10437));
#10439=FACE_OUTER_BOUND('',#10438,.F.);
#10440=ADVANCED_FACE('',(#10439),#10427,.F.);
#10441=CARTESIAN_POINT('',(0.E0,7.5E-2,0.E0));
#10442=DIRECTION('',(0.E0,1.E0,0.E0));
#10443=DIRECTION('',(0.E0,0.E0,-1.E0));
#10444=AXIS2_PLACEMENT_3D('',#10441,#10442,#10443);
#10445=CONICAL_SURFACE('',#10444,2.325E0,4.5E1);
#10447=ORIENTED_EDGE('',*,*,#10446,.T.);
#10449=ORIENTED_EDGE('',*,*,#10448,.T.);
#10451=ORIENTED_EDGE('',*,*,#10450,.T.);
#10452=ORIENTED_EDGE('',*,*,#10429,.T.);
#10453=ORIENTED_EDGE('',*,*,#10372,.F.);
#10454=ORIENTED_EDGE('',*,*,#10370,.F.);
#10455=ORIENTED_EDGE('',*,*,#10397,.T.);
#10457=ORIENTED_EDGE('',*,*,#10456,.T.);
#10458=EDGE_LOOP('',(#10447,#10449,#10451,#10452,#10453,#10454,#10455,#10457));
#10459=FACE_OUTER_BOUND('',#10458,.F.);
#10460=ADVANCED_FACE('',(#10459),#10445,.T.);
#10461=CARTESIAN_POINT('',(0.E0,0.E0,0.E0));
#10462=DIRECTION('',(0.E0,1.E0,0.E0));
#10463=DIRECTION('',(1.E0,0.E0,0.E0));
#10464=AXIS2_PLACEMENT_3D('',#10461,#10462,#10463);
#10465=CYLINDRICAL_SURFACE('',#10464,2.4E0);
#10467=ORIENTED_EDGE('',*,*,#10466,.F.);
#10469=ORIENTED_EDGE('',*,*,#10468,.F.);
#10471=ORIENTED_EDGE('',*,*,#10470,.F.);
#10472=ORIENTED_EDGE('',*,*,#10448,.F.);
#10473=ORIENTED_EDGE('',*,*,#10446,.F.);
#10475=ORIENTED_EDGE('',*,*,#10474,.T.);
#10476=EDGE_LOOP('',(#10467,#10469,#10471,#10472,#10473,#10475));
#10477=FACE_OUTER_BOUND('',#10476,.F.);
#10478=ADVANCED_FACE('',(#10477),#10465,.T.);
#10479=CARTESIAN_POINT('',(0.E0,2.725E0,0.E0));
#10480=DIRECTION('',(0.E0,-1.E0,0.E0));
#10481=DIRECTION('',(0.E0,0.E0,-1.E0));
#10482=AXIS2_PLACEMENT_3D('',#10479,#10480,#10481);
#10483=CONICAL_SURFACE('',#10482,2.325E0,4.5E1);
#10485=ORIENTED_EDGE('',*,*,#10484,.F.);
#10487=ORIENTED_EDGE('',*,*,#10486,.F.);
#10489=ORIENTED_EDGE('',*,*,#10488,.T.);
#10490=ORIENTED_EDGE('',*,*,#10468,.T.);
#10491=ORIENTED_EDGE('',*,*,#10466,.T.);
#10493=ORIENTED_EDGE('',*,*,#10492,.F.);
#10494=EDGE_LOOP('',(#10485,#10487,#10489,#10490,#10491,#10493));
#10495=FACE_OUTER_BOUND('',#10494,.F.);
#10496=ADVANCED_FACE('',(#10495),#10483,.T.);
#10497=CARTESIAN_POINT('',(0.E0,2.8E0,0.E0));
#10498=DIRECTION('',(0.E0,1.E0,0.E0));
#10499=DIRECTION('',(1.E0,0.E0,0.E0));
#10500=AXIS2_PLACEMENT_3D('',#10497,#10498,#10499);
#10501=PLANE('',#10500);
#10502=ORIENTED_EDGE('',*,*,#10486,.T.);
#10503=ORIENTED_EDGE('',*,*,#10484,.T.);
#10505=ORIENTED_EDGE('',*,*,#10504,.T.);
#10507=ORIENTED_EDGE('',*,*,#10506,.T.);
#10508=EDGE_LOOP('',(#10502,#10503,#10505,#10507));
#10509=FACE_OUTER_BOUND('',#10508,.F.);
#10511=ORIENTED_EDGE('',*,*,#10510,.T.);
#10513=ORIENTED_EDGE('',*,*,#10512,.T.);
#10514=EDGE_LOOP('',(#10511,#10513));
#10515=FACE_BOUND('',#10514,.F.);
#10516=ADVANCED_FACE('',(#10509,#10515),#10501,.T.);
#10517=CARTESIAN_POINT('',(0.E0,2.725E0,0.E0));
#10518=DIRECTION('',(0.E0,-1.E0,0.E0));
#10519=DIRECTION('',(0.E0,0.E0,-1.E0));
#10520=AXIS2_PLACEMENT_3D('',#10517,#10518,#10519);
#10521=CONICAL_SURFACE('',#10520,2.325E0,4.5E1);
#10522=ORIENTED_EDGE('',*,*,#10506,.F.);
#10523=ORIENTED_EDGE('',*,*,#10504,.F.);
#10524=ORIENTED_EDGE('',*,*,#10492,.T.);
#10526=ORIENTED_EDGE('',*,*,#10525,.T.);
#10528=ORIENTED_EDGE('',*,*,#10527,.T.);
#10529=ORIENTED_EDGE('',*,*,#10488,.F.);
#10530=EDGE_LOOP('',(#10522,#10523,#10524,#10526,#10528,#10529));
#10531=FACE_OUTER_BOUND('',#10530,.F.);
#10532=ADVANCED_FACE('',(#10531),#10521,.T.);
#10533=CARTESIAN_POINT('',(0.E0,0.E0,0.E0));
#10534=DIRECTION('',(0.E0,1.E0,0.E0));
#10535=DIRECTION('',(1.E0,0.E0,0.E0));
#10536=AXIS2_PLACEMENT_3D('',#10533,#10534,#10535);
#10537=CYLINDRICAL_SURFACE('',#10536,2.4E0);
#10539=ORIENTED_EDGE('',*,*,#10538,.F.);
#10540=ORIENTED_EDGE('',*,*,#10431,.T.);
#10541=ORIENTED_EDGE('',*,*,#10450,.F.);
#10542=ORIENTED_EDGE('',*,*,#10470,.T.);
#10543=ORIENTED_EDGE('',*,*,#10527,.F.);
#10544=ORIENTED_EDGE('',*,*,#10525,.F.);
#10545=ORIENTED_EDGE('',*,*,#10474,.F.);
#10546=ORIENTED_EDGE('',*,*,#10456,.F.);
#10547=ORIENTED_EDGE('',*,*,#10395,.T.);
#10548=EDGE_LOOP('',(#10539,#10540,#10541,#10542,#10543,#10544,#10545,#10546,
#10547));
#10549=FACE_OUTER_BOUND('',#10548,.F.);
#10550=ADVANCED_FACE('',(#10549),#10537,.T.);
#10551=CARTESIAN_POINT('',(0.E0,5.E-1,0.E0));
#10552=DIRECTION('',(0.E0,-1.E0,0.E0));
#10553=DIRECTION('',(1.E0,0.E0,0.E0));
#10554=AXIS2_PLACEMENT_3D('',#10551,#10552,#10553);
#10555=PLANE('',#10554);
#10556=ORIENTED_EDGE('',*,*,#10538,.T.);
#10557=ORIENTED_EDGE('',*,*,#10393,.F.);
#10559=ORIENTED_EDGE('',*,*,#10558,.T.);
#10560=ORIENTED_EDGE('',*,*,#10433,.F.);
#10561=EDGE_LOOP('',(#10556,#10557,#10559,#10560));
#10562=FACE_OUTER_BOUND('',#10561,.F.);
#10563=ADVANCED_FACE('',(#10562),#10555,.T.);
#10564=CARTESIAN_POINT('',(0.E0,0.E0,0.E0));
#10565=DIRECTION('',(0.E0,1.E0,0.E0));
#10566=DIRECTION('',(1.E0,0.E0,0.E0));
#10567=AXIS2_PLACEMENT_3D('',#10564,#10565,#10566);
#10568=CYLINDRICAL_SURFACE('',#10567,1.4E0);
#10570=ORIENTED_EDGE('',*,*,#10569,.F.);
#10572=ORIENTED_EDGE('',*,*,#10571,.F.);
#10574=ORIENTED_EDGE('',*,*,#10573,.F.);
#10575=ORIENTED_EDGE('',*,*,#10411,.F.);
#10576=ORIENTED_EDGE('',*,*,#10435,.F.);
#10577=ORIENTED_EDGE('',*,*,#10558,.F.);
#10578=ORIENTED_EDGE('',*,*,#10391,.F.);
#10579=ORIENTED_EDGE('',*,*,#10417,.F.);
#10581=ORIENTED_EDGE('',*,*,#10580,.T.);
#10582=EDGE_LOOP('',(#10570,#10572,#10574,#10575,#10576,#10577,#10578,#10579,
#10581));
#10583=FACE_OUTER_BOUND('',#10582,.F.);
#10584=ADVANCED_FACE('',(#10583),#10568,.F.);
#10585=CARTESIAN_POINT('',(0.E0,1.35E0,0.E0));
#10586=DIRECTION('',(0.E0,1.E0,0.E0));
#10587=DIRECTION('',(0.E0,0.E0,-1.E0));
#10588=AXIS2_PLACEMENT_3D('',#10585,#10586,#10587);
#10589=CONICAL_SURFACE('',#10588,1.45E0,4.5E1);
#10590=ORIENTED_EDGE('',*,*,#10571,.T.);
#10591=ORIENTED_EDGE('',*,*,#10569,.T.);
#10593=ORIENTED_EDGE('',*,*,#10592,.T.);
#10595=ORIENTED_EDGE('',*,*,#10594,.F.);
#10597=ORIENTED_EDGE('',*,*,#10596,.F.);
#10599=ORIENTED_EDGE('',*,*,#10598,.F.);
#10600=EDGE_LOOP('',(#10590,#10591,#10593,#10595,#10597,#10599));
#10601=FACE_OUTER_BOUND('',#10600,.F.);
#10602=ADVANCED_FACE('',(#10601),#10589,.F.);
#10603=CARTESIAN_POINT('',(0.E0,1.35E0,0.E0));
#10604=DIRECTION('',(0.E0,1.E0,0.E0));
#10605=DIRECTION('',(0.E0,0.E0,-1.E0));
#10606=AXIS2_PLACEMENT_3D('',#10603,#10604,#10605);
#10607=CONICAL_SURFACE('',#10606,1.45E0,4.5E1);
#10609=ORIENTED_EDGE('',*,*,#10608,.T.);
#10611=ORIENTED_EDGE('',*,*,#10610,.T.);
#10612=ORIENTED_EDGE('',*,*,#10598,.T.);
#10614=ORIENTED_EDGE('',*,*,#10613,.F.);
#10616=ORIENTED_EDGE('',*,*,#10615,.F.);
#10617=ORIENTED_EDGE('',*,*,#10592,.F.);
#10618=EDGE_LOOP('',(#10609,#10611,#10612,#10614,#10616,#10617));
#10619=FACE_OUTER_BOUND('',#10618,.F.);
#10620=ADVANCED_FACE('',(#10619),#10607,.F.);
#10621=CARTESIAN_POINT('',(0.E0,0.E0,0.E0));
#10622=DIRECTION('',(0.E0,1.E0,0.E0));
#10623=DIRECTION('',(1.E0,0.E0,0.E0));
#10624=AXIS2_PLACEMENT_3D('',#10621,#10622,#10623);
#10625=CYLINDRICAL_SURFACE('',#10624,1.4E0);
#10626=ORIENTED_EDGE('',*,*,#10610,.F.);
#10627=ORIENTED_EDGE('',*,*,#10608,.F.);
#10628=ORIENTED_EDGE('',*,*,#10580,.F.);
#10629=ORIENTED_EDGE('',*,*,#10415,.F.);
#10630=ORIENTED_EDGE('',*,*,#10413,.F.);
#10631=ORIENTED_EDGE('',*,*,#10573,.T.);
#10632=EDGE_LOOP('',(#10626,#10627,#10628,#10629,#10630,#10631));
#10633=FACE_OUTER_BOUND('',#10632,.F.);
#10634=ADVANCED_FACE('',(#10633),#10625,.F.);
#10635=CARTESIAN_POINT('',(0.E0,1.4E0,0.E0));
#10636=DIRECTION('',(0.E0,-1.E0,0.E0));
#10637=DIRECTION('',(1.E0,0.E0,0.E0));
#10638=AXIS2_PLACEMENT_3D('',#10635,#10636,#10637);
#10639=PLANE('',#10638);
#10641=ORIENTED_EDGE('',*,*,#10640,.T.);
#10643=ORIENTED_EDGE('',*,*,#10642,.T.);
#10644=EDGE_LOOP('',(#10641,#10643));
#10645=FACE_OUTER_BOUND('',#10644,.F.);
#10646=ORIENTED_EDGE('',*,*,#10615,.T.);
#10647=ORIENTED_EDGE('',*,*,#10613,.T.);
#10648=ORIENTED_EDGE('',*,*,#10596,.T.);
#10649=ORIENTED_EDGE('',*,*,#10594,.T.);
#10650=EDGE_LOOP('',(#10646,#10647,#10648,#10649));
#10651=FACE_BOUND('',#10650,.F.);
#10652=ADVANCED_FACE('',(#10645,#10651),#10639,.F.);
#10653=CARTESIAN_POINT('',(0.E0,2.8E0,0.E0));
#10654=DIRECTION('',(0.E0,-1.E0,0.E0));
#10655=DIRECTION('',(1.E0,0.E0,0.E0));
#10656=AXIS2_PLACEMENT_3D('',#10653,#10654,#10655);
#10657=CYLINDRICAL_SURFACE('',#10656,1.7E0);
#10659=ORIENTED_EDGE('',*,*,#10658,.T.);
#10660=ORIENTED_EDGE('',*,*,#10510,.F.);
#10662=ORIENTED_EDGE('',*,*,#10661,.F.);
#10663=ORIENTED_EDGE('',*,*,#10640,.F.);
#10664=EDGE_LOOP('',(#10659,#10660,#10662,#10663));
#10665=FACE_OUTER_BOUND('',#10664,.F.);
#10666=ADVANCED_FACE('',(#10665),#10657,.F.);
#10667=CARTESIAN_POINT('',(0.E0,2.8E0,0.E0));
#10668=DIRECTION('',(0.E0,-1.E0,0.E0));
#10669=DIRECTION('',(1.E0,0.E0,0.E0));
#10670=AXIS2_PLACEMENT_3D('',#10667,#10668,#10669);
#10671=CYLINDRICAL_SURFACE('',#10670,1.7E0);
#10672=ORIENTED_EDGE('',*,*,#10658,.F.);
#10673=ORIENTED_EDGE('',*,*,#10642,.F.);
#10674=ORIENTED_EDGE('',*,*,#10661,.T.);
#10675=ORIENTED_EDGE('',*,*,#10512,.F.);
#10676=EDGE_LOOP('',(#10672,#10673,#10674,#10675));
#10677=FACE_OUTER_BOUND('',#10676,.F.);
#10678=ADVANCED_FACE('',(#10677),#10671,.F.);
#10679=CLOSED_SHELL('',(#10382,#10401,#10422,#10440,#10460,#10478,#10496,#10516,
#10532,#10550,#10563,#10584,#10602,#10620,#10634,#10652,#10666,#10678));
#10680=MANIFOLD_SOLID_BREP('',#10679);
#10682=DIMENSIONAL_EXPONENTS(0.E0,0.E0,0.E0,0.E0,0.E0,0.E0,0.E0);
#10684=PLANE_ANGLE_MEASURE_WITH_UNIT(PLANE_ANGLE_MEASURE(1.745329251994E-2),
#10683);
#10685=(CONVERSION_BASED_UNIT('DEGREE',#10684)NAMED_UNIT(*)PLANE_ANGLE_UNIT());
#10687=UNCERTAINTY_MEASURE_WITH_UNIT(LENGTH_MEASURE(7.343862442416E-4),#10681,
'closure',
'Maximum model space distance between geometric entities at asserted connectivities');
#10688=(GEOMETRIC_REPRESENTATION_CONTEXT(3)GLOBAL_UNCERTAINTY_ASSIGNED_CONTEXT((
#10687))GLOBAL_UNIT_ASSIGNED_CONTEXT((#10681,#10685,#10686))REPRESENTATION_CONTEXT('ID3','3'));
#10689=CARTESIAN_POINT('',(0.E0,0.E0,0.E0));
#10690=DIRECTION('',(0.E0,0.E0,1.E0));
#10691=DIRECTION('',(1.E0,0.E0,0.E0));
#10694=DESIGN_CONTEXT('',#9352,'design');
#10695=MECHANICAL_CONTEXT('',#9352,'mechanical');
#10696=PRODUCT('DC12_A01_SPACER_RING_1_2','DC12_A01_SPACER_RING_1_2',
'NOT SPECIFIED',(#10695));
#10697=PRODUCT_DEFINITION_FORMATION_WITH_SPECIFIED_SOURCE('1','LAST_VERSION',
#10696,.MADE.);
#10703=CARTESIAN_POINT('',(1.1E1,8.E0,-1.42E1));
#10704=DIRECTION('',(0.E0,1.E0,0.E0));
#10705=DIRECTION('',(1.E0,0.E0,0.E0));
#10706=AXIS2_PLACEMENT_3D('',#10703,#10704,#10705);
#10707=ITEM_DEFINED_TRANSFORMATION('','',#10692,#10706);
#10708=CARTESIAN_POINT('',(0.E0,0.E0,0.E0));
#10709=DIRECTION('',(0.E0,0.E0,1.E0));
#10710=DIRECTION('',(1.E0,0.E0,0.E0));
#10712=(REPRESENTATION_RELATIONSHIP('','',#10693,#9363)REPRESENTATION_RELATIONSHIP_WITH_TRANSFORMATION(#10707)SHAPE_REPRESENTATION_RELATIONSHIP());
#10713=CONTEXT_DEPENDENT_SHAPE_REPRESENTATION(#10712,#10702);
#10716=CARTESIAN_POINT('',(-1.1E1,8.E0,-1.42E1));
#10717=DIRECTION('',(0.E0,1.E0,0.E0));
#10718=DIRECTION('',(1.E0,0.E0,0.E0));
#10719=AXIS2_PLACEMENT_3D('',#10716,#10717,#10718);
#10720=ITEM_DEFINED_TRANSFORMATION('','',#10692,#10719);
#10721=CARTESIAN_POINT('',(0.E0,0.E0,0.E0));
#10722=DIRECTION('',(0.E0,0.E0,1.E0));
#10723=DIRECTION('',(1.E0,0.E0,0.E0));
#10725=(REPRESENTATION_RELATIONSHIP('','',#10693,#9363)REPRESENTATION_RELATIONSHIP_WITH_TRANSFORMATION(#10720)SHAPE_REPRESENTATION_RELATIONSHIP());
#10726=CONTEXT_DEPENDENT_SHAPE_REPRESENTATION(#10725,#10715);
#10729=CARTESIAN_POINT('',(1.1E1,-3.2E1,-1.42E1));
#10730=DIRECTION('',(0.E0,1.E0,0.E0));
#10731=DIRECTION('',(1.E0,0.E0,0.E0));
#10732=AXIS2_PLACEMENT_3D('',#10729,#10730,#10731);
#10733=ITEM_DEFINED_TRANSFORMATION('','',#10692,#10732);
#10734=CARTESIAN_POINT('',(0.E0,0.E0,0.E0));
#10735=DIRECTION('',(0.E0,0.E0,1.E0));
#10736=DIRECTION('',(1.E0,0.E0,0.E0));
#10738=(REPRESENTATION_RELATIONSHIP('','',#10693,#9363)REPRESENTATION_RELATIONSHIP_WITH_TRANSFORMATION(#10733)SHAPE_REPRESENTATION_RELATIONSHIP());
#10739=CONTEXT_DEPENDENT_SHAPE_REPRESENTATION(#10738,#10728);
#10742=CARTESIAN_POINT('',(-1.1E1,-3.2E1,-1.42E1));
#10743=DIRECTION('',(0.E0,1.E0,0.E0));
#10744=DIRECTION('',(1.E0,0.E0,0.E0));
#10745=AXIS2_PLACEMENT_3D('',#10742,#10743,#10744);
#10746=ITEM_DEFINED_TRANSFORMATION('','',#10692,#10745);
#10747=CARTESIAN_POINT('',(0.E0,0.E0,0.E0));
#10748=DIRECTION('',(0.E0,0.E0,1.E0));
#10749=DIRECTION('',(1.E0,0.E0,0.E0));
#10751=(REPRESENTATION_RELATIONSHIP('','',#10693,#9363)REPRESENTATION_RELATIONSHIP_WITH_TRANSFORMATION(#10746)SHAPE_REPRESENTATION_RELATIONSHIP());
#10752=CONTEXT_DEPENDENT_SHAPE_REPRESENTATION(#10751,#10741);
#10755=CARTESIAN_POINT('',(-1.1E1,-3.2E1,1.42E1));
#10756=DIRECTION('',(0.E0,1.E0,0.E0));
#10757=DIRECTION('',(-1.E0,0.E0,0.E0));
#10758=AXIS2_PLACEMENT_3D('',#10755,#10756,#10757);
#10759=ITEM_DEFINED_TRANSFORMATION('','',#10692,#10758);
#10760=CARTESIAN_POINT('',(0.E0,0.E0,0.E0));
#10761=DIRECTION('',(0.E0,0.E0,1.E0));
#10762=DIRECTION('',(1.E0,0.E0,0.E0));
#10764=(REPRESENTATION_RELATIONSHIP('','',#10693,#9363)REPRESENTATION_RELATIONSHIP_WITH_TRANSFORMATION(#10759)SHAPE_REPRESENTATION_RELATIONSHIP());
#10765=CONTEXT_DEPENDENT_SHAPE_REPRESENTATION(#10764,#10754);
#10768=CARTESIAN_POINT('',(1.1E1,-3.2E1,1.42E1));
#10769=DIRECTION('',(0.E0,1.E0,0.E0));
#10770=DIRECTION('',(-1.E0,0.E0,0.E0));
#10771=AXIS2_PLACEMENT_3D('',#10768,#10769,#10770);
#10772=ITEM_DEFINED_TRANSFORMATION('','',#10692,#10771);
#10773=CARTESIAN_POINT('',(0.E0,0.E0,0.E0));
#10774=DIRECTION('',(0.E0,0.E0,1.E0));
#10775=DIRECTION('',(1.E0,0.E0,0.E0));
#10777=(REPRESENTATION_RELATIONSHIP('','',#10693,#9363)REPRESENTATION_RELATIONSHIP_WITH_TRANSFORMATION(#10772)SHAPE_REPRESENTATION_RELATIONSHIP());
#10778=CONTEXT_DEPENDENT_SHAPE_REPRESENTATION(#10777,#10767);
#10781=CARTESIAN_POINT('',(-1.1E1,8.E0,1.42E1));
#10782=DIRECTION('',(0.E0,1.E0,0.E0));
#10783=DIRECTION('',(-1.E0,0.E0,0.E0));
#10784=AXIS2_PLACEMENT_3D('',#10781,#10782,#10783);
#10785=ITEM_DEFINED_TRANSFORMATION('','',#10692,#10784);
#10786=CARTESIAN_POINT('',(0.E0,0.E0,0.E0));
#10787=DIRECTION('',(0.E0,0.E0,1.E0));
#10788=DIRECTION('',(1.E0,0.E0,0.E0));
#10790=(REPRESENTATION_RELATIONSHIP('','',#10693,#9363)REPRESENTATION_RELATIONSHIP_WITH_TRANSFORMATION(#10785)SHAPE_REPRESENTATION_RELATIONSHIP());
#10791=CONTEXT_DEPENDENT_SHAPE_REPRESENTATION(#10790,#10780);
#10794=CARTESIAN_POINT('',(1.1E1,8.E0,1.42E1));
#10795=DIRECTION('',(0.E0,1.E0,0.E0));
#10796=DIRECTION('',(-1.E0,0.E0,0.E0));
#10797=AXIS2_PLACEMENT_3D('',#10794,#10795,#10796);
#10798=ITEM_DEFINED_TRANSFORMATION('','',#10692,#10797);
#10799=CARTESIAN_POINT('',(0.E0,0.E0,0.E0));
#10800=DIRECTION('',(0.E0,0.E0,1.E0));
#10801=DIRECTION('',(1.E0,0.E0,0.E0));
#10803=(REPRESENTATION_RELATIONSHIP('','',#10693,#9363)REPRESENTATION_RELATIONSHIP_WITH_TRANSFORMATION(#10798)SHAPE_REPRESENTATION_RELATIONSHIP());
#10804=CONTEXT_DEPENDENT_SHAPE_REPRESENTATION(#10803,#10793);
#10805=DIRECTION('',(0.E0,-1.E0,-5.959485174140E-14));
#10806=VECTOR('',#10805,8.346021518609E-1);
#10807=CARTESIAN_POINT('',(-1.2E1,-1.996539784814E1,-8.2E0));
#10808=LINE('',#10807,#10806);
#10809=DIRECTION('',(-1.E0,0.E0,0.E0));
#10810=VECTOR('',#10809,1.7E0);
#10811=CARTESIAN_POINT('',(-1.2E1,-2.08E1,-8.2E0));
#10812=LINE('',#10811,#10810);
#10813=DIRECTION('',(0.E0,1.E0,5.959485174144E-14));
#10814=VECTOR('',#10813,8.346021518604E-1);
#10815=CARTESIAN_POINT('',(-1.37E1,-2.08E1,-8.2E0));
#10816=LINE('',#10815,#10814);
#10817=DIRECTION('',(0.E0,3.489949670608E-2,-9.993908270190E-1));
#10818=VECTOR('',#10817,8.004876354393E-1);
#10819=CARTESIAN_POINT('',(-1.2E1,-1.996539784814E1,-8.2E0));
#10820=LINE('',#10819,#10818);
#10821=DIRECTION('',(0.E0,-1.E0,7.012866616846E-14));
#10822=VECTOR('',#10821,9.625387674572E-1);
#10823=CARTESIAN_POINT('',(-1.2E1,-1.993746123254E1,-9.E0));
#10824=LINE('',#10823,#10822);
#10825=DIRECTION('',(0.E0,4.472135955E-1,8.944271909999E-1));
#10826=VECTOR('',#10825,2.236067977500E-1);
#10827=CARTESIAN_POINT('',(-1.2E1,-2.09E1,-8.4E0));
#10828=LINE('',#10827,#10826);
#10829=DIRECTION('',(-1.E0,-2.779475995767E-13,0.E0));
#10830=VECTOR('',#10829,1.7E0);
#10831=CARTESIAN_POINT('',(-1.2E1,-1.996539784814E1,-8.2E0));
#10832=LINE('',#10831,#10830);
#10833=DIRECTION('',(6.676101945626E-13,3.489949670347E-2,-9.993908270191E-1));
#10834=VECTOR('',#10833,3.969868084656E0);
#10835=CARTESIAN_POINT('',(-1.405E1,-1.995317557882E1,-8.55E0));
#10836=LINE('',#10835,#10834);
#10837=DIRECTION('',(1.E0,0.E0,0.E0));
#10838=VECTOR('',#10837,3.433266234803E0);
#10839=CARTESIAN_POINT('',(-1.325E1,-1.97E1,-1.58E1));
#10840=LINE('',#10839,#10838);
#10841=DIRECTION('',(-8.710305275902E-2,-3.476685441059E-2,9.955924487633E-1));
#10842=VECTOR('',#10841,6.646726938089E0);
#10843=CARTESIAN_POINT('',(-1.001597270482E1,-1.970637544478E1,
-1.561743114855E1));
#10844=LINE('',#10843,#10842);
#10845=DIRECTION('',(1.E0,1.089776218413E-12,1.099890150835E-13));
#10846=VECTOR('',#10845,1.405077088021E0);
#10847=CARTESIAN_POINT('',(-1.2E1,-1.993746123254E1,-9.E0));
#10848=LINE('',#10847,#10846);
#10849=DIRECTION('',(0.E0,1.E0,-6.274670130853E-14));
#10850=VECTOR('',#10849,9.625387674587E-1);
#10851=CARTESIAN_POINT('',(-1.059492291198E1,-2.09E1,-9.E0));
#10852=LINE('',#10851,#10850);
#10853=DIRECTION('',(2.473625092174E-5,-9.999999599819E-1,-2.818232091554E-4));
#10854=VECTOR('',#10853,1.193624602989E0);
#10855=CARTESIAN_POINT('',(-1.001597270482E1,-1.970637544478E1,
-1.561743114855E1));
#10856=LINE('',#10855,#10854);
#10857=CARTESIAN_POINT('',(-1.001597270481E1,-1.970637544478E1,
-1.561743114856E1));
#10858=CARTESIAN_POINT('',(-1.001065007925E1,-1.970425093890E1,
-1.567826903705E1));
#10859=CARTESIAN_POINT('',(-9.959483645727E0,-1.970154513971E1,
-1.575575298782E1));
#10860=CARTESIAN_POINT('',(-9.877840986893E0,-1.97E1,-1.58E1));
#10861=CARTESIAN_POINT('',(-9.816733765197E0,-1.97E1,-1.58E1));
#10863=DIRECTION('',(0.E0,-1.E0,0.E0));
#10864=VECTOR('',#10863,1.2E0);
#10865=CARTESIAN_POINT('',(-9.816733765197E0,-1.97E1,-1.58E1));
#10866=LINE('',#10865,#10864);
#10867=DIRECTION('',(2.814036443247E-4,-9.999999604060E-1,7.918791826998E-8));
#10868=VECTOR('',#10867,1.200000047513E0);
#10869=CARTESIAN_POINT('',(9.816733765197E0,-1.97E1,-1.58E1));
#10870=LINE('',#10869,#10868);
#10871=DIRECTION('',(-9.999999999997E-1,-3.034654214531E-14,
-8.116881425895E-7));
#10872=VECTOR('',#10871,1.170714495836E-1);
#10873=CARTESIAN_POINT('',(9.817071449584E0,-2.09E1,-1.579999990497E1));
#10874=LINE('',#10873,#10872);
#10875=DIRECTION('',(-7.071067811865E-1,7.071067811866E-1,0.E0));
#10876=VECTOR('',#10875,2.828427124746E-1);
#10877=CARTESIAN_POINT('',(9.7E0,-2.09E1,-1.58E1));
#10878=LINE('',#10877,#10876);
#10879=DIRECTION('',(-5.711461315669E-14,1.E0,0.E0));
#10880=VECTOR('',#10879,1.772792184866E0);
#10881=CARTESIAN_POINT('',(9.5E0,-2.07E1,-1.58E1));
#10882=LINE('',#10881,#10880);
#10883=CARTESIAN_POINT('',(9.100000000010E0,-1.892720779386E1,-1.58E1));
#10884=DIRECTION('',(0.E0,0.E0,1.E0));
#10885=DIRECTION('',(1.E0,-7.851497230349E-12,0.E0));
#10886=AXIS2_PLACEMENT_3D('',#10883,#10884,#10885);
#10888=DIRECTION('',(-7.071067811865E-1,7.071067811865E-1,-5.502740615499E-14));
#10889=VECTOR('',#10888,4.422539676182E0);
#10890=CARTESIAN_POINT('',(9.382842714534E0,-1.864436508345E1,-1.58E1));
#10891=LINE('',#10890,#10889);
#10892=CARTESIAN_POINT('',(5.972792206136E0,-1.58E1,-1.58E1));
#10893=DIRECTION('',(0.E0,0.E0,1.E0));
#10894=DIRECTION('',(7.071067811354E-1,7.071067812377E-1,0.E0));
#10895=AXIS2_PLACEMENT_3D('',#10892,#10893,#10894);
#10897=CARTESIAN_POINT('',(-5.972792206136E0,-1.58E1,-1.58E1));
#10898=DIRECTION('',(0.E0,0.E0,1.E0));
#10899=DIRECTION('',(0.E0,1.E0,0.E0));
#10900=AXIS2_PLACEMENT_3D('',#10897,#10898,#10899);
#10902=DIRECTION('',(-7.071067811867E-1,-7.071067811864E-1,0.E0));
#10903=VECTOR('',#10902,4.422539655733E0);
#10904=CARTESIAN_POINT('',(-6.255634917191E0,-1.551715728611E1,-1.58E1));
#10905=LINE('',#10904,#10903);
#10906=CARTESIAN_POINT('',(-9.099999999998E0,-1.892720779386E1,-1.58E1));
#10907=DIRECTION('',(0.E0,0.E0,1.E0));
#10908=DIRECTION('',(-7.071067812240E-1,7.071067811491E-1,0.E0));
#10909=AXIS2_PLACEMENT_3D('',#10906,#10907,#10908);
#10911=DIRECTION('',(-2.174363313333E-13,-1.E0,-1.372754718556E-13));
#10912=VECTOR('',#10911,1.772792209039E0);
#10913=CARTESIAN_POINT('',(-9.5E0,-1.892720779096E1,-1.58E1));
#10914=LINE('',#10913,#10912);
#10915=DIRECTION('',(-7.071067811868E-1,-7.071067811862E-1,0.E0));
#10916=VECTOR('',#10915,2.828427124744E-1);
#10917=CARTESIAN_POINT('',(-9.5E0,-2.07E1,-1.58E1));
#10918=LINE('',#10917,#10916);
#10919=DIRECTION('',(-1.E0,-6.086865565940E-14,0.E0));
#10920=VECTOR('',#10919,1.167337651970E-1);
#10921=CARTESIAN_POINT('',(-9.7E0,-2.09E1,-1.58E1));
#10922=LINE('',#10921,#10920);
#10923=DIRECTION('',(-2.814036443424E-4,9.999999604060E-1,7.918791975027E-8));
#10924=VECTOR('',#10923,1.200000047513E0);
#10925=CARTESIAN_POINT('',(-9.816733765197E0,-9.3E0,-1.58E1));
#10926=LINE('',#10925,#10924);
#10927=DIRECTION('',(1.E0,0.E0,-2.339334938620E-8));
#10928=VECTOR('',#10927,4.062073621608E0);
#10929=CARTESIAN_POINT('',(-9.817071449584E0,-8.1E0,-1.579999990497E1));
#10930=LINE('',#10929,#10928);
#10931=CARTESIAN_POINT('',(-5.754997827975E0,-8.3E0,-1.58E1));
#10932=DIRECTION('',(0.E0,0.E0,-1.E0));
#10933=DIRECTION('',(-1.776356839400E-13,1.E0,0.E0));
#10934=AXIS2_PLACEMENT_3D('',#10931,#10932,#10933);
#10936=CARTESIAN_POINT('',(0.E0,0.E0,-1.58E1));
#10937=DIRECTION('',(0.E0,0.E0,1.E0));
#10938=DIRECTION('',(-5.698017651469E-1,-8.217821782173E-1,0.E0));
#10939=AXIS2_PLACEMENT_3D('',#10936,#10937,#10938);
#10941=CARTESIAN_POINT('',(5.754997827975E0,-8.3E0,-1.58E1));
#10942=DIRECTION('',(0.E0,0.E0,-1.E0));
#10943=DIRECTION('',(-5.698017651132E-1,8.217821782406E-1,0.E0));
#10944=AXIS2_PLACEMENT_3D('',#10941,#10942,#10943);
#10946=DIRECTION('',(1.E0,0.E0,0.E0));
#10947=VECTOR('',#10946,4.061735937222E0);
#10948=CARTESIAN_POINT('',(5.754997827975E0,-8.1E0,-1.58E1));
#10949=LINE('',#10948,#10947);
#10950=DIRECTION('',(0.E0,1.E0,0.E0));
#10951=VECTOR('',#10950,1.2E0);
#10952=CARTESIAN_POINT('',(9.816733765197E0,-9.3E0,-1.58E1));
#10953=LINE('',#10952,#10951);
#10954=CARTESIAN_POINT('',(1.001597270482E1,-9.293624555220E0,
-1.561743114850E1));
#10955=CARTESIAN_POINT('',(1.001065007928E1,-9.295749061101E0,
-1.567826903700E1));
#10956=CARTESIAN_POINT('',(9.959483645754E0,-9.298454860286E0,
-1.575575298780E1));
#10957=CARTESIAN_POINT('',(9.877840986913E0,-9.3E0,-1.58E1));
#10958=CARTESIAN_POINT('',(9.816733765197E0,-9.3E0,-1.58E1));
#10960=DIRECTION('',(-8.715575699795E-2,0.E0,-9.961946968450E-1));
#10961=VECTOR('',#10960,6.643046344872E0);
#10962=CARTESIAN_POINT('',(1.059492291198E1,-8.1E0,-9.E0));
#10963=LINE('',#10962,#10961);
#10964=CARTESIAN_POINT('',(9.816733765197E0,-8.1E0,-1.56E1));
#10965=DIRECTION('',(0.E0,1.E0,0.E0));
#10966=DIRECTION('',(9.960461226085E-1,0.E0,-8.883761386111E-2));
#10967=AXIS2_PLACEMENT_3D('',#10964,#10965,#10966);
#10969=DIRECTION('',(7.071067811866E-1,-1.787811946302E-12,7.071067811865E-1));
#10970=VECTOR('',#10969,4.242640687086E-1);
#10971=CARTESIAN_POINT('',(1.395E1,-8.099999999999E0,-1.68E1));
#10972=LINE('',#10971,#10970);
#10973=DIRECTION('',(-1.E0,0.E0,0.E0));
#10974=VECTOR('',#10973,5.5E-1);
#10975=CARTESIAN_POINT('',(1.425E1,-8.1E0,-8.55E0));
#10976=LINE('',#10975,#10974);
#10977=DIRECTION('',(0.E0,0.E0,-1.E0));
#10978=VECTOR('',#10977,1.1E0);
#10979=CARTESIAN_POINT('',(1.32E1,-8.1E0,-8.4E0));
#10980=LINE('',#10979,#10978);
#10981=DIRECTION('',(-1.E0,0.E0,0.E0));
#10982=VECTOR('',#10981,1.2E0);
#10983=CARTESIAN_POINT('',(1.32E1,-8.1E0,-9.5E0));
#10984=LINE('',#10983,#10982);
#10985=DIRECTION('',(-2.842170943040E-14,0.E0,1.E0));
#10986=VECTOR('',#10985,5.E-1);
#10987=CARTESIAN_POINT('',(1.2E1,-8.1E0,-9.5E0));
#10988=LINE('',#10987,#10986);
#10989=DIRECTION('',(-5.647203117783E-13,1.E0,0.E0));
#10990=VECTOR('',#10989,9.625387674561E-1);
#10991=CARTESIAN_POINT('',(1.059492291198E1,-9.062538767456E0,-9.E0));
#10992=LINE('',#10991,#10990);
#10993=DIRECTION('',(1.E0,0.E0,-2.022786484295E-14));
#10994=VECTOR('',#10993,1.405077088020E0);
#10995=CARTESIAN_POINT('',(1.059492291198E1,-8.1E0,-9.E0));
#10996=LINE('',#10995,#10994);
#10997=DIRECTION('',(-8.710305275902E-2,-3.476685441101E-2,-9.955924487633E-1));
#10998=VECTOR('',#10997,6.646726938058E0);
#10999=CARTESIAN_POINT('',(1.059492291198E1,-9.062538767456E0,-9.E0));
#11000=LINE('',#10999,#10998);
#11001=DIRECTION('',(-2.473625276118E-5,9.999999599819E-1,-2.818232250362E-4));
#11002=VECTOR('',#11001,1.193624602988E0);
#11003=CARTESIAN_POINT('',(1.001597270482E1,-9.293624555221E0,
-1.561743114852E1));
#11004=LINE('',#11003,#11002);
#11005=DIRECTION('',(1.E0,0.E0,-2.275634794833E-14));
#11006=VECTOR('',#11005,1.405077088020E0);
#11007=CARTESIAN_POINT('',(1.059492291198E1,-9.062538767456E0,-9.E0));
#11008=LINE('',#11007,#11006);
#11009=DIRECTION('',(1.E0,1.567373681824E-14,0.E0));
#11010=VECTOR('',#11009,1.7E0);
#11011=CARTESIAN_POINT('',(1.2E1,-9.034602151863E0,-8.2E0));
#11012=LINE('',#11011,#11010);
#11013=DIRECTION('',(-2.019789312581E-11,-3.489949671120E-2,
-9.993908270188E-1));
#11014=VECTOR('',#11013,3.969868088432E0);
#11015=CARTESIAN_POINT('',(1.405E1,-9.046824421183E0,-8.55E0));
#11016=LINE('',#11015,#11014);
#11017=DIRECTION('',(-1.E0,3.242028868104E-10,7.405468239805E-9));
#11018=VECTOR('',#11017,4.999999999207E-1);
#11019=CARTESIAN_POINT('',(1.404999999992E1,-9.185370819479E0,
-1.251744975205E1));
#11020=LINE('',#11019,#11018);
#11021=DIRECTION('',(-1.E0,0.E0,0.E0));
#11022=VECTOR('',#11021,3.433266234803E0);
#11023=CARTESIAN_POINT('',(1.325E1,-9.3E0,-1.58E1));
#11024=LINE('',#11023,#11022);
#11025=DIRECTION('',(0.E0,-3.489949670228E-2,-9.993908270191E-1));
#11026=VECTOR('',#11025,8.004876354390E-1);
#11027=CARTESIAN_POINT('',(1.2E1,-9.034602151863E0,-8.2E0));
#11028=LINE('',#11027,#11026);
#11029=DIRECTION('',(0.E0,1.E0,0.E0));
#11030=VECTOR('',#11029,9.625387674561E-1);
#11031=CARTESIAN_POINT('',(1.2E1,-9.062538767456E0,-9.E0));
#11032=LINE('',#11031,#11030);
#11033=DIRECTION('',(-1.588821858078E-14,-4.472135955E-1,8.944271909999E-1));
#11034=VECTOR('',#11033,2.236067977500E-1);
#11035=CARTESIAN_POINT('',(1.2E1,-8.1E0,-8.4E0));
#11036=LINE('',#11035,#11034);
#11037=DIRECTION('',(0.E0,1.E0,0.E0));
#11038=VECTOR('',#11037,8.346021518629E-1);
#11039=CARTESIAN_POINT('',(1.2E1,-9.034602151863E0,-8.2E0));
#11040=LINE('',#11039,#11038);
#11041=DIRECTION('',(1.E0,0.E0,0.E0));
#11042=VECTOR('',#11041,1.7E0);
#11043=CARTESIAN_POINT('',(1.2E1,-8.2E0,-8.2E0));
#11044=LINE('',#11043,#11042);
#11045=DIRECTION('',(1.E0,0.E0,0.E0));
#11046=VECTOR('',#11045,9.E-1);
#11047=CARTESIAN_POINT('',(1.23E1,-7.8E0,-9.E0));
#11048=LINE('',#11047,#11046);
#11049=DIRECTION('',(1.E0,0.E0,2.486899575160E-14));
#11050=VECTOR('',#11049,5.E-1);
#11051=CARTESIAN_POINT('',(1.32E1,-8.1E0,-8.4E0));
#11052=LINE('',#11051,#11050);
#11053=DIRECTION('',(-1.184237892934E-14,-1.480297366167E-14,-1.E0));
#11054=VECTOR('',#11053,6.E-1);
#11055=CARTESIAN_POINT('',(1.2E1,-8.1E0,-8.4E0));
#11056=LINE('',#11055,#11054);
#11057=DIRECTION('',(4.263256414560E-14,3.552713678800E-14,1.E0));
#11058=VECTOR('',#11057,5.E-1);
#11059=CARTESIAN_POINT('',(1.23E1,-7.8E0,-9.5E0));
#11060=LINE('',#11059,#11058);
#11061=DIRECTION('',(-4.082482904639E-1,-4.082482904639E-1,8.164965809277E-1));
#11062=VECTOR('',#11061,7.348469228349E-1);
#11063=CARTESIAN_POINT('',(1.23E1,-7.8E0,-9.E0));
#11064=LINE('',#11063,#11062);
#11065=DIRECTION('',(-7.071067811865E-1,-7.071067811866E-1,0.E0));
#11066=VECTOR('',#11065,4.242640687119E-1);
#11067=CARTESIAN_POINT('',(1.23E1,-7.8E0,-9.5E0));
#11068=LINE('',#11067,#11066);
#11069=DIRECTION('',(0.E0,1.E0,0.E0));
#11070=VECTOR('',#11069,3.E-1);
#11071=CARTESIAN_POINT('',(1.32E1,-8.1E0,-9.5E0));
#11072=LINE('',#11071,#11070);
#11073=DIRECTION('',(-1.E0,0.E0,0.E0));
#11074=VECTOR('',#11073,9.E-1);
#11075=CARTESIAN_POINT('',(1.32E1,-7.8E0,-9.5E0));
#11076=LINE('',#11075,#11074);
#11077=DIRECTION('',(0.E0,4.472135955E-1,-8.944271909999E-1));
#11078=VECTOR('',#11077,6.708203932499E-1);
#11079=CARTESIAN_POINT('',(1.32E1,-8.1E0,-8.4E0));
#11080=LINE('',#11079,#11078);
#11081=DIRECTION('',(-1.421085471520E-14,-3.197442310920E-14,-1.E0));
#11082=VECTOR('',#11081,5.E-1);
#11083=CARTESIAN_POINT('',(1.32E1,-7.8E0,-9.E0));
#11084=LINE('',#11083,#11082);
#11085=DIRECTION('',(-2.368475785867E-14,-3.552713678800E-14,-1.E0));
#11086=VECTOR('',#11085,1.5E-1);
#11087=CARTESIAN_POINT('',(1.37E1,-8.1E0,-8.4E0));
#11088=LINE('',#11087,#11086);
#11089=DIRECTION('',(0.E0,-1.E0,0.E0));
#11090=VECTOR('',#11089,9.468244211849E-1);
#11091=CARTESIAN_POINT('',(1.37E1,-8.1E0,-8.55E0));
#11092=LINE('',#11091,#11090);
#11093=DIRECTION('',(0.E0,3.489949670236E-2,9.993908270191E-1));
#11094=VECTOR('',#11093,3.502133405046E-1);
#11095=CARTESIAN_POINT('',(1.37E1,-9.046824421185E0,-8.55E0));
#11096=LINE('',#11095,#11094);
#11097=DIRECTION('',(0.E0,1.E0,0.E0));
#11098=VECTOR('',#11097,8.346021518629E-1);
#11099=CARTESIAN_POINT('',(1.37E1,-9.034602151863E0,-8.2E0));
#11100=LINE('',#11099,#11098);
#11101=DIRECTION('',(0.E0,4.472135955E-1,-8.944271909999E-1));
#11102=VECTOR('',#11101,2.236067977500E-1);
#11103=CARTESIAN_POINT('',(1.37E1,-8.2E0,-8.2E0));
#11104=LINE('',#11103,#11102);
#11105=DIRECTION('',(-7.068913075809E-1,-7.073221891518E-1,1.883536813425E-14));
#11106=VECTOR('',#11105,2.829289281853E-1);
#11107=CARTESIAN_POINT('',(1.425E1,-8.846702512325E0,-8.55E0));
#11108=LINE('',#11107,#11106);
#11109=DIRECTION('',(-1.E0,-4.684506750750E-12,5.075305255417E-14));
#11110=VECTOR('',#11109,3.500000000009E-1);
#11111=CARTESIAN_POINT('',(1.405E1,-9.046824421183E0,-8.55E0));
#11112=LINE('',#11111,#11110);
#11113=DIRECTION('',(-5.376393397336E-13,1.E0,1.903148105252E-14));
#11114=VECTOR('',#11113,7.467025123262E-1);
#11115=CARTESIAN_POINT('',(1.425E1,-2.09E1,-8.55E0));
#11116=LINE('',#11115,#11114);
#11117=DIRECTION('',(1.697361527353E-14,3.489949670289E-2,-9.993908270191E-1));
#11118=VECTOR('',#11117,3.976852238574E0);
#11119=CARTESIAN_POINT('',(1.425E1,-2.015329748767E1,-8.55E0));
#11120=LINE('',#11119,#11118);
#11121=CARTESIAN_POINT('',(1.425E1,-1.931493376717E1,-1.25E1));
#11122=DIRECTION('',(1.E0,0.E0,0.E0));
#11123=DIRECTION('',(0.E0,-9.993908270196E-1,-3.489949668924E-2));
#11124=AXIS2_PLACEMENT_3D('',#11121,#11122,#11123);
#11126=CARTESIAN_POINT('',(1.425E1,-9.685066232827E0,-1.25E1));
#11127=DIRECTION('',(1.E0,0.E0,0.E0));
#11128=DIRECTION('',(0.E0,-7.439052548548E-10,-1.E0));
#11129=AXIS2_PLACEMENT_3D('',#11126,#11127,#11128);
#11131=DIRECTION('',(1.425158337238E-11,3.489949673572E-2,9.993908270179E-1));
#11132=VECTOR('',#11131,3.976852244203E0);
#11133=CARTESIAN_POINT('',(1.424999999994E1,-8.985492654240E0,
-1.252442965326E1));
#11134=LINE('',#11133,#11132);
#11135=DIRECTION('',(2.321840688411E-12,1.E0,3.568402697353E-14));
#11136=VECTOR('',#11135,7.467025123249E-1);
#11137=CARTESIAN_POINT('',(1.425E1,-8.846702512325E0,-8.55E0));
#11138=LINE('',#11137,#11136);
#11139=DIRECTION('',(0.E0,0.E0,-1.E0));
#11140=VECTOR('',#11139,7.95E0);
#11141=CARTESIAN_POINT('',(1.425E1,-8.1E0,-8.55E0));
#11142=LINE('',#11141,#11140);
#11143=DIRECTION('',(0.E0,-1.E0,0.E0));
#11144=VECTOR('',#11143,1.28E1);
#11145=CARTESIAN_POINT('',(1.425E1,-8.1E0,-1.65E1));
#11146=LINE('',#11145,#11144);
#11147=DIRECTION('',(-1.E0,0.E0,0.E0));
#11148=VECTOR('',#11147,5.499999999999E-1);
#11149=CARTESIAN_POINT('',(1.425E1,-2.09E1,-8.55E0));
#11150=LINE('',#11149,#11148);
#11151=DIRECTION('',(1.E0,0.E0,-2.275634794833E-14));
#11152=VECTOR('',#11151,1.405077088020E0);
#11153=CARTESIAN_POINT('',(1.059492291198E1,-2.09E1,-9.E0));
#11154=LINE('',#11153,#11152);
#11155=DIRECTION('',(0.E0,1.421085471520E-14,-1.E0));
#11156=VECTOR('',#11155,5.E-1);
#11157=CARTESIAN_POINT('',(1.2E1,-2.09E1,-9.E0));
#11158=LINE('',#11157,#11156);
#11159=DIRECTION('',(1.E0,0.E0,0.E0));
#11160=VECTOR('',#11159,1.2E0);
#11161=CARTESIAN_POINT('',(1.2E1,-2.09E1,-9.5E0));
#11162=LINE('',#11161,#11160);
#11163=DIRECTION('',(-3.552713678800E-14,-1.184237892933E-13,-1.E0));
#11164=VECTOR('',#11163,1.5E-1);
#11165=CARTESIAN_POINT('',(1.37E1,-2.09E1,-8.4E0));
#11166=LINE('',#11165,#11164);
#11167=DIRECTION('',(1.430023115995E-14,0.E0,-1.E0));
#11168=VECTOR('',#11167,7.95E0);
#11169=CARTESIAN_POINT('',(1.425E1,-2.09E1,-8.55E0));
#11170=LINE('',#11169,#11168);
#11171=DIRECTION('',(-7.071067811866E-1,1.674765289263E-14,-7.071067811865E-1));
#11172=VECTOR('',#11171,4.242640687119E-1);
#11173=CARTESIAN_POINT('',(1.425E1,-2.09E1,-1.65E1));
#11174=LINE('',#11173,#11172);
#11175=DIRECTION('',(0.E0,0.E0,1.E0));
#11176=VECTOR('',#11175,1.E0);
#11177=CARTESIAN_POINT('',(9.7E0,-2.09E1,-1.68E1));
#11178=LINE('',#11177,#11176);
#11179=CARTESIAN_POINT('',(9.816733765197E0,-2.09E1,-1.56E1));
#11180=DIRECTION('',(0.E0,-1.E0,0.E0));
#11181=DIRECTION('',(1.688420328341E-3,0.E0,-9.999985746174E-1));
#11182=AXIS2_PLACEMENT_3D('',#11179,#11180,#11181);
#11184=DIRECTION('',(8.715574274788E-2,0.E0,9.961946980917E-1));
#11185=VECTOR('',#11184,6.642708660486E0);
#11186=CARTESIAN_POINT('',(1.001597270482E1,-2.09E1,-1.561743114854E1));
#11187=LINE('',#11186,#11185);
#11188=DIRECTION('',(-2.768236822436E-14,1.E0,-8.858357831796E-14));
#11189=VECTOR('',#11188,9.625387674582E-1);
#11190=CARTESIAN_POINT('',(1.059492291198E1,-2.09E1,-9.E0));
#11191=LINE('',#11190,#11189);
#11192=DIRECTION('',(1.E0,3.388167361196E-13,0.E0));
#11193=VECTOR('',#11192,1.405077088020E0);
#11194=CARTESIAN_POINT('',(1.059492291198E1,-1.993746123254E1,-9.E0));
#11195=LINE('',#11194,#11193);
#11196=CARTESIAN_POINT('',(9.816733765197E0,-1.97E1,-1.58E1));
#11197=CARTESIAN_POINT('',(9.877840986913E0,-1.97E1,-1.58E1));
#11198=CARTESIAN_POINT('',(9.959483645754E0,-1.970154513971E1,
-1.575575298780E1));
#11199=CARTESIAN_POINT('',(1.001065007928E1,-1.970425093890E1,
-1.567826903700E1));
#11200=CARTESIAN_POINT('',(1.001597270482E1,-1.970637544478E1,
-1.561743114850E1));
#11202=DIRECTION('',(-1.288784665323E-12,-1.E0,-1.474214883913E-11));
#11203=VECTOR('',#11202,1.193624555220E0);
#11204=CARTESIAN_POINT('',(1.001597270482E1,-1.970637544478E1,
-1.561743114853E1));
#11205=LINE('',#11204,#11203);
#11206=DIRECTION('',(-8.710305275902E-2,3.476685441054E-2,-9.955924487633E-1));
#11207=VECTOR('',#11206,6.646726938063E0);
#11208=CARTESIAN_POINT('',(1.059492291198E1,-1.993746123254E1,-9.E0));
#11209=LINE('',#11208,#11207);
#11210=DIRECTION('',(1.E0,1.479751412572E-13,0.E0));
#11211=VECTOR('',#11210,3.433266234803E0);
#11212=CARTESIAN_POINT('',(9.816733765197E0,-1.97E1,-1.58E1));
#11213=LINE('',#11212,#11211);
#11214=DIRECTION('',(3.270931985400E-13,-3.489949670325E-2,9.993908270191E-1));
#11215=VECTOR('',#11214,3.969868084685E0);
#11216=CARTESIAN_POINT('',(1.405E1,-1.981462918068E1,-1.251744974831E1));
#11217=LINE('',#11216,#11215);
#11218=DIRECTION('',(-1.E0,-3.735424667991E-12,2.537652627711E-14));
#11219=VECTOR('',#11218,3.500000000004E-1);
#11220=CARTESIAN_POINT('',(1.405E1,-1.995317557882E1,-8.55E0));
#11221=LINE('',#11220,#11219);
#11222=CARTESIAN_POINT('',(1.325E1,-1.931493376717E1,-1.25E1));
#11223=DIRECTION('',(-1.E0,0.E0,0.E0));
#11224=DIRECTION('',(0.E0,-1.014323292026E-8,-1.E0));
#11225=AXIS2_PLACEMENT_3D('',#11222,#11223,#11224);
#11227=DIRECTION('',(0.E0,3.489949670235E-2,-9.993908270191E-1));
#11228=VECTOR('',#11227,2.660051311618E0);
#11229=CARTESIAN_POINT('',(1.325E1,-1.979283445198E1,-1.314156911977E1));
#11230=LINE('',#11229,#11228);
#11231=DIRECTION('',(0.E0,1.E0,0.E0));
#11232=VECTOR('',#11231,1.04E1);
#11233=CARTESIAN_POINT('',(1.325E1,-1.97E1,-1.58E1));
#11234=LINE('',#11233,#11232);
#11235=DIRECTION('',(0.E0,3.489949670278E-2,9.993908270191E-1));
#11236=VECTOR('',#11235,2.660051311603E0);
#11237=CARTESIAN_POINT('',(1.325E1,-9.3E0,-1.58E1));
#11238=LINE('',#11237,#11236);
#11239=CARTESIAN_POINT('',(1.325E1,-9.685066232827E0,-1.25E1));
#11240=DIRECTION('',(-1.E0,0.E0,0.E0));
#11241=DIRECTION('',(0.E0,5.973758560076E-1,-8.019613997315E-1));
#11242=AXIS2_PLACEMENT_3D('',#11239,#11240,#11241);
#11244=CARTESIAN_POINT('',(1.355E1,-1.931493376717E1,-1.33E1));
#11245=DIRECTION('',(0.E0,1.E0,0.E0));
#11246=DIRECTION('',(-1.E0,0.E0,1.994907942541E-9));
#11247=AXIS2_PLACEMENT_3D('',#11244,#11245,#11246);
#11249=CARTESIAN_POINT('',(1.355E1,-1.931493376717E1,-1.25E1));
#11250=DIRECTION('',(-1.E0,0.E0,0.E0));
#11251=DIRECTION('',(0.E0,0.E0,-1.E0));
#11252=AXIS2_PLACEMENT_3D('',#11249,#11250,#11251);
#11254=CARTESIAN_POINT('',(1.355E1,-1.981462918068E1,-1.251744974834E1));
#11255=CARTESIAN_POINT('',(1.349943468214E1,-1.981235095743E1,
-1.258268952646E1));
#11256=CARTESIAN_POINT('',(1.340851958922E1,-1.980811724684E1,
-1.270392713515E1));
#11257=CARTESIAN_POINT('',(1.333130011266E1,-1.980377641418E1,
-1.282823231875E1));
#11258=CARTESIAN_POINT('',(1.325872951048E1,-1.979747075315E1,
-1.300880282521E1));
#11259=CARTESIAN_POINT('',(1.325E1,-1.979433485173E1,-1.309860329242E1));
#11260=CARTESIAN_POINT('',(1.325E1,-1.979283445198E1,-1.314156911977E1));
#11262=DIRECTION('',(0.E0,-1.E0,0.E0));
#11263=VECTOR('',#11262,9.629867534636E0);
#11264=CARTESIAN_POINT('',(1.355E1,-9.685066232604E0,-1.3E1));
#11265=LINE('',#11264,#11263);
#11266=DIRECTION('',(0.E0,1.E0,1.097113733862E-11));
#11267=VECTOR('',#11266,9.629867544207E0);
#11268=CARTESIAN_POINT('',(1.325E1,-1.931493376987E1,-1.329999999965E1));
#11269=LINE('',#11268,#11267);
#11270=DIRECTION('',(-6.031948875794E-14,-1.E0,1.475706146983E-14));
#11271=VECTOR('',#11270,9.629867534437E0);
#11272=CARTESIAN_POINT('',(1.405E1,-9.685066232732E0,-1.3E1));
#11273=LINE('',#11272,#11271);
#11274=DIRECTION('',(-8.411525038117E-14,-1.E0,1.759779580343E-13));
#11275=VECTOR('',#11274,9.629867534078E0);
#11276=CARTESIAN_POINT('',(1.425E1,-9.685066233114E0,-1.32E1));
#11277=LINE('',#11276,#11275);
#11278=DIRECTION('',(-7.071067811893E-1,7.066760308392E-1,2.467767074479E-2));
#11279=VECTOR('',#11278,2.828427124741E-1);
#11280=CARTESIAN_POINT('',(1.425E1,-2.001450734609E1,-1.252442964764E1));
#11281=LINE('',#11280,#11279);
#11282=CARTESIAN_POINT('',(1.405E1,-1.931493376717E1,-1.25E1));
#11283=DIRECTION('',(1.E0,0.E0,0.E0));
#11284=DIRECTION('',(0.E0,-9.993908270207E-1,-3.489949665663E-2));
#11285=AXIS2_PLACEMENT_3D('',#11282,#11283,#11284);
#11287=DIRECTION('',(7.071067811862E-1,-8.228540557467E-11,-7.071067811869E-1));
#11288=VECTOR('',#11287,2.828427124747E-1);
#11289=CARTESIAN_POINT('',(1.405E1,-1.931493376717E1,-1.3E1));
#11290=LINE('',#11289,#11288);
#11291=DIRECTION('',(-7.068913075860E-1,7.073221891467E-1,1.569614011186E-13));
#11292=VECTOR('',#11291,2.829289281856E-1);
#11293=CARTESIAN_POINT('',(1.425E1,-2.015329748767E1,-8.55E0));
#11294=LINE('',#11293,#11292);
#11295=DIRECTION('',(-1.E0,3.403499704286E-12,-5.682210257865E-11));
#11296=VECTOR('',#11295,5.000000000008E-1);
#11297=CARTESIAN_POINT('',(1.405E1,-1.981462918068E1,-1.251744974831E1));
#11298=LINE('',#11297,#11296);
#11299=DIRECTION('',(1.E0,1.420090711690E-10,-1.101341240428E-12));
#11300=VECTOR('',#11299,5.E-1);
#11301=CARTESIAN_POINT('',(1.355E1,-1.931493376724E1,-1.3E1));
#11302=LINE('',#11301,#11300);
#11303=DIRECTION('',(-7.071067811839E-1,1.350336037790E-9,7.071067811892E-1));
#11304=VECTOR('',#11303,2.828427124760E-1);
#11305=CARTESIAN_POINT('',(1.425E1,-9.685066233114E0,-1.32E1));
#11306=LINE('',#11305,#11304);
#11307=CARTESIAN_POINT('',(1.405E1,-9.685066232827E0,-1.25E1));
#11308=DIRECTION('',(1.E0,0.E0,0.E0));
#11309=DIRECTION('',(0.E0,6.182467870963E-10,-1.E0));
#11310=AXIS2_PLACEMENT_3D('',#11307,#11308,#11309);
#11312=DIRECTION('',(7.071067813985E-1,7.066760303979E-1,-2.467767739072E-2));
#11313=VECTOR('',#11312,2.828427124194E-1);
#11314=CARTESIAN_POINT('',(1.404999999992E1,-9.185370819479E0,
-1.251744975205E1));
#11315=LINE('',#11314,#11313);
#11316=DIRECTION('',(-1.E0,2.568008028444E-10,1.385558334731E-12));
#11317=VECTOR('',#11316,5.000000000006E-1);
#11318=CARTESIAN_POINT('',(1.405E1,-9.685066232732E0,-1.3E1));
#11319=LINE('',#11318,#11317);
#11320=CARTESIAN_POINT('',(1.355E1,-9.685066232827E0,-1.25E1));
#11321=DIRECTION('',(-1.E0,0.E0,0.E0));
#11322=DIRECTION('',(0.E0,9.993908270191E-1,-3.489949670250E-2));
#11323=AXIS2_PLACEMENT_3D('',#11320,#11321,#11322);
#11325=CARTESIAN_POINT('',(1.355E1,-9.685066232827E0,-1.25E1));
#11326=DIRECTION('',(-1.E0,0.E0,0.E0));
#11327=DIRECTION('',(0.E0,6.939866841815E-1,-7.199878347436E-1));
#11328=AXIS2_PLACEMENT_3D('',#11325,#11326,#11327);
#11330=CARTESIAN_POINT('',(1.355E1,-9.685066232827E0,-1.33E1));
#11331=DIRECTION('',(0.E0,-1.E0,0.E0));
#11332=DIRECTION('',(0.E0,0.E0,1.E0));
#11333=AXIS2_PLACEMENT_3D('',#11330,#11331,#11332);
#11335=CARTESIAN_POINT('',(1.325E1,-9.207165548021E0,-1.314156911978E1));
#11336=CARTESIAN_POINT('',(1.325E1,-9.206647086546E0,-1.312672232565E1));
#11337=CARTESIAN_POINT('',(1.325134522963E1,-9.205592215655E0,
-1.309650657235E1));
#11338=CARTESIAN_POINT('',(1.325749195351E1,-9.203955241380E0,
-1.304966667704E1));
#11339=CARTESIAN_POINT('',(1.326447894549E1,-9.202829123028E0,
-1.301732863093E1));
#11340=CARTESIAN_POINT('',(1.326871738602E1,-9.202255386231E0,
-1.300089895869E1));
#11342=CARTESIAN_POINT('',(1.326871738602E1,-9.202255386231E0,
-1.300089895869E1));
#11343=CARTESIAN_POINT('',(1.328163036403E1,-9.200507420064E0,
-1.295084375681E1));
#11344=CARTESIAN_POINT('',(1.332053502318E1,-9.196933839131E0,
-1.284860002384E1));
#11345=CARTESIAN_POINT('',(1.341901621542E1,-9.191293072043E0,
-1.268703267417E1));
#11346=CARTESIAN_POINT('',(1.350452263886E1,-9.187419804393E0,
-1.257612500396E1));
#11347=CARTESIAN_POINT('',(1.355E1,-9.185370819317E0,-1.251744974835E1));
#11349=DIRECTION('',(0.E0,4.472135955E-1,8.944271909999E-1));
#11350=VECTOR('',#11349,2.236067977499E-1);
#11351=CARTESIAN_POINT('',(1.37E1,-2.09E1,-8.4E0));
#11352=LINE('',#11351,#11350);
#11353=DIRECTION('',(0.E0,1.E0,5.959485174140E-14));
#11354=VECTOR('',#11353,8.346021518609E-1);
#11355=CARTESIAN_POINT('',(1.37E1,-2.08E1,-8.2E0));
#11356=LINE('',#11355,#11354);
#11357=DIRECTION('',(0.E0,3.489949669982E-2,-9.993908270192E-1));
#11358=VECTOR('',#11357,3.502133405045E-1);
#11359=CARTESIAN_POINT('',(1.37E1,-1.996539784814E1,-8.2E0));
#11360=LINE('',#11359,#11358);
#11361=DIRECTION('',(0.E0,-1.E0,-7.692094625578E-14));
#11362=VECTOR('',#11361,9.468244211821E-1);
#11363=CARTESIAN_POINT('',(1.37E1,-1.995317557882E1,-8.55E0));
#11364=LINE('',#11363,#11362);
#11365=DIRECTION('',(1.E0,0.E0,0.E0));
#11366=VECTOR('',#11365,1.7E0);
#11367=CARTESIAN_POINT('',(1.2E1,-2.08E1,-8.2E0));
#11368=LINE('',#11367,#11366);
#11369=DIRECTION('',(-1.E0,-2.131628207280E-14,-9.592326932761E-14));
#11370=VECTOR('',#11369,5.E-1);
#11371=CARTESIAN_POINT('',(1.37E1,-2.09E1,-8.4E0));
#11372=LINE('',#11371,#11370);
#11373=DIRECTION('',(-1.E0,0.E0,1.184237892934E-14));
#11374=VECTOR('',#11373,9.E-1);
#11375=CARTESIAN_POINT('',(1.32E1,-2.12E1,-9.E0));
#11376=LINE('',#11375,#11374);
#11377=DIRECTION('',(0.E0,-4.472135954999E-1,-8.944271909999E-1));
#11378=VECTOR('',#11377,2.236067977500E-1);
#11379=CARTESIAN_POINT('',(1.2E1,-2.08E1,-8.2E0));
#11380=LINE('',#11379,#11378);
#11381=DIRECTION('',(-1.184237892934E-14,0.E0,-1.E0));
#11382=VECTOR('',#11381,6.E-1);
#11383=CARTESIAN_POINT('',(1.2E1,-2.09E1,-8.4E0));
#11384=LINE('',#11383,#11382);
#11385=DIRECTION('',(0.E0,1.E0,-5.905571887861E-14));
#11386=VECTOR('',#11385,9.625387674587E-1);
#11387=CARTESIAN_POINT('',(1.2E1,-2.09E1,-9.E0));
#11388=LINE('',#11387,#11386);
#11389=DIRECTION('',(0.E0,-3.489949670616E-2,9.993908270190E-1));
#11390=VECTOR('',#11389,8.004876354392E-1);
#11391=CARTESIAN_POINT('',(1.2E1,-1.993746123254E1,-9.E0));
#11392=LINE('',#11391,#11390);
#11393=DIRECTION('',(0.E0,1.E0,5.959485174130E-14));
#11394=VECTOR('',#11393,8.346021518624E-1);
#11395=CARTESIAN_POINT('',(1.2E1,-2.08E1,-8.2E0));
#11396=LINE('',#11395,#11394);
#11397=DIRECTION('',(1.E0,-8.651902723667E-13,0.E0));
#11398=VECTOR('',#11397,1.7E0);
#11399=CARTESIAN_POINT('',(1.2E1,-1.996539784814E1,-8.2E0));
#11400=LINE('',#11399,#11398);
#11401=DIRECTION('',(4.082482904639E-1,-4.082482904639E-1,-8.164965809277E-1));
#11402=VECTOR('',#11401,7.348469228349E-1);
#11403=CARTESIAN_POINT('',(1.2E1,-2.09E1,-8.4E0));
#11404=LINE('',#11403,#11402);
#11405=DIRECTION('',(-4.973799150321E-14,0.E0,-1.E0));
#11406=VECTOR('',#11405,5.E-1);
#11407=CARTESIAN_POINT('',(1.23E1,-2.12E1,-9.E0));
#11408=LINE('',#11407,#11406);
#11409=DIRECTION('',(0.E0,4.472135955E-1,8.944271909999E-1));
#11410=VECTOR('',#11409,6.708203932499E-1);
#11411=CARTESIAN_POINT('',(1.32E1,-2.12E1,-9.E0));
#11412=LINE('',#11411,#11410);
#11413=DIRECTION('',(0.E0,0.E0,-1.E0));
#11414=VECTOR('',#11413,1.1E0);
#11415=CARTESIAN_POINT('',(1.32E1,-2.09E1,-8.4E0));
#11416=LINE('',#11415,#11414);
#11417=DIRECTION('',(-1.184237892933E-14,-1.E0,0.E0));
#11418=VECTOR('',#11417,3.E-1);
#11419=CARTESIAN_POINT('',(1.32E1,-2.09E1,-9.5E0));
#11420=LINE('',#11419,#11418);
#11421=DIRECTION('',(1.421085471520E-14,0.E0,1.E0));
#11422=VECTOR('',#11421,5.E-1);
#11423=CARTESIAN_POINT('',(1.32E1,-2.12E1,-9.5E0));
#11424=LINE('',#11423,#11422);
#11425=DIRECTION('',(7.071067811865E-1,-7.071067811866E-1,0.E0));
#11426=VECTOR('',#11425,4.242640687119E-1);
#11427=CARTESIAN_POINT('',(1.2E1,-2.09E1,-9.5E0));
#11428=LINE('',#11427,#11426);
#11429=DIRECTION('',(1.E0,0.E0,0.E0));
#11430=VECTOR('',#11429,9.E-1);
#11431=CARTESIAN_POINT('',(1.23E1,-2.12E1,-9.5E0));
#11432=LINE('',#11431,#11430);
#11433=DIRECTION('',(2.292073341162E-14,-1.E0,2.292073341162E-14));
#11434=VECTOR('',#11433,1.24E1);
#11435=CARTESIAN_POINT('',(1.375E1,-8.3E0,-1.7E1));
#11436=LINE('',#11435,#11434);
#11437=DIRECTION('',(5.773502691911E-1,5.773502691866E-1,5.773502691911E-1));
#11438=VECTOR('',#11437,3.464101615174E-1);
#11439=CARTESIAN_POINT('',(1.375E1,-8.3E0,-1.7E1));
#11440=LINE('',#11439,#11438);
#11441=DIRECTION('',(-1.E0,-6.498928209948E-12,-1.524696852404E-11));
#11442=VECTOR('',#11441,8.195002166261E0);
#11443=CARTESIAN_POINT('',(1.395E1,-8.099999999999E0,-1.68E1));
#11444=LINE('',#11443,#11442);
#11445=CARTESIAN_POINT('',(5.754997827975E0,-8.3E0,-1.68E1));
#11446=DIRECTION('',(0.E0,0.E0,1.E0));
#11447=DIRECTION('',(0.E0,1.E0,0.E0));
#11448=AXIS2_PLACEMENT_3D('',#11445,#11446,#11447);
#11450=DIRECTION('',(4.029106848550E-1,-5.810877576039E-1,-7.071067797671E-1));
#11451=VECTOR('',#11450,2.828427123758E-1);
#11452=CARTESIAN_POINT('',(5.641037480713E0,-8.135643560357E0,-1.68E1));
#11453=LINE('',#11452,#11451);
#11454=DIRECTION('',(7.348057879556E-9,7.071067783369E-1,7.071067840362E-1));
#11455=VECTOR('',#11454,2.828427104947E-1);
#11456=CARTESIAN_POINT('',(5.754997831663E0,-8.299999997846E0,
-1.699999999953E1));
#11457=LINE('',#11456,#11455);
#11458=DIRECTION('',(-5.766159105040E-9,5.249845002520E-11,1.E0));
#11459=VECTOR('',#11458,1.000000000123E0);
#11460=CARTESIAN_POINT('',(5.754997833741E0,-8.100000000052E0,
-1.680000000012E1));
#11461=LINE('',#11460,#11459);
#11462=DIRECTION('',(-3.732572473325E-9,-2.588276259985E-9,1.E0));
#11463=VECTOR('',#11462,1.E0);
#11464=CARTESIAN_POINT('',(5.641037480713E0,-8.135643560357E0,-1.68E1));
#11465=LINE('',#11464,#11463);
#11466=DIRECTION('',(-3.426722017252E-9,2.376317809194E-9,-1.E0));
#11467=VECTOR('',#11466,1.E0);
#11468=CARTESIAN_POINT('',(-5.641037476810E0,-8.135643563064E0,-1.58E1));
#11469=LINE('',#11468,#11467);
#11470=CARTESIAN_POINT('',(5.728750807066E-14,-1.758593271006E-13,-1.68E1));
#11471=DIRECTION('',(0.E0,0.E0,-1.E0));
#11472=DIRECTION('',(5.698017654540E-1,-8.217821780043E-1,0.E0));
#11473=AXIS2_PLACEMENT_3D('',#11470,#11471,#11472);
#11475=CARTESIAN_POINT('',(5.728750807066E-14,-1.758593271006E-13,-1.68E1));
#11476=DIRECTION('',(0.E0,0.E0,-1.E0));
#11477=DIRECTION('',(0.E0,-1.E0,0.E0));
#11478=AXIS2_PLACEMENT_3D('',#11475,#11476,#11477);
#11480=DIRECTION('',(-4.029106858877E-1,-5.810877568720E-1,-7.071067797801E-1));
#11481=VECTOR('',#11480,2.828427124056E-1);
#11482=CARTESIAN_POINT('',(-5.641037480236E0,-8.135643560688E0,-1.68E1));
#11483=LINE('',#11482,#11481);
#11484=CARTESIAN_POINT('',(-5.754997827975E0,-8.3E0,-1.68E1));
#11485=DIRECTION('',(0.E0,0.E0,1.E0));
#11486=DIRECTION('',(5.698017511889E-1,8.217821878954E-1,0.E0));
#11487=AXIS2_PLACEMENT_3D('',#11484,#11485,#11486);
#11489=DIRECTION('',(7.024144660004E-9,-7.071067785444E-1,-7.071067838287E-1));
#11490=VECTOR('',#11489,2.828427106104E-1);
#11491=CARTESIAN_POINT('',(-5.754997833477E0,-8.100000000053E0,
-1.680000000012E1));
#11492=LINE('',#11491,#11490);
#11493=DIRECTION('',(-5.501558319336E-9,-5.303490979054E-11,-1.E0));
#11494=VECTOR('',#11493,1.000000000124E0);
#11495=CARTESIAN_POINT('',(-5.754997827975E0,-8.1E0,-1.58E1));
#11496=LINE('',#11495,#11494);
#11497=DIRECTION('',(0.E0,0.E0,-1.E0));
#11498=VECTOR('',#11497,5.E-1);
#11499=CARTESIAN_POINT('',(-1.2E1,-8.1E0,-9.E0));
#11500=LINE('',#11499,#11498);
#11501=DIRECTION('',(-1.E0,0.E0,0.E0));
#11502=VECTOR('',#11501,1.2E0);
#11503=CARTESIAN_POINT('',(-1.2E1,-8.1E0,-9.5E0));
#11504=LINE('',#11503,#11502);
#11505=DIRECTION('',(0.E0,0.E0,1.E0));
#11506=VECTOR('',#11505,1.1E0);
#11507=CARTESIAN_POINT('',(-1.32E1,-8.1E0,-9.5E0));
#11508=LINE('',#11507,#11506);
#11509=DIRECTION('',(-1.184237892933E-14,-2.368475785867E-14,-1.E0));
#11510=VECTOR('',#11509,1.5E-1);
#11511=CARTESIAN_POINT('',(-1.37E1,-8.1E0,-8.4E0));
#11512=LINE('',#11511,#11510);
#11513=DIRECTION('',(0.E0,0.E0,-1.E0));
#11514=VECTOR('',#11513,7.95E0);
#11515=CARTESIAN_POINT('',(-1.425E1,-8.1E0,-8.55E0));
#11516=LINE('',#11515,#11514);
#11517=DIRECTION('',(7.071067811866E-1,-1.925980082650E-13,-7.071067811865E-1));
#11518=VECTOR('',#11517,4.242640687123E-1);
#11519=CARTESIAN_POINT('',(-1.425E1,-8.1E0,-1.65E1));
#11520=LINE('',#11519,#11518);
#11521=CARTESIAN_POINT('',(-9.816733765197E0,-8.1E0,-1.56E1));
#11522=DIRECTION('',(0.E0,1.E0,0.E0));
#11523=DIRECTION('',(-1.688420328350E-3,0.E0,-9.999985746174E-1));
#11524=AXIS2_PLACEMENT_3D('',#11521,#11522,#11523);
#11526=DIRECTION('',(-8.715574274788E-2,0.E0,9.961946980917E-1));
#11527=VECTOR('',#11526,6.642708660498E0);
#11528=CARTESIAN_POINT('',(-1.001597270481E1,-8.1E0,-1.561743114856E1));
#11529=LINE('',#11528,#11527);
#11530=DIRECTION('',(1.E0,0.E0,9.355387489845E-14));
#11531=VECTOR('',#11530,1.405077088023E0);
#11532=CARTESIAN_POINT('',(-1.2E1,-8.1E0,-9.E0));
#11533=LINE('',#11532,#11531);
#11534=DIRECTION('',(2.264417720758E-12,1.E0,0.E0));
#11535=VECTOR('',#11534,9.625387674560E-1);
#11536=CARTESIAN_POINT('',(-1.059492291198E1,-9.062538767456E0,-9.E0));
#11537=LINE('',#11536,#11535);
#11538=DIRECTION('',(-8.710305275902E-2,3.476685441099E-2,9.955924487633E-1));
#11539=VECTOR('',#11538,6.646726938091E0);
#11540=CARTESIAN_POINT('',(-1.001597270482E1,-9.293624555222E0,
-1.561743114855E1));
#11541=LINE('',#11540,#11539);
#11542=DIRECTION('',(1.995681566045E-12,1.E0,-1.675717705717E-12));
#11543=VECTOR('',#11542,1.193624555222E0);
#11544=CARTESIAN_POINT('',(-1.001597270482E1,-9.293624555222E0,
-1.561743114855E1));
#11545=LINE('',#11544,#11543);
#11546=CARTESIAN_POINT('',(-9.816733765197E0,-9.3E0,-1.58E1));
#11547=CARTESIAN_POINT('',(-9.877840986892E0,-9.3E0,-1.58E1));
#11548=CARTESIAN_POINT('',(-9.959483645727E0,-9.298454860287E0,
-1.575575298782E1));
#11549=CARTESIAN_POINT('',(-1.001065007925E1,-9.295749061103E0,
-1.567826903705E1));
#11550=CARTESIAN_POINT('',(-1.001597270481E1,-9.293624555223E0,
-1.561743114856E1));
#11552=DIRECTION('',(1.E0,3.666300502783E-14,1.011393242147E-13));
#11553=VECTOR('',#11552,1.405077088021E0);
#11554=CARTESIAN_POINT('',(-1.2E1,-9.062538767456E0,-9.E0));
#11555=LINE('',#11554,#11553);
#11556=DIRECTION('',(-1.E0,-4.501341709571E-14,0.E0));
#11557=VECTOR('',#11556,3.433266234803E0);
#11558=CARTESIAN_POINT('',(-9.816733765197E0,-9.3E0,-1.58E1));
#11559=LINE('',#11558,#11557);
#11560=DIRECTION('',(-1.E0,-1.920383852096E-10,-4.577973556172E-9));
#11561=VECTOR('',#11560,4.999999999591E-1);
#11562=CARTESIAN_POINT('',(-1.355E1,-9.185370819317E0,-1.251744974835E1));
#11563=LINE('',#11562,#11561);
#11564=DIRECTION('',(-1.010901441461E-11,3.489949670690E-2,9.993908270189E-1));
#11565=VECTOR('',#11564,3.969868087016E0);
#11566=CARTESIAN_POINT('',(-1.404999999996E1,-9.185370819413E0,
-1.251744975064E1));
#11567=LINE('',#11566,#11565);
#11568=DIRECTION('',(1.E0,-3.776027110045E-12,5.075305255436E-14));
#11569=VECTOR('',#11568,3.499999999995E-1);
#11570=CARTESIAN_POINT('',(-1.405E1,-9.046824421184E0,-8.55E0));
#11571=LINE('',#11570,#11569);
#11572=CARTESIAN_POINT('',(-1.325E1,-9.685066232827E0,-1.25E1));
#11573=DIRECTION('',(1.E0,0.E0,0.E0));
#11574=DIRECTION('',(0.E0,1.153413142774E-8,-1.E0));
#11575=AXIS2_PLACEMENT_3D('',#11572,#11573,#11574);
#11577=DIRECTION('',(0.E0,-3.489949670242E-2,-9.993908270191E-1));
#11578=VECTOR('',#11577,2.660051311613E0);
#11579=CARTESIAN_POINT('',(-1.325E1,-9.207165548022E0,-1.314156911977E1));
#11580=LINE('',#11579,#11578);
#11581=DIRECTION('',(0.E0,-1.E0,0.E0));
#11582=VECTOR('',#11581,1.04E1);
#11583=CARTESIAN_POINT('',(-1.325E1,-9.3E0,-1.58E1));
#11584=LINE('',#11583,#11582);
#11585=DIRECTION('',(0.E0,-3.489949670286E-2,9.993908270191E-1));
#11586=VECTOR('',#11585,2.660051311605E0);
#11587=CARTESIAN_POINT('',(-1.325E1,-1.97E1,-1.58E1));
#11588=LINE('',#11587,#11586);
#11589=CARTESIAN_POINT('',(-1.325E1,-1.931493376717E1,-1.25E1));
#11590=DIRECTION('',(1.E0,0.E0,0.E0));
#11591=DIRECTION('',(0.E0,-5.973758560108E-1,-8.019613997290E-1));
#11592=AXIS2_PLACEMENT_3D('',#11589,#11590,#11591);
#11594=CARTESIAN_POINT('',(-1.355E1,-9.685066232827E0,-1.33E1));
#11595=DIRECTION('',(0.E0,-1.E0,0.E0));
#11596=DIRECTION('',(1.E0,0.E0,1.817580160453E-9));
#11597=AXIS2_PLACEMENT_3D('',#11594,#11595,#11596);
#11599=CARTESIAN_POINT('',(-1.355E1,-9.685066232827E0,-1.25E1));
#11600=DIRECTION('',(1.E0,0.E0,0.E0));
#11601=DIRECTION('',(0.E0,2.885691685606E-10,-1.E0));
#11602=AXIS2_PLACEMENT_3D('',#11599,#11600,#11601);
#11604=CARTESIAN_POINT('',(-1.355E1,-9.185370819317E0,-1.251744974835E1));
#11605=CARTESIAN_POINT('',(-1.349934119153E1,-9.187653254796E0,
-1.258281014881E1));
#11606=CARTESIAN_POINT('',(-1.340832304595E1,-9.191892805860E0,
-1.270421500690E1));
#11607=CARTESIAN_POINT('',(-1.333131828946E1,-9.196223424707E0,
-1.282822770507E1));
#11608=CARTESIAN_POINT('',(-1.325874504956E1,-9.202527040591E0,
-1.300873964613E1));
#11609=CARTESIAN_POINT('',(-1.325E1,-9.205663871206E0,-1.309856672213E1));
#11610=CARTESIAN_POINT('',(-1.325E1,-9.207165548022E0,-1.314156911977E1));
#11612=DIRECTION('',(0.E0,1.E0,0.E0));
#11613=VECTOR('',#11612,9.629867534600E0);
#11614=CARTESIAN_POINT('',(-1.355E1,-1.931493376731E1,-1.3E1));
#11615=LINE('',#11614,#11613);
#11616=DIRECTION('',(0.E0,-1.E0,6.595668617691E-12));
#11617=VECTOR('',#11616,9.629867543562E0);
#11618=CARTESIAN_POINT('',(-1.325E1,-9.685066229751E0,-1.329999999967E1));
#11619=LINE('',#11618,#11617);
#11620=DIRECTION('',(-6.031948875846E-14,1.E0,-1.438813493321E-14));
#11621=VECTOR('',#11620,9.629867534354E0);
#11622=CARTESIAN_POINT('',(-1.405E1,-1.931493376717E1,-1.3E1));
#11623=LINE('',#11622,#11621);
#11624=DIRECTION('',(-8.411525037884E-14,1.E0,-1.763468845662E-13));
#11625=VECTOR('',#11624,9.629867534345E0);
#11626=CARTESIAN_POINT('',(-1.425E1,-1.931493376721E1,-1.32E1));
#11627=LINE('',#11626,#11625);
#11628=DIRECTION('',(2.145034673993E-14,0.E0,-1.E0));
#11629=VECTOR('',#11628,7.95E0);
#11630=CARTESIAN_POINT('',(-1.425E1,-2.09E1,-8.55E0));
#11631=LINE('',#11630,#11629);
#11632=DIRECTION('',(0.E0,1.E0,0.E0));
#11633=VECTOR('',#11632,1.28E1);
#11634=CARTESIAN_POINT('',(-1.425E1,-2.09E1,-1.65E1));
#11635=LINE('',#11634,#11633);
#11636=DIRECTION('',(1.427436375370E-11,-3.489949673584E-2,-9.993908270179E-1));
#11637=VECTOR('',#11636,3.976852243379E0);
#11638=CARTESIAN_POINT('',(-1.425E1,-8.846702512323E0,-8.55E0));
#11639=LINE('',#11638,#11637);
#11640=CARTESIAN_POINT('',(-1.425E1,-9.685066232827E0,-1.25E1));
#11641=DIRECTION('',(-1.E0,0.E0,0.E0));
#11642=DIRECTION('',(0.E0,9.993908267998E-1,-3.489950298367E-2));
#11643=AXIS2_PLACEMENT_3D('',#11640,#11641,#11642);
#11645=CARTESIAN_POINT('',(-1.425E1,-1.931493376717E1,-1.25E1));
#11646=DIRECTION('',(-1.E0,0.E0,0.E0));
#11647=DIRECTION('',(0.E0,-1.392511502928E-10,-1.E0));
#11648=AXIS2_PLACEMENT_3D('',#11645,#11646,#11647);
#11650=DIRECTION('',(1.697361527353E-14,-3.489949670275E-2,9.993908270191E-1));
#11651=VECTOR('',#11650,3.976852238573E0);
#11652=CARTESIAN_POINT('',(-1.425E1,-2.001450734609E1,-1.252442964764E1));
#11653=LINE('',#11652,#11651);
#11654=DIRECTION('',(-3.282930481568E-13,1.E0,0.E0));
#11655=VECTOR('',#11654,7.467025123242E-1);
#11656=CARTESIAN_POINT('',(-1.425E1,-2.09E1,-8.55E0));
#11657=LINE('',#11656,#11655);
#11658=DIRECTION('',(7.068913075818E-1,7.073221891510E-1,2.636951538804E-13));
#11659=VECTOR('',#11658,2.829289281844E-1);
#11660=CARTESIAN_POINT('',(-1.425E1,-2.015329748768E1,-8.55E0));
#11661=LINE('',#11660,#11659);
#11662=DIRECTION('',(1.E0,-5.075305255380E-13,-3.045183153228E-14));
#11663=VECTOR('',#11662,3.500000000034E-1);
#11664=CARTESIAN_POINT('',(-1.405E1,-1.995317557882E1,-8.55E0));
#11665=LINE('',#11664,#11663);
#11666=DIRECTION('',(0.E0,-1.E0,-7.692094625582E-14));
#11667=VECTOR('',#11666,9.468244211816E-1);
#11668=CARTESIAN_POINT('',(-1.37E1,-1.995317557882E1,-8.55E0));
#11669=LINE('',#11668,#11667);
#11670=DIRECTION('',(1.E0,0.E0,1.049320488727E-13));
#11671=VECTOR('',#11670,1.405077088021E0);
#11672=CARTESIAN_POINT('',(-1.2E1,-2.09E1,-9.E0));
#11673=LINE('',#11672,#11671);
#11674=DIRECTION('',(8.715575699795E-2,0.E0,-9.961946968450E-1));
#11675=VECTOR('',#11674,6.643046344884E0);
#11676=CARTESIAN_POINT('',(-1.059492291198E1,-2.09E1,-9.E0));
#11677=LINE('',#11676,#11675);
#11678=CARTESIAN_POINT('',(-9.816733765197E0,-2.09E1,-1.56E1));
#11679=DIRECTION('',(0.E0,-1.E0,0.E0));
#11680=DIRECTION('',(-9.960461226021E-1,0.E0,-8.883761393353E-2));
#11681=AXIS2_PLACEMENT_3D('',#11678,#11679,#11680);
#11683=DIRECTION('',(6.394884621841E-14,0.E0,-1.E0));
#11684=VECTOR('',#11683,1.E0);
#11685=CARTESIAN_POINT('',(-9.7E0,-2.09E1,-1.58E1));
#11686=LINE('',#11685,#11684);
#11687=DIRECTION('',(-7.071067811866E-1,0.E0,7.071067811865E-1));
#11688=VECTOR('',#11687,4.242640687119E-1);
#11689=CARTESIAN_POINT('',(-1.395E1,-2.09E1,-1.68E1));
#11690=LINE('',#11689,#11688);
#11691=DIRECTION('',(1.E0,0.E0,0.E0));
#11692=VECTOR('',#11691,5.500000000002E-1);
#11693=CARTESIAN_POINT('',(-1.425E1,-2.09E1,-8.55E0));
#11694=LINE('',#11693,#11692);
#11695=DIRECTION('',(0.E0,0.E0,-1.E0));
#11696=VECTOR('',#11695,1.1E0);
#11697=CARTESIAN_POINT('',(-1.32E1,-2.09E1,-8.4E0));
#11698=LINE('',#11697,#11696);
#11699=DIRECTION('',(1.E0,0.E0,0.E0));
#11700=VECTOR('',#11699,1.2E0);
#11701=CARTESIAN_POINT('',(-1.32E1,-2.09E1,-9.5E0));
#11702=LINE('',#11701,#11700);
#11703=DIRECTION('',(0.E0,0.E0,1.E0));
#11704=VECTOR('',#11703,5.E-1);
#11705=CARTESIAN_POINT('',(-1.2E1,-2.09E1,-9.5E0));
#11706=LINE('',#11705,#11704);
#11707=DIRECTION('',(-2.433608869979E-13,2.344791028009E-13,-1.E0));
#11708=VECTOR('',#11707,9.999999999997E-1);
#11709=CARTESIAN_POINT('',(-9.5E0,-2.07E1,-1.58E1));
#11710=LINE('',#11709,#11708);
#11711=DIRECTION('',(-1.797436894808E-10,-1.E0,-7.130107901013E-10));
#11712=VECTOR('',#11711,1.772792245684E0);
#11713=CARTESIAN_POINT('',(-9.499999999682E0,-1.892720775432E1,
-1.679999999874E1));
#11714=LINE('',#11713,#11712);
#11715=DIRECTION('',(-3.180193890030E-10,-3.664453278787E-8,1.E0));
#11716=VECTOR('',#11715,9.999999987359E-1);
#11717=CARTESIAN_POINT('',(-9.499999999682E0,-1.892720775432E1,
-1.679999999874E1));
#11718=LINE('',#11717,#11716);
#11719=CARTESIAN_POINT('',(-9.524263962362E0,-1.850294362125E1,
-1.699999999975E1));
#11720=CARTESIAN_POINT('',(-9.524979248944E0,-1.850363457242E1,
-1.699999999975E1));
#11721=CARTESIAN_POINT('',(-9.526504114522E0,-1.850510890838E1,
-1.700000000012E1));
#11722=CARTESIAN_POINT('',(-9.529076723043E0,-1.850763786954E1,
-1.699999999997E1));
#11723=CARTESIAN_POINT('',(-9.531868957223E0,-1.851042440340E1,
-1.700000000001E1));
#11724=CARTESIAN_POINT('',(-9.534841286019E0,-1.851344126755E1,-1.7E1));
#11725=CARTESIAN_POINT('',(-9.537937250936E0,-1.851663959557E1,-1.7E1));
#11726=CARTESIAN_POINT('',(-9.541117253501E0,-1.851998518263E1,-1.7E1));
#11727=CARTESIAN_POINT('',(-9.544403067823E0,-1.852350725186E1,-1.7E1));
#11728=CARTESIAN_POINT('',(-9.547861695779E0,-1.852728754781E1,-1.7E1));
#11729=CARTESIAN_POINT('',(-9.551552353350E0,-1.853140608382E1,-1.7E1));
#11730=CARTESIAN_POINT('',(-9.555530465534E0,-1.853594571120E1,-1.7E1));
#11731=CARTESIAN_POINT('',(-9.559849784922E0,-1.854099640473E1,-1.7E1));
#11732=CARTESIAN_POINT('',(-9.564545620153E0,-1.854663496760E1,-1.7E1));
#11733=CARTESIAN_POINT('',(-9.569663884854E0,-1.855296070132E1,-1.7E1));
#11734=CARTESIAN_POINT('',(-9.575231585394E0,-1.856007061358E1,-1.7E1));
#11735=CARTESIAN_POINT('',(-9.580787846348E0,-1.856742276073E1,-1.7E1));
#11736=CARTESIAN_POINT('',(-9.585895200406E0,-1.857441525769E1,-1.7E1));
#11737=CARTESIAN_POINT('',(-9.590694490507E0,-1.858119784867E1,-1.7E1));
#11738=CARTESIAN_POINT('',(-9.595300681769E0,-1.858791452249E1,-1.7E1));
#11739=CARTESIAN_POINT('',(-9.599798126757E0,-1.859467817487E1,-1.7E1));
#11740=CARTESIAN_POINT('',(-9.604294332529E0,-1.860165181357E1,-1.7E1));
#11741=CARTESIAN_POINT('',(-9.608880776720E0,-1.860899438821E1,-1.7E1));
#11742=CARTESIAN_POINT('',(-9.613642874459E0,-1.861687596643E1,-1.7E1));
#11743=CARTESIAN_POINT('',(-9.618659662719E0,-1.862547776672E1,-1.7E1));
#11744=CARTESIAN_POINT('',(-9.623995291620E0,-1.863499096804E1,-1.7E1));
#11745=CARTESIAN_POINT('',(-9.629681351512E0,-1.864559013203E1,-1.7E1));
#11746=CARTESIAN_POINT('',(-9.635747094565E0,-1.865746647932E1,-1.7E1));
#11747=CARTESIAN_POINT('',(-9.642194375137E0,-1.867080493231E1,-1.7E1));
#11748=CARTESIAN_POINT('',(-9.649009173478E0,-1.868580950226E1,-1.7E1));
#11749=CARTESIAN_POINT('',(-9.656150417720E0,-1.870273001678E1,-1.7E1));
#11750=CARTESIAN_POINT('',(-9.663492455479E0,-1.872169441217E1,-1.7E1));
#11751=CARTESIAN_POINT('',(-9.670899016994E0,-1.874285917529E1,-1.7E1));
#11752=CARTESIAN_POINT('',(-9.678192953991E0,-1.876645809470E1,-1.7E1));
#11753=CARTESIAN_POINT('',(-9.685049948939E0,-1.879246760611E1,-1.7E1));
#11754=CARTESIAN_POINT('',(-9.691200005609E0,-1.882108557629E1,
-1.699999999999E1));
#11755=CARTESIAN_POINT('',(-9.696207320381E0,-1.885267157446E1,
-1.700000000005E1));
#11756=CARTESIAN_POINT('',(-9.699626043714E0,-1.888789494778E1,
-1.699999999980E1));
#11757=CARTESIAN_POINT('',(-9.700241847627E0,-1.891371118981E1,
-1.700000000042E1));
#11758=CARTESIAN_POINT('',(-9.700000001395E0,-1.892720771320E1,
-1.700000000042E1));
#11760=DIRECTION('',(7.071067812371E-1,-1.453601257668E-7,7.071067811360E-1));
#11761=VECTOR('',#11760,2.828427148780E-1);
#11762=CARTESIAN_POINT('',(-9.700000001395E0,-1.892720771320E1,
-1.700000000042E1));
#11763=LINE('',#11762,#11761);
#11764=CARTESIAN_POINT('',(-9.499999999682E0,-1.892720775432E1,
-1.679999999874E1));
#11765=CARTESIAN_POINT('',(-9.499999999682E0,-1.891774298986E1,
-1.679983059126E1));
#11766=CARTESIAN_POINT('',(-9.499327251108E0,-1.889953454468E1,
-1.680004494144E1));
#11767=CARTESIAN_POINT('',(-9.496766615962E0,-1.887458119227E1,
-1.679995878900E1));
#11768=CARTESIAN_POINT('',(-9.493036837498E0,-1.885184280181E1,
-1.679998187348E1));
#11769=CARTESIAN_POINT('',(-9.488609620369E0,-1.883175844750E1,
-1.679997568801E1));
#11770=CARTESIAN_POINT('',(-9.483656894061E0,-1.881356144216E1,
-1.679997734540E1));
#11771=CARTESIAN_POINT('',(-9.478408984002E0,-1.879722426840E1,
-1.679997690131E1));
#11772=CARTESIAN_POINT('',(-9.473023205174E0,-1.878254336299E1,
-1.679997702030E1));
#11773=CARTESIAN_POINT('',(-9.467625571808E0,-1.876937004910E1,
-1.679997698842E1));
#11774=CARTESIAN_POINT('',(-9.462310024437E0,-1.875755430154E1,
-1.679997699696E1));
#11775=CARTESIAN_POINT('',(-9.457129443023E0,-1.874692687320E1,
-1.679997699467E1));
#11776=CARTESIAN_POINT('',(-9.452089493578E0,-1.873728820851E1,
-1.679997699529E1));
#11777=CARTESIAN_POINT('',(-9.447176654074E0,-1.872846142174E1,
-1.679997699512E1));
#11778=CARTESIAN_POINT('',(-9.442359389175E0,-1.872028101430E1,
-1.679997699517E1));
#11779=CARTESIAN_POINT('',(-9.437574430494E0,-1.871256941571E1,
-1.679997699515E1));
#11780=CARTESIAN_POINT('',(-9.432798909670E0,-1.870523792864E1,
-1.679997699516E1));
#11781=CARTESIAN_POINT('',(-9.427823699928E0,-1.869795488640E1,
-1.679997699516E1));
#11782=CARTESIAN_POINT('',(-9.422908761848E0,-1.869108882778E1,
-1.679997699516E1));
#11783=CARTESIAN_POINT('',(-9.418204068403E0,-1.868479292441E1,
-1.679997699515E1));
#11784=CARTESIAN_POINT('',(-9.413813737513E0,-1.867914247913E1,
-1.679997699516E1));
#11785=CARTESIAN_POINT('',(-9.409736097901E0,-1.867407474305E1,
-1.679997699513E1));
#11786=CARTESIAN_POINT('',(-9.405957873913E0,-1.866952509394E1,
-1.679997699526E1));
#11787=CARTESIAN_POINT('',(-9.402455121602E0,-1.866542595744E1,
-1.679997699478E1));
#11788=CARTESIAN_POINT('',(-9.399203558770E0,-1.866171830325E1,
-1.679997699656E1));
#11789=CARTESIAN_POINT('',(-9.396160605497E0,-1.865832985737E1,
-1.679997698991E1));
#11790=CARTESIAN_POINT('',(-9.393278990773E0,-1.865519110257E1,
-1.679997701475E1));
#11791=CARTESIAN_POINT('',(-9.390551361095E0,-1.865228066909E1,
-1.679997692205E1));
#11792=CARTESIAN_POINT('',(-9.387929208072E0,-1.864953646776E1,
-1.679997726800E1));
#11793=CARTESIAN_POINT('',(-9.385378317907E0,-1.864691580441E1,
-1.679997597687E1));
#11794=CARTESIAN_POINT('',(-9.383684144664E0,-1.864520651227E1,
-1.679997918925E1));
#11795=CARTESIAN_POINT('',(-9.382842636073E0,-1.864436500394E1,
-1.680000000283E1));
#11797=DIRECTION('',(-1.E0,-2.517182499322E-10,-5.585824220602E-11));
#11798=VECTOR('',#11797,7.995002168510E0);
#11799=CARTESIAN_POINT('',(-5.754997831490E0,-8.299999997988E0,
-1.699999999955E1));
#11800=LINE('',#11799,#11798);
#11801=DIRECTION('',(1.E0,0.E0,7.544033984614E-14));
#11802=VECTOR('',#11801,4.05E0);
#11803=CARTESIAN_POINT('',(-1.375E1,-2.07E1,-1.7E1));
#11804=LINE('',#11803,#11802);
#11805=DIRECTION('',(7.071067809185E-1,7.071067814546E-1,-5.088468749611E-11));
#11806=VECTOR('',#11805,4.422539542440E0);
#11807=CARTESIAN_POINT('',(-9.524263962362E0,-1.850294362125E1,
-1.699999999975E1));
#11808=LINE('',#11807,#11806);
#11809=CARTESIAN_POINT('',(-5.972792206136E0,-1.58E1,-1.7E1));
#11810=DIRECTION('',(0.E0,0.E0,-1.E0));
#11811=DIRECTION('',(-7.071067591839E-1,7.071068031892E-1,0.E0));
#11812=AXIS2_PLACEMENT_3D('',#11809,#11810,#11811);
#11814=CARTESIAN_POINT('',(5.972792206136E0,-1.58E1,-1.7E1));
#11815=DIRECTION('',(0.E0,0.E0,-1.E0));
#11816=DIRECTION('',(3.116072585158E-8,1.E0,0.E0));
#11817=AXIS2_PLACEMENT_3D('',#11814,#11815,#11816);
#11819=DIRECTION('',(7.071067814850E-1,-7.071067808881E-1,-1.408131214636E-10));
#11820=VECTOR('',#11819,4.422539757449E0);
#11821=CARTESIAN_POINT('',(6.397056272819E0,-1.537573592992E1,
-1.699999999980E1));
#11822=LINE('',#11821,#11820);
#11823=DIRECTION('',(1.E0,1.035111639749E-13,-1.026339507209E-13));
#11824=VECTOR('',#11823,4.050000000001E0);
#11825=CARTESIAN_POINT('',(9.699999999999E0,-2.07E1,-1.7E1));
#11826=LINE('',#11825,#11824);
#11827=DIRECTION('',(-1.E0,2.694004943862E-10,5.899724941431E-11));
#11828=VECTOR('',#11827,7.995002168337E0);
#11829=CARTESIAN_POINT('',(1.375E1,-8.3E0,-1.7E1));
#11830=LINE('',#11829,#11828);
#11831=CARTESIAN_POINT('',(5.728750807066E-14,-1.758593271006E-13,-1.7E1));
#11832=DIRECTION('',(0.E0,0.E0,-1.E0));
#11833=DIRECTION('',(5.698017655406E-1,-8.217821779442E-1,0.E0));
#11834=AXIS2_PLACEMENT_3D('',#11831,#11832,#11833);
#11836=CARTESIAN_POINT('',(5.728750807066E-14,-1.758593271006E-13,-1.7E1));
#11837=DIRECTION('',(0.E0,0.E0,-1.E0));
#11838=DIRECTION('',(0.E0,-1.E0,0.E0));
#11839=AXIS2_PLACEMENT_3D('',#11836,#11837,#11838);
#11841=DIRECTION('',(5.773502691893E-1,-5.773502691900E-1,-5.773502691895E-1));
#11842=VECTOR('',#11841,3.464101615134E-1);
#11843=CARTESIAN_POINT('',(-1.395E1,-8.1E0,-1.68E1));
#11844=LINE('',#11843,#11842);
#11845=DIRECTION('',(-1.E0,6.461645318269E-12,1.513685393711E-11));
#11846=VECTOR('',#11845,8.195002166523E0);
#11847=CARTESIAN_POINT('',(-5.754997833477E0,-8.100000000053E0,
-1.680000000012E1));
#11848=LINE('',#11847,#11846);
#11849=DIRECTION('',(1.103060295434E-14,1.E0,0.E0));
#11850=VECTOR('',#11849,1.24E1);
#11851=CARTESIAN_POINT('',(-1.375E1,-2.07E1,-1.7E1));
#11852=LINE('',#11851,#11850);
#11853=DIRECTION('',(-5.773502691894E-1,-5.773502691897E-1,5.773502691897E-1));
#11854=VECTOR('',#11853,3.464101615137E-1);
#11855=CARTESIAN_POINT('',(-1.375E1,-2.07E1,-1.7E1));
#11856=LINE('',#11855,#11854);
#11857=DIRECTION('',(1.E0,0.E0,-1.337492208490E-14));
#11858=VECTOR('',#11857,4.25E0);
#11859=CARTESIAN_POINT('',(-1.395E1,-2.09E1,-1.68E1));
#11860=LINE('',#11859,#11858);
#11861=DIRECTION('',(5.773502691884E-1,5.773502691913E-1,-5.773502691891E-1));
#11862=VECTOR('',#11861,1.732050807567E-1);
#11863=CARTESIAN_POINT('',(-9.7E0,-2.09E1,-1.68E1));
#11864=LINE('',#11863,#11862);
#11865=DIRECTION('',(7.869611672114E-10,-1.E0,2.375326483857E-10));
#11866=VECTOR('',#11865,1.772792286798E0);
#11867=CARTESIAN_POINT('',(-9.700000001395E0,-1.892720771320E1,
-1.700000000042E1));
#11868=LINE('',#11867,#11866);
#11869=DIRECTION('',(5.773502691904E-1,-5.773502691893E-1,5.773502691892E-1));
#11870=VECTOR('',#11869,1.732050807567E-1);
#11871=CARTESIAN_POINT('',(-9.7E0,-2.07E1,-1.7E1));
#11872=LINE('',#11871,#11870);
#11873=DIRECTION('',(5.773502691894E-1,5.773502691887E-1,5.773502691908E-1));
#11874=VECTOR('',#11873,1.732050807568E-1);
#11875=CARTESIAN_POINT('',(-9.6E0,-2.08E1,-1.69E1));
#11876=LINE('',#11875,#11874);
#11877=DIRECTION('',(4.999999010562E-1,-5.000001004568E-1,7.071067801167E-1));
#11878=VECTOR('',#11877,2.828427085486E-1);
#11879=CARTESIAN_POINT('',(-9.524263962362E0,-1.850294362125E1,
-1.699999999975E1));
#11880=LINE('',#11879,#11878);
#11881=DIRECTION('',(-7.071067813062E-1,-7.071067810669E-1,
-6.431747978797E-10));
#11882=VECTOR('',#11881,4.422539573152E0);
#11883=CARTESIAN_POINT('',(-6.255634913302E0,-1.551715728223E1,
-1.679999999999E1));
#11884=LINE('',#11883,#11882);
#11885=DIRECTION('',(-6.175430460617E-8,-6.280182045504E-8,1.E0));
#11886=VECTOR('',#11885,1.000000002830E0);
#11887=CARTESIAN_POINT('',(-9.382842636073E0,-1.864436500394E1,
-1.680000000283E1));
#11888=LINE('',#11887,#11886);
#11889=DIRECTION('',(-3.888849242683E-9,-3.879286225638E-9,1.E0));
#11890=VECTOR('',#11889,9.999999999858E-1);
#11891=CARTESIAN_POINT('',(-6.255634913302E0,-1.551715728223E1,
-1.679999999999E1));
#11892=LINE('',#11891,#11890);
#11893=DIRECTION('',(4.999999770297E-1,-5.000000228714E-1,7.071067812565E-1));
#11894=VECTOR('',#11893,2.828427124336E-1);
#11895=CARTESIAN_POINT('',(-6.397056263022E0,-1.537573591954E1,
-1.699999999998E1));
#11896=LINE('',#11895,#11894);
#11897=CARTESIAN_POINT('',(-5.972792206136E0,-1.58E1,-1.68E1));
#11898=DIRECTION('',(0.E0,0.E0,-1.E0));
#11899=DIRECTION('',(-7.071067730373E-1,7.071067893358E-1,0.E0));
#11900=AXIS2_PLACEMENT_3D('',#11897,#11898,#11899);
#11902=DIRECTION('',(-2.197874775831E-8,7.071067805764E-1,-7.071067817967E-1));
#11903=VECTOR('',#11902,2.828427121310E-1);
#11904=CARTESIAN_POINT('',(-5.972792202345E0,-1.540000000006E1,
-1.679999999987E1));
#11905=LINE('',#11904,#11903);
#11906=DIRECTION('',(-1.E0,-3.480626583371E-11,1.491709853221E-11));
#11907=VECTOR('',#11906,1.194558443137E1);
#11908=CARTESIAN_POINT('',(5.972792222812E0,-1.520000000006E1,
-1.699999999998E1));
#11909=LINE('',#11908,#11907);
#11910=DIRECTION('',(-1.E0,-4.195387497572E-12,9.789187926317E-12));
#11911=VECTOR('',#11910,1.194558441598E1);
#11912=CARTESIAN_POINT('',(5.972792213636E0,-1.540000000001E1,
-1.679999999999E1));
#11913=LINE('',#11912,#11911);
#11914=DIRECTION('',(-2.603003146704E-9,5.671019210530E-11,1.E0));
#11915=VECTOR('',#11914,9.999999998688E-1);
#11916=CARTESIAN_POINT('',(-5.972792202345E0,-1.540000000006E1,
-1.679999999987E1));
#11917=LINE('',#11916,#11915);
#11918=DIRECTION('',(1.E0,0.E0,0.E0));
#11919=VECTOR('',#11918,1.194558441309E1);
#11920=CARTESIAN_POINT('',(-5.972792204948E0,-1.54E1,-1.58E1));
#11921=LINE('',#11920,#11919);
#11922=DIRECTION('',(-5.493423493953E-9,6.595612944787E-12,1.E0));
#11923=VECTOR('',#11922,9.999999999857E-1);
#11924=CARTESIAN_POINT('',(5.972792213636E0,-1.540000000001E1,
-1.679999999999E1));
#11925=LINE('',#11924,#11923);
#11926=DIRECTION('',(-3.244018272324E-8,-7.071067811145E-1,7.071067812586E-1));
#11927=VECTOR('',#11926,2.828427124328E-1);
#11928=CARTESIAN_POINT('',(5.972792222812E0,-1.520000000006E1,
-1.699999999998E1));
#11929=LINE('',#11928,#11927);
#11930=CARTESIAN_POINT('',(5.972792206136E0,-1.58E1,-1.68E1));
#11931=DIRECTION('',(0.E0,0.E0,-1.E0));
#11932=DIRECTION('',(1.152712147961E-8,1.E0,0.E0));
#11933=AXIS2_PLACEMENT_3D('',#11930,#11931,#11932);
#11935=DIRECTION('',(4.999999841010E-1,5.000000150439E-1,-7.071067817912E-1));
#11936=VECTOR('',#11935,2.828427121350E-1);
#11937=CARTESIAN_POINT('',(6.255634921248E0,-1.551715729025E1,
-1.679999999987E1));
#11938=LINE('',#11937,#11936);
#11939=DIRECTION('',(-7.071067811447E-1,7.071067812284E-1,-2.559360789974E-10));
#11940=VECTOR('',#11939,4.422539710198E0);
#11941=CARTESIAN_POINT('',(9.382842740211E0,-1.864436510958E1,
-1.679999999874E1));
#11942=LINE('',#11941,#11940);
#11943=DIRECTION('',(-1.809266514623E-9,1.889135959025E-9,1.E0));
#11944=VECTOR('',#11943,9.999999998686E-1);
#11945=CARTESIAN_POINT('',(6.255634921248E0,-1.551715729025E1,
-1.679999999987E1));
#11946=LINE('',#11945,#11944);
#11947=DIRECTION('',(-2.567724525139E-8,2.612728880993E-8,1.E0));
#11948=VECTOR('',#11947,9.999999987369E-1);
#11949=CARTESIAN_POINT('',(9.382842740211E0,-1.864436510958E1,
-1.679999999874E1));
#11950=LINE('',#11949,#11948);
#11951=CARTESIAN_POINT('',(9.699999998269E0,-1.892720794253E1,
-1.699999999975E1));
#11952=CARTESIAN_POINT('',(9.700017230179E0,-1.892621351352E1,
-1.699999999975E1));
#11953=CARTESIAN_POINT('',(9.700052853904E0,-1.892409262678E1,
-1.700000000012E1));
#11954=CARTESIAN_POINT('',(9.700083680363E0,-1.892048510905E1,
-1.699999999997E1));
#11955=CARTESIAN_POINT('',(9.700087644910E0,-1.891654018287E1,
-1.700000000001E1));
#11956=CARTESIAN_POINT('',(9.700056101913E0,-1.891230500256E1,-1.7E1));
#11957=CARTESIAN_POINT('',(9.699983673046E0,-1.890785407757E1,-1.7E1));
#11958=CARTESIAN_POINT('',(9.699866546269E0,-1.890323954909E1,-1.7E1));
#11959=CARTESIAN_POINT('',(9.699699453411E0,-1.889842541356E1,-1.7E1));
#11960=CARTESIAN_POINT('',(9.699471970736E0,-1.889330651766E1,-1.7E1));
#11961=CARTESIAN_POINT('',(9.699169393060E0,-1.888778441497E1,-1.7E1));
#11962=CARTESIAN_POINT('',(9.698772327593E0,-1.888176133738E1,-1.7E1));
#11963=CARTESIAN_POINT('',(9.698255165421E0,-1.887513566532E1,-1.7E1));
#11964=CARTESIAN_POINT('',(9.697588555963E0,-1.886782811291E1,-1.7E1));
#11965=CARTESIAN_POINT('',(9.696734739227E0,-1.885973600312E1,-1.7E1));
#11966=CARTESIAN_POINT('',(9.695644222346E0,-1.885077163170E1,-1.7E1));
#11967=CARTESIAN_POINT('',(9.694374300509E0,-1.884164384459E1,-1.7E1));
#11968=CARTESIAN_POINT('',(9.693041212896E0,-1.883308747478E1,-1.7E1));
#11969=CARTESIAN_POINT('',(9.691638723774E0,-1.882489740727E1,-1.7E1));
#11970=CARTESIAN_POINT('',(9.690146292544E0,-1.881689044506E1,-1.7E1));
#11971=CARTESIAN_POINT('',(9.688543702514E0,-1.880892708766E1,-1.7E1));
#11972=CARTESIAN_POINT('',(9.686791721264E0,-1.880081608825E1,-1.7E1));
#11973=CARTESIAN_POINT('',(9.684842641298E0,-1.879238039151E1,-1.7E1));
#11974=CARTESIAN_POINT('',(9.682636610076E0,-1.878343937236E1,-1.7E1));
#11975=CARTESIAN_POINT('',(9.680101386152E0,-1.877380902987E1,-1.7E1));
#11976=CARTESIAN_POINT('',(9.677147151315E0,-1.876330886578E1,-1.7E1));
#11977=CARTESIAN_POINT('',(9.673672800129E0,-1.875179308074E1,-1.7E1));
#11978=CARTESIAN_POINT('',(9.669563812715E0,-1.873910580808E1,-1.7E1));
#11979=CARTESIAN_POINT('',(9.664690753029E0,-1.872511500869E1,-1.7E1));
#11980=CARTESIAN_POINT('',(9.658899446180E0,-1.870968633052E1,-1.7E1));
#11981=CARTESIAN_POINT('',(9.651984266519E0,-1.869267225787E1,-1.7E1));
#11982=CARTESIAN_POINT('',(9.643765894160E0,-1.867407116004E1,-1.7E1));
#11983=CARTESIAN_POINT('',(9.634037312723E0,-1.865386867685E1,-1.7E1));
#11984=CARTESIAN_POINT('',(9.622508041500E0,-1.863202489170E1,-1.7E1));
#11985=CARTESIAN_POINT('',(9.608965402614E0,-1.860878569806E1,-1.7E1));
#11986=CARTESIAN_POINT('',(9.593078592050E0,-1.858420209808E1,
-1.699999999999E1));
#11987=CARTESIAN_POINT('',(9.574285142358E0,-1.855832784040E1,
-1.700000000005E1));
#11988=CARTESIAN_POINT('',(9.551796717975E0,-1.853100510634E1,
-1.699999999980E1));
#11989=CARTESIAN_POINT('',(9.533978132978E0,-1.851231577830E1,
-1.700000000042E1));
#11990=CARTESIAN_POINT('',(9.524264126698E0,-1.850294378116E1,
-1.700000000042E1));
#11992=DIRECTION('',(-5.000001026955E-1,-4.999998973835E-1,7.071067811307E-1));
#11993=VECTOR('',#11992,2.828427148806E-1);
#11994=CARTESIAN_POINT('',(9.524264126698E0,-1.850294378116E1,
-1.700000000042E1));
#11995=LINE('',#11994,#11993);
#11996=CARTESIAN_POINT('',(9.382842740211E0,-1.864436510958E1,
-1.679999999874E1));
#11997=CARTESIAN_POINT('',(9.389536019972E0,-1.865105838934E1,
-1.679983057350E1));
#11998=CARTESIAN_POINT('',(9.401936786321E0,-1.866441076078E1,
-1.680004494969E1));
#11999=CARTESIAN_POINT('',(9.417772005902E0,-1.868386792388E1,
-1.679995878680E1));
#12000=CARTESIAN_POINT('',(9.431213886218E0,-1.870258540914E1,
-1.679998187407E1));
#12001=CARTESIAN_POINT('',(9.442285204926E0,-1.871991847102E1,
-1.679997568786E1));
#12002=CARTESIAN_POINT('',(9.451650519222E0,-1.873628888958E1,
-1.679997734545E1));
#12003=CARTESIAN_POINT('',(9.459491651724E0,-1.875155236397E1,
-1.679997690130E1));
#12004=CARTESIAN_POINT('',(9.466064037099E0,-1.876574191415E1,
-1.679997702031E1));
#12005=CARTESIAN_POINT('',(9.471561943214E0,-1.877887359348E1,
-1.679997698842E1));
#12006=CARTESIAN_POINT('',(9.476157891711E0,-1.879098702491E1,
-1.679997699696E1));
#12007=CARTESIAN_POINT('',(9.480008978234E0,-1.880216451753E1,
-1.679997699467E1));
#12008=CARTESIAN_POINT('',(9.483260356591E0,-1.881254326376E1,
-1.679997699529E1));
#12009=CARTESIAN_POINT('',(9.486027575410E0,-1.882225801488E1,
-1.679997699512E1));
#12010=CARTESIAN_POINT('',(9.488405375194E0,-1.883144817547E1,
-1.679997699517E1));
#12011=CARTESIAN_POINT('',(9.490474585728E0,-1.884028412255E1,
-1.679997699516E1));
#12012=CARTESIAN_POINT('',(9.492281717027E0,-1.884884462068E1,
-1.679997699516E1));
#12013=CARTESIAN_POINT('',(9.493913427610E0,-1.885751213914E1,
-1.679997699516E1));
#12014=CARTESIAN_POINT('',(9.495292985577E0,-1.886584257320E1,
-1.679997699516E1));
#12015=CARTESIAN_POINT('',(9.496418040391E0,-1.887362109413E1,
-1.679997699516E1));
#12016=CARTESIAN_POINT('',(9.497308970928E0,-1.888072077663E1,
-1.679997699517E1));
#12017=CARTESIAN_POINT('',(9.498008983309E0,-1.888718730175E1,
-1.679997699513E1));
#12018=CARTESIAN_POINT('',(9.498554375362E0,-1.889307565607E1,
-1.679997699527E1));
#12019=CARTESIAN_POINT('',(9.498976004458E0,-1.889845058891E1,
-1.679997699473E1));
#12020=CARTESIAN_POINT('',(9.499298443034E0,-1.890337103760E1,
-1.679997699674E1));
#12021=CARTESIAN_POINT('',(9.499542686571E0,-1.890791818219E1,
-1.679997698923E1));
#12022=CARTESIAN_POINT('',(9.499724472700E0,-1.891217478138E1,
-1.679997701726E1));
#12023=CARTESIAN_POINT('',(9.499853704256E0,-1.891616101508E1,
-1.679997691266E1));
#12024=CARTESIAN_POINT('',(9.499939985810E0,-1.891995514738E1,
-1.679997730302E1));
#12025=CARTESIAN_POINT('',(9.499989312225E0,-1.892361157117E1,
-1.679997584618E1));
#12026=CARTESIAN_POINT('',(9.500000000956E0,-1.892601793945E1,
-1.679997947085E1));
#12027=CARTESIAN_POINT('',(9.500000000766E0,-1.892720790555E1,
-1.680000000291E1));
#12029=DIRECTION('',(-9.760306923612E-10,1.E0,1.406723003028E-10));
#12030=VECTOR('',#12029,1.772792057473E0);
#12031=CARTESIAN_POINT('',(9.699999999999E0,-2.07E1,-1.7E1));
#12032=LINE('',#12031,#12030);
#12033=DIRECTION('',(-7.071067823598E-1,1.307485344121E-7,7.071067800133E-1));
#12034=VECTOR('',#12033,2.828427084743E-1);
#12035=CARTESIAN_POINT('',(9.699999998269E0,-1.892720794253E1,
-1.699999999975E1));
#12036=LINE('',#12035,#12034);
#12037=DIRECTION('',(5.773502691871E-1,-5.773502691871E-1,-5.773502691946E-1));
#12038=VECTOR('',#12037,1.732050807588E-1);
#12039=CARTESIAN_POINT('',(9.499999999999E0,-2.07E1,-1.68E1));
#12040=LINE('',#12039,#12038);
#12041=DIRECTION('',(4.324287864137E-10,1.E0,-1.642981090094E-9));
#12042=VECTOR('',#12041,1.772792094454E0);
#12043=CARTESIAN_POINT('',(9.499999999999E0,-2.07E1,-1.68E1));
#12044=LINE('',#12043,#12042);
#12045=DIRECTION('',(-7.659863832019E-10,9.041139011120E-8,1.E0));
#12046=VECTOR('',#12045,1.000000002911E0);
#12047=CARTESIAN_POINT('',(9.500000000766E0,-1.892720790555E1,
-1.680000000291E1));
#12048=LINE('',#12047,#12046);
#12049=DIRECTION('',(7.212008767979E-13,-7.105427357615E-13,1.E0));
#12050=VECTOR('',#12049,9.999999999980E-1);
#12051=CARTESIAN_POINT('',(9.499999999999E0,-2.07E1,-1.68E1));
#12052=LINE('',#12051,#12050);
#12053=DIRECTION('',(-5.773502691896E-1,5.773502691896E-1,-5.773502691896E-1));
#12054=VECTOR('',#12053,3.464101615138E-1);
#12055=CARTESIAN_POINT('',(1.395E1,-2.09E1,-1.68E1));
#12056=LINE('',#12055,#12054);
#12057=DIRECTION('',(-5.773502691890E-1,-5.773502691899E-1,5.773502691900E-1));
#12058=VECTOR('',#12057,1.732050807561E-1);
#12059=CARTESIAN_POINT('',(9.699999999999E0,-2.07E1,-1.7E1));
#12060=LINE('',#12059,#12058);
#12061=DIRECTION('',(5.773502691896E-1,-5.773502691896E-1,5.773502691896E-1));
#12062=VECTOR('',#12061,1.732050807569E-1);
#12063=CARTESIAN_POINT('',(9.6E0,-2.08E1,-1.69E1));
#12064=LINE('',#12063,#12062);
#12065=DIRECTION('',(1.E0,0.E0,0.E0));
#12066=VECTOR('',#12065,4.25E0);
#12067=CARTESIAN_POINT('',(9.7E0,-2.09E1,-1.68E1));
#12068=LINE('',#12067,#12066);
#12069=DIRECTION('',(0.E0,-4.472135955E-1,-8.944271909999E-1));
#12070=VECTOR('',#12069,2.236067977500E-1);
#12071=CARTESIAN_POINT('',(-1.37E1,-2.08E1,-8.2E0));
#12072=LINE('',#12071,#12070);
#12073=DIRECTION('',(0.E0,-7.105427357600E-14,-1.E0));
#12074=VECTOR('',#12073,1.5E-1);
#12075=CARTESIAN_POINT('',(-1.37E1,-2.09E1,-8.4E0));
#12076=LINE('',#12075,#12074);
#12077=DIRECTION('',(0.E0,-3.489949669982E-2,9.993908270192E-1));
#12078=VECTOR('',#12077,3.502133405045E-1);
#12079=CARTESIAN_POINT('',(-1.37E1,-1.995317557882E1,-8.55E0));
#12080=LINE('',#12079,#12078);
#12081=DIRECTION('',(-1.E0,0.E0,0.E0));
#12082=VECTOR('',#12081,9.E-1);
#12083=CARTESIAN_POINT('',(-1.23E1,-2.12E1,-9.E0));
#12084=LINE('',#12083,#12082);
#12085=DIRECTION('',(-1.E0,1.421085471520E-14,7.105427357601E-14));
#12086=VECTOR('',#12085,5.E-1);
#12087=CARTESIAN_POINT('',(-1.32E1,-2.09E1,-8.4E0));
#12088=LINE('',#12087,#12086);
#12089=DIRECTION('',(0.E0,-1.776356839400E-14,-1.E0));
#12090=VECTOR('',#12089,6.E-1);
#12091=CARTESIAN_POINT('',(-1.2E1,-2.09E1,-8.4E0));
#12092=LINE('',#12091,#12090);
#12093=DIRECTION('',(-1.776356839400E-14,0.E0,1.E0));
#12094=VECTOR('',#12093,5.E-1);
#12095=CARTESIAN_POINT('',(-1.23E1,-2.12E1,-9.5E0));
#12096=LINE('',#12095,#12094);
#12097=DIRECTION('',(4.082482904639E-1,4.082482904639E-1,8.164965809277E-1));
#12098=VECTOR('',#12097,7.348469228349E-1);
#12099=CARTESIAN_POINT('',(-1.23E1,-2.12E1,-9.E0));
#12100=LINE('',#12099,#12098);
#12101=DIRECTION('',(7.071067811865E-1,7.071067811865E-1,0.E0));
#12102=VECTOR('',#12101,4.242640687119E-1);
#12103=CARTESIAN_POINT('',(-1.23E1,-2.12E1,-9.5E0));
#12104=LINE('',#12103,#12102);
#12105=DIRECTION('',(0.E0,-1.E0,0.E0));
#12106=VECTOR('',#12105,3.E-1);
#12107=CARTESIAN_POINT('',(-1.32E1,-2.09E1,-9.5E0));
#12108=LINE('',#12107,#12106);
#12109=DIRECTION('',(1.E0,0.E0,0.E0));
#12110=VECTOR('',#12109,9.E-1);
#12111=CARTESIAN_POINT('',(-1.32E1,-2.12E1,-9.5E0));
#12112=LINE('',#12111,#12110);
#12113=DIRECTION('',(0.E0,-4.472135955E-1,-8.944271909999E-1));
#12114=VECTOR('',#12113,6.708203932499E-1);
#12115=CARTESIAN_POINT('',(-1.32E1,-2.09E1,-8.4E0));
#12116=LINE('',#12115,#12114);
#12117=DIRECTION('',(0.E0,0.E0,-1.E0));
#12118=VECTOR('',#12117,5.E-1);
#12119=CARTESIAN_POINT('',(-1.32E1,-2.12E1,-9.E0));
#12120=LINE('',#12119,#12118);
#12121=DIRECTION('',(7.071067811886E-1,1.318124020920E-10,7.071067811844E-1));
#12122=VECTOR('',#12121,2.828427124735E-1);
#12123=CARTESIAN_POINT('',(-1.425E1,-1.931493376721E1,-1.32E1));
#12124=LINE('',#12123,#12122);
#12125=CARTESIAN_POINT('',(-1.405E1,-1.931493376717E1,-1.25E1));
#12126=DIRECTION('',(-1.E0,0.E0,0.E0));
#12127=DIRECTION('',(0.E0,0.E0,-1.E0));
#12128=AXIS2_PLACEMENT_3D('',#12125,#12126,#12127);
#12130=DIRECTION('',(-7.071067811849E-1,-7.066760308403E-1,-2.467767084324E-2));
#12131=VECTOR('',#12130,2.828427124749E-1);
#12132=CARTESIAN_POINT('',(-1.405E1,-1.981462918068E1,-1.251744974828E1));
#12133=LINE('',#12132,#12131);
#12134=DIRECTION('',(1.E0,-2.758326900224E-10,6.252776074696E-13));
#12135=VECTOR('',#12134,4.999999999994E-1);
#12136=CARTESIAN_POINT('',(-1.405E1,-1.931493376717E1,-1.3E1));
#12137=LINE('',#12136,#12135);
#12138=DIRECTION('',(-1.E0,-5.499600774775E-12,7.655742706436E-11));
#12139=VECTOR('',#12138,5.000000000008E-1);
#12140=CARTESIAN_POINT('',(-1.355E1,-1.981462918068E1,-1.251744974832E1));
#12141=LINE('',#12140,#12139);
#12142=CARTESIAN_POINT('',(-1.355E1,-1.931493376717E1,-1.25E1));
#12143=DIRECTION('',(1.E0,0.E0,0.E0));
#12144=DIRECTION('',(0.E0,-9.993908270229E-1,-3.489949659494E-2));
#12145=AXIS2_PLACEMENT_3D('',#12142,#12143,#12144);
#12147=CARTESIAN_POINT('',(-1.355E1,-1.931493376717E1,-1.25E1));
#12148=DIRECTION('',(1.E0,0.E0,0.E0));
#12149=DIRECTION('',(0.E0,-6.938755116186E-1,-7.200949759414E-1));
#12150=AXIS2_PLACEMENT_3D('',#12147,#12148,#12149);
#12152=CARTESIAN_POINT('',(-1.355E1,-1.931493376717E1,-1.33E1));
#12153=DIRECTION('',(0.E0,1.E0,0.E0));
#12154=DIRECTION('',(0.E0,0.E0,1.E0));
#12155=AXIS2_PLACEMENT_3D('',#12152,#12153,#12154);
#12157=CARTESIAN_POINT('',(-1.325E1,-1.979283445198E1,-1.314156911978E1));
#12158=CARTESIAN_POINT('',(-1.325E1,-1.979335237090E1,-1.312673786241E1));
#12159=CARTESIAN_POINT('',(-1.325134237739E1,-1.979440613771E1,
-1.309655387921E1));
#12160=CARTESIAN_POINT('',(-1.325747674129E1,-1.979604140194E1,
-1.304976226258E1));
#12161=CARTESIAN_POINT('',(-1.326444917154E1,-1.979716633839E1,
-1.301745975016E1));
#12162=CARTESIAN_POINT('',(-1.326867875433E1,-1.979773943507E1,
-1.300104840829E1));
#12164=CARTESIAN_POINT('',(-1.326867875433E1,-1.979773943507E1,
-1.300104840829E1));
#12165=CARTESIAN_POINT('',(-1.328158173620E1,-1.979948775317E1,
-1.295098312843E1));
#12166=CARTESIAN_POINT('',(-1.332047310087E1,-1.980306216720E1,
-1.284871385022E1));
#12167=CARTESIAN_POINT('',(-1.341898011732E1,-1.980870530160E1,
-1.268707940038E1));
#12168=CARTESIAN_POINT('',(-1.350450992128E1,-1.981257962262E1,
-1.257614141225E1));
#12169=CARTESIAN_POINT('',(-1.355E1,-1.981462918068E1,-1.251744974832E1));
#12171=DIRECTION('',(-8.754481284191E-13,1.E0,2.854722157888E-14));
#12172=VECTOR('',#12171,7.467025123233E-1);
#12173=CARTESIAN_POINT('',(-1.425E1,-8.846702512323E0,-8.55E0));
#12174=LINE('',#12173,#12172);
#12175=DIRECTION('',(1.E0,0.E0,0.E0));
#12176=VECTOR('',#12175,5.5E-1);
#12177=CARTESIAN_POINT('',(-1.425E1,-8.1E0,-8.55E0));
#12178=LINE('',#12177,#12176);
#12179=DIRECTION('',(0.E0,-1.E0,0.E0));
#12180=VECTOR('',#12179,9.468244211850E-1);
#12181=CARTESIAN_POINT('',(-1.37E1,-8.1E0,-8.55E0));
#12182=LINE('',#12181,#12180);
#12183=DIRECTION('',(0.E0,-3.489949670237E-2,-9.993908270191E-1));
#12184=VECTOR('',#12183,3.502133405046E-1);
#12185=CARTESIAN_POINT('',(-1.37E1,-9.034602151863E0,-8.2E0));
#12186=LINE('',#12185,#12184);
#12187=DIRECTION('',(0.E0,-4.472135955E-1,8.944271909999E-1));
#12188=VECTOR('',#12187,2.236067977500E-1);
#12189=CARTESIAN_POINT('',(-1.37E1,-8.1E0,-8.4E0));
#12190=LINE('',#12189,#12188);
#12191=DIRECTION('',(0.E0,-1.E0,0.E0));
#12192=VECTOR('',#12191,8.346021518628E-1);
#12193=CARTESIAN_POINT('',(-1.2E1,-8.2E0,-8.2E0));
#12194=LINE('',#12193,#12192);
#12195=DIRECTION('',(-1.E0,-5.120087360624E-14,0.E0));
#12196=VECTOR('',#12195,1.7E0);
#12197=CARTESIAN_POINT('',(-1.2E1,-9.034602151863E0,-8.2E0));
#12198=LINE('',#12197,#12196);
#12199=DIRECTION('',(0.E0,1.E0,0.E0));
#12200=VECTOR('',#12199,8.346021518629E-1);
#12201=CARTESIAN_POINT('',(-1.37E1,-9.034602151863E0,-8.2E0));
#12202=LINE('',#12201,#12200);
#12203=DIRECTION('',(0.E0,4.472135954999E-1,-8.944271909999E-1));
#12204=VECTOR('',#12203,2.236067977500E-1);
#12205=CARTESIAN_POINT('',(-1.2E1,-8.2E0,-8.2E0));
#12206=LINE('',#12205,#12204);
#12207=DIRECTION('',(0.E0,-2.072416312634E-14,-1.E0));
#12208=VECTOR('',#12207,6.E-1);
#12209=CARTESIAN_POINT('',(-1.2E1,-8.1E0,-8.4E0));
#12210=LINE('',#12209,#12208);
#12211=DIRECTION('',(0.E0,-1.E0,-1.107294728977E-14));
#12212=VECTOR('',#12211,9.625387674561E-1);
#12213=CARTESIAN_POINT('',(-1.2E1,-8.1E0,-9.E0));
#12214=LINE('',#12213,#12212);
#12215=DIRECTION('',(0.E0,3.489949670234E-2,9.993908270191E-1));
#12216=VECTOR('',#12215,8.004876354391E-1);
#12217=CARTESIAN_POINT('',(-1.2E1,-9.062538767456E0,-9.E0));
#12218=LINE('',#12217,#12216);
#12219=DIRECTION('',(-1.E0,0.E0,0.E0));
#12220=VECTOR('',#12219,1.7E0);
#12221=CARTESIAN_POINT('',(-1.2E1,-8.2E0,-8.2E0));
#12222=LINE('',#12221,#12220);
#12223=DIRECTION('',(1.E0,0.E0,-5.684341886081E-14));
#12224=VECTOR('',#12223,5.E-1);
#12225=CARTESIAN_POINT('',(-1.37E1,-8.1E0,-8.4E0));
#12226=LINE('',#12225,#12224);
#12227=DIRECTION('',(1.E0,0.E0,0.E0));
#12228=VECTOR('',#12227,9.E-1);
#12229=CARTESIAN_POINT('',(-1.32E1,-7.8E0,-9.E0));
#12230=LINE('',#12229,#12228);
#12231=DIRECTION('',(0.E0,-4.472135955E-1,8.944271909999E-1));
#12232=VECTOR('',#12231,6.708203932499E-1);
#12233=CARTESIAN_POINT('',(-1.32E1,-7.8E0,-9.E0));
#12234=LINE('',#12233,#12232);
#12235=DIRECTION('',(0.E0,1.E0,0.E0));
#12236=VECTOR('',#12235,3.E-1);
#12237=CARTESIAN_POINT('',(-1.32E1,-8.1E0,-9.5E0));
#12238=LINE('',#12237,#12236);
#12239=DIRECTION('',(0.E0,3.552713678800E-14,1.E0));
#12240=VECTOR('',#12239,5.E-1);
#12241=CARTESIAN_POINT('',(-1.32E1,-7.8E0,-9.5E0));
#12242=LINE('',#12241,#12240);
#12243=DIRECTION('',(-7.071067811865E-1,7.071067811865E-1,0.E0));
#12244=VECTOR('',#12243,4.242640687119E-1);
#12245=CARTESIAN_POINT('',(-1.2E1,-8.1E0,-9.5E0));
#12246=LINE('',#12245,#12244);
#12247=DIRECTION('',(-1.E0,0.E0,0.E0));
#12248=VECTOR('',#12247,9.E-1);
#12249=CARTESIAN_POINT('',(-1.23E1,-7.8E0,-9.5E0));
#12250=LINE('',#12249,#12248);
#12251=DIRECTION('',(-4.082482904639E-1,4.082482904639E-1,-8.164965809277E-1));
#12252=VECTOR('',#12251,7.348469228349E-1);
#12253=CARTESIAN_POINT('',(-1.2E1,-8.1E0,-8.4E0));
#12254=LINE('',#12253,#12252);
#12255=DIRECTION('',(1.421085471520E-14,-3.019806626980E-14,-1.E0));
#12256=VECTOR('',#12255,5.E-1);
#12257=CARTESIAN_POINT('',(-1.23E1,-7.8E0,-9.E0));
#12258=LINE('',#12257,#12256);
#12259=DIRECTION('',(7.068913075819E-1,-7.073221891509E-1,1.883536813405E-14));
#12260=VECTOR('',#12259,2.829289281884E-1);
#12261=CARTESIAN_POINT('',(-1.425E1,-8.846702512323E0,-8.55E0));
#12262=LINE('',#12261,#12260);
#12263=DIRECTION('',(7.071067813594E-1,-7.066760303640E-1,2.467767947938E-2));
#12264=VECTOR('',#12263,2.828427123817E-1);
#12265=CARTESIAN_POINT('',(-1.424999999994E1,-8.985492654210E0,
-1.252442965244E1));
#12266=LINE('',#12265,#12264);
#12267=CARTESIAN_POINT('',(-1.405E1,-9.685066232827E0,-1.25E1));
#12268=DIRECTION('',(-1.E0,0.E0,0.E0));
#12269=DIRECTION('',(0.E0,9.993908270191E-1,-3.489949670250E-2));
#12270=AXIS2_PLACEMENT_3D('',#12267,#12268,#12269);
#12272=DIRECTION('',(-7.071067811863E-1,-1.636036341948E-10,
-7.071067811868E-1));
#12273=VECTOR('',#12272,2.828427124747E-1);
#12274=CARTESIAN_POINT('',(-1.405E1,-9.685066232815E0,-1.3E1));
#12275=LINE('',#12274,#12273);
#12276=DIRECTION('',(-1.E0,-2.152127365207E-10,-9.023892744153E-13));
#12277=VECTOR('',#12276,5.E-1);
#12278=CARTESIAN_POINT('',(-1.355E1,-9.685066232707E0,-1.3E1));
#12279=LINE('',#12278,#12277);
#12280=CARTESIAN_POINT('',(-1.2E1,-1.996539784814E1,-8.2E0));
#12281=CARTESIAN_POINT('',(-1.2E1,-2.08E1,-8.2E0));
#12282=VERTEX_POINT('',#12280);
#12283=VERTEX_POINT('',#12281);
#12284=CARTESIAN_POINT('',(-1.37E1,-2.08E1,-8.2E0));
#12285=VERTEX_POINT('',#12284);
#12286=CARTESIAN_POINT('',(-1.37E1,-1.996539784814E1,-8.2E0));
#12287=VERTEX_POINT('',#12286);
#12288=CARTESIAN_POINT('',(-1.2E1,-1.993746123254E1,-9.E0));
#12289=VERTEX_POINT('',#12288);
#12290=CARTESIAN_POINT('',(-1.2E1,-2.09E1,-9.E0));
#12291=VERTEX_POINT('',#12290);
#12292=CARTESIAN_POINT('',(-1.2E1,-2.09E1,-8.4E0));
#12293=VERTEX_POINT('',#12292);
#12294=CARTESIAN_POINT('',(-1.059492291198E1,-1.993746123254E1,-9.E0));
#12295=VERTEX_POINT('',#12294);
#12296=CARTESIAN_POINT('',(-1.37E1,-1.995317557882E1,-8.55E0));
#12297=VERTEX_POINT('',#12296);
#12298=CARTESIAN_POINT('',(-1.405E1,-1.995317557882E1,-8.55E0));
#12299=VERTEX_POINT('',#12298);
#12300=CARTESIAN_POINT('',(-1.405E1,-1.981462918068E1,-1.251744974828E1));
#12301=VERTEX_POINT('',#12300);
#12302=CARTESIAN_POINT('',(-1.355E1,-1.981462918068E1,-1.251744974832E1));
#12303=VERTEX_POINT('',#12302);
#12304=VERTEX_POINT('',#12164);
#12305=VERTEX_POINT('',#12157);
#12306=CARTESIAN_POINT('',(-1.325E1,-1.97E1,-1.58E1));
#12307=VERTEX_POINT('',#12306);
#12308=CARTESIAN_POINT('',(-9.816733765197E0,-1.97E1,-1.58E1));
#12309=VERTEX_POINT('',#12308);
#12310=VERTEX_POINT('',#10857);
#12311=CARTESIAN_POINT('',(-1.059492291198E1,-2.09E1,-9.E0));
#12312=VERTEX_POINT('',#12311);
#12313=CARTESIAN_POINT('',(-1.001594317902E1,-2.09E1,-1.561776753967E1));
#12314=VERTEX_POINT('',#12313);
#12315=CARTESIAN_POINT('',(-9.816733765197E0,-2.09E1,-1.58E1));
#12316=VERTEX_POINT('',#12315);
#12317=CARTESIAN_POINT('',(9.816733765197E0,-9.3E0,-1.58E1));
#12318=CARTESIAN_POINT('',(9.816733765197E0,-8.1E0,-1.58E1));
#12319=VERTEX_POINT('',#12317);
#12320=VERTEX_POINT('',#12318);
#12321=CARTESIAN_POINT('',(1.325E1,-9.3E0,-1.58E1));
#12322=VERTEX_POINT('',#12321);
#12323=CARTESIAN_POINT('',(1.325E1,-1.97E1,-1.58E1));
#12324=VERTEX_POINT('',#12323);
#12325=CARTESIAN_POINT('',(9.816733765197E0,-1.97E1,-1.58E1));
#12326=VERTEX_POINT('',#12325);
#12327=CARTESIAN_POINT('',(9.817071449584E0,-2.09E1,-1.579999990497E1));
#12328=VERTEX_POINT('',#12327);
#12329=CARTESIAN_POINT('',(9.7E0,-2.09E1,-1.58E1));
#12330=VERTEX_POINT('',#12329);
#12331=CARTESIAN_POINT('',(9.5E0,-2.07E1,-1.58E1));
#12332=VERTEX_POINT('',#12331);
#12333=CARTESIAN_POINT('',(9.5E0,-1.892720781513E1,-1.58E1));
#12334=VERTEX_POINT('',#12333);
#12335=CARTESIAN_POINT('',(9.382842712494E0,-1.864436508141E1,-1.58E1));
#12336=VERTEX_POINT('',#12335);
#12337=CARTESIAN_POINT('',(6.255634919439E0,-1.551715728836E1,-1.58E1));
#12338=VERTEX_POINT('',#12337);
#12339=CARTESIAN_POINT('',(5.972792206136E0,-1.54E1,-1.58E1));
#12340=VERTEX_POINT('',#12339);
#12341=CARTESIAN_POINT('',(-5.972792204948E0,-1.54E1,-1.58E1));
#12342=VERTEX_POINT('',#12341);
#12343=CARTESIAN_POINT('',(-6.255634918607E0,-1.551715728752E1,-1.58E1));
#12344=VERTEX_POINT('',#12343);
#12345=CARTESIAN_POINT('',(-9.382842697827E0,-1.864436506674E1,-1.58E1));
#12346=VERTEX_POINT('',#12345);
#12347=CARTESIAN_POINT('',(-9.499999999999E0,-1.892720779387E1,-1.58E1));
#12348=VERTEX_POINT('',#12347);
#12349=CARTESIAN_POINT('',(-9.5E0,-2.07E1,-1.58E1));
#12350=VERTEX_POINT('',#12349);
#12351=CARTESIAN_POINT('',(-9.7E0,-2.09E1,-1.58E1));
#12352=VERTEX_POINT('',#12351);
#12353=CARTESIAN_POINT('',(-1.325E1,-9.3E0,-1.58E1));
#12354=VERTEX_POINT('',#12353);
#12355=CARTESIAN_POINT('',(-9.816733765197E0,-9.3E0,-1.58E1));
#12356=VERTEX_POINT('',#12355);
#12357=CARTESIAN_POINT('',(-9.817071449584E0,-8.1E0,-1.579999990497E1));
#12358=VERTEX_POINT('',#12357);
#12359=CARTESIAN_POINT('',(-5.754997827975E0,-8.1E0,-1.58E1));
#12360=VERTEX_POINT('',#12359);
#12361=CARTESIAN_POINT('',(-5.641037474954E0,-8.135643564351E0,-1.58E1));
#12362=VERTEX_POINT('',#12361);
#12363=CARTESIAN_POINT('',(5.641037474952E0,-8.135643564352E0,-1.58E1));
#12364=VERTEX_POINT('',#12363);
#12365=CARTESIAN_POINT('',(5.754997827975E0,-8.1E0,-1.58E1));
#12366=VERTEX_POINT('',#12365);
#12367=CARTESIAN_POINT('',(1.001594298972E1,-8.1E0,-1.561776752277E1));
#12368=VERTEX_POINT('',#12367);
#12369=CARTESIAN_POINT('',(1.001597270482E1,-9.293624555221E0,
-1.561743114852E1));
#12370=VERTEX_POINT('',#12369);
#12371=CARTESIAN_POINT('',(1.059492291198E1,-8.1E0,-9.E0));
#12372=CARTESIAN_POINT('',(1.2E1,-8.1E0,-9.E0));
#12373=VERTEX_POINT('',#12371);
#12374=VERTEX_POINT('',#12372);
#12375=CARTESIAN_POINT('',(5.754997833741E0,-8.100000000052E0,
-1.680000000012E1));
#12376=VERTEX_POINT('',#12375);
#12377=CARTESIAN_POINT('',(1.395E1,-8.099999999999E0,-1.68E1));
#12378=VERTEX_POINT('',#12377);
#12379=CARTESIAN_POINT('',(1.425E1,-8.1E0,-1.65E1));
#12380=VERTEX_POINT('',#12379);
#12381=CARTESIAN_POINT('',(1.425E1,-8.1E0,-8.55E0));
#12382=VERTEX_POINT('',#12381);
#12383=CARTESIAN_POINT('',(1.37E1,-8.1E0,-8.55E0));
#12384=VERTEX_POINT('',#12383);
#12385=CARTESIAN_POINT('',(1.37E1,-8.1E0,-8.4E0));
#12386=VERTEX_POINT('',#12385);
#12387=CARTESIAN_POINT('',(1.32E1,-8.1E0,-8.4E0));
#12388=VERTEX_POINT('',#12387);
#12389=CARTESIAN_POINT('',(1.32E1,-8.1E0,-9.5E0));
#12390=VERTEX_POINT('',#12389);
#12391=CARTESIAN_POINT('',(1.2E1,-8.1E0,-9.5E0));
#12392=VERTEX_POINT('',#12391);
#12393=CARTESIAN_POINT('',(1.059492291198E1,-9.062538767456E0,-9.E0));
#12394=VERTEX_POINT('',#12393);
#12395=CARTESIAN_POINT('',(1.2E1,-9.062538767456E0,-9.E0));
#12396=VERTEX_POINT('',#12395);
#12397=CARTESIAN_POINT('',(1.2E1,-9.034602151863E0,-8.2E0));
#12398=VERTEX_POINT('',#12397);
#12399=CARTESIAN_POINT('',(1.37E1,-9.034602151863E0,-8.2E0));
#12400=VERTEX_POINT('',#12399);
#12401=CARTESIAN_POINT('',(1.37E1,-9.046824421185E0,-8.55E0));
#12402=VERTEX_POINT('',#12401);
#12403=CARTESIAN_POINT('',(1.405E1,-9.046824421183E0,-8.55E0));
#12404=VERTEX_POINT('',#12403);
#12405=CARTESIAN_POINT('',(1.404999999992E1,-9.185370819479E0,
-1.251744975205E1));
#12406=VERTEX_POINT('',#12405);
#12407=CARTESIAN_POINT('',(1.355E1,-9.185370819317E0,-1.251744974835E1));
#12408=VERTEX_POINT('',#12407);
#12409=VERTEX_POINT('',#11342);
#12410=VERTEX_POINT('',#11335);
#12411=CARTESIAN_POINT('',(1.2E1,-8.2E0,-8.2E0));
#12412=VERTEX_POINT('',#12411);
#12413=CARTESIAN_POINT('',(1.2E1,-8.1E0,-8.4E0));
#12414=VERTEX_POINT('',#12413);
#12415=CARTESIAN_POINT('',(1.37E1,-8.2E0,-8.2E0));
#12416=VERTEX_POINT('',#12415);
#12417=CARTESIAN_POINT('',(1.23E1,-7.8E0,-9.E0));
#12418=VERTEX_POINT('',#12417);
#12419=CARTESIAN_POINT('',(1.32E1,-7.8E0,-9.E0));
#12420=VERTEX_POINT('',#12419);
#12421=CARTESIAN_POINT('',(1.23E1,-7.8E0,-9.5E0));
#12422=VERTEX_POINT('',#12421);
#12423=CARTESIAN_POINT('',(1.32E1,-7.8E0,-9.5E0));
#12424=VERTEX_POINT('',#12423);
#12425=CARTESIAN_POINT('',(1.425E1,-8.846702512325E0,-8.55E0));
#12426=VERTEX_POINT('',#12425);
#12427=CARTESIAN_POINT('',(1.425E1,-2.09E1,-8.55E0));
#12428=CARTESIAN_POINT('',(1.425E1,-2.015329748767E1,-8.55E0));
#12429=VERTEX_POINT('',#12427);
#12430=VERTEX_POINT('',#12428);
#12431=CARTESIAN_POINT('',(1.425E1,-2.001450734609E1,-1.252442964764E1));
#12432=VERTEX_POINT('',#12431);
#12433=CARTESIAN_POINT('',(1.425E1,-1.931493376723E1,-1.32E1));
#12434=VERTEX_POINT('',#12433);
#12435=CARTESIAN_POINT('',(1.425E1,-9.685066233114E0,-1.32E1));
#12436=VERTEX_POINT('',#12435);
#12437=CARTESIAN_POINT('',(1.425E1,-8.985492654066E0,-1.252442965209E1));
#12438=VERTEX_POINT('',#12437);
#12439=CARTESIAN_POINT('',(1.425E1,-2.09E1,-1.65E1));
#12440=VERTEX_POINT('',#12439);
#12441=CARTESIAN_POINT('',(1.37E1,-2.09E1,-8.55E0));
#12442=VERTEX_POINT('',#12441);
#12443=CARTESIAN_POINT('',(1.37E1,-1.995317557882E1,-8.55E0));
#12444=VERTEX_POINT('',#12443);
#12445=CARTESIAN_POINT('',(1.405E1,-1.995317557882E1,-8.55E0));
#12446=VERTEX_POINT('',#12445);
#12447=CARTESIAN_POINT('',(1.059492291198E1,-2.09E1,-9.E0));
#12448=CARTESIAN_POINT('',(1.2E1,-2.09E1,-9.E0));
#12449=VERTEX_POINT('',#12447);
#12450=VERTEX_POINT('',#12448);
#12451=CARTESIAN_POINT('',(1.2E1,-2.09E1,-9.5E0));
#12452=VERTEX_POINT('',#12451);
#12453=CARTESIAN_POINT('',(1.32E1,-2.09E1,-9.5E0));
#12454=VERTEX_POINT('',#12453);
#12455=CARTESIAN_POINT('',(1.32E1,-2.09E1,-8.4E0));
#12456=VERTEX_POINT('',#12455);
#12457=CARTESIAN_POINT('',(1.37E1,-2.09E1,-8.4E0));
#12458=VERTEX_POINT('',#12457);
#12459=CARTESIAN_POINT('',(1.395E1,-2.09E1,-1.68E1));
#12460=VERTEX_POINT('',#12459);
#12461=CARTESIAN_POINT('',(9.7E0,-2.09E1,-1.68E1));
#12462=VERTEX_POINT('',#12461);
#12463=CARTESIAN_POINT('',(1.001597270482E1,-2.09E1,-1.561743114854E1));
#12464=VERTEX_POINT('',#12463);
#12465=CARTESIAN_POINT('',(1.059492291198E1,-1.993746123254E1,-9.E0));
#12466=VERTEX_POINT('',#12465);
#12467=CARTESIAN_POINT('',(1.2E1,-1.993746123254E1,-9.E0));
#12468=VERTEX_POINT('',#12467);
#12469=CARTESIAN_POINT('',(1.001597270482E1,-1.970637544478E1,
-1.561743114853E1));
#12470=VERTEX_POINT('',#12469);
#12471=CARTESIAN_POINT('',(1.325E1,-1.979283445198E1,-1.314156911977E1));
#12472=VERTEX_POINT('',#12471);
#12473=VERTEX_POINT('',#11254);
#12474=CARTESIAN_POINT('',(1.405E1,-1.981462918068E1,-1.251744974831E1));
#12475=VERTEX_POINT('',#12474);
#12476=CARTESIAN_POINT('',(1.37E1,-1.996539784814E1,-8.2E0));
#12477=VERTEX_POINT('',#12476);
#12478=CARTESIAN_POINT('',(1.2E1,-1.996539784814E1,-8.2E0));
#12479=VERTEX_POINT('',#12478);
#12480=CARTESIAN_POINT('',(1.325E1,-1.931493377528E1,-1.33E1));
#12481=VERTEX_POINT('',#12480);
#12482=CARTESIAN_POINT('',(1.325E1,-9.685066211350E0,-1.33E1));
#12483=VERTEX_POINT('',#12482);
#12484=CARTESIAN_POINT('',(1.355E1,-1.931493376717E1,-1.3E1));
#12485=VERTEX_POINT('',#12484);
#12486=CARTESIAN_POINT('',(1.355E1,-9.685066232604E0,-1.3E1));
#12487=VERTEX_POINT('',#12486);
#12488=CARTESIAN_POINT('',(1.405E1,-9.685066232732E0,-1.3E1));
#12489=CARTESIAN_POINT('',(1.405E1,-1.931493376717E1,-1.3E1));
#12490=VERTEX_POINT('',#12488);
#12491=VERTEX_POINT('',#12489);
#12492=CARTESIAN_POINT('',(1.355E1,-9.338072890736E0,-1.285999391737E1));
#12493=VERTEX_POINT('',#12492);
#12494=CARTESIAN_POINT('',(1.37E1,-2.08E1,-8.2E0));
#12495=VERTEX_POINT('',#12494);
#12496=CARTESIAN_POINT('',(1.2E1,-2.08E1,-8.2E0));
#12497=CARTESIAN_POINT('',(1.2E1,-2.09E1,-8.4E0));
#12498=VERTEX_POINT('',#12496);
#12499=VERTEX_POINT('',#12497);
#12500=CARTESIAN_POINT('',(1.32E1,-2.12E1,-9.E0));
#12501=VERTEX_POINT('',#12500);
#12502=CARTESIAN_POINT('',(1.23E1,-2.12E1,-9.E0));
#12503=VERTEX_POINT('',#12502);
#12504=CARTESIAN_POINT('',(1.23E1,-2.12E1,-9.5E0));
#12505=VERTEX_POINT('',#12504);
#12506=CARTESIAN_POINT('',(1.32E1,-2.12E1,-9.5E0));
#12507=VERTEX_POINT('',#12506);
#12508=CARTESIAN_POINT('',(1.375E1,-8.3E0,-1.7E1));
#12509=VERTEX_POINT('',#12508);
#12510=CARTESIAN_POINT('',(1.375E1,-2.07E1,-1.7E1));
#12511=VERTEX_POINT('',#12510);
#12512=CARTESIAN_POINT('',(5.754997831663E0,-8.299999997846E0,
-1.699999999953E1));
#12513=VERTEX_POINT('',#12512);
#12514=CARTESIAN_POINT('',(5.641037477994E0,-8.135643562242E0,-1.68E1));
#12515=VERTEX_POINT('',#12514);
#12516=CARTESIAN_POINT('',(5.457639862692E-14,-9.900000000001E0,-1.68E1));
#12517=CARTESIAN_POINT('',(-5.641037477738E0,-8.135643562422E0,-1.68E1));
#12518=VERTEX_POINT('',#12516);
#12519=VERTEX_POINT('',#12517);
#12520=CARTESIAN_POINT('',(-5.754997831490E0,-8.299999997988E0,
-1.699999999955E1));
#12521=VERTEX_POINT('',#12520);
#12522=CARTESIAN_POINT('',(5.861977570075E-14,-1.01E1,-1.7E1));
#12523=VERTEX_POINT('',#12522);
#12524=CARTESIAN_POINT('',(-5.754997827975E0,-8.099999999999E0,-1.68E1));
#12525=VERTEX_POINT('',#12524);
#12526=CARTESIAN_POINT('',(-1.2E1,-8.1E0,-9.E0));
#12527=CARTESIAN_POINT('',(-1.059492291198E1,-8.1E0,-9.E0));
#12528=VERTEX_POINT('',#12526);
#12529=VERTEX_POINT('',#12527);
#12530=CARTESIAN_POINT('',(-1.2E1,-8.1E0,-9.5E0));
#12531=VERTEX_POINT('',#12530);
#12532=CARTESIAN_POINT('',(-1.32E1,-8.1E0,-9.5E0));
#12533=VERTEX_POINT('',#12532);
#12534=CARTESIAN_POINT('',(-1.32E1,-8.1E0,-8.4E0));
#12535=VERTEX_POINT('',#12534);
#12536=CARTESIAN_POINT('',(-1.37E1,-8.1E0,-8.4E0));
#12537=VERTEX_POINT('',#12536);
#12538=CARTESIAN_POINT('',(-1.37E1,-8.1E0,-8.55E0));
#12539=VERTEX_POINT('',#12538);
#12540=CARTESIAN_POINT('',(-1.425E1,-8.1E0,-8.55E0));
#12541=VERTEX_POINT('',#12540);
#12542=CARTESIAN_POINT('',(-1.425E1,-8.1E0,-1.65E1));
#12543=VERTEX_POINT('',#12542);
#12544=CARTESIAN_POINT('',(-1.395E1,-8.1E0,-1.68E1));
#12545=VERTEX_POINT('',#12544);
#12546=CARTESIAN_POINT('',(-1.001597270481E1,-8.1E0,-1.561743114856E1));
#12547=VERTEX_POINT('',#12546);
#12548=CARTESIAN_POINT('',(-1.059492291198E1,-9.062538767456E0,-9.E0));
#12549=VERTEX_POINT('',#12548);
#12550=CARTESIAN_POINT('',(-1.2E1,-9.062538767456E0,-9.E0));
#12551=VERTEX_POINT('',#12550);
#12552=CARTESIAN_POINT('',(-1.001597270482E1,-9.293624555222E0,
-1.561743114855E1));
#12553=VERTEX_POINT('',#12552);
#12554=CARTESIAN_POINT('',(-1.325E1,-9.207165548022E0,-1.314156911977E1));
#12555=VERTEX_POINT('',#12554);
#12556=VERTEX_POINT('',#11604);
#12557=CARTESIAN_POINT('',(-1.404999999996E1,-9.185370819413E0,
-1.251744975064E1));
#12558=VERTEX_POINT('',#12557);
#12559=CARTESIAN_POINT('',(-1.405E1,-9.046824421184E0,-8.55E0));
#12560=VERTEX_POINT('',#12559);
#12561=CARTESIAN_POINT('',(-1.37E1,-9.046824421185E0,-8.55E0));
#12562=VERTEX_POINT('',#12561);
#12563=CARTESIAN_POINT('',(-1.37E1,-9.034602151863E0,-8.2E0));
#12564=VERTEX_POINT('',#12563);
#12565=CARTESIAN_POINT('',(-1.2E1,-9.034602151863E0,-8.2E0));
#12566=VERTEX_POINT('',#12565);
#12567=CARTESIAN_POINT('',(-1.325E1,-9.685066223600E0,-1.33E1));
#12568=VERTEX_POINT('',#12567);
#12569=CARTESIAN_POINT('',(-1.325E1,-1.931493378560E1,-1.33E1));
#12570=VERTEX_POINT('',#12569);
#12571=CARTESIAN_POINT('',(-1.355E1,-9.685066232827E0,-1.3E1));
#12572=VERTEX_POINT('',#12571);
#12573=CARTESIAN_POINT('',(-1.355E1,-1.931493376731E1,-1.3E1));
#12574=VERTEX_POINT('',#12573);
#12575=CARTESIAN_POINT('',(-1.405E1,-1.931493376717E1,-1.3E1));
#12576=CARTESIAN_POINT('',(-1.405E1,-9.685066232815E0,-1.3E1));
#12577=VERTEX_POINT('',#12575);
#12578=VERTEX_POINT('',#12576);
#12579=CARTESIAN_POINT('',(-1.425E1,-1.931493376721E1,-1.32E1));
#12580=CARTESIAN_POINT('',(-1.425E1,-9.685066232861E0,-1.32E1));
#12581=VERTEX_POINT('',#12579);
#12582=VERTEX_POINT('',#12580);
#12583=CARTESIAN_POINT('',(-1.425E1,-2.09E1,-8.55E0));
#12584=CARTESIAN_POINT('',(-1.425E1,-2.015329748768E1,-8.55E0));
#12585=VERTEX_POINT('',#12583);
#12586=VERTEX_POINT('',#12584);
#12587=CARTESIAN_POINT('',(-1.425E1,-2.09E1,-1.65E1));
#12588=VERTEX_POINT('',#12587);
#12589=CARTESIAN_POINT('',(-1.425E1,-8.846702512323E0,-8.55E0));
#12590=VERTEX_POINT('',#12589);
#12591=CARTESIAN_POINT('',(-1.424999999994E1,-8.985492654210E0,
-1.252442965244E1));
#12592=VERTEX_POINT('',#12591);
#12593=CARTESIAN_POINT('',(-1.425E1,-2.001450734609E1,-1.252442964768E1));
#12594=VERTEX_POINT('',#12593);
#12595=CARTESIAN_POINT('',(-1.37E1,-2.09E1,-8.55E0));
#12596=VERTEX_POINT('',#12595);
#12597=CARTESIAN_POINT('',(-9.7E0,-2.09E1,-1.68E1));
#12598=VERTEX_POINT('',#12597);
#12599=CARTESIAN_POINT('',(-1.395E1,-2.09E1,-1.68E1));
#12600=VERTEX_POINT('',#12599);
#12601=CARTESIAN_POINT('',(-1.37E1,-2.09E1,-8.4E0));
#12602=VERTEX_POINT('',#12601);
#12603=CARTESIAN_POINT('',(-1.32E1,-2.09E1,-8.4E0));
#12604=VERTEX_POINT('',#12603);
#12605=CARTESIAN_POINT('',(-1.32E1,-2.09E1,-9.5E0));
#12606=VERTEX_POINT('',#12605);
#12607=CARTESIAN_POINT('',(-1.2E1,-2.09E1,-9.5E0));
#12608=VERTEX_POINT('',#12607);
#12609=CARTESIAN_POINT('',(-9.5E0,-2.07E1,-1.68E1));
#12610=VERTEX_POINT('',#12609);
#12611=CARTESIAN_POINT('',(-9.6E0,-2.08E1,-1.69E1));
#12612=VERTEX_POINT('',#12611);
#12613=CARTESIAN_POINT('',(-9.499999999682E0,-1.892720775432E1,
-1.679999999874E1));
#12614=VERTEX_POINT('',#12613);
#12615=VERTEX_POINT('',#11795);
#12616=VERTEX_POINT('',#11719);
#12617=VERTEX_POINT('',#11758);
#12618=CARTESIAN_POINT('',(-1.375E1,-8.3E0,-1.7E1));
#12619=VERTEX_POINT('',#12618);
#12620=CARTESIAN_POINT('',(-1.375E1,-2.07E1,-1.7E1));
#12621=VERTEX_POINT('',#12620);
#12622=CARTESIAN_POINT('',(-9.7E0,-2.07E1,-1.7E1));
#12623=VERTEX_POINT('',#12622);
#12624=CARTESIAN_POINT('',(-6.397056263022E0,-1.537573591954E1,
-1.699999999998E1));
#12625=VERTEX_POINT('',#12624);
#12626=CARTESIAN_POINT('',(-5.972792221458E0,-1.52E1,-1.7E1));
#12627=VERTEX_POINT('',#12626);
#12628=CARTESIAN_POINT('',(5.972792222812E0,-1.520000000006E1,
-1.699999999998E1));
#12629=VERTEX_POINT('',#12628);
#12630=CARTESIAN_POINT('',(6.397056264064E0,-1.537573592051E1,-1.7E1));
#12631=VERTEX_POINT('',#12630);
#12632=CARTESIAN_POINT('',(9.524264126698E0,-1.850294378116E1,
-1.700000000042E1));
#12633=VERTEX_POINT('',#12632);
#12634=VERTEX_POINT('',#11951);
#12635=CARTESIAN_POINT('',(9.699999999999E0,-2.07E1,-1.7E1));
#12636=VERTEX_POINT('',#12635);
#12637=CARTESIAN_POINT('',(-6.255634913302E0,-1.551715728223E1,
-1.679999999999E1));
#12638=VERTEX_POINT('',#12637);
#12639=CARTESIAN_POINT('',(-5.972792203407E0,-1.54E1,-1.68E1));
#12640=VERTEX_POINT('',#12639);
#12641=CARTESIAN_POINT('',(5.972792213636E0,-1.540000000001E1,
-1.679999999999E1));
#12642=VERTEX_POINT('',#12641);
#12643=CARTESIAN_POINT('',(6.255634920536E0,-1.551715728945E1,-1.68E1));
#12644=VERTEX_POINT('',#12643);
#12645=CARTESIAN_POINT('',(9.382842740211E0,-1.864436510958E1,
-1.679999999874E1));
#12646=VERTEX_POINT('',#12645);
#12647=VERTEX_POINT('',#12027);
#12648=CARTESIAN_POINT('',(9.499999999999E0,-2.07E1,-1.68E1));
#12649=VERTEX_POINT('',#12648);
#12650=CARTESIAN_POINT('',(9.6E0,-2.08E1,-1.69E1));
#12651=VERTEX_POINT('',#12650);
#12652=CARTESIAN_POINT('',(-1.23E1,-2.12E1,-9.E0));
#12653=VERTEX_POINT('',#12652);
#12654=CARTESIAN_POINT('',(-1.32E1,-2.12E1,-9.E0));
#12655=VERTEX_POINT('',#12654);
#12656=CARTESIAN_POINT('',(-1.23E1,-2.12E1,-9.5E0));
#12657=VERTEX_POINT('',#12656);
#12658=CARTESIAN_POINT('',(-1.32E1,-2.12E1,-9.5E0));
#12659=VERTEX_POINT('',#12658);
#12660=CARTESIAN_POINT('',(-1.355E1,-1.966187152298E1,-1.286004748797E1));
#12661=VERTEX_POINT('',#12660);
#12662=CARTESIAN_POINT('',(-1.37E1,-8.2E0,-8.2E0));
#12663=VERTEX_POINT('',#12662);
#12664=CARTESIAN_POINT('',(-1.2E1,-8.2E0,-8.2E0));
#12665=VERTEX_POINT('',#12664);
#12666=CARTESIAN_POINT('',(-1.2E1,-8.1E0,-8.4E0));
#12667=VERTEX_POINT('',#12666);
#12668=CARTESIAN_POINT('',(-1.32E1,-7.8E0,-9.E0));
#12669=VERTEX_POINT('',#12668);
#12670=CARTESIAN_POINT('',(-1.23E1,-7.8E0,-9.E0));
#12671=VERTEX_POINT('',#12670);
#12672=CARTESIAN_POINT('',(-1.32E1,-7.8E0,-9.5E0));
#12673=VERTEX_POINT('',#12672);
#12674=CARTESIAN_POINT('',(-1.23E1,-7.8E0,-9.5E0));
#12675=VERTEX_POINT('',#12674);
#12676=CARTESIAN_POINT('',(0.E0,0.E0,-8.2E0));
#12677=DIRECTION('',(0.E0,0.E0,-1.E0));
#12678=DIRECTION('',(-1.E0,0.E0,0.E0));
#12679=AXIS2_PLACEMENT_3D('',#12676,#12677,#12678);
#12680=PLANE('',#12679);
#12682=ORIENTED_EDGE('',*,*,#12681,.T.);
#12684=ORIENTED_EDGE('',*,*,#12683,.T.);
#12686=ORIENTED_EDGE('',*,*,#12685,.T.);
#12688=ORIENTED_EDGE('',*,*,#12687,.F.);
#12689=EDGE_LOOP('',(#12682,#12684,#12686,#12688));
#12690=FACE_OUTER_BOUND('',#12689,.F.);
#12691=ADVANCED_FACE('',(#12690),#12680,.F.);
#12692=CARTESIAN_POINT('',(-1.2E1,-8.1E0,-8.2E0));
#12693=DIRECTION('',(-1.E0,0.E0,0.E0));
#12694=DIRECTION('',(0.E0,-1.E0,0.E0));
#12695=AXIS2_PLACEMENT_3D('',#12692,#12693,#12694);
#12696=PLANE('',#12695);
#12697=ORIENTED_EDGE('',*,*,#12681,.F.);
#12699=ORIENTED_EDGE('',*,*,#12698,.T.);
#12701=ORIENTED_EDGE('',*,*,#12700,.T.);
#12703=ORIENTED_EDGE('',*,*,#12702,.F.);
#12705=ORIENTED_EDGE('',*,*,#12704,.T.);
#12706=EDGE_LOOP('',(#12697,#12699,#12701,#12703,#12705));
#12707=FACE_OUTER_BOUND('',#12706,.F.);
#12708=ADVANCED_FACE('',(#12707),#12696,.F.);
#12709=CARTESIAN_POINT('',(-1.502122759287E1,-1.97E1,-1.58E1));
#12710=DIRECTION('',(0.E0,-9.993908270191E-1,-3.489949670250E-2));
#12711=DIRECTION('',(1.E0,0.E0,0.E0));
#12712=AXIS2_PLACEMENT_3D('',#12709,#12710,#12711);
#12713=PLANE('',#12712);
#12715=ORIENTED_EDGE('',*,*,#12714,.F.);
#12716=ORIENTED_EDGE('',*,*,#12698,.F.);
#12717=ORIENTED_EDGE('',*,*,#12687,.T.);
#12719=ORIENTED_EDGE('',*,*,#12718,.F.);
#12721=ORIENTED_EDGE('',*,*,#12720,.F.);
#12723=ORIENTED_EDGE('',*,*,#12722,.T.);
#12725=ORIENTED_EDGE('',*,*,#12724,.F.);
#12727=ORIENTED_EDGE('',*,*,#12726,.F.);
#12729=ORIENTED_EDGE('',*,*,#12728,.F.);
#12731=ORIENTED_EDGE('',*,*,#12730,.F.);
#12733=ORIENTED_EDGE('',*,*,#12732,.T.);
#12735=ORIENTED_EDGE('',*,*,#12734,.F.);
#12737=ORIENTED_EDGE('',*,*,#12736,.T.);
#12738=EDGE_LOOP('',(#12715,#12716,#12717,#12719,#12721,#12723,#12725,#12727,
#12729,#12731,#12733,#12735,#12737));
#12739=FACE_OUTER_BOUND('',#12738,.F.);
#12740=ADVANCED_FACE('',(#12739),#12713,.F.);
#12741=CARTESIAN_POINT('',(0.E0,0.E0,-9.E0));
#12742=DIRECTION('',(0.E0,0.E0,1.E0));
#12743=DIRECTION('',(1.E0,0.E0,0.E0));
#12744=AXIS2_PLACEMENT_3D('',#12741,#12742,#12743);
#12745=PLANE('',#12744);
#12747=ORIENTED_EDGE('',*,*,#12746,.F.);
#12749=ORIENTED_EDGE('',*,*,#12748,.F.);
#12750=ORIENTED_EDGE('',*,*,#12700,.F.);
#12751=ORIENTED_EDGE('',*,*,#12714,.T.);
#12752=EDGE_LOOP('',(#12747,#12749,#12750,#12751));
#12753=FACE_OUTER_BOUND('',#12752,.F.);
#12754=ADVANCED_FACE('',(#12753),#12745,.T.);
#12755=CARTESIAN_POINT('',(-1.E1,-8.1E0,-1.58E1));
#12756=DIRECTION('',(-9.961946980917E-1,0.E0,-8.715574274766E-2));
#12757=DIRECTION('',(-8.715574274766E-2,0.E0,9.961946980917E-1));
#12758=AXIS2_PLACEMENT_3D('',#12755,#12756,#12757);
#12759=PLANE('',#12758);
#12760=ORIENTED_EDGE('',*,*,#12746,.T.);
#12761=ORIENTED_EDGE('',*,*,#12736,.F.);
#12763=ORIENTED_EDGE('',*,*,#12762,.T.);
#12765=ORIENTED_EDGE('',*,*,#12764,.F.);
#12766=EDGE_LOOP('',(#12760,#12761,#12763,#12765));
#12767=FACE_OUTER_BOUND('',#12766,.F.);
#12768=ADVANCED_FACE('',(#12767),#12759,.F.);
#12769=CARTESIAN_POINT('',(-9.816733765197E0,5.050788282036E1,-1.56E1));
#12770=DIRECTION('',(0.E0,-1.E0,0.E0));
#12771=DIRECTION('',(-9.961946980917E-1,0.E0,-8.715574274765E-2));
#12772=AXIS2_PLACEMENT_3D('',#12769,#12770,#12771);
#12773=CYLINDRICAL_SURFACE('',#12772,2.E-1);
#12774=ORIENTED_EDGE('',*,*,#12762,.F.);
#12775=ORIENTED_EDGE('',*,*,#12734,.T.);
#12777=ORIENTED_EDGE('',*,*,#12776,.T.);
#12779=ORIENTED_EDGE('',*,*,#12778,.F.);
#12780=EDGE_LOOP('',(#12774,#12775,#12777,#12779));
#12781=FACE_OUTER_BOUND('',#12780,.F.);
#12782=ADVANCED_FACE('',(#12781),#12773,.F.);
#12783=CARTESIAN_POINT('',(0.E0,0.E0,-1.58E1));
#12784=DIRECTION('',(0.E0,0.E0,-1.E0));
#12785=DIRECTION('',(-1.E0,0.E0,0.E0));
#12786=AXIS2_PLACEMENT_3D('',#12783,#12784,#12785);
#12787=PLANE('',#12786);
#12789=ORIENTED_EDGE('',*,*,#12788,.F.);
#12791=ORIENTED_EDGE('',*,*,#12790,.F.);
#12793=ORIENTED_EDGE('',*,*,#12792,.F.);
#12795=ORIENTED_EDGE('',*,*,#12794,.F.);
#12797=ORIENTED_EDGE('',*,*,#12796,.T.);
#12799=ORIENTED_EDGE('',*,*,#12798,.T.);
#12801=ORIENTED_EDGE('',*,*,#12800,.T.);
#12803=ORIENTED_EDGE('',*,*,#12802,.T.);
#12805=ORIENTED_EDGE('',*,*,#12804,.T.);
#12807=ORIENTED_EDGE('',*,*,#12806,.T.);
#12809=ORIENTED_EDGE('',*,*,#12808,.T.);
#12811=ORIENTED_EDGE('',*,*,#12810,.F.);
#12813=ORIENTED_EDGE('',*,*,#12812,.T.);
#12815=ORIENTED_EDGE('',*,*,#12814,.T.);
#12817=ORIENTED_EDGE('',*,*,#12816,.T.);
#12819=ORIENTED_EDGE('',*,*,#12818,.T.);
#12821=ORIENTED_EDGE('',*,*,#12820,.T.);
#12823=ORIENTED_EDGE('',*,*,#12822,.T.);
#12824=ORIENTED_EDGE('',*,*,#12776,.F.);
#12825=ORIENTED_EDGE('',*,*,#12732,.F.);
#12827=ORIENTED_EDGE('',*,*,#12826,.F.);
#12829=ORIENTED_EDGE('',*,*,#12828,.F.);
#12831=ORIENTED_EDGE('',*,*,#12830,.T.);
#12833=ORIENTED_EDGE('',*,*,#12832,.T.);
#12835=ORIENTED_EDGE('',*,*,#12834,.T.);
#12837=ORIENTED_EDGE('',*,*,#12836,.T.);
#12839=ORIENTED_EDGE('',*,*,#12838,.T.);
#12841=ORIENTED_EDGE('',*,*,#12840,.T.);
#12842=EDGE_LOOP('',(#12789,#12791,#12793,#12795,#12797,#12799,#12801,#12803,
#12805,#12807,#12809,#12811,#12813,#12815,#12817,#12819,#12821,#12823,#12824,
#12825,#12827,#12829,#12831,#12833,#12835,#12837,#12839,#12841));
#12843=FACE_OUTER_BOUND('',#12842,.F.);
#12844=ADVANCED_FACE('',(#12843),#12787,.F.);
#12845=CARTESIAN_POINT('',(9.816733765197E0,5.120045460213E1,-1.56E1));
#12846=DIRECTION('',(0.E0,-1.E0,0.E0));
#12847=DIRECTION('',(0.E0,0.E0,-1.E0));
#12848=AXIS2_PLACEMENT_3D('',#12845,#12846,#12847);
#12849=CYLINDRICAL_SURFACE('',#12848,2.E-1);
#12850=ORIENTED_EDGE('',*,*,#12788,.T.);
#12852=ORIENTED_EDGE('',*,*,#12851,.F.);
#12854=ORIENTED_EDGE('',*,*,#12853,.F.);
#12856=ORIENTED_EDGE('',*,*,#12855,.T.);
#12857=EDGE_LOOP('',(#12850,#12852,#12854,#12856));
#12858=FACE_OUTER_BOUND('',#12857,.F.);
#12859=ADVANCED_FACE('',(#12858),#12849,.F.);
#12860=CARTESIAN_POINT('',(-1.425E1,-8.1E0,-8.2E0));
#12861=DIRECTION('',(0.E0,1.E0,0.E0));
#12862=DIRECTION('',(1.E0,0.E0,0.E0));
#12863=AXIS2_PLACEMENT_3D('',#12860,#12861,#12862);
#12864=PLANE('',#12863);
#12866=ORIENTED_EDGE('',*,*,#12865,.F.);
#12868=ORIENTED_EDGE('',*,*,#12867,.T.);
#12869=ORIENTED_EDGE('',*,*,#12851,.T.);
#12870=ORIENTED_EDGE('',*,*,#12840,.F.);
#12872=ORIENTED_EDGE('',*,*,#12871,.F.);
#12874=ORIENTED_EDGE('',*,*,#12873,.F.);
#12876=ORIENTED_EDGE('',*,*,#12875,.T.);
#12878=ORIENTED_EDGE('',*,*,#12877,.F.);
#12880=ORIENTED_EDGE('',*,*,#12879,.T.);
#12882=ORIENTED_EDGE('',*,*,#12881,.F.);
#12884=ORIENTED_EDGE('',*,*,#12883,.F.);
#12886=ORIENTED_EDGE('',*,*,#12885,.T.);
#12888=ORIENTED_EDGE('',*,*,#12887,.T.);
#12890=ORIENTED_EDGE('',*,*,#12889,.T.);
#12891=EDGE_LOOP('',(#12866,#12868,#12869,#12870,#12872,#12874,#12876,#12878,
#12880,#12882,#12884,#12886,#12888,#12890));
#12892=FACE_OUTER_BOUND('',#12891,.F.);
#12893=ADVANCED_FACE('',(#12892),#12864,.T.);
#12894=CARTESIAN_POINT('',(0.E0,0.E0,-9.E0));
#12895=DIRECTION('',(0.E0,0.E0,1.E0));
#12896=DIRECTION('',(1.E0,0.E0,0.E0));
#12897=AXIS2_PLACEMENT_3D('',#12894,#12895,#12896);
#12898=PLANE('',#12897);
#12900=ORIENTED_EDGE('',*,*,#12899,.T.);
#12901=ORIENTED_EDGE('',*,*,#12865,.T.);
#12903=ORIENTED_EDGE('',*,*,#12902,.F.);
#12905=ORIENTED_EDGE('',*,*,#12904,.F.);
#12906=EDGE_LOOP('',(#12900,#12901,#12903,#12905));
#12907=FACE_OUTER_BOUND('',#12906,.F.);
#12908=ADVANCED_FACE('',(#12907),#12898,.T.);
#12909=CARTESIAN_POINT('',(1.066491384280E1,-8.1E0,-8.2E0));
#12910=DIRECTION('',(9.961946980917E-1,0.E0,-8.715574274766E-2));
#12911=DIRECTION('',(-8.715574274766E-2,0.E0,-9.961946980917E-1));
#12912=AXIS2_PLACEMENT_3D('',#12909,#12910,#12911);
#12913=PLANE('',#12912);
#12914=ORIENTED_EDGE('',*,*,#12899,.F.);
#12916=ORIENTED_EDGE('',*,*,#12915,.T.);
#12917=ORIENTED_EDGE('',*,*,#12853,.T.);
#12918=ORIENTED_EDGE('',*,*,#12867,.F.);
#12919=EDGE_LOOP('',(#12914,#12916,#12917,#12918));
#12920=FACE_OUTER_BOUND('',#12919,.F.);
#12921=ADVANCED_FACE('',(#12920),#12913,.F.);
#12922=CARTESIAN_POINT('',(-1.502122759287E1,-9.3E0,-1.58E1));
#12923=DIRECTION('',(0.E0,9.993908270191E-1,-3.489949670250E-2));
#12924=DIRECTION('',(-1.E0,0.E0,0.E0));
#12925=AXIS2_PLACEMENT_3D('',#12922,#12923,#12924);
#12926=PLANE('',#12925);
#12927=ORIENTED_EDGE('',*,*,#12904,.T.);
#12929=ORIENTED_EDGE('',*,*,#12928,.F.);
#12931=ORIENTED_EDGE('',*,*,#12930,.T.);
#12933=ORIENTED_EDGE('',*,*,#12932,.F.);
#12935=ORIENTED_EDGE('',*,*,#12934,.F.);
#12937=ORIENTED_EDGE('',*,*,#12936,.T.);
#12939=ORIENTED_EDGE('',*,*,#12938,.T.);
#12941=ORIENTED_EDGE('',*,*,#12940,.F.);
#12943=ORIENTED_EDGE('',*,*,#12942,.F.);
#12945=ORIENTED_EDGE('',*,*,#12944,.F.);
#12946=ORIENTED_EDGE('',*,*,#12790,.T.);
#12947=ORIENTED_EDGE('',*,*,#12855,.F.);
#12948=ORIENTED_EDGE('',*,*,#12915,.F.);
#12949=EDGE_LOOP('',(#12927,#12929,#12931,#12933,#12935,#12937,#12939,#12941,
#12943,#12945,#12946,#12947,#12948));
#12950=FACE_OUTER_BOUND('',#12949,.F.);
#12951=ADVANCED_FACE('',(#12950),#12926,.F.);
#12952=CARTESIAN_POINT('',(1.2E1,-2.09E1,-8.2E0));
#12953=DIRECTION('',(1.E0,0.E0,0.E0));
#12954=DIRECTION('',(0.E0,1.E0,0.E0));
#12955=AXIS2_PLACEMENT_3D('',#12952,#12953,#12954);
#12956=PLANE('',#12955);
#12958=ORIENTED_EDGE('',*,*,#12957,.F.);
#12959=ORIENTED_EDGE('',*,*,#12928,.T.);
#12960=ORIENTED_EDGE('',*,*,#12902,.T.);
#12962=ORIENTED_EDGE('',*,*,#12961,.F.);
#12964=ORIENTED_EDGE('',*,*,#12963,.T.);
#12965=EDGE_LOOP('',(#12958,#12959,#12960,#12962,#12964));
#12966=FACE_OUTER_BOUND('',#12965,.F.);
#12967=ADVANCED_FACE('',(#12966),#12956,.F.);
#12968=CARTESIAN_POINT('',(0.E0,0.E0,-8.2E0));
#12969=DIRECTION('',(0.E0,0.E0,1.E0));
#12970=DIRECTION('',(1.E0,0.E0,0.E0));
#12971=AXIS2_PLACEMENT_3D('',#12968,#12969,#12970);
#12972=PLANE('',#12971);
#12973=ORIENTED_EDGE('',*,*,#12957,.T.);
#12975=ORIENTED_EDGE('',*,*,#12974,.T.);
#12977=ORIENTED_EDGE('',*,*,#12976,.F.);
#12978=ORIENTED_EDGE('',*,*,#12930,.F.);
#12979=EDGE_LOOP('',(#12973,#12975,#12977,#12978));
#12980=FACE_OUTER_BOUND('',#12979,.F.);
#12981=ADVANCED_FACE('',(#12980),#12972,.T.);
#12982=CARTESIAN_POINT('',(-1.71E1,-8.2E0,-8.2E0));
#12983=DIRECTION('',(0.E0,-8.944271909999E-1,-4.472135955E-1));
#12984=DIRECTION('',(0.E0,4.472135955E-1,-8.944271909999E-1));
#12985=AXIS2_PLACEMENT_3D('',#12982,#12983,#12984);
#12986=PLANE('',#12985);
#12987=ORIENTED_EDGE('',*,*,#12963,.F.);
#12989=ORIENTED_EDGE('',*,*,#12988,.F.);
#12991=ORIENTED_EDGE('',*,*,#12990,.T.);
#12993=ORIENTED_EDGE('',*,*,#12992,.F.);
#12994=ORIENTED_EDGE('',*,*,#12883,.T.);
#12996=ORIENTED_EDGE('',*,*,#12995,.F.);
#12997=ORIENTED_EDGE('',*,*,#12974,.F.);
#12998=EDGE_LOOP('',(#12987,#12989,#12991,#12993,#12994,#12996,#12997));
#12999=FACE_OUTER_BOUND('',#12998,.F.);
#13000=ADVANCED_FACE('',(#12999),#12986,.F.);
#13001=CARTESIAN_POINT('',(1.215E1,-7.95E0,-9.25E0));
#13002=DIRECTION('',(-7.071067811865E-1,7.071067811865E-1,0.E0));
#13003=DIRECTION('',(-7.071067811865E-1,-7.071067811865E-1,0.E0));
#13004=AXIS2_PLACEMENT_3D('',#13001,#13002,#13003);
#13005=PLANE('',#13004);
#13006=ORIENTED_EDGE('',*,*,#12961,.T.);
#13007=ORIENTED_EDGE('',*,*,#12889,.F.);
#13009=ORIENTED_EDGE('',*,*,#13008,.F.);
#13011=ORIENTED_EDGE('',*,*,#13010,.T.);
#13012=ORIENTED_EDGE('',*,*,#12988,.T.);
#13013=EDGE_LOOP('',(#13006,#13007,#13009,#13011,#13012));
#13014=FACE_OUTER_BOUND('',#13013,.F.);
#13015=ADVANCED_FACE('',(#13014),#13005,.T.);
#13016=CARTESIAN_POINT('',(1.32E1,-8.1E0,-9.5E0));
#13017=DIRECTION('',(0.E0,0.E0,-1.E0));
#13018=DIRECTION('',(-1.E0,0.E0,0.E0));
#13019=AXIS2_PLACEMENT_3D('',#13016,#13017,#13018);
#13020=PLANE('',#13019);
#13021=ORIENTED_EDGE('',*,*,#13008,.T.);
#13022=ORIENTED_EDGE('',*,*,#12887,.F.);
#13024=ORIENTED_EDGE('',*,*,#13023,.T.);
#13026=ORIENTED_EDGE('',*,*,#13025,.T.);
#13027=EDGE_LOOP('',(#13021,#13022,#13024,#13026));
#13028=FACE_OUTER_BOUND('',#13027,.F.);
#13029=ADVANCED_FACE('',(#13028),#13020,.T.);
#13030=CARTESIAN_POINT('',(1.32E1,-8.1E0,-8.2E0));
#13031=DIRECTION('',(1.E0,0.E0,0.E0));
#13032=DIRECTION('',(0.E0,0.E0,-1.E0));
#13033=AXIS2_PLACEMENT_3D('',#13030,#13031,#13032);
#13034=PLANE('',#13033);
#13035=ORIENTED_EDGE('',*,*,#12992,.T.);
#13037=ORIENTED_EDGE('',*,*,#13036,.T.);
#13038=ORIENTED_EDGE('',*,*,#13023,.F.);
#13039=ORIENTED_EDGE('',*,*,#12885,.F.);
#13040=EDGE_LOOP('',(#13035,#13037,#13038,#13039));
#13041=FACE_OUTER_BOUND('',#13040,.F.);
#13042=ADVANCED_FACE('',(#13041),#13034,.T.);
#13043=CARTESIAN_POINT('',(0.E0,-7.8E0,-8.2E0));
#13044=DIRECTION('',(0.E0,1.E0,0.E0));
#13045=DIRECTION('',(1.E0,0.E0,0.E0));
#13046=AXIS2_PLACEMENT_3D('',#13043,#13044,#13045);
#13047=PLANE('',#13046);
#13048=ORIENTED_EDGE('',*,*,#13010,.F.);
#13049=ORIENTED_EDGE('',*,*,#13025,.F.);
#13050=ORIENTED_EDGE('',*,*,#13036,.F.);
#13051=ORIENTED_EDGE('',*,*,#12990,.F.);
#13052=EDGE_LOOP('',(#13048,#13049,#13050,#13051));
#13053=FACE_OUTER_BOUND('',#13052,.F.);
#13054=ADVANCED_FACE('',(#13053),#13047,.T.);
#13055=CARTESIAN_POINT('',(1.37E1,0.E0,-8.55E0));
#13056=DIRECTION('',(-1.E0,0.E0,0.E0));
#13057=DIRECTION('',(0.E0,0.E0,1.E0));
#13058=AXIS2_PLACEMENT_3D('',#13055,#13056,#13057);
#13059=PLANE('',#13058);
#13060=ORIENTED_EDGE('',*,*,#12881,.T.);
#13062=ORIENTED_EDGE('',*,*,#13061,.T.);
#13063=ORIENTED_EDGE('',*,*,#12932,.T.);
#13064=ORIENTED_EDGE('',*,*,#12976,.T.);
#13065=ORIENTED_EDGE('',*,*,#12995,.T.);
#13066=EDGE_LOOP('',(#13060,#13062,#13063,#13064,#13065));
#13067=FACE_OUTER_BOUND('',#13066,.F.);
#13068=ADVANCED_FACE('',(#13067),#13059,.F.);
#13069=CARTESIAN_POINT('',(1.425E1,0.E0,-8.55E0));
#13070=DIRECTION('',(0.E0,0.E0,-1.E0));
#13071=DIRECTION('',(-1.E0,0.E0,0.E0));
#13072=AXIS2_PLACEMENT_3D('',#13069,#13070,#13071);
#13073=PLANE('',#13072);
#13074=ORIENTED_EDGE('',*,*,#12879,.F.);
#13076=ORIENTED_EDGE('',*,*,#13075,.F.);
#13078=ORIENTED_EDGE('',*,*,#13077,.T.);
#13079=ORIENTED_EDGE('',*,*,#12934,.T.);
#13080=ORIENTED_EDGE('',*,*,#13061,.F.);
#13081=EDGE_LOOP('',(#13074,#13076,#13078,#13079,#13080));
#13082=FACE_OUTER_BOUND('',#13081,.F.);
#13083=ADVANCED_FACE('',(#13082),#13073,.F.);
#13084=CARTESIAN_POINT('',(1.425E1,-2.09E1,-8.2E0));
#13085=DIRECTION('',(-1.E0,0.E0,0.E0));
#13086=DIRECTION('',(0.E0,1.E0,0.E0));
#13087=AXIS2_PLACEMENT_3D('',#13084,#13085,#13086);
#13088=PLANE('',#13087);
#13090=ORIENTED_EDGE('',*,*,#13089,.T.);
#13092=ORIENTED_EDGE('',*,*,#13091,.T.);
#13094=ORIENTED_EDGE('',*,*,#13093,.T.);
#13096=ORIENTED_EDGE('',*,*,#13095,.F.);
#13098=ORIENTED_EDGE('',*,*,#13097,.T.);
#13100=ORIENTED_EDGE('',*,*,#13099,.T.);
#13101=ORIENTED_EDGE('',*,*,#13075,.T.);
#13102=ORIENTED_EDGE('',*,*,#12877,.T.);
#13104=ORIENTED_EDGE('',*,*,#13103,.T.);
#13106=ORIENTED_EDGE('',*,*,#13105,.F.);
#13107=EDGE_LOOP('',(#13090,#13092,#13094,#13096,#13098,#13100,#13101,#13102,
#13104,#13106));
#13108=FACE_OUTER_BOUND('',#13107,.F.);
#13109=ADVANCED_FACE('',(#13108),#13088,.F.);
#13110=CARTESIAN_POINT('',(1.425E1,0.E0,-8.55E0));
#13111=DIRECTION('',(0.E0,0.E0,-1.E0));
#13112=DIRECTION('',(-1.E0,0.E0,0.E0));
#13113=AXIS2_PLACEMENT_3D('',#13110,#13111,#13112);
#13114=PLANE('',#13113);
#13116=ORIENTED_EDGE('',*,*,#13115,.T.);
#13118=ORIENTED_EDGE('',*,*,#13117,.F.);
#13120=ORIENTED_EDGE('',*,*,#13119,.F.);
#13122=ORIENTED_EDGE('',*,*,#13121,.F.);
#13123=ORIENTED_EDGE('',*,*,#13089,.F.);
#13124=EDGE_LOOP('',(#13116,#13118,#13120,#13122,#13123));
#13125=FACE_OUTER_BOUND('',#13124,.F.);
#13126=ADVANCED_FACE('',(#13125),#13114,.F.);
#13127=CARTESIAN_POINT('',(-9.5E0,-2.09E1,-8.2E0));
#13128=DIRECTION('',(0.E0,-1.E0,0.E0));
#13129=DIRECTION('',(-1.E0,0.E0,0.E0));
#13130=AXIS2_PLACEMENT_3D('',#13127,#13128,#13129);
#13131=PLANE('',#13130);
#13133=ORIENTED_EDGE('',*,*,#13132,.T.);
#13135=ORIENTED_EDGE('',*,*,#13134,.T.);
#13137=ORIENTED_EDGE('',*,*,#13136,.T.);
#13139=ORIENTED_EDGE('',*,*,#13138,.F.);
#13141=ORIENTED_EDGE('',*,*,#13140,.F.);
#13143=ORIENTED_EDGE('',*,*,#13142,.T.);
#13144=ORIENTED_EDGE('',*,*,#13115,.F.);
#13145=ORIENTED_EDGE('',*,*,#13105,.T.);
#13147=ORIENTED_EDGE('',*,*,#13146,.T.);
#13149=ORIENTED_EDGE('',*,*,#13148,.F.);
#13151=ORIENTED_EDGE('',*,*,#13150,.T.);
#13152=ORIENTED_EDGE('',*,*,#12798,.F.);
#13154=ORIENTED_EDGE('',*,*,#13153,.T.);
#13156=ORIENTED_EDGE('',*,*,#13155,.T.);
#13157=EDGE_LOOP('',(#13133,#13135,#13137,#13139,#13141,#13143,#13144,#13145,
#13147,#13149,#13151,#13152,#13154,#13156));
#13158=FACE_OUTER_BOUND('',#13157,.F.);
#13159=ADVANCED_FACE('',(#13158),#13131,.T.);
#13160=CARTESIAN_POINT('',(0.E0,0.E0,-9.E0));
#13161=DIRECTION('',(0.E0,0.E0,1.E0));
#13162=DIRECTION('',(1.E0,0.E0,0.E0));
#13163=AXIS2_PLACEMENT_3D('',#13160,#13161,#13162);
#13164=PLANE('',#13163);
#13166=ORIENTED_EDGE('',*,*,#13165,.T.);
#13168=ORIENTED_EDGE('',*,*,#13167,.T.);
#13170=ORIENTED_EDGE('',*,*,#13169,.F.);
#13171=ORIENTED_EDGE('',*,*,#13132,.F.);
#13172=EDGE_LOOP('',(#13166,#13168,#13170,#13171));
#13173=FACE_OUTER_BOUND('',#13172,.F.);
#13174=ADVANCED_FACE('',(#13173),#13164,.T.);
#13175=CARTESIAN_POINT('',(1.066491384280E1,-8.1E0,-8.2E0));
#13176=DIRECTION('',(9.961946980917E-1,0.E0,-8.715574274766E-2));
#13177=DIRECTION('',(-8.715574274766E-2,0.E0,-9.961946980917E-1));
#13178=AXIS2_PLACEMENT_3D('',#13175,#13176,#13177);
#13179=PLANE('',#13178);
#13180=ORIENTED_EDGE('',*,*,#13165,.F.);
#13181=ORIENTED_EDGE('',*,*,#13155,.F.);
#13183=ORIENTED_EDGE('',*,*,#13182,.F.);
#13185=ORIENTED_EDGE('',*,*,#13184,.F.);
#13186=EDGE_LOOP('',(#13180,#13181,#13183,#13185));
#13187=FACE_OUTER_BOUND('',#13186,.F.);
#13188=ADVANCED_FACE('',(#13187),#13179,.F.);
#13189=CARTESIAN_POINT('',(9.816733765197E0,5.120045460213E1,-1.56E1));
#13190=DIRECTION('',(0.E0,-1.E0,0.E0));
#13191=DIRECTION('',(0.E0,0.E0,-1.E0));
#13192=AXIS2_PLACEMENT_3D('',#13189,#13190,#13191);
#13193=CYLINDRICAL_SURFACE('',#13192,2.E-1);
#13194=ORIENTED_EDGE('',*,*,#12796,.F.);
#13196=ORIENTED_EDGE('',*,*,#13195,.T.);
#13197=ORIENTED_EDGE('',*,*,#13182,.T.);
#13198=ORIENTED_EDGE('',*,*,#13153,.F.);
#13199=EDGE_LOOP('',(#13194,#13196,#13197,#13198));
#13200=FACE_OUTER_BOUND('',#13199,.F.);
#13201=ADVANCED_FACE('',(#13200),#13193,.F.);
#13202=CARTESIAN_POINT('',(-1.502122759287E1,-1.97E1,-1.58E1));
#13203=DIRECTION('',(0.E0,-9.993908270191E-1,-3.489949670250E-2));
#13204=DIRECTION('',(1.E0,0.E0,0.E0));
#13205=AXIS2_PLACEMENT_3D('',#13202,#13203,#13204);
#13206=PLANE('',#13205);
#13207=ORIENTED_EDGE('',*,*,#13167,.F.);
#13208=ORIENTED_EDGE('',*,*,#13184,.T.);
#13209=ORIENTED_EDGE('',*,*,#13195,.F.);
#13210=ORIENTED_EDGE('',*,*,#12794,.T.);
#13212=ORIENTED_EDGE('',*,*,#13211,.F.);
#13214=ORIENTED_EDGE('',*,*,#13213,.F.);
#13216=ORIENTED_EDGE('',*,*,#13215,.F.);
#13218=ORIENTED_EDGE('',*,*,#13217,.T.);
#13219=ORIENTED_EDGE('',*,*,#13119,.T.);
#13221=ORIENTED_EDGE('',*,*,#13220,.F.);
#13223=ORIENTED_EDGE('',*,*,#13222,.F.);
#13225=ORIENTED_EDGE('',*,*,#13224,.F.);
#13226=EDGE_LOOP('',(#13207,#13208,#13209,#13210,#13212,#13214,#13216,#13218,
#13219,#13221,#13223,#13225));
#13227=FACE_OUTER_BOUND('',#13226,.F.);
#13228=ADVANCED_FACE('',(#13227),#13206,.F.);
#13229=CARTESIAN_POINT('',(1.325E1,-1.97E1,-8.2E0));
#13230=DIRECTION('',(1.E0,0.E0,0.E0));
#13231=DIRECTION('',(0.E0,1.E0,0.E0));
#13232=AXIS2_PLACEMENT_3D('',#13229,#13230,#13231);
#13233=PLANE('',#13232);
#13235=ORIENTED_EDGE('',*,*,#13234,.T.);
#13236=ORIENTED_EDGE('',*,*,#13211,.T.);
#13237=ORIENTED_EDGE('',*,*,#12792,.T.);
#13238=ORIENTED_EDGE('',*,*,#12944,.T.);
#13240=ORIENTED_EDGE('',*,*,#13239,.T.);
#13242=ORIENTED_EDGE('',*,*,#13241,.F.);
#13243=EDGE_LOOP('',(#13235,#13236,#13237,#13238,#13240,#13242));
#13244=FACE_OUTER_BOUND('',#13243,.F.);
#13245=ADVANCED_FACE('',(#13244),#13233,.F.);
#13246=CARTESIAN_POINT('',(1.355E1,-1.931493376717E1,-1.25E1));
#13247=DIRECTION('',(-1.E0,0.E0,0.E0));
#13248=DIRECTION('',(0.E0,2.056954427253E-1,-9.786160558881E-1));
#13249=AXIS2_PLACEMENT_3D('',#13246,#13247,#13248);
#13250=TOROIDAL_SURFACE('',#13249,8.E-1,3.E-1);
#13251=ORIENTED_EDGE('',*,*,#13234,.F.);
#13253=ORIENTED_EDGE('',*,*,#13252,.T.);
#13255=ORIENTED_EDGE('',*,*,#13254,.T.);
#13256=ORIENTED_EDGE('',*,*,#13213,.T.);
#13257=EDGE_LOOP('',(#13251,#13253,#13255,#13256));
#13258=FACE_OUTER_BOUND('',#13257,.F.);
#13259=ADVANCED_FACE('',(#13258),#13250,.T.);
#13260=CARTESIAN_POINT('',(1.355E1,-9.590047082028E0,-1.33E1));
#13261=DIRECTION('',(0.E0,-1.E0,0.E0));
#13262=DIRECTION('',(0.E0,0.E0,1.E0));
#13263=AXIS2_PLACEMENT_3D('',#13260,#13261,#13262);
#13264=CYLINDRICAL_SURFACE('',#13263,3.E-1);
#13266=ORIENTED_EDGE('',*,*,#13265,.T.);
#13267=ORIENTED_EDGE('',*,*,#13252,.F.);
#13268=ORIENTED_EDGE('',*,*,#13241,.T.);
#13270=ORIENTED_EDGE('',*,*,#13269,.F.);
#13271=EDGE_LOOP('',(#13266,#13267,#13268,#13270));
#13272=FACE_OUTER_BOUND('',#13271,.F.);
#13273=ADVANCED_FACE('',(#13272),#13264,.T.);
#13274=CARTESIAN_POINT('',(1.71E1,-1.97E1,-1.3E1));
#13275=DIRECTION('',(0.E0,0.E0,-1.E0));
#13276=DIRECTION('',(0.E0,1.E0,0.E0));
#13277=AXIS2_PLACEMENT_3D('',#13274,#13275,#13276);
#13278=PLANE('',#13277);
#13280=ORIENTED_EDGE('',*,*,#13279,.T.);
#13282=ORIENTED_EDGE('',*,*,#13281,.F.);
#13283=ORIENTED_EDGE('',*,*,#13265,.F.);
#13285=ORIENTED_EDGE('',*,*,#13284,.F.);
#13286=EDGE_LOOP('',(#13280,#13282,#13283,#13285));
#13287=FACE_OUTER_BOUND('',#13286,.F.);
#13288=ADVANCED_FACE('',(#13287),#13278,.F.);
#13289=CARTESIAN_POINT('',(1.415E1,-1.45E1,-1.31E1));
#13290=DIRECTION('',(7.071067811865E-1,0.E0,7.071067811866E-1));
#13291=DIRECTION('',(-7.071067811866E-1,0.E0,7.071067811865E-1));
#13292=AXIS2_PLACEMENT_3D('',#13289,#13290,#13291);
#13293=PLANE('',#13292);
#13294=ORIENTED_EDGE('',*,*,#13095,.T.);
#13296=ORIENTED_EDGE('',*,*,#13295,.F.);
#13297=ORIENTED_EDGE('',*,*,#13279,.F.);
#13299=ORIENTED_EDGE('',*,*,#13298,.F.);
#13300=EDGE_LOOP('',(#13294,#13296,#13297,#13299));
#13301=FACE_OUTER_BOUND('',#13300,.F.);
#13302=ADVANCED_FACE('',(#13301),#13293,.T.);
#13303=CARTESIAN_POINT('',(1.415E1,-1.931493376717E1,-1.25E1));
#13304=DIRECTION('',(1.E0,0.E0,0.E0));
#13305=DIRECTION('',(0.E0,0.E0,-1.E0));
#13306=AXIS2_PLACEMENT_3D('',#13303,#13304,#13305);
#13307=CONICAL_SURFACE('',#13306,6.000000000022E-1,4.5E1);
#13308=ORIENTED_EDGE('',*,*,#13093,.F.);
#13310=ORIENTED_EDGE('',*,*,#13309,.T.);
#13312=ORIENTED_EDGE('',*,*,#13311,.T.);
#13313=ORIENTED_EDGE('',*,*,#13295,.T.);
#13314=EDGE_LOOP('',(#13308,#13310,#13312,#13313));
#13315=FACE_OUTER_BOUND('',#13314,.F.);
#13316=ADVANCED_FACE('',(#13315),#13307,.F.);
#13317=CARTESIAN_POINT('',(1.415E1,-1.998995259711E1,-1.036221482385E1));
#13318=DIRECTION('',(7.071067811865E-1,7.066760308408E-1,2.467767077834E-2));
#13319=DIRECTION('',(-7.071067811866E-1,7.066760308408E-1,2.467767077834E-2));
#13320=AXIS2_PLACEMENT_3D('',#13317,#13318,#13319);
#13321=PLANE('',#13320);
#13322=ORIENTED_EDGE('',*,*,#13121,.T.);
#13323=ORIENTED_EDGE('',*,*,#13217,.F.);
#13324=ORIENTED_EDGE('',*,*,#13309,.F.);
#13325=ORIENTED_EDGE('',*,*,#13091,.F.);
#13326=EDGE_LOOP('',(#13322,#13323,#13324,#13325));
#13327=FACE_OUTER_BOUND('',#13326,.F.);
#13328=ADVANCED_FACE('',(#13327),#13321,.T.);
#13329=CARTESIAN_POINT('',(5.14026E1,-1.931493376717E1,-1.25E1));
#13330=DIRECTION('',(-1.E0,0.E0,0.E0));
#13331=DIRECTION('',(0.E0,0.E0,-1.E0));
#13332=AXIS2_PLACEMENT_3D('',#13329,#13330,#13331);
#13333=CYLINDRICAL_SURFACE('',#13332,5.E-1);
#13334=ORIENTED_EDGE('',*,*,#13311,.F.);
#13335=ORIENTED_EDGE('',*,*,#13215,.T.);
#13336=ORIENTED_EDGE('',*,*,#13254,.F.);
#13337=ORIENTED_EDGE('',*,*,#13281,.T.);
#13338=EDGE_LOOP('',(#13334,#13335,#13336,#13337));
#13339=FACE_OUTER_BOUND('',#13338,.F.);
#13340=ADVANCED_FACE('',(#13339),#13333,.F.);
#13341=CARTESIAN_POINT('',(1.415E1,-9.685066232827E0,-1.25E1));
#13342=DIRECTION('',(1.E0,0.E0,0.E0));
#13343=DIRECTION('',(0.E0,0.E0,-1.E0));
#13344=AXIS2_PLACEMENT_3D('',#13341,#13342,#13343);
#13345=CONICAL_SURFACE('',#13344,6.000000000018E-1,4.5E1);
#13346=ORIENTED_EDGE('',*,*,#13097,.F.);
#13347=ORIENTED_EDGE('',*,*,#13298,.T.);
#13349=ORIENTED_EDGE('',*,*,#13348,.T.);
#13351=ORIENTED_EDGE('',*,*,#13350,.T.);
#13352=EDGE_LOOP('',(#13346,#13347,#13349,#13351));
#13353=FACE_OUTER_BOUND('',#13352,.F.);
#13354=ADVANCED_FACE('',(#13353),#13345,.F.);
#13355=CARTESIAN_POINT('',(5.14026E1,-9.685066232827E0,-1.25E1));
#13356=DIRECTION('',(-1.E0,0.E0,0.E0));
#13357=DIRECTION('',(0.E0,9.993908270191E-1,-3.489949670250E-2));
#13358=AXIS2_PLACEMENT_3D('',#13355,#13356,#13357);
#13359=CYLINDRICAL_SURFACE('',#13358,5.E-1);
#13360=ORIENTED_EDGE('',*,*,#13348,.F.);
#13361=ORIENTED_EDGE('',*,*,#13284,.T.);
#13363=ORIENTED_EDGE('',*,*,#13362,.F.);
#13365=ORIENTED_EDGE('',*,*,#13364,.F.);
#13366=ORIENTED_EDGE('',*,*,#12938,.F.);
#13367=EDGE_LOOP('',(#13360,#13361,#13363,#13365,#13366));
#13368=FACE_OUTER_BOUND('',#13367,.F.);
#13369=ADVANCED_FACE('',(#13368),#13359,.F.);
#13370=CARTESIAN_POINT('',(1.355E1,-9.685066232827E0,-1.25E1));
#13371=DIRECTION('',(-1.E0,0.E0,0.E0));
#13372=DIRECTION('',(0.E0,-6.939866841805E-1,7.199878347445E-1));
#13373=AXIS2_PLACEMENT_3D('',#13370,#13371,#13372);
#13374=TOROIDAL_SURFACE('',#13373,8.E-1,3.E-1);
#13375=ORIENTED_EDGE('',*,*,#13364,.T.);
#13376=ORIENTED_EDGE('',*,*,#13362,.T.);
#13377=ORIENTED_EDGE('',*,*,#13269,.T.);
#13378=ORIENTED_EDGE('',*,*,#13239,.F.);
#13379=ORIENTED_EDGE('',*,*,#12942,.T.);
#13380=ORIENTED_EDGE('',*,*,#12940,.T.);
#13381=EDGE_LOOP('',(#13375,#13376,#13377,#13378,#13379,#13380));
#13382=FACE_OUTER_BOUND('',#13381,.F.);
#13383=ADVANCED_FACE('',(#13382),#13374,.T.);
#13384=CARTESIAN_POINT('',(1.414999999963E1,-9.010047403609E0,
-1.036221483401E1));
#13385=DIRECTION('',(7.071067811865E-1,-7.066760308408E-1,2.467767077834E-2));
#13386=DIRECTION('',(-7.071067811866E-1,-7.066760308408E-1,2.467767077834E-2));
#13387=AXIS2_PLACEMENT_3D('',#13384,#13385,#13386);
#13388=PLANE('',#13387);
#13389=ORIENTED_EDGE('',*,*,#13077,.F.);
#13390=ORIENTED_EDGE('',*,*,#13099,.F.);
#13391=ORIENTED_EDGE('',*,*,#13350,.F.);
#13392=ORIENTED_EDGE('',*,*,#12936,.F.);
#13393=EDGE_LOOP('',(#13389,#13390,#13391,#13392));
#13394=FACE_OUTER_BOUND('',#13393,.F.);
#13395=ADVANCED_FACE('',(#13394),#13388,.T.);
#13396=CARTESIAN_POINT('',(1.37E1,0.E0,-8.55E0));
#13397=DIRECTION('',(-1.E0,0.E0,0.E0));
#13398=DIRECTION('',(0.E0,0.E0,1.E0));
#13399=AXIS2_PLACEMENT_3D('',#13396,#13397,#13398);
#13400=PLANE('',#13399);
#13401=ORIENTED_EDGE('',*,*,#13142,.F.);
#13403=ORIENTED_EDGE('',*,*,#13402,.T.);
#13405=ORIENTED_EDGE('',*,*,#13404,.T.);
#13406=ORIENTED_EDGE('',*,*,#13220,.T.);
#13407=ORIENTED_EDGE('',*,*,#13117,.T.);
#13408=EDGE_LOOP('',(#13401,#13403,#13405,#13406,#13407));
#13409=FACE_OUTER_BOUND('',#13408,.F.);
#13410=ADVANCED_FACE('',(#13409),#13400,.F.);
#13411=CARTESIAN_POINT('',(-1.71E1,-2.12E1,-9.E0));
#13412=DIRECTION('',(0.E0,8.944271909999E-1,-4.472135955E-1));
#13413=DIRECTION('',(0.E0,4.472135955E-1,8.944271909999E-1));
#13414=AXIS2_PLACEMENT_3D('',#13411,#13412,#13413);
#13415=PLANE('',#13414);
#13417=ORIENTED_EDGE('',*,*,#13416,.F.);
#13419=ORIENTED_EDGE('',*,*,#13418,.T.);
#13420=ORIENTED_EDGE('',*,*,#13402,.F.);
#13421=ORIENTED_EDGE('',*,*,#13140,.T.);
#13423=ORIENTED_EDGE('',*,*,#13422,.F.);
#13425=ORIENTED_EDGE('',*,*,#13424,.T.);
#13427=ORIENTED_EDGE('',*,*,#13426,.F.);
#13428=EDGE_LOOP('',(#13417,#13419,#13420,#13421,#13423,#13425,#13427));
#13429=FACE_OUTER_BOUND('',#13428,.F.);
#13430=ADVANCED_FACE('',(#13429),#13415,.F.);
#13431=CARTESIAN_POINT('',(1.2E1,-2.09E1,-8.2E0));
#13432=DIRECTION('',(1.E0,0.E0,0.E0));
#13433=DIRECTION('',(0.E0,1.E0,0.E0));
#13434=AXIS2_PLACEMENT_3D('',#13431,#13432,#13433);
#13435=PLANE('',#13434);
#13437=ORIENTED_EDGE('',*,*,#13436,.F.);
#13438=ORIENTED_EDGE('',*,*,#13416,.T.);
#13440=ORIENTED_EDGE('',*,*,#13439,.T.);
#13441=ORIENTED_EDGE('',*,*,#13169,.T.);
#13442=ORIENTED_EDGE('',*,*,#13224,.T.);
#13443=EDGE_LOOP('',(#13437,#13438,#13440,#13441,#13442));
#13444=FACE_OUTER_BOUND('',#13443,.F.);
#13445=ADVANCED_FACE('',(#13444),#13435,.F.);
#13446=CARTESIAN_POINT('',(0.E0,0.E0,-8.2E0));
#13447=DIRECTION('',(0.E0,0.E0,1.E0));
#13448=DIRECTION('',(1.E0,0.E0,0.E0));
#13449=AXIS2_PLACEMENT_3D('',#13446,#13447,#13448);
#13450=PLANE('',#13449);
#13451=ORIENTED_EDGE('',*,*,#13436,.T.);
#13452=ORIENTED_EDGE('',*,*,#13222,.T.);
#13453=ORIENTED_EDGE('',*,*,#13404,.F.);
#13454=ORIENTED_EDGE('',*,*,#13418,.F.);
#13455=EDGE_LOOP('',(#13451,#13452,#13453,#13454));
#13456=FACE_OUTER_BOUND('',#13455,.F.);
#13457=ADVANCED_FACE('',(#13456),#13450,.T.);
#13458=CARTESIAN_POINT('',(1.215E1,-2.105E1,-9.25E0));
#13459=DIRECTION('',(-7.071067811866E-1,-7.071067811865E-1,0.E0));
#13460=DIRECTION('',(-7.071067811865E-1,7.071067811866E-1,0.E0));
#13461=AXIS2_PLACEMENT_3D('',#13458,#13459,#13460);
#13462=PLANE('',#13461);
#13463=ORIENTED_EDGE('',*,*,#13439,.F.);
#13464=ORIENTED_EDGE('',*,*,#13426,.T.);
#13466=ORIENTED_EDGE('',*,*,#13465,.T.);
#13468=ORIENTED_EDGE('',*,*,#13467,.F.);
#13469=ORIENTED_EDGE('',*,*,#13134,.F.);
#13470=EDGE_LOOP('',(#13463,#13464,#13466,#13468,#13469));
#13471=FACE_OUTER_BOUND('',#13470,.F.);
#13472=ADVANCED_FACE('',(#13471),#13462,.T.);
#13473=CARTESIAN_POINT('',(0.E0,-2.12E1,-8.2E0));
#13474=DIRECTION('',(0.E0,-1.E0,0.E0));
#13475=DIRECTION('',(-1.E0,0.E0,0.E0));
#13476=AXIS2_PLACEMENT_3D('',#13473,#13474,#13475);
#13477=PLANE('',#13476);
#13478=ORIENTED_EDGE('',*,*,#13465,.F.);
#13479=ORIENTED_EDGE('',*,*,#13424,.F.);
#13481=ORIENTED_EDGE('',*,*,#13480,.F.);
#13483=ORIENTED_EDGE('',*,*,#13482,.F.);
#13484=EDGE_LOOP('',(#13478,#13479,#13481,#13483));
#13485=FACE_OUTER_BOUND('',#13484,.F.);
#13486=ADVANCED_FACE('',(#13485),#13477,.T.);
#13487=CARTESIAN_POINT('',(1.32E1,-2.09E1,-9.5E0));
#13488=DIRECTION('',(1.E0,0.E0,0.E0));
#13489=DIRECTION('',(0.E0,0.E0,1.E0));
#13490=AXIS2_PLACEMENT_3D('',#13487,#13488,#13489);
#13491=PLANE('',#13490);
#13492=ORIENTED_EDGE('',*,*,#13422,.T.);
#13493=ORIENTED_EDGE('',*,*,#13138,.T.);
#13495=ORIENTED_EDGE('',*,*,#13494,.T.);
#13496=ORIENTED_EDGE('',*,*,#13480,.T.);
#13497=EDGE_LOOP('',(#13492,#13493,#13495,#13496));
#13498=FACE_OUTER_BOUND('',#13497,.F.);
#13499=ADVANCED_FACE('',(#13498),#13491,.T.);
#13500=CARTESIAN_POINT('',(1.2E1,-2.09E1,-9.5E0));
#13501=DIRECTION('',(0.E0,0.E0,-1.E0));
#13502=DIRECTION('',(1.E0,0.E0,0.E0));
#13503=AXIS2_PLACEMENT_3D('',#13500,#13501,#13502);
#13504=PLANE('',#13503);
#13505=ORIENTED_EDGE('',*,*,#13467,.T.);
#13506=ORIENTED_EDGE('',*,*,#13482,.T.);
#13507=ORIENTED_EDGE('',*,*,#13494,.F.);
#13508=ORIENTED_EDGE('',*,*,#13136,.F.);
#13509=EDGE_LOOP('',(#13505,#13506,#13507,#13508));
#13510=FACE_OUTER_BOUND('',#13509,.F.);
#13511=ADVANCED_FACE('',(#13510),#13504,.T.);
#13512=CARTESIAN_POINT('',(1.4E1,-1.45E1,-1.675E1));
#13513=DIRECTION('',(7.071067811865E-1,0.E0,-7.071067811865E-1));
#13514=DIRECTION('',(7.071067811865E-1,0.E0,7.071067811865E-1));
#13515=AXIS2_PLACEMENT_3D('',#13512,#13513,#13514);
#13516=PLANE('',#13515);
#13518=ORIENTED_EDGE('',*,*,#13517,.F.);
#13520=ORIENTED_EDGE('',*,*,#13519,.T.);
#13522=ORIENTED_EDGE('',*,*,#13521,.F.);
#13523=ORIENTED_EDGE('',*,*,#13146,.F.);
#13524=ORIENTED_EDGE('',*,*,#13103,.F.);
#13525=ORIENTED_EDGE('',*,*,#12875,.F.);
#13526=EDGE_LOOP('',(#13518,#13520,#13522,#13523,#13524,#13525));
#13527=FACE_OUTER_BOUND('',#13526,.F.);
#13528=ADVANCED_FACE('',(#13527),#13516,.T.);
#13529=CARTESIAN_POINT('',(9.752498913988E0,-8.2E0,-1.69E1));
#13530=DIRECTION('',(0.E0,7.071067811865E-1,-7.071067811865E-1));
#13531=DIRECTION('',(0.E0,-7.071067811865E-1,-7.071067811865E-1));
#13532=AXIS2_PLACEMENT_3D('',#13529,#13530,#13531);
#13533=PLANE('',#13532);
#13534=ORIENTED_EDGE('',*,*,#13517,.T.);
#13535=ORIENTED_EDGE('',*,*,#12873,.T.);
#13537=ORIENTED_EDGE('',*,*,#13536,.F.);
#13539=ORIENTED_EDGE('',*,*,#13538,.F.);
#13540=EDGE_LOOP('',(#13534,#13535,#13537,#13539));
#13541=FACE_OUTER_BOUND('',#13540,.F.);
#13542=ADVANCED_FACE('',(#13541),#13533,.T.);
#13543=CARTESIAN_POINT('',(5.754997827975E0,-8.3E0,-1.688612307409E1));
#13544=DIRECTION('',(0.E0,0.E0,1.E0));
#13545=DIRECTION('',(0.E0,-1.E0,0.E0));
#13546=AXIS2_PLACEMENT_3D('',#13543,#13544,#13545);
#13547=CONICAL_SURFACE('',#13546,1.138769259139E-1,4.5E1);
#13549=ORIENTED_EDGE('',*,*,#13548,.T.);
#13551=ORIENTED_EDGE('',*,*,#13550,.T.);
#13552=ORIENTED_EDGE('',*,*,#13536,.T.);
#13553=EDGE_LOOP('',(#13549,#13551,#13552));
#13554=FACE_OUTER_BOUND('',#13553,.F.);
#13555=ADVANCED_FACE('',(#13554),#13547,.T.);
#13556=CARTESIAN_POINT('',(5.754997827975E0,-8.3E0,-6.13224E1));
#13557=DIRECTION('',(0.E0,0.E0,1.E0));
#13558=DIRECTION('',(0.E0,1.E0,0.E0));
#13559=AXIS2_PLACEMENT_3D('',#13556,#13557,#13558);
#13560=CYLINDRICAL_SURFACE('',#13559,2.E-1);
#13561=ORIENTED_EDGE('',*,*,#13548,.F.);
#13562=ORIENTED_EDGE('',*,*,#12871,.T.);
#13563=ORIENTED_EDGE('',*,*,#12838,.F.);
#13565=ORIENTED_EDGE('',*,*,#13564,.F.);
#13566=EDGE_LOOP('',(#13561,#13562,#13563,#13565));
#13567=FACE_OUTER_BOUND('',#13566,.F.);
#13568=ADVANCED_FACE('',(#13567),#13560,.T.);
#13569=CARTESIAN_POINT('',(0.E0,0.E0,-1.7E1));
#13570=DIRECTION('',(0.E0,0.E0,-1.E0));
#13571=DIRECTION('',(-1.E0,0.E0,0.E0));
#13572=AXIS2_PLACEMENT_3D('',#13569,#13570,#13571);
#13573=CYLINDRICAL_SURFACE('',#13572,9.9E0);
#13575=ORIENTED_EDGE('',*,*,#13574,.F.);
#13577=ORIENTED_EDGE('',*,*,#13576,.F.);
#13578=ORIENTED_EDGE('',*,*,#13564,.T.);
#13579=ORIENTED_EDGE('',*,*,#12836,.F.);
#13581=ORIENTED_EDGE('',*,*,#13580,.T.);
#13582=EDGE_LOOP('',(#13575,#13577,#13578,#13579,#13581));
#13583=FACE_OUTER_BOUND('',#13582,.F.);
#13584=ADVANCED_FACE('',(#13583),#13573,.F.);
#13585=CARTESIAN_POINT('',(5.728750807066E-14,-1.758593271006E-13,-1.69E1));
#13586=DIRECTION('',(0.E0,0.E0,-1.E0));
#13587=DIRECTION('',(0.E0,-1.E0,0.E0));
#13588=AXIS2_PLACEMENT_3D('',#13585,#13586,#13587);
#13589=CONICAL_SURFACE('',#13588,1.E1,4.5E1);
#13590=ORIENTED_EDGE('',*,*,#13576,.T.);
#13591=ORIENTED_EDGE('',*,*,#13574,.T.);
#13593=ORIENTED_EDGE('',*,*,#13592,.T.);
#13595=ORIENTED_EDGE('',*,*,#13594,.F.);
#13597=ORIENTED_EDGE('',*,*,#13596,.F.);
#13598=ORIENTED_EDGE('',*,*,#13550,.F.);
#13599=EDGE_LOOP('',(#13590,#13591,#13593,#13595,#13597,#13598));
#13600=FACE_OUTER_BOUND('',#13599,.F.);
#13601=ADVANCED_FACE('',(#13600),#13589,.F.);
#13602=CARTESIAN_POINT('',(-5.754997827975E0,-8.3E0,-1.688612307409E1));
#13603=DIRECTION('',(0.E0,0.E0,1.E0));
#13604=DIRECTION('',(0.E0,-1.E0,0.E0));
#13605=AXIS2_PLACEMENT_3D('',#13602,#13603,#13604);
#13606=CONICAL_SURFACE('',#13605,1.138769259139E-1,4.5E1);
#13608=ORIENTED_EDGE('',*,*,#13607,.T.);
#13610=ORIENTED_EDGE('',*,*,#13609,.T.);
#13611=ORIENTED_EDGE('',*,*,#13592,.F.);
#13612=EDGE_LOOP('',(#13608,#13610,#13611));
#13613=FACE_OUTER_BOUND('',#13612,.F.);
#13614=ADVANCED_FACE('',(#13613),#13606,.T.);
#13615=CARTESIAN_POINT('',(-5.754997827975E0,-8.3E0,3.219883499202E1));
#13616=DIRECTION('',(0.E0,0.E0,-1.E0));
#13617=DIRECTION('',(0.E0,1.E0,0.E0));
#13618=AXIS2_PLACEMENT_3D('',#13615,#13616,#13617);
#13619=CYLINDRICAL_SURFACE('',#13618,2.E-1);
#13620=ORIENTED_EDGE('',*,*,#13607,.F.);
#13621=ORIENTED_EDGE('',*,*,#13580,.F.);
#13622=ORIENTED_EDGE('',*,*,#12834,.F.);
#13624=ORIENTED_EDGE('',*,*,#13623,.T.);
#13625=EDGE_LOOP('',(#13620,#13621,#13622,#13624));
#13626=FACE_OUTER_BOUND('',#13625,.F.);
#13627=ADVANCED_FACE('',(#13626),#13619,.T.);
#13628=CARTESIAN_POINT('',(-1.425E1,-8.1E0,-8.2E0));
#13629=DIRECTION('',(0.E0,1.E0,0.E0));
#13630=DIRECTION('',(1.E0,0.E0,0.E0));
#13631=AXIS2_PLACEMENT_3D('',#13628,#13629,#13630);
#13632=PLANE('',#13631);
#13634=ORIENTED_EDGE('',*,*,#13633,.F.);
#13636=ORIENTED_EDGE('',*,*,#13635,.T.);
#13638=ORIENTED_EDGE('',*,*,#13637,.T.);
#13640=ORIENTED_EDGE('',*,*,#13639,.T.);
#13642=ORIENTED_EDGE('',*,*,#13641,.F.);
#13644=ORIENTED_EDGE('',*,*,#13643,.T.);
#13646=ORIENTED_EDGE('',*,*,#13645,.F.);
#13648=ORIENTED_EDGE('',*,*,#13647,.T.);
#13650=ORIENTED_EDGE('',*,*,#13649,.T.);
#13652=ORIENTED_EDGE('',*,*,#13651,.F.);
#13653=ORIENTED_EDGE('',*,*,#13623,.F.);
#13654=ORIENTED_EDGE('',*,*,#12832,.F.);
#13656=ORIENTED_EDGE('',*,*,#13655,.T.);
#13658=ORIENTED_EDGE('',*,*,#13657,.T.);
#13659=EDGE_LOOP('',(#13634,#13636,#13638,#13640,#13642,#13644,#13646,#13648,
#13650,#13652,#13653,#13654,#13656,#13658));
#13660=FACE_OUTER_BOUND('',#13659,.F.);
#13661=ADVANCED_FACE('',(#13660),#13632,.T.);
#13662=CARTESIAN_POINT('',(0.E0,0.E0,-9.E0));
#13663=DIRECTION('',(0.E0,0.E0,1.E0));
#13664=DIRECTION('',(1.E0,0.E0,0.E0));
#13665=AXIS2_PLACEMENT_3D('',#13662,#13663,#13664);
#13666=PLANE('',#13665);
#13668=ORIENTED_EDGE('',*,*,#13667,.F.);
#13670=ORIENTED_EDGE('',*,*,#13669,.F.);
#13672=ORIENTED_EDGE('',*,*,#13671,.F.);
#13673=ORIENTED_EDGE('',*,*,#13633,.T.);
#13674=EDGE_LOOP('',(#13668,#13670,#13672,#13673));
#13675=FACE_OUTER_BOUND('',#13674,.F.);
#13676=ADVANCED_FACE('',(#13675),#13666,.T.);
#13677=CARTESIAN_POINT('',(-1.E1,-8.1E0,-1.58E1));
#13678=DIRECTION('',(-9.961946980917E-1,0.E0,-8.715574274766E-2));
#13679=DIRECTION('',(-8.715574274766E-2,0.E0,9.961946980917E-1));
#13680=AXIS2_PLACEMENT_3D('',#13677,#13678,#13679);
#13681=PLANE('',#13680);
#13682=ORIENTED_EDGE('',*,*,#13667,.T.);
#13683=ORIENTED_EDGE('',*,*,#13657,.F.);
#13685=ORIENTED_EDGE('',*,*,#13684,.F.);
#13687=ORIENTED_EDGE('',*,*,#13686,.T.);
#13688=EDGE_LOOP('',(#13682,#13683,#13685,#13687));
#13689=FACE_OUTER_BOUND('',#13688,.F.);
#13690=ADVANCED_FACE('',(#13689),#13681,.F.);
#13691=CARTESIAN_POINT('',(-9.816733765197E0,5.050788282036E1,-1.56E1));
#13692=DIRECTION('',(0.E0,-1.E0,0.E0));
#13693=DIRECTION('',(-9.961946980917E-1,0.E0,-8.715574274765E-2));
#13694=AXIS2_PLACEMENT_3D('',#13691,#13692,#13693);
#13695=CYLINDRICAL_SURFACE('',#13694,2.E-1);
#13696=ORIENTED_EDGE('',*,*,#13684,.T.);
#13697=ORIENTED_EDGE('',*,*,#13655,.F.);
#13698=ORIENTED_EDGE('',*,*,#12830,.F.);
#13700=ORIENTED_EDGE('',*,*,#13699,.T.);
#13701=EDGE_LOOP('',(#13696,#13697,#13698,#13700));
#13702=FACE_OUTER_BOUND('',#13701,.F.);
#13703=ADVANCED_FACE('',(#13702),#13695,.F.);
#13704=CARTESIAN_POINT('',(-1.502122759287E1,-9.3E0,-1.58E1));
#13705=DIRECTION('',(0.E0,9.993908270191E-1,-3.489949670250E-2));
#13706=DIRECTION('',(-1.E0,0.E0,0.E0));
#13707=AXIS2_PLACEMENT_3D('',#13704,#13705,#13706);
#13708=PLANE('',#13707);
#13709=ORIENTED_EDGE('',*,*,#13669,.T.);
#13710=ORIENTED_EDGE('',*,*,#13686,.F.);
#13711=ORIENTED_EDGE('',*,*,#13699,.F.);
#13712=ORIENTED_EDGE('',*,*,#12828,.T.);
#13714=ORIENTED_EDGE('',*,*,#13713,.F.);
#13716=ORIENTED_EDGE('',*,*,#13715,.F.);
#13718=ORIENTED_EDGE('',*,*,#13717,.T.);
#13720=ORIENTED_EDGE('',*,*,#13719,.T.);
#13722=ORIENTED_EDGE('',*,*,#13721,.T.);
#13724=ORIENTED_EDGE('',*,*,#13723,.F.);
#13726=ORIENTED_EDGE('',*,*,#13725,.F.);
#13728=ORIENTED_EDGE('',*,*,#13727,.F.);
#13729=EDGE_LOOP('',(#13709,#13710,#13711,#13712,#13714,#13716,#13718,#13720,
#13722,#13724,#13726,#13728));
#13730=FACE_OUTER_BOUND('',#13729,.F.);
#13731=ADVANCED_FACE('',(#13730),#13708,.F.);
#13732=CARTESIAN_POINT('',(-1.325E1,-9.3E0,-8.2E0));
#13733=DIRECTION('',(-1.E0,0.E0,0.E0));
#13734=DIRECTION('',(0.E0,-1.E0,0.E0));
#13735=AXIS2_PLACEMENT_3D('',#13732,#13733,#13734);
#13736=PLANE('',#13735);
#13738=ORIENTED_EDGE('',*,*,#13737,.T.);
#13739=ORIENTED_EDGE('',*,*,#13713,.T.);
#13740=ORIENTED_EDGE('',*,*,#12826,.T.);
#13741=ORIENTED_EDGE('',*,*,#12730,.T.);
#13743=ORIENTED_EDGE('',*,*,#13742,.T.);
#13745=ORIENTED_EDGE('',*,*,#13744,.F.);
#13746=EDGE_LOOP('',(#13738,#13739,#13740,#13741,#13743,#13745));
#13747=FACE_OUTER_BOUND('',#13746,.F.);
#13748=ADVANCED_FACE('',(#13747),#13736,.F.);
#13749=CARTESIAN_POINT('',(-1.355E1,-9.685066232827E0,-1.25E1));
#13750=DIRECTION('',(-1.E0,0.E0,0.E0));
#13751=DIRECTION('',(0.E0,-1.888965071696E-1,-9.819970007995E-1));
#13752=AXIS2_PLACEMENT_3D('',#13749,#13750,#13751);
#13753=TOROIDAL_SURFACE('',#13752,8.E-1,3.E-1);
#13754=ORIENTED_EDGE('',*,*,#13737,.F.);
#13756=ORIENTED_EDGE('',*,*,#13755,.T.);
#13758=ORIENTED_EDGE('',*,*,#13757,.T.);
#13759=ORIENTED_EDGE('',*,*,#13715,.T.);
#13760=EDGE_LOOP('',(#13754,#13756,#13758,#13759));
#13761=FACE_OUTER_BOUND('',#13760,.F.);
#13762=ADVANCED_FACE('',(#13761),#13753,.T.);
#13763=CARTESIAN_POINT('',(-1.355E1,-1.941852091380E1,-1.33E1));
#13764=DIRECTION('',(0.E0,1.E0,0.E0));
#13765=DIRECTION('',(0.E0,0.E0,1.E0));
#13766=AXIS2_PLACEMENT_3D('',#13763,#13764,#13765);
#13767=CYLINDRICAL_SURFACE('',#13766,3.E-1);
#13769=ORIENTED_EDGE('',*,*,#13768,.T.);
#13770=ORIENTED_EDGE('',*,*,#13755,.F.);
#13771=ORIENTED_EDGE('',*,*,#13744,.T.);
#13773=ORIENTED_EDGE('',*,*,#13772,.F.);
#13774=EDGE_LOOP('',(#13769,#13770,#13771,#13773));
#13775=FACE_OUTER_BOUND('',#13774,.F.);
#13776=ADVANCED_FACE('',(#13775),#13767,.T.);
#13777=CARTESIAN_POINT('',(1.71E1,-1.97E1,-1.3E1));
#13778=DIRECTION('',(0.E0,0.E0,-1.E0));
#13779=DIRECTION('',(0.E0,1.E0,0.E0));
#13780=AXIS2_PLACEMENT_3D('',#13777,#13778,#13779);
#13781=PLANE('',#13780);
#13783=ORIENTED_EDGE('',*,*,#13782,.T.);
#13785=ORIENTED_EDGE('',*,*,#13784,.F.);
#13786=ORIENTED_EDGE('',*,*,#13768,.F.);
#13788=ORIENTED_EDGE('',*,*,#13787,.F.);
#13789=EDGE_LOOP('',(#13783,#13785,#13786,#13788));
#13790=FACE_OUTER_BOUND('',#13789,.F.);
#13791=ADVANCED_FACE('',(#13790),#13781,.F.);
#13792=CARTESIAN_POINT('',(-1.415E1,-1.45E1,-1.31E1));
#13793=DIRECTION('',(-7.071067811865E-1,0.E0,7.071067811866E-1));
#13794=DIRECTION('',(7.071067811866E-1,0.E0,7.071067811865E-1));
#13795=AXIS2_PLACEMENT_3D('',#13792,#13793,#13794);
#13796=PLANE('',#13795);
#13798=ORIENTED_EDGE('',*,*,#13797,.T.);
#13800=ORIENTED_EDGE('',*,*,#13799,.F.);
#13801=ORIENTED_EDGE('',*,*,#13782,.F.);
#13803=ORIENTED_EDGE('',*,*,#13802,.F.);
#13804=EDGE_LOOP('',(#13798,#13800,#13801,#13803));
#13805=FACE_OUTER_BOUND('',#13804,.F.);
#13806=ADVANCED_FACE('',(#13805),#13796,.T.);
#13807=CARTESIAN_POINT('',(-1.425E1,-2.09E1,-8.2E0));
#13808=DIRECTION('',(-1.E0,0.E0,0.E0));
#13809=DIRECTION('',(0.E0,1.E0,0.E0));
#13810=AXIS2_PLACEMENT_3D('',#13807,#13808,#13809);
#13811=PLANE('',#13810);
#13813=ORIENTED_EDGE('',*,*,#13812,.F.);
#13815=ORIENTED_EDGE('',*,*,#13814,.T.);
#13817=ORIENTED_EDGE('',*,*,#13816,.T.);
#13818=ORIENTED_EDGE('',*,*,#13647,.F.);
#13820=ORIENTED_EDGE('',*,*,#13819,.F.);
#13822=ORIENTED_EDGE('',*,*,#13821,.T.);
#13824=ORIENTED_EDGE('',*,*,#13823,.T.);
#13825=ORIENTED_EDGE('',*,*,#13797,.F.);
#13827=ORIENTED_EDGE('',*,*,#13826,.T.);
#13829=ORIENTED_EDGE('',*,*,#13828,.T.);
#13830=EDGE_LOOP('',(#13813,#13815,#13817,#13818,#13820,#13822,#13824,#13825,
#13827,#13829));
#13831=FACE_OUTER_BOUND('',#13830,.F.);
#13832=ADVANCED_FACE('',(#13831),#13811,.T.);
#13833=CARTESIAN_POINT('',(-1.37E1,0.E0,-8.55E0));
#13834=DIRECTION('',(0.E0,0.E0,-1.E0));
#13835=DIRECTION('',(-1.E0,0.E0,0.E0));
#13836=AXIS2_PLACEMENT_3D('',#13833,#13834,#13835);
#13837=PLANE('',#13836);
#13839=ORIENTED_EDGE('',*,*,#13838,.F.);
#13840=ORIENTED_EDGE('',*,*,#13812,.T.);
#13842=ORIENTED_EDGE('',*,*,#13841,.T.);
#13843=ORIENTED_EDGE('',*,*,#12720,.T.);
#13845=ORIENTED_EDGE('',*,*,#13844,.T.);
#13846=EDGE_LOOP('',(#13839,#13840,#13842,#13843,#13845));
#13847=FACE_OUTER_BOUND('',#13846,.F.);
#13848=ADVANCED_FACE('',(#13847),#13837,.F.);
#13849=CARTESIAN_POINT('',(-9.5E0,-2.09E1,-8.2E0));
#13850=DIRECTION('',(0.E0,-1.E0,0.E0));
#13851=DIRECTION('',(-1.E0,0.E0,0.E0));
#13852=AXIS2_PLACEMENT_3D('',#13849,#13850,#13851);
#13853=PLANE('',#13852);
#13854=ORIENTED_EDGE('',*,*,#12748,.T.);
#13855=ORIENTED_EDGE('',*,*,#12764,.T.);
#13856=ORIENTED_EDGE('',*,*,#12778,.T.);
#13857=ORIENTED_EDGE('',*,*,#12822,.F.);
#13859=ORIENTED_EDGE('',*,*,#13858,.T.);
#13861=ORIENTED_EDGE('',*,*,#13860,.F.);
#13863=ORIENTED_EDGE('',*,*,#13862,.T.);
#13864=ORIENTED_EDGE('',*,*,#13814,.F.);
#13865=ORIENTED_EDGE('',*,*,#13838,.T.);
#13867=ORIENTED_EDGE('',*,*,#13866,.F.);
#13869=ORIENTED_EDGE('',*,*,#13868,.F.);
#13871=ORIENTED_EDGE('',*,*,#13870,.T.);
#13873=ORIENTED_EDGE('',*,*,#13872,.T.);
#13875=ORIENTED_EDGE('',*,*,#13874,.T.);
#13876=EDGE_LOOP('',(#13854,#13855,#13856,#13857,#13859,#13861,#13863,#13864,
#13865,#13867,#13869,#13871,#13873,#13875));
#13877=FACE_OUTER_BOUND('',#13876,.F.);
#13878=ADVANCED_FACE('',(#13877),#13853,.T.);
#13879=CARTESIAN_POINT('',(-9.6E0,-2.08E1,-1.64E1));
#13880=DIRECTION('',(7.071067811865E-1,-7.071067811866E-1,0.E0));
#13881=DIRECTION('',(-7.071067811866E-1,-7.071067811865E-1,0.E0));
#13882=AXIS2_PLACEMENT_3D('',#13879,#13880,#13881);
#13883=PLANE('',#13882);
#13884=ORIENTED_EDGE('',*,*,#12820,.F.);
#13886=ORIENTED_EDGE('',*,*,#13885,.T.);
#13888=ORIENTED_EDGE('',*,*,#13887,.F.);
#13890=ORIENTED_EDGE('',*,*,#13889,.F.);
#13891=ORIENTED_EDGE('',*,*,#13858,.F.);
#13892=EDGE_LOOP('',(#13884,#13886,#13888,#13890,#13891));
#13893=FACE_OUTER_BOUND('',#13892,.F.);
#13894=ADVANCED_FACE('',(#13893),#13883,.T.);
#13895=CARTESIAN_POINT('',(-9.5E0,-8.1E0,-8.2E0));
#13896=DIRECTION('',(1.E0,0.E0,0.E0));
#13897=DIRECTION('',(0.E0,-1.E0,0.E0));
#13898=AXIS2_PLACEMENT_3D('',#13895,#13896,#13897);
#13899=PLANE('',#13898);
#13900=ORIENTED_EDGE('',*,*,#13885,.F.);
#13901=ORIENTED_EDGE('',*,*,#12818,.F.);
#13903=ORIENTED_EDGE('',*,*,#13902,.F.);
#13905=ORIENTED_EDGE('',*,*,#13904,.T.);
#13906=EDGE_LOOP('',(#13900,#13901,#13903,#13905));
#13907=FACE_OUTER_BOUND('',#13906,.F.);
#13908=ADVANCED_FACE('',(#13907),#13899,.T.);
#13909=CARTESIAN_POINT('',(-9.099999999998E0,-1.892720779386E1,-1.7E1));
#13910=DIRECTION('',(0.E0,0.E0,-1.E0));
#13911=DIRECTION('',(-1.E0,7.763012455086E-12,0.E0));
#13912=AXIS2_PLACEMENT_3D('',#13909,#13910,#13911);
#13913=CYLINDRICAL_SURFACE('',#13912,4.000000000012E-1);
#13915=ORIENTED_EDGE('',*,*,#13914,.F.);
#13916=ORIENTED_EDGE('',*,*,#13902,.T.);
#13917=ORIENTED_EDGE('',*,*,#12816,.F.);
#13919=ORIENTED_EDGE('',*,*,#13918,.F.);
#13920=EDGE_LOOP('',(#13915,#13916,#13917,#13919));
#13921=FACE_OUTER_BOUND('',#13920,.F.);
#13922=ADVANCED_FACE('',(#13921),#13913,.F.);
#13923=CARTESIAN_POINT('',(-9.543939937884E0,-1.848325158167E1,
-1.702783717865E1));
#13924=CARTESIAN_POINT('',(-9.483627446018E0,-1.854356772138E1,
-1.694254052573E1));
#13925=CARTESIAN_POINT('',(-9.423314954152E0,-1.860388386110E1,
-1.685724387281E1));
#13926=CARTESIAN_POINT('',(-9.363002462286E0,-1.866420000082E1,
-1.677194721988E1));
#13927=CARTESIAN_POINT('',(-9.544724608474E0,-1.848430796618E1,
-1.702772836256E1));
#13928=CARTESIAN_POINT('',(-9.484283415260E0,-1.854413120503E1,
-1.694251190526E1));
#13929=CARTESIAN_POINT('',(-9.423842222045E0,-1.860395444387E1,
-1.685729544797E1));
#13930=CARTESIAN_POINT('',(-9.363401028830E0,-1.866377768272E1,
-1.677207899067E1));
#13931=CARTESIAN_POINT('',(-9.545659810217E0,-1.848478520433E1,
-1.702788582465E1));
#13932=CARTESIAN_POINT('',(-9.485123546964E0,-1.854504920908E1,
-1.694255332039E1));
#13933=CARTESIAN_POINT('',(-9.424587283712E0,-1.860531321383E1,
-1.685722081613E1));
#13934=CARTESIAN_POINT('',(-9.364051020459E0,-1.866557721857E1,
-1.677188831188E1));
#13935=CARTESIAN_POINT('',(-9.548181129631E0,-1.848746715618E1,
-1.702780855227E1));
#13936=CARTESIAN_POINT('',(-9.487286640452E0,-1.854711871689E1,
-1.694253299648E1));
#13937=CARTESIAN_POINT('',(-9.426392151272E0,-1.860677027759E1,
-1.685725744069E1));
#13938=CARTESIAN_POINT('',(-9.365497662093E0,-1.866642183829E1,
-1.677198188490E1));
#13939=CARTESIAN_POINT('',(-9.551088040420E0,-1.849025726545E1,
-1.702784651564E1));
#13940=CARTESIAN_POINT('',(-9.489806345146E0,-1.854965169767E1,
-1.694254298147E1));
#13941=CARTESIAN_POINT('',(-9.428524649872E0,-1.860904612990E1,
-1.685723944730E1));
#13942=CARTESIAN_POINT('',(-9.367242954598E0,-1.866844056212E1,
-1.677193591314E1));
#13943=CARTESIAN_POINT('',(-9.554644157932E0,-1.849389752234E1,
-1.702783446713E1));
#13944=CARTESIAN_POINT('',(-9.492876900595E0,-1.855275874970E1,
-1.694253981251E1));
#13945=CARTESIAN_POINT('',(-9.431109643258E0,-1.861161997706E1,
-1.685724515790E1));
#13946=CARTESIAN_POINT('',(-9.369342385921E0,-1.867048120442E1,
-1.677195050328E1));
#13947=CARTESIAN_POINT('',(-9.559312589715E0,-1.849871649608E1,
-1.702783850822E1));
#13948=CARTESIAN_POINT('',(-9.496911923913E0,-1.855693605001E1,
-1.694254087538E1));
#13949=CARTESIAN_POINT('',(-9.434511258112E0,-1.861515560393E1,
-1.685724324255E1));
#13950=CARTESIAN_POINT('',(-9.372110592310E0,-1.867337515786E1,
-1.677194560971E1));
#13951=CARTESIAN_POINT('',(-9.565085766322E0,-1.850486866663E1,
-1.702783665149E1));
#13952=CARTESIAN_POINT('',(-9.501900407053E0,-1.856224648780E1,
-1.694254038703E1));
#13953=CARTESIAN_POINT('',(-9.438715047784E0,-1.861962430898E1,
-1.685724412257E1));
#13954=CARTESIAN_POINT('',(-9.375529688515E0,-1.867700213015E1,
-1.677194785811E1));
#13955=CARTESIAN_POINT('',(-9.574156409669E0,-1.851489919534E1,
-1.702783749128E1));
#13956=CARTESIAN_POINT('',(-9.509738921971E0,-1.857091704858E1,
-1.694254060791E1));
#13957=CARTESIAN_POINT('',(-9.445321434273E0,-1.862693490182E1,
-1.685724372454E1));
#13958=CARTESIAN_POINT('',(-9.380903946574E0,-1.868295275505E1,
-1.677194684117E1));
#13959=CARTESIAN_POINT('',(-9.585192954699E0,-1.852781422621E1,
-1.702783715783E1));
#13960=CARTESIAN_POINT('',(-9.519276013265E0,-1.858207644633E1,
-1.694254052021E1));
#13961=CARTESIAN_POINT('',(-9.453359071830E0,-1.863633866646E1,
-1.685724388258E1));
#13962=CARTESIAN_POINT('',(-9.387442130396E0,-1.869060088658E1,
-1.677194724496E1));
#13963=CARTESIAN_POINT('',(-9.602184369375E0,-1.854921916071E1,
-1.702783725414E1));
#13964=CARTESIAN_POINT('',(-9.533959038522E0,-1.860057367598E1,
-1.694254054554E1));
#13965=CARTESIAN_POINT('',(-9.465733707669E0,-1.865192819125E1,
-1.685724383693E1));
#13966=CARTESIAN_POINT('',(-9.397508376816E0,-1.870328270653E1,
-1.677194712833E1));
#13967=CARTESIAN_POINT('',(-9.622143165243E0,-1.857728237572E1,
-1.702783698274E1));
#13968=CARTESIAN_POINT('',(-9.551206203548E0,-1.862482333289E1,
-1.694254047416E1));
#13969=CARTESIAN_POINT('',(-9.480269241853E0,-1.867236429006E1,
-1.685724396557E1));
#13970=CARTESIAN_POINT('',(-9.409332280158E0,-1.871990524723E1,
-1.677194745699E1));
#13971=CARTESIAN_POINT('',(-9.651204914937E0,-1.862458669244E1,
-1.702783665005E1));
#13972=CARTESIAN_POINT('',(-9.576319551816E0,-1.866569964783E1,
-1.694254038666E1));
#13973=CARTESIAN_POINT('',(-9.501434188694E0,-1.870681260322E1,
-1.685724412327E1));
#13974=CARTESIAN_POINT('',(-9.426548825573E0,-1.874792555861E1,
-1.677194785989E1));
#13975=CARTESIAN_POINT('',(-9.681888585120E0,-1.868751168079E1,
-1.702783659640E1));
#13976=CARTESIAN_POINT('',(-9.602834465219E0,-1.872007511424E1,
-1.694254037255E1));
#13977=CARTESIAN_POINT('',(-9.523780345318E0,-1.875263854768E1,
-1.685724414870E1));
#13978=CARTESIAN_POINT('',(-9.444726225417E0,-1.878520198113E1,
-1.677194792485E1));
#13979=CARTESIAN_POINT('',(-9.717839529763E0,-1.879325263873E1,
-1.702783685279E1));
#13980=CARTESIAN_POINT('',(-9.633901076626E0,-1.881145052535E1,
-1.694254043998E1));
#13981=CARTESIAN_POINT('',(-9.549962623488E0,-1.882964841197E1,
-1.685724402718E1));
#13982=CARTESIAN_POINT('',(-9.466024170351E0,-1.884784629859E1,
-1.677194761437E1));
#13983=CARTESIAN_POINT('',(-9.730260819923E0,-1.888592313577E1,
-1.702783675094E1));
#13984=CARTESIAN_POINT('',(-9.644634893180E0,-1.889153098924E1,
-1.694254041320E1));
#13985=CARTESIAN_POINT('',(-9.559008966437E0,-1.889713884271E1,
-1.685724407545E1));
#13986=CARTESIAN_POINT('',(-9.473383039693E0,-1.890274669619E1,
-1.677194773771E1));
#13987=CARTESIAN_POINT('',(-9.727112607930E0,-1.894846558190E1,
-1.702783675726E1));
#13988=CARTESIAN_POINT('',(-9.641914763593E0,-1.894557798918E1,
-1.694254041486E1));
#13989=CARTESIAN_POINT('',(-9.556716919256E0,-1.894269039645E1,
-1.685724407245E1));
#13990=CARTESIAN_POINT('',(-9.471519074919E0,-1.893980280373E1,
-1.677194773005E1));
#13991=CARTESIAN_POINT('',(-9.726228655910E0,-1.895894278210E1,
-1.702783676199E1));
#13992=CARTESIAN_POINT('',(-9.641150977518E0,-1.895463207284E1,
-1.694254041610E1));
#13993=CARTESIAN_POINT('',(-9.556073299126E0,-1.895032136357E1,
-1.685724407021E1));
#13994=CARTESIAN_POINT('',(-9.470995620734E0,-1.894601065431E1,
-1.677194772432E1));
#13995=B_SPLINE_SURFACE_WITH_KNOTS('',3,3,((#13923,#13924,#13925,#13926),
(#13927,#13928,#13929,#13930),(#13931,#13932,#13933,#13934),(#13935,#13936,
#13937,#13938),(#13939,#13940,#13941,#13942),(#13943,#13944,#13945,#13946),(
#13947,#13948,#13949,#13950),(#13951,#13952,#13953,#13954),(#13955,#13956,
#13957,#13958),(#13959,#13960,#13961,#13962),(#13963,#13964,#13965,#13966),(
#13967,#13968,#13969,#13970),(#13971,#13972,#13973,#13974),(#13975,#13976,
#13977,#13978),(#13979,#13980,#13981,#13982),(#13983,#13984,#13985,#13986),(
#13987,#13988,#13989,#13990),(#13991,#13992,#13993,#13994)),.UNSPECIFIED.,.F.,
.F.,.F.,(4,1,1,1,1,1,1,1,1,1,1,1,1,1,1,4),(4,4),(-1.975181363364E-5,
5.188895273522E-3,1.039754236068E-2,2.081483653499E-2,3.123213070930E-2,
4.164942488361E-2,6.248401323224E-2,8.331860158086E-2,1.249877782781E-1,
1.666569549754E-1,2.499953083699E-1,3.333336617643E-1,5.000002900079E-1,
6.666669182514E-1,1.E0,1.067922940127E0),(4.838182483543E-3,9.959365203919E-1),
.UNSPECIFIED.);
#13997=ORIENTED_EDGE('',*,*,#13996,.T.);
#13999=ORIENTED_EDGE('',*,*,#13998,.T.);
#14000=ORIENTED_EDGE('',*,*,#13914,.T.);
#14002=ORIENTED_EDGE('',*,*,#14001,.F.);
#14003=EDGE_LOOP('',(#13997,#13999,#14000,#14002));
#14004=FACE_OUTER_BOUND('',#14003,.F.);
#14005=ADVANCED_FACE('',(#14004),#13995,.F.);
#14006=CARTESIAN_POINT('',(0.E0,0.E0,-1.7E1));
#14007=DIRECTION('',(0.E0,0.E0,-1.E0));
#14008=DIRECTION('',(-1.E0,0.E0,0.E0));
#14009=AXIS2_PLACEMENT_3D('',#14006,#14007,#14008);
#14010=PLANE('',#14009);
#14012=ORIENTED_EDGE('',*,*,#14011,.T.);
#14014=ORIENTED_EDGE('',*,*,#14013,.F.);
#14016=ORIENTED_EDGE('',*,*,#14015,.T.);
#14018=ORIENTED_EDGE('',*,*,#14017,.F.);
#14019=ORIENTED_EDGE('',*,*,#13996,.F.);
#14021=ORIENTED_EDGE('',*,*,#14020,.T.);
#14023=ORIENTED_EDGE('',*,*,#14022,.T.);
#14025=ORIENTED_EDGE('',*,*,#14024,.F.);
#14027=ORIENTED_EDGE('',*,*,#14026,.T.);
#14029=ORIENTED_EDGE('',*,*,#14028,.T.);
#14031=ORIENTED_EDGE('',*,*,#14030,.F.);
#14033=ORIENTED_EDGE('',*,*,#14032,.F.);
#14035=ORIENTED_EDGE('',*,*,#14034,.T.);
#14036=ORIENTED_EDGE('',*,*,#13519,.F.);
#14037=ORIENTED_EDGE('',*,*,#13538,.T.);
#14038=ORIENTED_EDGE('',*,*,#13596,.T.);
#14039=ORIENTED_EDGE('',*,*,#13594,.T.);
#14040=EDGE_LOOP('',(#14012,#14014,#14016,#14018,#14019,#14021,#14023,#14025,
#14027,#14029,#14031,#14033,#14035,#14036,#14037,#14038,#14039));
#14041=FACE_OUTER_BOUND('',#14040,.F.);
#14042=ADVANCED_FACE('',(#14041),#14010,.T.);
#14043=CARTESIAN_POINT('',(-9.752498913988E0,-8.2E0,-1.69E1));
#14044=DIRECTION('',(0.E0,7.071067811865E-1,-7.071067811866E-1));
#14045=DIRECTION('',(0.E0,-7.071067811866E-1,-7.071067811865E-1));
#14046=AXIS2_PLACEMENT_3D('',#14043,#14044,#14045);
#14047=PLANE('',#14046);
#14049=ORIENTED_EDGE('',*,*,#14048,.T.);
#14050=ORIENTED_EDGE('',*,*,#14011,.F.);
#14051=ORIENTED_EDGE('',*,*,#13609,.F.);
#14052=ORIENTED_EDGE('',*,*,#13651,.T.);
#14053=EDGE_LOOP('',(#14049,#14050,#14051,#14052));
#14054=FACE_OUTER_BOUND('',#14053,.F.);
#14055=ADVANCED_FACE('',(#14054),#14047,.T.);
#14056=CARTESIAN_POINT('',(-1.4E1,-1.45E1,-1.675E1));
#14057=DIRECTION('',(-7.071067811865E-1,0.E0,-7.071067811865E-1));
#14058=DIRECTION('',(-7.071067811865E-1,0.E0,7.071067811865E-1));
#14059=AXIS2_PLACEMENT_3D('',#14056,#14057,#14058);
#14060=PLANE('',#14059);
#14061=ORIENTED_EDGE('',*,*,#14048,.F.);
#14062=ORIENTED_EDGE('',*,*,#13649,.F.);
#14063=ORIENTED_EDGE('',*,*,#13816,.F.);
#14064=ORIENTED_EDGE('',*,*,#13862,.F.);
#14066=ORIENTED_EDGE('',*,*,#14065,.F.);
#14067=ORIENTED_EDGE('',*,*,#14013,.T.);
#14068=EDGE_LOOP('',(#14061,#14062,#14063,#14064,#14066,#14067));
#14069=FACE_OUTER_BOUND('',#14068,.F.);
#14070=ADVANCED_FACE('',(#14069),#14060,.T.);
#14071=CARTESIAN_POINT('',(-1.1625E1,-2.08E1,-1.69E1));
#14072=DIRECTION('',(0.E0,-7.071067811866E-1,-7.071067811865E-1));
#14073=DIRECTION('',(0.E0,7.071067811865E-1,-7.071067811866E-1));
#14074=AXIS2_PLACEMENT_3D('',#14071,#14072,#14073);
#14075=PLANE('',#14074);
#14076=ORIENTED_EDGE('',*,*,#14015,.F.);
#14077=ORIENTED_EDGE('',*,*,#14065,.T.);
#14078=ORIENTED_EDGE('',*,*,#13860,.T.);
#14079=ORIENTED_EDGE('',*,*,#13889,.T.);
#14081=ORIENTED_EDGE('',*,*,#14080,.F.);
#14082=EDGE_LOOP('',(#14076,#14077,#14078,#14079,#14081));
#14083=FACE_OUTER_BOUND('',#14082,.F.);
#14084=ADVANCED_FACE('',(#14083),#14075,.T.);
#14085=CARTESIAN_POINT('',(-9.599999999952E0,-1.991360388254E1,
-1.689999999995E1));
#14086=DIRECTION('',(7.071067811865E-1,0.E0,-7.071067811865E-1));
#14087=DIRECTION('',(7.071067811865E-1,0.E0,7.071067811865E-1));
#14088=AXIS2_PLACEMENT_3D('',#14085,#14086,#14087);
#14089=PLANE('',#14088);
#14090=ORIENTED_EDGE('',*,*,#13904,.F.);
#14091=ORIENTED_EDGE('',*,*,#13998,.F.);
#14092=ORIENTED_EDGE('',*,*,#14017,.T.);
#14093=ORIENTED_EDGE('',*,*,#14080,.T.);
#14094=ORIENTED_EDGE('',*,*,#13887,.T.);
#14095=EDGE_LOOP('',(#14090,#14091,#14092,#14093,#14094));
#14096=FACE_OUTER_BOUND('',#14095,.F.);
#14097=ADVANCED_FACE('',(#14096),#14089,.T.);
#14098=CARTESIAN_POINT('',(-7.889949493661E0,-1.701005050634E1,-1.69E1));
#14099=DIRECTION('',(5.E-1,-5.E-1,-7.071067811865E-1));
#14100=DIRECTION('',(5.E-1,-5.E-1,7.071067811866E-1));
#14101=AXIS2_PLACEMENT_3D('',#14098,#14099,#14100);
#14102=PLANE('',#14101);
#14103=ORIENTED_EDGE('',*,*,#14020,.F.);
#14104=ORIENTED_EDGE('',*,*,#14001,.T.);
#14106=ORIENTED_EDGE('',*,*,#14105,.F.);
#14108=ORIENTED_EDGE('',*,*,#14107,.F.);
#14109=EDGE_LOOP('',(#14103,#14104,#14106,#14108));
#14110=FACE_OUTER_BOUND('',#14109,.F.);
#14111=ADVANCED_FACE('',(#14110),#14102,.T.);
#14112=CARTESIAN_POINT('',(-9.382842712475E0,-1.864436508139E1,-1.7E1));
#14113=DIRECTION('',(-7.071067811865E-1,7.071067811865E-1,0.E0));
#14114=DIRECTION('',(7.071067811865E-1,7.071067811865E-1,0.E0));
#14115=AXIS2_PLACEMENT_3D('',#14112,#14113,#14114);
#14116=PLANE('',#14115);
#14117=ORIENTED_EDGE('',*,*,#14105,.T.);
#14118=ORIENTED_EDGE('',*,*,#13918,.T.);
#14119=ORIENTED_EDGE('',*,*,#12814,.F.);
#14121=ORIENTED_EDGE('',*,*,#14120,.F.);
#14122=EDGE_LOOP('',(#14117,#14118,#14119,#14121));
#14123=FACE_OUTER_BOUND('',#14122,.F.);
#14124=ADVANCED_FACE('',(#14123),#14116,.F.);
#14125=CARTESIAN_POINT('',(-5.972792206136E0,-1.58E1,-1.7E1));
#14126=DIRECTION('',(0.E0,0.E0,-1.E0));
#14127=DIRECTION('',(-1.E0,0.E0,0.E0));
#14128=AXIS2_PLACEMENT_3D('',#14125,#14126,#14127);
#14129=CYLINDRICAL_SURFACE('',#14128,4.E-1);
#14131=ORIENTED_EDGE('',*,*,#14130,.F.);
#14132=ORIENTED_EDGE('',*,*,#14120,.T.);
#14133=ORIENTED_EDGE('',*,*,#12812,.F.);
#14135=ORIENTED_EDGE('',*,*,#14134,.F.);
#14136=EDGE_LOOP('',(#14131,#14132,#14133,#14135));
#14137=FACE_OUTER_BOUND('',#14136,.F.);
#14138=ADVANCED_FACE('',(#14137),#14129,.F.);
#14139=CARTESIAN_POINT('',(-5.972792206136E0,-1.58E1,-1.69E1));
#14140=DIRECTION('',(0.E0,0.E0,-1.E0));
#14141=DIRECTION('',(0.E0,-1.E0,0.E0));
#14142=AXIS2_PLACEMENT_3D('',#14139,#14140,#14141);
#14143=CONICAL_SURFACE('',#14142,4.999999999981E-1,4.5E1);
#14144=ORIENTED_EDGE('',*,*,#14022,.F.);
#14145=ORIENTED_EDGE('',*,*,#14107,.T.);
#14146=ORIENTED_EDGE('',*,*,#14130,.T.);
#14148=ORIENTED_EDGE('',*,*,#14147,.T.);
#14149=EDGE_LOOP('',(#14144,#14145,#14146,#14148));
#14150=FACE_OUTER_BOUND('',#14149,.F.);
#14151=ADVANCED_FACE('',(#14150),#14143,.F.);
#14152=CARTESIAN_POINT('',(0.E0,-1.53E1,-1.69E1));
#14153=DIRECTION('',(0.E0,-7.071067811866E-1,-7.071067811865E-1));
#14154=DIRECTION('',(0.E0,-7.071067811865E-1,7.071067811866E-1));
#14155=AXIS2_PLACEMENT_3D('',#14152,#14153,#14154);
#14156=PLANE('',#14155);
#14157=ORIENTED_EDGE('',*,*,#14024,.T.);
#14158=ORIENTED_EDGE('',*,*,#14147,.F.);
#14160=ORIENTED_EDGE('',*,*,#14159,.F.);
#14162=ORIENTED_EDGE('',*,*,#14161,.F.);
#14163=EDGE_LOOP('',(#14157,#14158,#14160,#14162));
#14164=FACE_OUTER_BOUND('',#14163,.F.);
#14165=ADVANCED_FACE('',(#14164),#14156,.T.);
#14166=CARTESIAN_POINT('',(-5.972792206136E0,-1.54E1,-1.7E1));
#14167=DIRECTION('',(0.E0,1.E0,0.E0));
#14168=DIRECTION('',(1.E0,0.E0,0.E0));
#14169=AXIS2_PLACEMENT_3D('',#14166,#14167,#14168);
#14170=PLANE('',#14169);
#14171=ORIENTED_EDGE('',*,*,#14159,.T.);
#14172=ORIENTED_EDGE('',*,*,#14134,.T.);
#14173=ORIENTED_EDGE('',*,*,#12810,.T.);
#14175=ORIENTED_EDGE('',*,*,#14174,.F.);
#14176=EDGE_LOOP('',(#14171,#14172,#14173,#14175));
#14177=FACE_OUTER_BOUND('',#14176,.F.);
#14178=ADVANCED_FACE('',(#14177),#14170,.F.);
#14179=CARTESIAN_POINT('',(5.972792206136E0,-1.58E1,-1.7E1));
#14180=DIRECTION('',(0.E0,0.E0,-1.E0));
#14181=DIRECTION('',(-1.E0,0.E0,0.E0));
#14182=AXIS2_PLACEMENT_3D('',#14179,#14180,#14181);
#14183=CYLINDRICAL_SURFACE('',#14182,4.E-1);
#14185=ORIENTED_EDGE('',*,*,#14184,.F.);
#14186=ORIENTED_EDGE('',*,*,#14174,.T.);
#14187=ORIENTED_EDGE('',*,*,#12808,.F.);
#14189=ORIENTED_EDGE('',*,*,#14188,.F.);
#14190=EDGE_LOOP('',(#14185,#14186,#14187,#14189));
#14191=FACE_OUTER_BOUND('',#14190,.F.);
#14192=ADVANCED_FACE('',(#14191),#14183,.F.);
#14193=CARTESIAN_POINT('',(5.972792206136E0,-1.58E1,-1.69E1));
#14194=DIRECTION('',(0.E0,0.E0,-1.E0));
#14195=DIRECTION('',(0.E0,-1.E0,0.E0));
#14196=AXIS2_PLACEMENT_3D('',#14193,#14194,#14195);
#14197=CONICAL_SURFACE('',#14196,4.999999999981E-1,4.5E1);
#14198=ORIENTED_EDGE('',*,*,#14026,.F.);
#14199=ORIENTED_EDGE('',*,*,#14161,.T.);
#14200=ORIENTED_EDGE('',*,*,#14184,.T.);
#14202=ORIENTED_EDGE('',*,*,#14201,.T.);
#14203=EDGE_LOOP('',(#14198,#14199,#14200,#14202));
#14204=FACE_OUTER_BOUND('',#14203,.F.);
#14205=ADVANCED_FACE('',(#14204),#14197,.F.);
#14206=CARTESIAN_POINT('',(7.889949493661E0,-1.701005050634E1,-1.69E1));
#14207=DIRECTION('',(-5.E-1,-5.E-1,-7.071067811865E-1));
#14208=DIRECTION('',(-5.E-1,-5.E-1,7.071067811866E-1));
#14209=AXIS2_PLACEMENT_3D('',#14206,#14207,#14208);
#14210=PLANE('',#14209);
#14211=ORIENTED_EDGE('',*,*,#14028,.F.);
#14212=ORIENTED_EDGE('',*,*,#14201,.F.);
#14214=ORIENTED_EDGE('',*,*,#14213,.F.);
#14216=ORIENTED_EDGE('',*,*,#14215,.F.);
#14217=EDGE_LOOP('',(#14211,#14212,#14214,#14216));
#14218=FACE_OUTER_BOUND('',#14217,.F.);
#14219=ADVANCED_FACE('',(#14218),#14210,.T.);
#14220=CARTESIAN_POINT('',(6.255634918610E0,-1.551715728753E1,-1.7E1));
#14221=DIRECTION('',(7.071067811865E-1,7.071067811865E-1,0.E0));
#14222=DIRECTION('',(7.071067811865E-1,-7.071067811865E-1,0.E0));
#14223=AXIS2_PLACEMENT_3D('',#14220,#14221,#14222);
#14224=PLANE('',#14223);
#14225=ORIENTED_EDGE('',*,*,#14213,.T.);
#14226=ORIENTED_EDGE('',*,*,#14188,.T.);
#14227=ORIENTED_EDGE('',*,*,#12806,.F.);
#14229=ORIENTED_EDGE('',*,*,#14228,.F.);
#14230=EDGE_LOOP('',(#14225,#14226,#14227,#14229));
#14231=FACE_OUTER_BOUND('',#14230,.F.);
#14232=ADVANCED_FACE('',(#14231),#14224,.F.);
#14233=CARTESIAN_POINT('',(9.100000000010E0,-1.892720779386E1,-1.7E1));
#14234=DIRECTION('',(0.E0,0.E0,-1.E0));
#14235=DIRECTION('',(7.071067811825E-1,7.071067811906E-1,0.E0));
#14236=AXIS2_PLACEMENT_3D('',#14233,#14234,#14235);
#14237=CYLINDRICAL_SURFACE('',#14236,3.999999999898E-1);
#14239=ORIENTED_EDGE('',*,*,#14238,.F.);
#14240=ORIENTED_EDGE('',*,*,#14228,.T.);
#14241=ORIENTED_EDGE('',*,*,#12804,.F.);
#14243=ORIENTED_EDGE('',*,*,#14242,.F.);
#14244=EDGE_LOOP('',(#14239,#14240,#14241,#14243));
#14245=FACE_OUTER_BOUND('',#14244,.F.);
#14246=ADVANCED_FACE('',(#14245),#14237,.F.);
#14247=CARTESIAN_POINT('',(9.727794843846E0,-1.892723496561E1,
-1.702783708552E1));
#14248=CARTESIAN_POINT('',(9.642512926525E0,-1.892723236013E1,
-1.694253126363E1));
#14249=CARTESIAN_POINT('',(9.557231009203E0,-1.892722975464E1,
-1.685722544175E1));
#14250=CARTESIAN_POINT('',(9.471949091882E0,-1.892722714916E1,
-1.677191961986E1));
#14251=CARTESIAN_POINT('',(9.728421088189E0,-1.892724192645E1,
-1.702783267399E1));
#14252=CARTESIAN_POINT('',(9.642921977029E0,-1.892722207643E1,
-1.694266971724E1));
#14253=CARTESIAN_POINT('',(9.557422865868E0,-1.892720222640E1,
-1.685750676049E1));
#14254=CARTESIAN_POINT('',(9.471923754707E0,-1.892718237638E1,
-1.677234380375E1));
#14255=CARTESIAN_POINT('',(9.727584194407E0,-1.892653107525E1,
-1.702783861230E1));
#14256=CARTESIAN_POINT('',(9.642377858690E0,-1.892662987549E1,
-1.694248203653E1));
#14257=CARTESIAN_POINT('',(9.557171522973E0,-1.892672867573E1,
-1.685712546077E1));
#14258=CARTESIAN_POINT('',(9.471965187256E0,-1.892682747597E1,
-1.677176888500E1));
#14259=CARTESIAN_POINT('',(9.728009270258E0,-1.892583755479E1,
-1.702783571258E1));
#14260=CARTESIAN_POINT('',(9.642657735712E0,-1.892601978664E1,
-1.694257368179E1));
#14261=CARTESIAN_POINT('',(9.557306201166E0,-1.892620201849E1,
-1.685731165100E1));
#14262=CARTESIAN_POINT('',(9.471954666620E0,-1.892638425034E1,
-1.677204962022E1));
#14263=CARTESIAN_POINT('',(9.727772054839E0,-1.892428404815E1,
-1.702783752263E1));
#14264=CARTESIAN_POINT('',(9.642507326711E0,-1.892468405366E1,
-1.694251647411E1));
#14265=CARTESIAN_POINT('',(9.557242598584E0,-1.892508405916E1,
-1.685719542559E1));
#14266=CARTESIAN_POINT('',(9.471977870456E0,-1.892548406467E1,
-1.677187437707E1));
#14267=CARTESIAN_POINT('',(9.727936933063E0,-1.892224080787E1,
-1.702783650907E1));
#14268=CARTESIAN_POINT('',(9.642619231460E0,-1.892291461802E1,
-1.694254850617E1));
#14269=CARTESIAN_POINT('',(9.557301529857E0,-1.892358842818E1,
-1.685726050327E1));
#14270=CARTESIAN_POINT('',(9.471983828254E0,-1.892426223834E1,
-1.677197250036E1));
#14271=CARTESIAN_POINT('',(9.727903475336E0,-1.891971085895E1,
-1.702783683340E1));
#14272=CARTESIAN_POINT('',(9.642600090546E0,-1.892072956875E1,
-1.694253825404E1));
#14273=CARTESIAN_POINT('',(9.557296705756E0,-1.892174827856E1,
-1.685723967467E1));
#14274=CARTESIAN_POINT('',(9.471993320967E0,-1.892276698837E1,
-1.677194109531E1));
#14275=CARTESIAN_POINT('',(9.727918877150E0,-1.891636138026E1,
-1.702783672776E1));
#14276=CARTESIAN_POINT('',(9.642610202105E0,-1.891783472514E1,
-1.694254159084E1));
#14277=CARTESIAN_POINT('',(9.557301527059E0,-1.891930807003E1,
-1.685724645392E1));
#14278=CARTESIAN_POINT('',(9.471992852013E0,-1.892078141491E1,
-1.677195131699E1));
#14279=CARTESIAN_POINT('',(9.727881222189E0,-1.891216050399E1,
-1.702783677958E1));
#14280=CARTESIAN_POINT('',(9.642579211396E0,-1.891420473422E1,
-1.694253995093E1));
#14281=CARTESIAN_POINT('',(9.557277200603E0,-1.891624896444E1,
-1.685724312228E1));
#14282=CARTESIAN_POINT('',(9.471975189810E0,-1.891829319466E1,
-1.677194629363E1));
#14283=CARTESIAN_POINT('',(9.727714393157E0,-1.890207105573E1,
-1.702783675244E1));
#14284=CARTESIAN_POINT('',(9.642434198196E0,-1.890548585180E1,
-1.694254080404E1));
#14285=CARTESIAN_POINT('',(9.557154003235E0,-1.890890064787E1,
-1.685724485564E1));
#14286=CARTESIAN_POINT('',(9.471873808275E0,-1.891231544395E1,
-1.677194890725E1));
#14287=CARTESIAN_POINT('',(9.727089608896E0,-1.888688224967E1,
-1.702783677481E1));
#14288=CARTESIAN_POINT('',(9.641894935609E0,-1.889236057497E1,
-1.694254009245E1));
#14289=CARTESIAN_POINT('',(9.556700262322E0,-1.889783890026E1,
-1.685724341008E1));
#14290=CARTESIAN_POINT('',(9.471505589036E0,-1.890331722555E1,
-1.677194672772E1));
#14291=CARTESIAN_POINT('',(9.725497954891E0,-1.886655676803E1,
-1.702783676753E1));
#14292=CARTESIAN_POINT('',(9.640519276237E0,-1.887479639083E1,
-1.694254032082E1));
#14293=CARTESIAN_POINT('',(9.555540597582E0,-1.888303601362E1,
-1.685724387411E1));
#14294=CARTESIAN_POINT('',(9.470561918927E0,-1.889127563642E1,
-1.677194742740E1));
#14295=CARTESIAN_POINT('',(9.722376911266E0,-1.883940058213E1,
-1.702783676964E1));
#14296=CARTESIAN_POINT('',(9.637822308342E0,-1.885132957811E1,
-1.694254025621E1));
#14297=CARTESIAN_POINT('',(9.553267705418E0,-1.886325857409E1,
-1.685724374279E1));
#14298=CARTESIAN_POINT('',(9.468713102494E0,-1.887518757008E1,
-1.677194722937E1));
#14299=CARTESIAN_POINT('',(9.716646741450E0,-1.880543843788E1,
-1.702783676681E1));
#14300=CARTESIAN_POINT('',(9.632870578873E0,-1.882198151465E1,
-1.694254035359E1));
#14301=CARTESIAN_POINT('',(9.549094416297E0,-1.883852459143E1,
-1.685724394036E1));
#14302=CARTESIAN_POINT('',(9.465318253720E0,-1.885506766820E1,
-1.677194752714E1));
#14303=CARTESIAN_POINT('',(9.703747410196E0,-1.875143561830E1,
-1.702783676441E1));
#14304=CARTESIAN_POINT('',(9.621723782116E0,-1.877531563197E1,
-1.694254044433E1));
#14305=CARTESIAN_POINT('',(9.539700154036E0,-1.879919564563E1,
-1.685724412425E1));
#14306=CARTESIAN_POINT('',(9.457676525956E0,-1.882307565930E1,
-1.677194780417E1));
#14307=CARTESIAN_POINT('',(9.680948639527E0,-1.868524193639E1,
-1.702783676386E1));
#14308=CARTESIAN_POINT('',(9.602022645473E0,-1.871811532150E1,
-1.694254046351E1));
#14309=CARTESIAN_POINT('',(9.523096651419E0,-1.875098870661E1,
-1.685724416317E1));
#14310=CARTESIAN_POINT('',(9.444170657365E0,-1.878386209171E1,
-1.677194786283E1));
#14311=CARTESIAN_POINT('',(9.643936269193E0,-1.861009753831E1,
-1.702783676544E1));
#14312=CARTESIAN_POINT('',(9.570038996670E0,-1.865318030996E1,
-1.694254040586E1));
#14313=CARTESIAN_POINT('',(9.496141724146E0,-1.869626308160E1,
-1.685724404629E1));
#14314=CARTESIAN_POINT('',(9.422244451623E0,-1.873934585325E1,
-1.677194768671E1));
#14315=CARTESIAN_POINT('',(9.598293579453E0,-1.854143397079E1,
-1.702783676545E1));
#14316=CARTESIAN_POINT('',(9.530597211501E0,-1.859384520904E1,
-1.694254040526E1));
#14317=CARTESIAN_POINT('',(9.462900843550E0,-1.864625644729E1,
-1.685724404508E1));
#14318=CARTESIAN_POINT('',(9.395204475599E0,-1.869866768555E1,
-1.677194768489E1));
#14319=CARTESIAN_POINT('',(9.555560740779E0,-1.849329443106E1,
-1.702783676515E1));
#14320=CARTESIAN_POINT('',(9.493669580089E0,-1.855224516544E1,
-1.694254041645E1));
#14321=CARTESIAN_POINT('',(9.431778419400E0,-1.861119589981E1,
-1.685724406775E1));
#14322=CARTESIAN_POINT('',(9.369887258710E0,-1.867014663419E1,
-1.677194771905E1));
#14323=CARTESIAN_POINT('',(9.528404186761E0,-1.846874080206E1,
-1.702783676517E1));
#14324=CARTESIAN_POINT('',(9.470202026796E0,-1.853102660105E1,
-1.694254041540E1));
#14325=CARTESIAN_POINT('',(9.411999866830E0,-1.859331240005E1,
-1.685724406563E1));
#14326=CARTESIAN_POINT('',(9.353797706864E0,-1.865559819904E1,
-1.677194771585E1));
#14327=CARTESIAN_POINT('',(9.520370692685E0,-1.846195737927E1,
-1.702783676521E1));
#14328=CARTESIAN_POINT('',(9.463259802375E0,-1.852516451128E1,
-1.694254041401E1));
#14329=CARTESIAN_POINT('',(9.406148912065E0,-1.858837164330E1,
-1.685724406281E1));
#14330=CARTESIAN_POINT('',(9.349038021756E0,-1.865157877531E1,
-1.677194771161E1));
#14331=B_SPLINE_SURFACE_WITH_KNOTS('',3,3,((#14247,#14248,#14249,#14250),
(#14251,#14252,#14253,#14254),(#14255,#14256,#14257,#14258),(#14259,#14260,
#14261,#14262),(#14263,#14264,#14265,#14266),(#14267,#14268,#14269,#14270),(
#14271,#14272,#14273,#14274),(#14275,#14276,#14277,#14278),(#14279,#14280,
#14281,#14282),(#14283,#14284,#14285,#14286),(#14287,#14288,#14289,#14290),(
#14291,#14292,#14293,#14294),(#14295,#14296,#14297,#14298),(#14299,#14300,
#14301,#14302),(#14303,#14304,#14305,#14306),(#14307,#14308,#14309,#14310),(
#14311,#14312,#14313,#14314),(#14315,#14316,#14317,#14318),(#14319,#14320,
#14321,#14322),(#14323,#14324,#14325,#14326),(#14327,#14328,#14329,#14330)),
.UNSPECIFIED.,.F.,.F.,.F.,(4,1,1,1,1,1,1,1,1,1,1,1,1,1,1,1,1,1,4),(4,4),(
-8.579136077742E-5,1.216628406021E-3,2.519048172820E-3,5.123887706417E-3,
1.033356677361E-2,1.554324584081E-2,2.075292490800E-2,3.117228304239E-2,
4.159164117678E-2,8.326907371434E-2,1.249465062519E-1,1.666239387895E-1,
2.499788038646E-1,3.333336689397E-1,5.000002953911E-1,6.666669218424E-1,
8.333334609212E-1,1.E0,1.067922379913E0),(4.838152226967E-3,9.959365754097E-1),
.UNSPECIFIED.);
#14332=ORIENTED_EDGE('',*,*,#14030,.T.);
#14333=ORIENTED_EDGE('',*,*,#14215,.T.);
#14334=ORIENTED_EDGE('',*,*,#14238,.T.);
#14336=ORIENTED_EDGE('',*,*,#14335,.F.);
#14337=EDGE_LOOP('',(#14332,#14333,#14334,#14336));
#14338=FACE_OUTER_BOUND('',#14337,.F.);
#14339=ADVANCED_FACE('',(#14338),#14331,.F.);
#14340=CARTESIAN_POINT('',(9.600000000160E0,-1.991360389693E1,
-1.690000000016E1));
#14341=DIRECTION('',(-7.071067811865E-1,0.E0,-7.071067811866E-1));
#14342=DIRECTION('',(-7.071067811866E-1,0.E0,7.071067811865E-1));
#14343=AXIS2_PLACEMENT_3D('',#14340,#14341,#14342);
#14344=PLANE('',#14343);
#14345=ORIENTED_EDGE('',*,*,#14032,.T.);
#14346=ORIENTED_EDGE('',*,*,#14335,.T.);
#14348=ORIENTED_EDGE('',*,*,#14347,.F.);
#14350=ORIENTED_EDGE('',*,*,#14349,.T.);
#14352=ORIENTED_EDGE('',*,*,#14351,.F.);
#14353=EDGE_LOOP('',(#14345,#14346,#14348,#14350,#14352));
#14354=FACE_OUTER_BOUND('',#14353,.F.);
#14355=ADVANCED_FACE('',(#14354),#14344,.T.);
#14356=CARTESIAN_POINT('',(9.5E0,-8.1E0,-8.2E0));
#14357=DIRECTION('',(1.E0,0.E0,0.E0));
#14358=DIRECTION('',(0.E0,-1.E0,0.E0));
#14359=AXIS2_PLACEMENT_3D('',#14356,#14357,#14358);
#14360=PLANE('',#14359);
#14361=ORIENTED_EDGE('',*,*,#14347,.T.);
#14362=ORIENTED_EDGE('',*,*,#14242,.T.);
#14363=ORIENTED_EDGE('',*,*,#12802,.F.);
#14365=ORIENTED_EDGE('',*,*,#14364,.F.);
#14366=EDGE_LOOP('',(#14361,#14362,#14363,#14365));
#14367=FACE_OUTER_BOUND('',#14366,.F.);
#14368=ADVANCED_FACE('',(#14367),#14360,.F.);
#14369=CARTESIAN_POINT('',(9.6E0,-2.08E1,-1.64E1));
#14370=DIRECTION('',(-7.071067811865E-1,-7.071067811865E-1,0.E0));
#14371=DIRECTION('',(7.071067811865E-1,-7.071067811865E-1,0.E0));
#14372=AXIS2_PLACEMENT_3D('',#14369,#14370,#14371);
#14373=PLANE('',#14372);
#14374=ORIENTED_EDGE('',*,*,#12800,.F.);
#14375=ORIENTED_EDGE('',*,*,#13150,.F.);
#14377=ORIENTED_EDGE('',*,*,#14376,.F.);
#14378=ORIENTED_EDGE('',*,*,#14349,.F.);
#14379=ORIENTED_EDGE('',*,*,#14364,.T.);
#14380=EDGE_LOOP('',(#14374,#14375,#14377,#14378,#14379));
#14381=FACE_OUTER_BOUND('',#14380,.F.);
#14382=ADVANCED_FACE('',(#14381),#14373,.T.);
#14383=CARTESIAN_POINT('',(1.1625E1,-2.08E1,-1.69E1));
#14384=DIRECTION('',(0.E0,-7.071067811866E-1,-7.071067811865E-1));
#14385=DIRECTION('',(0.E0,7.071067811865E-1,-7.071067811866E-1));
#14386=AXIS2_PLACEMENT_3D('',#14383,#14384,#14385);
#14387=PLANE('',#14386);
#14388=ORIENTED_EDGE('',*,*,#13521,.T.);
#14389=ORIENTED_EDGE('',*,*,#14034,.F.);
#14390=ORIENTED_EDGE('',*,*,#14351,.T.);
#14391=ORIENTED_EDGE('',*,*,#14376,.T.);
#14392=ORIENTED_EDGE('',*,*,#13148,.T.);
#14393=EDGE_LOOP('',(#14388,#14389,#14390,#14391,#14392));
#14394=FACE_OUTER_BOUND('',#14393,.F.);
#14395=ADVANCED_FACE('',(#14394),#14387,.T.);
#14396=CARTESIAN_POINT('',(-1.37E1,0.E0,-8.2E0));
#14397=DIRECTION('',(1.E0,0.E0,0.E0));
#14398=DIRECTION('',(0.E0,0.E0,-1.E0));
#14399=AXIS2_PLACEMENT_3D('',#14396,#14397,#14398);
#14400=PLANE('',#14399);
#14401=ORIENTED_EDGE('',*,*,#12685,.F.);
#14403=ORIENTED_EDGE('',*,*,#14402,.T.);
#14404=ORIENTED_EDGE('',*,*,#13866,.T.);
#14405=ORIENTED_EDGE('',*,*,#13844,.F.);
#14406=ORIENTED_EDGE('',*,*,#12718,.T.);
#14407=EDGE_LOOP('',(#14401,#14403,#14404,#14405,#14406));
#14408=FACE_OUTER_BOUND('',#14407,.F.);
#14409=ADVANCED_FACE('',(#14408),#14400,.F.);
#14410=CARTESIAN_POINT('',(-1.71E1,-2.12E1,-9.E0));
#14411=DIRECTION('',(0.E0,8.944271909999E-1,-4.472135955E-1));
#14412=DIRECTION('',(0.E0,4.472135955E-1,8.944271909999E-1));
#14413=AXIS2_PLACEMENT_3D('',#14410,#14411,#14412);
#14414=PLANE('',#14413);
#14415=ORIENTED_EDGE('',*,*,#12704,.F.);
#14417=ORIENTED_EDGE('',*,*,#14416,.F.);
#14419=ORIENTED_EDGE('',*,*,#14418,.T.);
#14421=ORIENTED_EDGE('',*,*,#14420,.F.);
#14422=ORIENTED_EDGE('',*,*,#13868,.T.);
#14423=ORIENTED_EDGE('',*,*,#14402,.F.);
#14424=ORIENTED_EDGE('',*,*,#12683,.F.);
#14425=EDGE_LOOP('',(#14415,#14417,#14419,#14421,#14422,#14423,#14424));
#14426=FACE_OUTER_BOUND('',#14425,.F.);
#14427=ADVANCED_FACE('',(#14426),#14414,.F.);
#14428=CARTESIAN_POINT('',(-1.215E1,-2.105E1,-9.25E0));
#14429=DIRECTION('',(7.071067811865E-1,-7.071067811865E-1,0.E0));
#14430=DIRECTION('',(7.071067811865E-1,7.071067811865E-1,0.E0));
#14431=AXIS2_PLACEMENT_3D('',#14428,#14429,#14430);
#14432=PLANE('',#14431);
#14433=ORIENTED_EDGE('',*,*,#12702,.T.);
#14434=ORIENTED_EDGE('',*,*,#13874,.F.);
#14436=ORIENTED_EDGE('',*,*,#14435,.F.);
#14438=ORIENTED_EDGE('',*,*,#14437,.T.);
#14439=ORIENTED_EDGE('',*,*,#14416,.T.);
#14440=EDGE_LOOP('',(#14433,#14434,#14436,#14438,#14439));
#14441=FACE_OUTER_BOUND('',#14440,.F.);
#14442=ADVANCED_FACE('',(#14441),#14432,.T.);
#14443=CARTESIAN_POINT('',(-1.32E1,-2.09E1,-9.5E0));
#14444=DIRECTION('',(0.E0,0.E0,-1.E0));
#14445=DIRECTION('',(1.E0,0.E0,0.E0));
#14446=AXIS2_PLACEMENT_3D('',#14443,#14444,#14445);
#14447=PLANE('',#14446);
#14448=ORIENTED_EDGE('',*,*,#14435,.T.);
#14449=ORIENTED_EDGE('',*,*,#13872,.F.);
#14451=ORIENTED_EDGE('',*,*,#14450,.T.);
#14453=ORIENTED_EDGE('',*,*,#14452,.T.);
#14454=EDGE_LOOP('',(#14448,#14449,#14451,#14453));
#14455=FACE_OUTER_BOUND('',#14454,.F.);
#14456=ADVANCED_FACE('',(#14455),#14447,.T.);
#14457=CARTESIAN_POINT('',(-1.32E1,-2.09E1,-8.2E0));
#14458=DIRECTION('',(-1.E0,0.E0,0.E0));
#14459=DIRECTION('',(0.E0,0.E0,-1.E0));
#14460=AXIS2_PLACEMENT_3D('',#14457,#14458,#14459);
#14461=PLANE('',#14460);
#14462=ORIENTED_EDGE('',*,*,#14420,.T.);
#14464=ORIENTED_EDGE('',*,*,#14463,.T.);
#14465=ORIENTED_EDGE('',*,*,#14450,.F.);
#14466=ORIENTED_EDGE('',*,*,#13870,.F.);
#14467=EDGE_LOOP('',(#14462,#14464,#14465,#14466));
#14468=FACE_OUTER_BOUND('',#14467,.F.);
#14469=ADVANCED_FACE('',(#14468),#14461,.T.);
#14470=CARTESIAN_POINT('',(0.E0,-2.12E1,-8.2E0));
#14471=DIRECTION('',(0.E0,-1.E0,0.E0));
#14472=DIRECTION('',(-1.E0,0.E0,0.E0));
#14473=AXIS2_PLACEMENT_3D('',#14470,#14471,#14472);
#14474=PLANE('',#14473);
#14475=ORIENTED_EDGE('',*,*,#14437,.F.);
#14476=ORIENTED_EDGE('',*,*,#14452,.F.);
#14477=ORIENTED_EDGE('',*,*,#14463,.F.);
#14478=ORIENTED_EDGE('',*,*,#14418,.F.);
#14479=EDGE_LOOP('',(#14475,#14476,#14477,#14478));
#14480=FACE_OUTER_BOUND('',#14479,.F.);
#14481=ADVANCED_FACE('',(#14480),#14474,.T.);
#14482=CARTESIAN_POINT('',(-1.415E1,-1.998995259711E1,-1.036221482385E1));
#14483=DIRECTION('',(-7.071067811865E-1,7.066760308408E-1,2.467767077834E-2));
#14484=DIRECTION('',(7.071067811866E-1,7.066760308408E-1,2.467767077834E-2));
#14485=AXIS2_PLACEMENT_3D('',#14482,#14483,#14484);
#14486=PLANE('',#14485);
#14487=ORIENTED_EDGE('',*,*,#13841,.F.);
#14488=ORIENTED_EDGE('',*,*,#13828,.F.);
#14490=ORIENTED_EDGE('',*,*,#14489,.F.);
#14491=ORIENTED_EDGE('',*,*,#12722,.F.);
#14492=EDGE_LOOP('',(#14487,#14488,#14490,#14491));
#14493=FACE_OUTER_BOUND('',#14492,.F.);
#14494=ADVANCED_FACE('',(#14493),#14486,.T.);
#14495=CARTESIAN_POINT('',(-1.415E1,-1.931493376717E1,-1.25E1));
#14496=DIRECTION('',(-1.E0,0.E0,0.E0));
#14497=DIRECTION('',(0.E0,0.E0,-1.E0));
#14498=AXIS2_PLACEMENT_3D('',#14495,#14496,#14497);
#14499=CONICAL_SURFACE('',#14498,6.000000000022E-1,4.5E1);
#14500=ORIENTED_EDGE('',*,*,#13826,.F.);
#14501=ORIENTED_EDGE('',*,*,#13802,.T.);
#14503=ORIENTED_EDGE('',*,*,#14502,.T.);
#14504=ORIENTED_EDGE('',*,*,#14489,.T.);
#14505=EDGE_LOOP('',(#14500,#14501,#14503,#14504));
#14506=FACE_OUTER_BOUND('',#14505,.F.);
#14507=ADVANCED_FACE('',(#14506),#14499,.F.);
#14508=CARTESIAN_POINT('',(5.14026E1,-1.931493376717E1,-1.25E1));
#14509=DIRECTION('',(-1.E0,0.E0,0.E0));
#14510=DIRECTION('',(0.E0,0.E0,-1.E0));
#14511=AXIS2_PLACEMENT_3D('',#14508,#14509,#14510);
#14512=CYLINDRICAL_SURFACE('',#14511,5.E-1);
#14513=ORIENTED_EDGE('',*,*,#14502,.F.);
#14514=ORIENTED_EDGE('',*,*,#13787,.T.);
#14516=ORIENTED_EDGE('',*,*,#14515,.F.);
#14518=ORIENTED_EDGE('',*,*,#14517,.F.);
#14519=ORIENTED_EDGE('',*,*,#12724,.T.);
#14520=EDGE_LOOP('',(#14513,#14514,#14516,#14518,#14519));
#14521=FACE_OUTER_BOUND('',#14520,.F.);
#14522=ADVANCED_FACE('',(#14521),#14512,.F.);
#14523=CARTESIAN_POINT('',(-1.355E1,-1.931493376717E1,-1.25E1));
#14524=DIRECTION('',(-1.E0,0.E0,0.E0));
#14525=DIRECTION('',(0.E0,6.938755116171E-1,7.200949759428E-1));
#14526=AXIS2_PLACEMENT_3D('',#14523,#14524,#14525);
#14527=TOROIDAL_SURFACE('',#14526,8.E-1,3.E-1);
#14528=ORIENTED_EDGE('',*,*,#14517,.T.);
#14529=ORIENTED_EDGE('',*,*,#14515,.T.);
#14530=ORIENTED_EDGE('',*,*,#13772,.T.);
#14531=ORIENTED_EDGE('',*,*,#13742,.F.);
#14532=ORIENTED_EDGE('',*,*,#12728,.T.);
#14533=ORIENTED_EDGE('',*,*,#12726,.T.);
#14534=EDGE_LOOP('',(#14528,#14529,#14530,#14531,#14532,#14533));
#14535=FACE_OUTER_BOUND('',#14534,.F.);
#14536=ADVANCED_FACE('',(#14535),#14527,.T.);
#14537=CARTESIAN_POINT('',(-1.37E1,0.E0,-8.55E0));
#14538=DIRECTION('',(0.E0,0.E0,-1.E0));
#14539=DIRECTION('',(-1.E0,0.E0,0.E0));
#14540=AXIS2_PLACEMENT_3D('',#14537,#14538,#14539);
#14541=PLANE('',#14540);
#14542=ORIENTED_EDGE('',*,*,#13819,.T.);
#14543=ORIENTED_EDGE('',*,*,#13645,.T.);
#14545=ORIENTED_EDGE('',*,*,#14544,.T.);
#14546=ORIENTED_EDGE('',*,*,#13721,.F.);
#14548=ORIENTED_EDGE('',*,*,#14547,.F.);
#14549=EDGE_LOOP('',(#14542,#14543,#14545,#14546,#14548));
#14550=FACE_OUTER_BOUND('',#14549,.F.);
#14551=ADVANCED_FACE('',(#14550),#14541,.F.);
#14552=CARTESIAN_POINT('',(-1.37E1,0.E0,-8.2E0));
#14553=DIRECTION('',(1.E0,0.E0,0.E0));
#14554=DIRECTION('',(0.E0,0.E0,-1.E0));
#14555=AXIS2_PLACEMENT_3D('',#14552,#14553,#14554);
#14556=PLANE('',#14555);
#14558=ORIENTED_EDGE('',*,*,#14557,.F.);
#14559=ORIENTED_EDGE('',*,*,#13723,.T.);
#14560=ORIENTED_EDGE('',*,*,#14544,.F.);
#14561=ORIENTED_EDGE('',*,*,#13643,.F.);
#14563=ORIENTED_EDGE('',*,*,#14562,.T.);
#14564=EDGE_LOOP('',(#14558,#14559,#14560,#14561,#14563));
#14565=FACE_OUTER_BOUND('',#14564,.F.);
#14566=ADVANCED_FACE('',(#14565),#14556,.F.);
#14567=CARTESIAN_POINT('',(0.E0,0.E0,-8.2E0));
#14568=DIRECTION('',(0.E0,0.E0,-1.E0));
#14569=DIRECTION('',(-1.E0,0.E0,0.E0));
#14570=AXIS2_PLACEMENT_3D('',#14567,#14568,#14569);
#14571=PLANE('',#14570);
#14573=ORIENTED_EDGE('',*,*,#14572,.T.);
#14574=ORIENTED_EDGE('',*,*,#13725,.T.);
#14575=ORIENTED_EDGE('',*,*,#14557,.T.);
#14577=ORIENTED_EDGE('',*,*,#14576,.F.);
#14578=EDGE_LOOP('',(#14573,#14574,#14575,#14577));
#14579=FACE_OUTER_BOUND('',#14578,.F.);
#14580=ADVANCED_FACE('',(#14579),#14571,.F.);
#14581=CARTESIAN_POINT('',(-1.2E1,-8.1E0,-8.2E0));
#14582=DIRECTION('',(-1.E0,0.E0,0.E0));
#14583=DIRECTION('',(0.E0,-1.E0,0.E0));
#14584=AXIS2_PLACEMENT_3D('',#14581,#14582,#14583);
#14585=PLANE('',#14584);
#14586=ORIENTED_EDGE('',*,*,#14572,.F.);
#14588=ORIENTED_EDGE('',*,*,#14587,.T.);
#14590=ORIENTED_EDGE('',*,*,#14589,.T.);
#14591=ORIENTED_EDGE('',*,*,#13671,.T.);
#14592=ORIENTED_EDGE('',*,*,#13727,.T.);
#14593=EDGE_LOOP('',(#14586,#14588,#14590,#14591,#14592));
#14594=FACE_OUTER_BOUND('',#14593,.F.);
#14595=ADVANCED_FACE('',(#14594),#14585,.F.);
#14596=CARTESIAN_POINT('',(-1.71E1,-8.2E0,-8.2E0));
#14597=DIRECTION('',(0.E0,-8.944271909999E-1,-4.472135955E-1));
#14598=DIRECTION('',(0.E0,4.472135955E-1,-8.944271909999E-1));
#14599=AXIS2_PLACEMENT_3D('',#14596,#14597,#14598);
#14600=PLANE('',#14599);
#14601=ORIENTED_EDGE('',*,*,#14587,.F.);
#14602=ORIENTED_EDGE('',*,*,#14576,.T.);
#14603=ORIENTED_EDGE('',*,*,#14562,.F.);
#14604=ORIENTED_EDGE('',*,*,#13641,.T.);
#14606=ORIENTED_EDGE('',*,*,#14605,.F.);
#14608=ORIENTED_EDGE('',*,*,#14607,.T.);
#14610=ORIENTED_EDGE('',*,*,#14609,.F.);
#14611=EDGE_LOOP('',(#14601,#14602,#14603,#14604,#14606,#14608,#14610));
#14612=FACE_OUTER_BOUND('',#14611,.F.);
#14613=ADVANCED_FACE('',(#14612),#14600,.F.);
#14614=CARTESIAN_POINT('',(-1.32E1,-8.1E0,-9.5E0));
#14615=DIRECTION('',(-1.E0,0.E0,0.E0));
#14616=DIRECTION('',(0.E0,0.E0,1.E0));
#14617=AXIS2_PLACEMENT_3D('',#14614,#14615,#14616);
#14618=PLANE('',#14617);
#14619=ORIENTED_EDGE('',*,*,#14605,.T.);
#14620=ORIENTED_EDGE('',*,*,#13639,.F.);
#14622=ORIENTED_EDGE('',*,*,#14621,.T.);
#14624=ORIENTED_EDGE('',*,*,#14623,.T.);
#14625=EDGE_LOOP('',(#14619,#14620,#14622,#14624));
#14626=FACE_OUTER_BOUND('',#14625,.F.);
#14627=ADVANCED_FACE('',(#14626),#14618,.T.);
#14628=CARTESIAN_POINT('',(-1.2E1,-8.1E0,-9.5E0));
#14629=DIRECTION('',(0.E0,0.E0,-1.E0));
#14630=DIRECTION('',(-1.E0,0.E0,0.E0));
#14631=AXIS2_PLACEMENT_3D('',#14628,#14629,#14630);
#14632=PLANE('',#14631);
#14634=ORIENTED_EDGE('',*,*,#14633,.T.);
#14636=ORIENTED_EDGE('',*,*,#14635,.T.);
#14637=ORIENTED_EDGE('',*,*,#14621,.F.);
#14638=ORIENTED_EDGE('',*,*,#13637,.F.);
#14639=EDGE_LOOP('',(#14634,#14636,#14637,#14638));
#14640=FACE_OUTER_BOUND('',#14639,.F.);
#14641=ADVANCED_FACE('',(#14640),#14632,.T.);
#14642=CARTESIAN_POINT('',(-1.215E1,-7.95E0,-9.25E0));
#14643=DIRECTION('',(7.071067811865E-1,7.071067811865E-1,0.E0));
#14644=DIRECTION('',(7.071067811865E-1,-7.071067811865E-1,0.E0));
#14645=AXIS2_PLACEMENT_3D('',#14642,#14643,#14644);
#14646=PLANE('',#14645);
#14647=ORIENTED_EDGE('',*,*,#14589,.F.);
#14648=ORIENTED_EDGE('',*,*,#14609,.T.);
#14650=ORIENTED_EDGE('',*,*,#14649,.T.);
#14651=ORIENTED_EDGE('',*,*,#14633,.F.);
#14652=ORIENTED_EDGE('',*,*,#13635,.F.);
#14653=EDGE_LOOP('',(#14647,#14648,#14650,#14651,#14652));
#14654=FACE_OUTER_BOUND('',#14653,.F.);
#14655=ADVANCED_FACE('',(#14654),#14646,.T.);
#14656=CARTESIAN_POINT('',(0.E0,-7.8E0,-8.2E0));
#14657=DIRECTION('',(0.E0,1.E0,0.E0));
#14658=DIRECTION('',(1.E0,0.E0,0.E0));
#14659=AXIS2_PLACEMENT_3D('',#14656,#14657,#14658);
#14660=PLANE('',#14659);
#14661=ORIENTED_EDGE('',*,*,#14649,.F.);
#14662=ORIENTED_EDGE('',*,*,#14607,.F.);
#14663=ORIENTED_EDGE('',*,*,#14623,.F.);
#14664=ORIENTED_EDGE('',*,*,#14635,.F.);
#14665=EDGE_LOOP('',(#14661,#14662,#14663,#14664));
#14666=FACE_OUTER_BOUND('',#14665,.F.);
#14667=ADVANCED_FACE('',(#14666),#14660,.T.);
#14668=CARTESIAN_POINT('',(-1.414999999963E1,-9.010047403609E0,
-1.036221483401E1));
#14669=DIRECTION('',(-7.071067811866E-1,-7.066760308408E-1,2.467767077834E-2));
#14670=DIRECTION('',(7.071067811865E-1,-7.066760308409E-1,2.467767077834E-2));
#14671=AXIS2_PLACEMENT_3D('',#14668,#14669,#14670);
#14672=PLANE('',#14671);
#14673=ORIENTED_EDGE('',*,*,#14547,.T.);
#14674=ORIENTED_EDGE('',*,*,#13719,.F.);
#14676=ORIENTED_EDGE('',*,*,#14675,.F.);
#14677=ORIENTED_EDGE('',*,*,#13821,.F.);
#14678=EDGE_LOOP('',(#14673,#14674,#14676,#14677));
#14679=FACE_OUTER_BOUND('',#14678,.F.);
#14680=ADVANCED_FACE('',(#14679),#14672,.T.);
#14681=CARTESIAN_POINT('',(-1.415E1,-9.685066232827E0,-1.25E1));
#14682=DIRECTION('',(-1.E0,0.E0,0.E0));
#14683=DIRECTION('',(0.E0,0.E0,-1.E0));
#14684=AXIS2_PLACEMENT_3D('',#14681,#14682,#14683);
#14685=CONICAL_SURFACE('',#14684,6.000000000018E-1,4.5E1);
#14686=ORIENTED_EDGE('',*,*,#13823,.F.);
#14687=ORIENTED_EDGE('',*,*,#14675,.T.);
#14689=ORIENTED_EDGE('',*,*,#14688,.T.);
#14690=ORIENTED_EDGE('',*,*,#13799,.T.);
#14691=EDGE_LOOP('',(#14686,#14687,#14689,#14690));
#14692=FACE_OUTER_BOUND('',#14691,.F.);
#14693=ADVANCED_FACE('',(#14692),#14685,.F.);
#14694=CARTESIAN_POINT('',(5.14026E1,-9.685066232827E0,-1.25E1));
#14695=DIRECTION('',(-1.E0,0.E0,0.E0));
#14696=DIRECTION('',(0.E0,9.993908270191E-1,-3.489949670250E-2));
#14697=AXIS2_PLACEMENT_3D('',#14694,#14695,#14696);
#14698=CYLINDRICAL_SURFACE('',#14697,5.E-1);
#14699=ORIENTED_EDGE('',*,*,#14688,.F.);
#14700=ORIENTED_EDGE('',*,*,#13717,.F.);
#14701=ORIENTED_EDGE('',*,*,#13757,.F.);
#14702=ORIENTED_EDGE('',*,*,#13784,.T.);
#14703=EDGE_LOOP('',(#14699,#14700,#14701,#14702));
#14704=FACE_OUTER_BOUND('',#14703,.F.);
#14705=ADVANCED_FACE('',(#14704),#14698,.F.);
#14706=CLOSED_SHELL('',(#12691,#12708,#12740,#12754,#12768,#12782,#12844,#12859,
#12893,#12908,#12921,#12951,#12967,#12981,#13000,#13015,#13029,#13042,#13054,
#13068,#13083,#13109,#13126,#13159,#13174,#13188,#13201,#13228,#13245,#13259,
#13273,#13288,#13302,#13316,#13328,#13340,#13354,#13369,#13383,#13395,#13410,
#13430,#13445,#13457,#13472,#13486,#13499,#13511,#13528,#13542,#13555,#13568,
#13584,#13601,#13614,#13627,#13661,#13676,#13690,#13703,#13731,#13748,#13762,
#13776,#13791,#13806,#13832,#13848,#13878,#13894,#13908,#13922,#14005,#14042,
#14055,#14070,#14084,#14097,#14111,#14124,#14138,#14151,#14165,#14178,#14192,
#14205,#14219,#14232,#14246,#14339,#14355,#14368,#14382,#14395,#14409,#14427,
#14442,#14456,#14469,#14481,#14494,#14507,#14522,#14536,#14551,#14566,#14580,
#14595,#14613,#14627,#14641,#14655,#14667,#14680,#14693,#14705));
#14707=MANIFOLD_SOLID_BREP('',#14706);
#14709=DIMENSIONAL_EXPONENTS(0.E0,0.E0,0.E0,0.E0,0.E0,0.E0,0.E0);
#14711=PLANE_ANGLE_MEASURE_WITH_UNIT(PLANE_ANGLE_MEASURE(1.745329251994E-2),
#14710);
#14712=(CONVERSION_BASED_UNIT('DEGREE',#14711)NAMED_UNIT(*)PLANE_ANGLE_UNIT());
#14714=UNCERTAINTY_MEASURE_WITH_UNIT(LENGTH_MEASURE(3.270691972220E-3),#14708,
'closure',
'Maximum model space distance between geometric entities at asserted connectivities');
#14715=(GEOMETRIC_REPRESENTATION_CONTEXT(3)GLOBAL_UNCERTAINTY_ASSIGNED_CONTEXT((
#14714))GLOBAL_UNIT_ASSIGNED_CONTEXT((#14708,#14712,#14713))REPRESENTATION_CONTEXT('ID4','3'));
#14716=CARTESIAN_POINT('',(0.E0,0.E0,0.E0));
#14717=DIRECTION('',(0.E0,0.E0,1.E0));
#14718=DIRECTION('',(1.E0,0.E0,0.E0));
#14721=MECHANICAL_CONTEXT('',#9352,'mechanical');
#14722=PRODUCT('DC12_A01_CVR_CABLE_5_1','DC12_A01_CVR_CABLE_5_1',
'NOT SPECIFIED',(#14721));
#14723=PRODUCT_DEFINITION_FORMATION_WITH_SPECIFIED_SOURCE('1','LAST_VERSION',
#14722,.MADE.);
#14729=CARTESIAN_POINT('',(0.E0,-5.E-2,0.E0));
#14730=DIRECTION('',(0.E0,0.E0,1.E0));
#14731=DIRECTION('',(1.E0,0.E0,0.E0));
#14732=AXIS2_PLACEMENT_3D('',#14729,#14730,#14731);
#14733=ITEM_DEFINED_TRANSFORMATION('','',#14719,#14732);
#14734=CARTESIAN_POINT('',(0.E0,0.E0,0.E0));
#14735=DIRECTION('',(0.E0,0.E0,1.E0));
#14736=DIRECTION('',(1.E0,0.E0,0.E0));
#14738=(REPRESENTATION_RELATIONSHIP('','',#14720,#9363)REPRESENTATION_RELATIONSHIP_WITH_TRANSFORMATION(#14733)SHAPE_REPRESENTATION_RELATIONSHIP());
#14739=CONTEXT_DEPENDENT_SHAPE_REPRESENTATION(#14738,#14728);
#14741=DIMENSIONAL_EXPONENTS(0.E0,0.E0,0.E0,0.E0,0.E0,0.E0,0.E0);
#14743=PLANE_ANGLE_MEASURE_WITH_UNIT(PLANE_ANGLE_MEASURE(1.745329251994E-2),
#14742);
#14744=(CONVERSION_BASED_UNIT('DEGREE',#14743)NAMED_UNIT(*)PLANE_ANGLE_UNIT());
#14746=UNCERTAINTY_MEASURE_WITH_UNIT(LENGTH_MEASURE(6.926331052713E-3),#14740,
'closure',
'Maximum model space distance between geometric entities at asserted connectivities');
#14747=(GEOMETRIC_REPRESENTATION_CONTEXT(3)GLOBAL_UNCERTAINTY_ASSIGNED_CONTEXT((
#14746))GLOBAL_UNIT_ASSIGNED_CONTEXT((#14740,#14744,#14745))REPRESENTATION_CONTEXT('ID5','3'));
#14748=CARTESIAN_POINT('',(0.E0,0.E0,0.E0));
#14749=DIRECTION('',(0.E0,0.E0,1.E0));
#14750=DIRECTION('',(1.E0,0.E0,0.E0));
#14752=DESIGN_CONTEXT('',#9352,'design');
#14753=MECHANICAL_CONTEXT('',#9352,'mechanical');
#14754=PRODUCT('DC12_X430_DUMMY_ASSY_ASM_4_ASM',
'DC12_X430_DUMMY_ASSY_ASM_4_ASM','NOT SPECIFIED',(#14753));
#14755=PRODUCT_DEFINITION_FORMATION_WITH_SPECIFIED_SOURCE('1','LAST_VERSION',
#14754,.MADE.);
#14762=CARTESIAN_POINT('',(0.E0,0.E0,0.E0));
#14763=DIRECTION('',(0.E0,0.E0,1.E0));
#14764=DIRECTION('',(1.E0,0.E0,0.E0));
#14765=AXIS2_PLACEMENT_3D('',#14762,#14763,#14764);
#14766=ITEM_DEFINED_TRANSFORMATION('','',#9374,#14765);
#14767=(REPRESENTATION_RELATIONSHIP('','',#9363,#14759)REPRESENTATION_RELATIONSHIP_WITH_TRANSFORMATION(#14766)SHAPE_REPRESENTATION_RELATIONSHIP());
#14768=CONTEXT_DEPENDENT_SHAPE_REPRESENTATION(#14767,#14761);
#14770=DIMENSIONAL_EXPONENTS(0.E0,0.E0,0.E0,0.E0,0.E0,0.E0,0.E0);
#14772=PLANE_ANGLE_MEASURE_WITH_UNIT(PLANE_ANGLE_MEASURE(1.745329251994E-2),
#14771);
#14773=(CONVERSION_BASED_UNIT('DEGREE',#14772)NAMED_UNIT(*)PLANE_ANGLE_UNIT());
#14775=UNCERTAINTY_MEASURE_WITH_UNIT(LENGTH_MEASURE(6.926331052713E-3),#14769,
'closure',
'Maximum model space distance between geometric entities at asserted connectivities');
#14776=(GEOMETRIC_REPRESENTATION_CONTEXT(3)GLOBAL_UNCERTAINTY_ASSIGNED_CONTEXT((
#14775))GLOBAL_UNIT_ASSIGNED_CONTEXT((#14769,#14773,#14774))REPRESENTATION_CONTEXT('ID6','3'));
#14777=CARTESIAN_POINT('',(0.E0,0.E0,0.E0));
#14778=DIRECTION('',(0.E0,0.E0,1.E0));
#14779=DIRECTION('',(1.E0,0.E0,0.E0));
#14781=MECHANICAL_CONTEXT('',#9352,'mechanical');
#14782=PRODUCT('XM_H-430_IDLER_ASM','XM_H-430_IDLER_ASM','NOT SPECIFIED',
(#14781));
#14783=PRODUCT_DEFINITION_FORMATION_WITH_SPECIFIED_SOURCE('1','LAST_VERSION',
#14782,.MADE.);
#14785=PRODUCT_CATEGORY('part','');
#14786=PRODUCT_RELATED_PRODUCT_CATEGORY('assembly','',(#14754,#14782));
#14787=PRODUCT_CATEGORY_RELATIONSHIP('','',#14785,#14786);
#14788=PRODUCT_CATEGORY('part','');
#14789=PRODUCT_RELATED_PRODUCT_CATEGORY('detail','',(#9356,#9907,#10696,
#14722));
#14790=PRODUCT_CATEGORY_RELATIONSHIP('','',#14788,#14789);
#14791=SECURITY_CLASSIFICATION_LEVEL('unclassified');
#14792=SECURITY_CLASSIFICATION('','',#14791);
#14793=CC_DESIGN_SECURITY_CLASSIFICATION(#14792,(#9357,#9908,#10697,#14723,
#14755,#14783,#9364,#9912,#9925,#9938,#9951,#9964,#9977,#9990,#10003,#10701,
#10714,#10727,#10740,#10753,#10766,#10779,#10792,#14727,#14760));
#14794=APPROVAL_STATUS('approved');
#14795=APPROVAL(#14794,'');
#14796=CC_DESIGN_APPROVAL(#14795,(#14792,#9357,#9908,#10697,#14723,#14755,
#14783,#9358,#9909,#10698,#14724,#14756,#14784));
#14797=CALENDAR_DATE(126,10,7);
#14798=COORDINATED_UNIVERSAL_TIME_OFFSET(9,0,.AHEAD.);
#14799=LOCAL_TIME(10,4,1.3E1,#14798);
#14800=DATE_AND_TIME(#14797,#14799);
#14801=APPROVAL_DATE_TIME(#14800,#14795);
#14802=DATE_TIME_ROLE('creation_date');
#14803=CC_DESIGN_DATE_AND_TIME_ASSIGNMENT(#14800,#14802,(#9358,#9909,#10698,
#14724,#14756,#14784));
#14804=DATE_TIME_ROLE('classification_date');
#14805=CC_DESIGN_DATE_AND_TIME_ASSIGNMENT(#14800,#14804,(#14792));
#14806=PERSON('UNSPECIFIED','UNSPECIFIED',$,$,$,$);
#14807=ORGANIZATION('UNSPECIFIED','UNSPECIFIED','UNSPECIFIED');
#14808=PERSON_AND_ORGANIZATION(#14806,#14807);
#14809=APPROVAL_ROLE('approver');
#14810=APPROVAL_PERSON_ORGANIZATION(#14808,#14795,#14809);
#14811=PERSON_AND_ORGANIZATION_ROLE('creator');
#14812=CC_DESIGN_PERSON_AND_ORGANIZATION_ASSIGNMENT(#14808,#14811,(#9357,#9908,
#10697,#14723,#14755,#14783,#9358,#9909,#10698,#14724,#14756,#14784));
#14813=PERSON_AND_ORGANIZATION_ROLE('design_supplier');
#14814=CC_DESIGN_PERSON_AND_ORGANIZATION_ASSIGNMENT(#14808,#14813,(#9357,#9908,
#10697,#14723,#14755,#14783));
#14815=PERSON_AND_ORGANIZATION_ROLE('classification_officer');
#14816=CC_DESIGN_PERSON_AND_ORGANIZATION_ASSIGNMENT(#14808,#14815,(#14792));
#14817=PERSON_AND_ORGANIZATION_ROLE('design_owner');
#14818=CC_DESIGN_PERSON_AND_ORGANIZATION_ASSIGNMENT(#14808,#14817,(#14754,
#14782,#9356,#9907,#10696,#14722));
#29=CIRCLE('',#28,9.75E0);
#50=CIRCLE('',#49,9.75E0);
#55=CIRCLE('',#54,2.4E0);
#60=CIRCLE('',#59,2.4E0);
#125=CIRCLE('',#124,9.75E0);
#158=CIRCLE('',#157,9.75E0);
#163=CIRCLE('',#162,9.75E0);
#180=CIRCLE('',#179,9.75E0);
#185=CIRCLE('',#184,9.75E0);
#210=CIRCLE('',#209,2.4E0);
#215=CIRCLE('',#214,2.4E0);
#232=CIRCLE('',#231,9.749999999998E0);
#237=CIRCLE('',#236,9.749999999998E0);
#246=CIRCLE('',#245,9.549999999998E0);
#251=CIRCLE('',#250,9.549999999998E0);
#256=CIRCLE('',#255,9.549999999998E0);
#261=CIRCLE('',#260,9.549999999998E0);
#266=CIRCLE('',#265,1.1E0);
#271=CIRCLE('',#270,1.1E0);
#276=CIRCLE('',#275,1.1E0);
#281=CIRCLE('',#280,1.1E0);
#286=CIRCLE('',#285,1.1E0);
#291=CIRCLE('',#290,1.1E0);
#296=CIRCLE('',#295,1.1E0);
#301=CIRCLE('',#300,1.1E0);
#306=CIRCLE('',#305,1.1E0);
#311=CIRCLE('',#310,1.1E0);
#316=CIRCLE('',#315,1.1E0);
#321=CIRCLE('',#320,1.1E0);
#326=CIRCLE('',#325,1.1E0);
#331=CIRCLE('',#330,1.1E0);
#336=CIRCLE('',#335,1.1E0);
#341=CIRCLE('',#340,1.1E0);
#346=CIRCLE('',#345,6.1E0);
#351=CIRCLE('',#350,6.1E0);
#356=CIRCLE('',#355,9.749999999998E0);
#361=CIRCLE('',#360,9.749999999998E0);
#374=CIRCLE('',#373,8.E-1);
#383=CIRCLE('',#382,8.E-1);
#400=CIRCLE('',#399,8.000000000011E-1);
#405=CIRCLE('',#404,8.000000000011E-1);
#418=CIRCLE('',#417,8.E-1);
#427=CIRCLE('',#426,8.E-1);
#444=CIRCLE('',#443,8.000000000011E-1);
#449=CIRCLE('',#448,8.000000000011E-1);
#462=CIRCLE('',#461,8.E-1);
#471=CIRCLE('',#470,8.E-1);
#488=CIRCLE('',#487,8.000000000011E-1);
#493=CIRCLE('',#492,8.000000000011E-1);
#506=CIRCLE('',#505,8.E-1);
#515=CIRCLE('',#514,8.E-1);
#532=CIRCLE('',#531,8.000000000011E-1);
#537=CIRCLE('',#536,8.000000000011E-1);
#550=CIRCLE('',#549,8.E-1);
#559=CIRCLE('',#558,8.E-1);
#576=CIRCLE('',#575,8.000000000011E-1);
#581=CIRCLE('',#580,8.000000000011E-1);
#594=CIRCLE('',#593,8.E-1);
#603=CIRCLE('',#602,8.E-1);
#620=CIRCLE('',#619,8.000000000011E-1);
#625=CIRCLE('',#624,8.000000000011E-1);
#638=CIRCLE('',#637,8.E-1);
#647=CIRCLE('',#646,8.E-1);
#664=CIRCLE('',#663,8.000000000011E-1);
#669=CIRCLE('',#668,8.000000000011E-1);
#682=CIRCLE('',#681,8.E-1);
#691=CIRCLE('',#690,8.E-1);
#708=CIRCLE('',#707,8.000000000011E-1);
#713=CIRCLE('',#712,8.000000000011E-1);
#730=CIRCLE('',#729,6.1E0);
#735=CIRCLE('',#734,6.1E0);
#796=CIRCLE('',#795,9.75E0);
#801=CIRCLE('',#800,9.75E0);
#850=CIRCLE('',#849,2.4E0);
#855=CIRCLE('',#854,2.4E0);
#860=CIRCLE('',#859,2.4E0);
#865=CIRCLE('',#864,2.4E0);
#870=CIRCLE('',#869,2.4E0);
#875=CIRCLE('',#874,2.4E0);
#880=CIRCLE('',#879,1.35E0);
#885=CIRCLE('',#884,1.35E0);
#890=CIRCLE('',#889,1.35E0);
#895=CIRCLE('',#894,1.35E0);
#900=CIRCLE('',#899,2.4E0);
#905=CIRCLE('',#904,2.4E0);
#910=CIRCLE('',#909,9.75E0);
#915=CIRCLE('',#914,9.75E0);
#952=CIRCLE('',#951,1.35E0);
#957=CIRCLE('',#956,1.35E0);
#962=CIRCLE('',#961,1.35E0);
#967=CIRCLE('',#966,1.35E0);
#1016=CIRCLE('',#1015,1.35E0);
#1021=CIRCLE('',#1020,1.35E0);
#1026=CIRCLE('',#1025,1.35E0);
#1031=CIRCLE('',#1030,1.35E0);
#1036=CIRCLE('',#1035,1.35E0);
#1041=CIRCLE('',#1040,1.35E0);
#1046=CIRCLE('',#1045,1.35E0);
#1051=CIRCLE('',#1050,1.35E0);
#1100=CIRCLE('',#1099,2.4E0);
#1105=CIRCLE('',#1104,2.4E0);
#1110=CIRCLE('',#1109,2.4E0);
#1115=CIRCLE('',#1114,2.4E0);
#1228=CIRCLE('',#1227,1.35E0);
#1233=CIRCLE('',#1232,1.35E0);
#1238=CIRCLE('',#1237,1.35E0);
#1243=CIRCLE('',#1242,1.35E0);
#1248=CIRCLE('',#1247,1.35E0);
#1253=CIRCLE('',#1252,1.35E0);
#1258=CIRCLE('',#1257,1.35E0);
#1263=CIRCLE('',#1262,1.35E0);
#1304=CIRCLE('',#1303,1.35E0);
#1309=CIRCLE('',#1308,1.35E0);
#1314=CIRCLE('',#1313,1.35E0);
#1319=CIRCLE('',#1318,1.35E0);
#1324=CIRCLE('',#1323,1.35E0);
#1329=CIRCLE('',#1328,1.35E0);
#1334=CIRCLE('',#1333,1.35E0);
#1339=CIRCLE('',#1338,1.35E0);
#1388=CIRCLE('',#1387,1.025E0);
#1397=CIRCLE('',#1396,1.025E0);
#1410=CIRCLE('',#1409,1.025E0);
#1415=CIRCLE('',#1414,1.025E0);
#1424=CIRCLE('',#1423,1.025E0);
#1433=CIRCLE('',#1432,1.025E0);
#1446=CIRCLE('',#1445,1.025E0);
#1451=CIRCLE('',#1450,1.025E0);
#1460=CIRCLE('',#1459,1.025E0);
#1469=CIRCLE('',#1468,1.025E0);
#1482=CIRCLE('',#1481,1.025E0);
#1487=CIRCLE('',#1486,1.025E0);
#1496=CIRCLE('',#1495,1.025E0);
#1505=CIRCLE('',#1504,1.025E0);
#1518=CIRCLE('',#1517,1.025E0);
#1523=CIRCLE('',#1522,1.025E0);
#1536=CIRCLE('',#1535,1.025E0);
#1541=CIRCLE('',#1540,1.025E0);
#1554=CIRCLE('',#1553,1.025E0);
#1559=CIRCLE('',#1558,1.025E0);
#1572=CIRCLE('',#1571,1.025E0);
#1577=CIRCLE('',#1576,1.025E0);
#1590=CIRCLE('',#1589,1.025E0);
#1595=CIRCLE('',#1594,1.025E0);
#1608=CIRCLE('',#1607,1.025E0);
#1613=CIRCLE('',#1612,1.025E0);
#1626=CIRCLE('',#1625,1.025E0);
#1631=CIRCLE('',#1630,1.025E0);
#1644=CIRCLE('',#1643,1.025E0);
#1649=CIRCLE('',#1648,1.025E0);
#1662=CIRCLE('',#1661,1.025E0);
#1667=CIRCLE('',#1666,1.025E0);
#1704=CIRCLE('',#1703,2.4E0);
#1709=CIRCLE('',#1708,2.4E0);
#1714=CIRCLE('',#1713,1.3E0);
#1719=CIRCLE('',#1718,1.3E0);
#1732=CIRCLE('',#1731,1.35E0);
#1737=CIRCLE('',#1736,1.35E0);
#1742=CIRCLE('',#1741,1.3E0);
#1747=CIRCLE('',#1746,1.3E0);
#1756=CIRCLE('',#1755,1.025E0);
#1761=CIRCLE('',#1760,1.025E0);
#1782=CIRCLE('',#1781,1.025E0);
#1791=CIRCLE('',#1790,1.025E0);
#1804=CIRCLE('',#1803,2.4E0);
#1809=CIRCLE('',#1808,2.4E0);
#1814=CIRCLE('',#1813,1.3E0);
#1819=CIRCLE('',#1818,1.3E0);
#1832=CIRCLE('',#1831,1.35E0);
#1837=CIRCLE('',#1836,1.35E0);
#1842=CIRCLE('',#1841,1.3E0);
#1847=CIRCLE('',#1846,1.3E0);
#1856=CIRCLE('',#1855,1.025E0);
#1861=CIRCLE('',#1860,1.025E0);
#1882=CIRCLE('',#1881,1.025E0);
#1891=CIRCLE('',#1890,1.025E0);
#1912=CIRCLE('',#1911,1.025E0);
#1921=CIRCLE('',#1920,1.025E0);
#1934=CIRCLE('',#1933,1.025E0);
#1939=CIRCLE('',#1938,1.025E0);
#1948=CIRCLE('',#1947,1.025E0);
#1957=CIRCLE('',#1956,1.025E0);
#1970=CIRCLE('',#1969,1.025E0);
#1975=CIRCLE('',#1974,1.025E0);
#1984=CIRCLE('',#1983,1.025E0);
#1993=CIRCLE('',#1992,1.025E0);
#2006=CIRCLE('',#2005,1.025E0);
#2011=CIRCLE('',#2010,1.025E0);
#2020=CIRCLE('',#2019,1.025E0);
#2029=CIRCLE('',#2028,1.025E0);
#2042=CIRCLE('',#2041,1.025E0);
#2047=CIRCLE('',#2046,1.025E0);
#2056=CIRCLE('',#2055,1.025E0);
#2065=CIRCLE('',#2064,1.025E0);
#2078=CIRCLE('',#2077,1.025E0);
#2083=CIRCLE('',#2082,1.025E0);
#2096=CIRCLE('',#2095,1.025E0);
#2101=CIRCLE('',#2100,1.025E0);
#2114=CIRCLE('',#2113,1.025E0);
#2119=CIRCLE('',#2118,1.025E0);
#2136=CIRCLE('',#2135,2.4E0);
#2141=CIRCLE('',#2140,2.4E0);
#2146=CIRCLE('',#2145,1.3E0);
#2151=CIRCLE('',#2150,1.3E0);
#2164=CIRCLE('',#2163,1.35E0);
#2169=CIRCLE('',#2168,1.35E0);
#2174=CIRCLE('',#2173,1.3E0);
#2179=CIRCLE('',#2178,1.3E0);
#2188=CIRCLE('',#2187,1.025E0);
#2193=CIRCLE('',#2192,1.025E0);
#2214=CIRCLE('',#2213,1.025E0);
#2223=CIRCLE('',#2222,1.025E0);
#2236=CIRCLE('',#2235,2.4E0);
#2241=CIRCLE('',#2240,2.4E0);
#2246=CIRCLE('',#2245,1.3E0);
#2251=CIRCLE('',#2250,1.3E0);
#2264=CIRCLE('',#2263,1.35E0);
#2269=CIRCLE('',#2268,1.35E0);
#2274=CIRCLE('',#2273,1.3E0);
#2279=CIRCLE('',#2278,1.3E0);
#2288=CIRCLE('',#2287,1.025E0);
#2293=CIRCLE('',#2292,1.025E0);
#2314=CIRCLE('',#2313,1.025E0);
#2323=CIRCLE('',#2322,1.025E0);
#2336=CIRCLE('',#2335,2.4E0);
#2341=CIRCLE('',#2340,2.4E0);
#2346=CIRCLE('',#2345,1.3E0);
#2351=CIRCLE('',#2350,1.3E0);
#2364=CIRCLE('',#2363,1.35E0);
#2369=CIRCLE('',#2368,1.35E0);
#2374=CIRCLE('',#2373,1.3E0);
#2379=CIRCLE('',#2378,1.3E0);
#2388=CIRCLE('',#2387,1.025E0);
#2393=CIRCLE('',#2392,1.025E0);
#2414=CIRCLE('',#2413,1.025E0);
#2423=CIRCLE('',#2422,1.025E0);
#2428=CIRCLE('',#2427,1.025E0);
#2437=CIRCLE('',#2436,1.025E0);
#2450=CIRCLE('',#2449,1.025E0);
#2455=CIRCLE('',#2454,1.025E0);
#2468=CIRCLE('',#2467,1.025E0);
#2473=CIRCLE('',#2472,1.025E0);
#2486=CIRCLE('',#2485,1.025E0);
#2491=CIRCLE('',#2490,1.025E0);
#2508=CIRCLE('',#2507,2.4E0);
#2513=CIRCLE('',#2512,2.4E0);
#2518=CIRCLE('',#2517,1.3E0);
#2523=CIRCLE('',#2522,1.3E0);
#2536=CIRCLE('',#2535,1.35E0);
#2541=CIRCLE('',#2540,1.35E0);
#2546=CIRCLE('',#2545,1.3E0);
#2551=CIRCLE('',#2550,1.3E0);
#2560=CIRCLE('',#2559,1.025E0);
#2565=CIRCLE('',#2564,1.025E0);
#2586=CIRCLE('',#2585,1.025E0);
#2595=CIRCLE('',#2594,1.025E0);
#2608=CIRCLE('',#2607,9.749999999999E0);
#2613=CIRCLE('',#2612,9.549999999999E0);
#2618=CIRCLE('',#2617,9.549999999999E0);
#2623=CIRCLE('',#2622,1.1E0);
#2628=CIRCLE('',#2627,1.1E0);
#2633=CIRCLE('',#2632,1.1E0);
#2638=CIRCLE('',#2637,1.1E0);
#2643=CIRCLE('',#2642,1.1E0);
#2648=CIRCLE('',#2647,1.1E0);
#2653=CIRCLE('',#2652,1.1E0);
#2658=CIRCLE('',#2657,1.1E0);
#2663=CIRCLE('',#2662,1.1E0);
#2668=CIRCLE('',#2667,1.1E0);
#2673=CIRCLE('',#2672,1.1E0);
#2678=CIRCLE('',#2677,1.1E0);
#2683=CIRCLE('',#2682,1.1E0);
#2688=CIRCLE('',#2687,1.1E0);
#2693=CIRCLE('',#2692,1.1E0);
#2698=CIRCLE('',#2697,1.1E0);
#2703=CIRCLE('',#2702,4.E0);
#2708=CIRCLE('',#2707,4.E0);
#2717=CIRCLE('',#2716,9.749999999999E0);
#2726=CIRCLE('',#2725,8.E-1);
#2735=CIRCLE('',#2734,8.E-1);
#2748=CIRCLE('',#2747,8.E-1);
#2753=CIRCLE('',#2752,8.E-1);
#2762=CIRCLE('',#2761,8.E-1);
#2771=CIRCLE('',#2770,8.E-1);
#2784=CIRCLE('',#2783,8.E-1);
#2789=CIRCLE('',#2788,8.E-1);
#2798=CIRCLE('',#2797,8.E-1);
#2807=CIRCLE('',#2806,8.E-1);
#2820=CIRCLE('',#2819,8.E-1);
#2825=CIRCLE('',#2824,8.E-1);
#2834=CIRCLE('',#2833,8.E-1);
#2843=CIRCLE('',#2842,8.E-1);
#2856=CIRCLE('',#2855,8.E-1);
#2861=CIRCLE('',#2860,8.E-1);
#2870=CIRCLE('',#2869,8.E-1);
#2879=CIRCLE('',#2878,8.E-1);
#2892=CIRCLE('',#2891,8.E-1);
#2897=CIRCLE('',#2896,8.E-1);
#2906=CIRCLE('',#2905,8.E-1);
#2915=CIRCLE('',#2914,8.E-1);
#2928=CIRCLE('',#2927,8.E-1);
#2933=CIRCLE('',#2932,8.E-1);
#2942=CIRCLE('',#2941,8.E-1);
#2951=CIRCLE('',#2950,8.E-1);
#2964=CIRCLE('',#2963,8.E-1);
#2969=CIRCLE('',#2968,8.E-1);
#2978=CIRCLE('',#2977,8.E-1);
#2987=CIRCLE('',#2986,8.E-1);
#3000=CIRCLE('',#2999,8.E-1);
#3005=CIRCLE('',#3004,8.E-1);
#3014=CIRCLE('',#3013,4.E0);
#3031=CIRCLE('',#3030,2.25E0);
#3036=CIRCLE('',#3035,2.25E0);
#3041=CIRCLE('',#3040,3.8E0);
#3046=CIRCLE('',#3045,3.8E0);
#3051=CIRCLE('',#3050,2.25E0);
#3068=CIRCLE('',#3067,2.1E0);
#3073=CIRCLE('',#3072,2.1E0);
#3082=CIRCLE('',#3081,2.25E0);
#3091=CIRCLE('',#3090,4.E0);
#3100=CIRCLE('',#3099,9.75E0);
#3117=CIRCLE('',#3116,2.4E0);
#3122=CIRCLE('',#3121,2.4E0);
#3127=CIRCLE('',#3126,1.3E0);
#3132=CIRCLE('',#3131,1.3E0);
#3145=CIRCLE('',#3144,1.35E0);
#3150=CIRCLE('',#3149,1.35E0);
#3155=CIRCLE('',#3154,1.3E0);
#3160=CIRCLE('',#3159,1.3E0);
#3169=CIRCLE('',#3168,1.025E0);
#3174=CIRCLE('',#3173,1.025E0);
#3195=CIRCLE('',#3194,1.025E0);
#3204=CIRCLE('',#3203,1.025E0);
#3217=CIRCLE('',#3216,2.4E0);
#3222=CIRCLE('',#3221,2.4E0);
#3227=CIRCLE('',#3226,1.3E0);
#3232=CIRCLE('',#3231,1.3E0);
#3245=CIRCLE('',#3244,1.35E0);
#3250=CIRCLE('',#3249,1.35E0);
#3255=CIRCLE('',#3254,1.3E0);
#3260=CIRCLE('',#3259,1.3E0);
#3269=CIRCLE('',#3268,1.025E0);
#3274=CIRCLE('',#3273,1.025E0);
#3295=CIRCLE('',#3294,1.025E0);
#3304=CIRCLE('',#3303,1.025E0);
#4218=EDGE_CURVE('',#3307,#3308,#12,.T.);
#4220=EDGE_CURVE('',#3310,#3307,#943,.T.);
#4222=EDGE_CURVE('',#3310,#3312,#4,.T.);
#4224=EDGE_CURVE('',#3312,#3308,#8,.T.);
#4235=EDGE_CURVE('',#3308,#3314,#16,.T.);
#4237=EDGE_CURVE('',#3314,#3316,#20,.T.);
#4239=EDGE_CURVE('',#3316,#3318,#24,.T.);
#4241=EDGE_CURVE('',#3307,#3318,#947,.T.);
#4251=EDGE_CURVE('',#3321,#3322,#29,.T.);
#4253=EDGE_CURVE('',#3322,#3314,#33,.T.);
#4257=EDGE_CURVE('',#3312,#3324,#37,.T.);
#4259=EDGE_CURVE('',#3326,#3324,#809,.T.);
#4261=EDGE_CURVE('',#3326,#3328,#41,.T.);
#4263=EDGE_CURVE('',#3328,#3330,#45,.T.);
#4265=EDGE_CURVE('',#3330,#3321,#50,.T.);
#4269=EDGE_CURVE('',#3333,#3334,#55,.T.);
#4271=EDGE_CURVE('',#3334,#3333,#60,.T.);
#4281=EDGE_CURVE('',#3411,#3412,#64,.T.);
#4283=EDGE_CURVE('',#3414,#3412,#163,.T.);
#4285=EDGE_CURVE('',#3414,#3322,#68,.T.);
#4288=EDGE_CURVE('',#3416,#3321,#219,.T.);
#4290=EDGE_CURVE('',#3418,#3416,#361,.T.);
#4292=EDGE_CURVE('',#3420,#3418,#356,.T.);
#4294=EDGE_CURVE('',#3420,#3338,#72,.T.);
#4296=EDGE_CURVE('',#3337,#3338,#180,.T.);
#4298=EDGE_CURVE('',#3337,#3422,#76,.T.);
#4300=EDGE_CURVE('',#3424,#3422,#158,.T.);
#4302=EDGE_CURVE('',#3424,#3426,#80,.T.);
#4304=EDGE_CURVE('',#3411,#3426,#125,.T.);
#4314=EDGE_CURVE('',#3429,#3430,#84,.T.);
#4316=EDGE_CURVE('',#3432,#3430,#149,.T.);
#4318=EDGE_CURVE('',#3426,#3432,#129,.T.);
#4321=EDGE_CURVE('',#3412,#3424,#153,.T.);
#4324=EDGE_CURVE('',#3434,#3411,#120,.T.);
#4326=EDGE_CURVE('',#3434,#3429,#88,.T.);
#4336=EDGE_CURVE('',#3437,#3438,#92,.T.);
#4338=EDGE_CURVE('',#3430,#3438,#141,.T.);
#4341=EDGE_CURVE('',#3437,#3429,#100,.T.);
#4352=EDGE_CURVE('',#3440,#3437,#108,.T.);
#4354=EDGE_CURVE('',#3442,#3440,#137,.T.);
#4356=EDGE_CURVE('',#3442,#3438,#96,.T.);
#4368=EDGE_CURVE('',#3478,#3434,#116,.T.);
#4370=EDGE_CURVE('',#3478,#3440,#104,.T.);
#4381=EDGE_CURVE('',#3480,#3478,#112,.T.);
#4387=EDGE_CURVE('',#3432,#3480,#133,.T.);
#4397=EDGE_CURVE('',#3442,#3480,#145,.T.);
#4425=EDGE_CURVE('',#3414,#3422,#167,.T.);
#4440=EDGE_CURVE('',#3352,#3337,#205,.T.);
#4442=EDGE_CURVE('',#3352,#3482,#171,.T.);
#4444=EDGE_CURVE('',#3482,#3316,#175,.T.);
#4456=EDGE_CURVE('',#3338,#3340,#185,.T.);
#4458=EDGE_CURVE('',#3340,#3342,#189,.T.);
#4460=EDGE_CURVE('',#3342,#3344,#193,.T.);
#4462=EDGE_CURVE('',#3346,#3344,#995,.T.);
#4464=EDGE_CURVE('',#3346,#3348,#197,.T.);
#4466=EDGE_CURVE('',#3350,#3348,#983,.T.);
#4468=EDGE_CURVE('',#3350,#3352,#201,.T.);
#4473=EDGE_CURVE('',#3355,#3356,#210,.T.);
#4475=EDGE_CURVE('',#3356,#3355,#215,.T.);
#4485=EDGE_CURVE('',#3514,#3420,#237,.T.);
#4487=EDGE_CURVE('',#3416,#3514,#232,.T.);
#4491=EDGE_CURVE('',#3330,#3512,#223,.T.);
#4493=EDGE_CURVE('',#3486,#3512,#801,.T.);
#4495=EDGE_CURVE('',#3485,#3486,#796,.T.);
#4497=EDGE_CURVE('',#3516,#3485,#3100,.T.);
#4499=EDGE_CURVE('',#3516,#3340,#227,.T.);
#4511=EDGE_CURVE('',#3519,#3520,#251,.T.);
#4513=EDGE_CURVE('',#3522,#3519,#246,.T.);
#4515=EDGE_CURVE('',#3416,#3522,#365,.T.);
#4519=EDGE_CURVE('',#3420,#3520,#241,.T.);
#4531=EDGE_CURVE('',#3520,#3524,#256,.T.);
#4533=EDGE_CURVE('',#3524,#3522,#261,.T.);
#4537=EDGE_CURVE('',#3527,#3528,#266,.T.);
#4539=EDGE_CURVE('',#3528,#3527,#271,.T.);
#4543=EDGE_CURVE('',#3531,#3532,#276,.T.);
#4545=EDGE_CURVE('',#3532,#3531,#281,.T.);
#4549=EDGE_CURVE('',#3535,#3536,#286,.T.);
#4551=EDGE_CURVE('',#3536,#3535,#291,.T.);
#4555=EDGE_CURVE('',#3539,#3540,#296,.T.);
#4557=EDGE_CURVE('',#3540,#3539,#301,.T.);
#4561=EDGE_CURVE('',#3543,#3544,#306,.T.);
#4563=EDGE_CURVE('',#3544,#3543,#311,.T.);
#4567=EDGE_CURVE('',#3547,#3548,#316,.T.);
#4569=EDGE_CURVE('',#3548,#3547,#321,.T.);
#4573=EDGE_CURVE('',#3551,#3552,#326,.T.);
#4575=EDGE_CURVE('',#3552,#3551,#331,.T.);
#4579=EDGE_CURVE('',#3555,#3556,#336,.T.);
#4581=EDGE_CURVE('',#3556,#3555,#341,.T.);
#4585=EDGE_CURVE('',#3559,#3560,#346,.T.);
#4587=EDGE_CURVE('',#3560,#3559,#351,.T.);
#4612=EDGE_CURVE('',#3527,#3566,#369,.T.);
#4614=EDGE_CURVE('',#3566,#3568,#374,.T.);
#4616=EDGE_CURVE('',#3528,#3568,#378,.T.);
#4628=EDGE_CURVE('',#3568,#3566,#383,.T.);
#4639=EDGE_CURVE('',#3566,#3570,#391,.T.);
#4642=EDGE_CURVE('',#3568,#3572,#387,.T.);
#4644=EDGE_CURVE('',#3570,#3572,#405,.T.);
#4655=EDGE_CURVE('',#3572,#3570,#400,.T.);
#4667=EDGE_CURVE('',#3570,#3574,#395,.T.);
#4669=EDGE_CURVE('',#3572,#3574,#409,.T.);
#4692=EDGE_CURVE('',#3531,#3576,#413,.T.);
#4694=EDGE_CURVE('',#3576,#3578,#418,.T.);
#4696=EDGE_CURVE('',#3532,#3578,#422,.T.);
#4708=EDGE_CURVE('',#3578,#3576,#427,.T.);
#4719=EDGE_CURVE('',#3576,#3580,#435,.T.);
#4722=EDGE_CURVE('',#3578,#3582,#431,.T.);
#4724=EDGE_CURVE('',#3580,#3582,#449,.T.);
#4735=EDGE_CURVE('',#3582,#3580,#444,.T.);
#4747=EDGE_CURVE('',#3580,#3584,#439,.T.);
#4749=EDGE_CURVE('',#3582,#3584,#453,.T.);
#4772=EDGE_CURVE('',#3535,#3586,#457,.T.);
#4774=EDGE_CURVE('',#3586,#3588,#462,.T.);
#4776=EDGE_CURVE('',#3536,#3588,#466,.T.);
#4788=EDGE_CURVE('',#3588,#3586,#471,.T.);
#4799=EDGE_CURVE('',#3586,#3590,#479,.T.);
#4802=EDGE_CURVE('',#3588,#3592,#475,.T.);
#4804=EDGE_CURVE('',#3590,#3592,#493,.T.);
#4815=EDGE_CURVE('',#3592,#3590,#488,.T.);
#4827=EDGE_CURVE('',#3590,#3594,#483,.T.);
#4829=EDGE_CURVE('',#3592,#3594,#497,.T.);
#4852=EDGE_CURVE('',#3539,#3596,#501,.T.);
#4854=EDGE_CURVE('',#3596,#3598,#506,.T.);
#4856=EDGE_CURVE('',#3540,#3598,#510,.T.);
#4868=EDGE_CURVE('',#3598,#3596,#515,.T.);
#4879=EDGE_CURVE('',#3596,#3600,#523,.T.);
#4882=EDGE_CURVE('',#3598,#3602,#519,.T.);
#4884=EDGE_CURVE('',#3600,#3602,#537,.T.);
#4895=EDGE_CURVE('',#3602,#3600,#532,.T.);
#4907=EDGE_CURVE('',#3600,#3604,#527,.T.);
#4909=EDGE_CURVE('',#3602,#3604,#541,.T.);
#4932=EDGE_CURVE('',#3543,#3606,#545,.T.);
#4934=EDGE_CURVE('',#3606,#3608,#550,.T.);
#4936=EDGE_CURVE('',#3544,#3608,#554,.T.);
#4948=EDGE_CURVE('',#3608,#3606,#559,.T.);
#4959=EDGE_CURVE('',#3606,#3610,#567,.T.);
#4962=EDGE_CURVE('',#3608,#3612,#563,.T.);
#4964=EDGE_CURVE('',#3610,#3612,#581,.T.);
#4975=EDGE_CURVE('',#3612,#3610,#576,.T.);
#4987=EDGE_CURVE('',#3610,#3614,#571,.T.);
#4989=EDGE_CURVE('',#3612,#3614,#585,.T.);
#5012=EDGE_CURVE('',#3547,#3616,#589,.T.);
#5014=EDGE_CURVE('',#3616,#3618,#594,.T.);
#5016=EDGE_CURVE('',#3548,#3618,#598,.T.);
#5028=EDGE_CURVE('',#3618,#3616,#603,.T.);
#5039=EDGE_CURVE('',#3616,#3620,#611,.T.);
#5042=EDGE_CURVE('',#3618,#3622,#607,.T.);
#5044=EDGE_CURVE('',#3620,#3622,#625,.T.);
#5055=EDGE_CURVE('',#3622,#3620,#620,.T.);
#5067=EDGE_CURVE('',#3620,#3624,#615,.T.);
#5069=EDGE_CURVE('',#3622,#3624,#629,.T.);
#5092=EDGE_CURVE('',#3551,#3626,#633,.T.);
#5094=EDGE_CURVE('',#3626,#3628,#638,.T.);
#5096=EDGE_CURVE('',#3552,#3628,#642,.T.);
#5108=EDGE_CURVE('',#3628,#3626,#647,.T.);
#5119=EDGE_CURVE('',#3626,#3630,#655,.T.);
#5122=EDGE_CURVE('',#3628,#3632,#651,.T.);
#5124=EDGE_CURVE('',#3630,#3632,#669,.T.);
#5135=EDGE_CURVE('',#3632,#3630,#664,.T.);
#5147=EDGE_CURVE('',#3630,#3634,#659,.T.);
#5149=EDGE_CURVE('',#3632,#3634,#673,.T.);
#5172=EDGE_CURVE('',#3555,#3636,#677,.T.);
#5174=EDGE_CURVE('',#3636,#3638,#682,.T.);
#5176=EDGE_CURVE('',#3556,#3638,#686,.T.);
#5188=EDGE_CURVE('',#3638,#3636,#691,.T.);
#5199=EDGE_CURVE('',#3636,#3640,#699,.T.);
#5202=EDGE_CURVE('',#3638,#3642,#695,.T.);
#5204=EDGE_CURVE('',#3640,#3642,#713,.T.);
#5215=EDGE_CURVE('',#3642,#3640,#708,.T.);
#5227=EDGE_CURVE('',#3640,#3644,#703,.T.);
#5229=EDGE_CURVE('',#3642,#3644,#717,.T.);
#5252=EDGE_CURVE('',#3562,#3559,#725,.T.);
#5254=EDGE_CURVE('',#3564,#3562,#730,.T.);
#5256=EDGE_CURVE('',#3564,#3560,#721,.T.);
#5268=EDGE_CURVE('',#3562,#3564,#735,.T.);
#5290=EDGE_CURVE('',#3328,#3488,#739,.T.);
#5292=EDGE_CURVE('',#3488,#3512,#743,.T.);
#5303=EDGE_CURVE('',#3485,#3486,#747,.T.);
#5305=EDGE_CURVE('',#3488,#3486,#805,.T.);
#5309=EDGE_CURVE('',#3326,#3490,#751,.T.);
#5311=EDGE_CURVE('',#3490,#3492,#755,.T.);
#5313=EDGE_CURVE('',#3492,#3494,#759,.T.);
#5315=EDGE_CURVE('',#3496,#3494,#1191,.T.);
#5317=EDGE_CURVE('',#3496,#3498,#763,.T.);
#5319=EDGE_CURVE('',#3498,#3500,#767,.T.);
#5321=EDGE_CURVE('',#3500,#3502,#771,.T.);
#5323=EDGE_CURVE('',#3502,#3504,#775,.T.);
#5325=EDGE_CURVE('',#3504,#3506,#779,.T.);
#5327=EDGE_CURVE('',#3506,#3508,#783,.T.);
#5329=EDGE_CURVE('',#3508,#3344,#787,.T.);
#5332=EDGE_CURVE('',#3342,#3510,#791,.T.);
#5334=EDGE_CURVE('',#3485,#3510,#3104,.T.);
#5367=EDGE_CURVE('',#3646,#3324,#813,.T.);
#5369=EDGE_CURVE('',#3490,#3646,#1223,.T.);
#5379=EDGE_CURVE('',#3646,#3310,#825,.T.);
#5392=EDGE_CURVE('',#3452,#3648,#817,.T.);
#5394=EDGE_CURVE('',#3648,#3646,#821,.T.);
#5397=EDGE_CURVE('',#3452,#3310,#939,.T.);
#5407=EDGE_CURVE('',#3651,#3652,#845,.T.);
#5409=EDGE_CURVE('',#3648,#3651,#1267,.T.);
#5412=EDGE_CURVE('',#3452,#3652,#829,.T.);
#5422=EDGE_CURVE('',#3654,#3652,#923,.T.);
#5424=EDGE_CURVE('',#3654,#3656,#833,.T.);
#5426=EDGE_CURVE('',#3658,#3656,#1059,.T.);
#5428=EDGE_CURVE('',#3658,#3660,#837,.T.);
#5430=EDGE_CURVE('',#3662,#3660,#1347,.T.);
#5432=EDGE_CURVE('',#3662,#3664,#841,.T.);
#5434=EDGE_CURVE('',#3651,#3664,#1271,.T.);
#5439=EDGE_CURVE('',#3667,#3668,#850,.T.);
#5441=EDGE_CURVE('',#3668,#3667,#855,.T.);
#5445=EDGE_CURVE('',#3671,#3672,#860,.T.);
#5447=EDGE_CURVE('',#3672,#3671,#865,.T.);
#5451=EDGE_CURVE('',#3675,#3676,#870,.T.);
#5453=EDGE_CURVE('',#3676,#3675,#875,.T.);
#5457=EDGE_CURVE('',#3679,#3680,#880,.T.);
#5459=EDGE_CURVE('',#3680,#3679,#885,.T.);
#5463=EDGE_CURVE('',#3683,#3684,#890,.T.);
#5465=EDGE_CURVE('',#3684,#3683,#895,.T.);
#5469=EDGE_CURVE('',#3687,#3688,#900,.T.);
#5471=EDGE_CURVE('',#3688,#3687,#905,.T.);
#5475=EDGE_CURVE('',#3691,#3692,#910,.T.);
#5477=EDGE_CURVE('',#3692,#3691,#915,.T.);
#5487=EDGE_CURVE('',#3450,#3452,#935,.T.);
#5489=EDGE_CURVE('',#3450,#3654,#919,.T.);
#5501=EDGE_CURVE('',#3318,#3444,#927,.T.);
#5503=EDGE_CURVE('',#3446,#3444,#975,.T.);
#5505=EDGE_CURVE('',#3446,#3448,#931,.T.);
#5507=EDGE_CURVE('',#3450,#3448,#1903,.T.);
#5515=EDGE_CURVE('',#3455,#3456,#952,.T.);
#5517=EDGE_CURVE('',#3456,#3455,#957,.T.);
#5521=EDGE_CURVE('',#3459,#3460,#962,.T.);
#5523=EDGE_CURVE('',#3460,#3459,#967,.T.);
#5536=EDGE_CURVE('',#3444,#3482,#979,.T.);
#5546=EDGE_CURVE('',#3350,#3446,#971,.T.);
#5563=EDGE_CURVE('',#3448,#3348,#987,.T.);
#5574=EDGE_CURVE('',#3696,#3346,#991,.T.);
#5576=EDGE_CURVE('',#3448,#3696,#1907,.T.);
#5588=EDGE_CURVE('',#3696,#3508,#1007,.T.);
#5600=EDGE_CURVE('',#3698,#3694,#999,.T.);
#5602=EDGE_CURVE('',#3694,#3696,#1003,.T.);
#5606=EDGE_CURVE('',#3700,#3506,#1139,.T.);
#5608=EDGE_CURVE('',#3702,#3700,#1127,.T.);
#5610=EDGE_CURVE('',#3702,#3704,#1011,.T.);
#5612=EDGE_CURVE('',#3698,#3704,#1071,.T.);
#5616=EDGE_CURVE('',#3707,#3708,#1016,.T.);
#5618=EDGE_CURVE('',#3708,#3707,#1021,.T.);
#5622=EDGE_CURVE('',#3711,#3712,#1026,.T.);
#5624=EDGE_CURVE('',#3712,#3711,#1031,.T.);
#5628=EDGE_CURVE('',#3715,#3716,#1036,.T.);
#5630=EDGE_CURVE('',#3716,#3715,#1041,.T.);
#5634=EDGE_CURVE('',#3719,#3720,#1046,.T.);
#5636=EDGE_CURVE('',#3720,#3719,#1051,.T.);
#5647=EDGE_CURVE('',#3698,#3658,#1055,.T.);
#5650=EDGE_CURVE('',#3694,#3656,#1895,.T.);
#5660=EDGE_CURVE('',#3722,#3698,#1067,.T.);
#5662=EDGE_CURVE('',#3722,#3660,#1063,.T.);
#5676=EDGE_CURVE('',#3704,#3724,#1075,.T.);
#5678=EDGE_CURVE('',#3722,#3724,#1295,.T.);
#5688=EDGE_CURVE('',#3727,#3728,#1095,.T.);
#5690=EDGE_CURVE('',#3724,#3727,#1351,.T.);
#5693=EDGE_CURVE('',#3704,#3728,#1079,.T.);
#5703=EDGE_CURVE('',#3730,#3728,#1119,.T.);
#5705=EDGE_CURVE('',#3732,#3730,#1135,.T.);
#5707=EDGE_CURVE('',#3734,#3732,#1147,.T.);
#5709=EDGE_CURVE('',#3734,#3736,#1083,.T.);
#5711=EDGE_CURVE('',#3738,#3736,#1683,.T.);
#5713=EDGE_CURVE('',#3738,#3740,#1087,.T.);
#5715=EDGE_CURVE('',#3742,#3740,#1203,.T.);
#5717=EDGE_CURVE('',#3744,#3742,#1375,.T.);
#5719=EDGE_CURVE('',#3746,#3744,#1367,.T.);
#5721=EDGE_CURVE('',#3746,#3748,#1091,.T.);
#5723=EDGE_CURVE('',#3727,#3748,#1355,.T.);
#5728=EDGE_CURVE('',#3751,#3752,#1100,.T.);
#5730=EDGE_CURVE('',#3752,#3751,#1105,.T.);
#5734=EDGE_CURVE('',#3755,#3756,#1110,.T.);
#5736=EDGE_CURVE('',#3756,#3755,#1115,.T.);
#5746=EDGE_CURVE('',#3730,#3702,#1123,.T.);
#5761=EDGE_CURVE('',#3700,#3758,#1131,.T.);
#5763=EDGE_CURVE('',#3732,#3758,#1151,.T.);
#5776=EDGE_CURVE('',#3758,#3504,#1155,.T.);
#5787=EDGE_CURVE('',#3502,#3760,#1143,.T.);
#5789=EDGE_CURVE('',#3734,#3760,#1691,.T.);
#5805=EDGE_CURVE('',#3500,#3762,#1159,.T.);
#5807=EDGE_CURVE('',#3762,#3760,#1163,.T.);
#5819=EDGE_CURVE('',#3764,#3498,#1183,.T.);
#5821=EDGE_CURVE('',#3764,#3766,#1167,.T.);
#5823=EDGE_CURVE('',#3766,#3768,#1171,.T.);
#5825=EDGE_CURVE('',#3768,#3762,#1175,.T.);
#5835=EDGE_CURVE('',#3770,#3496,#1187,.T.);
#5837=EDGE_CURVE('',#3770,#3764,#1179,.T.);
#5851=EDGE_CURVE('',#3494,#3772,#1195,.T.);
#5853=EDGE_CURVE('',#3772,#3742,#1199,.T.);
#5856=EDGE_CURVE('',#3770,#3740,#1675,.T.);
#5866=EDGE_CURVE('',#3774,#3492,#1219,.T.);
#5868=EDGE_CURVE('',#3772,#3774,#1379,.T.);
#5880=EDGE_CURVE('',#3648,#3776,#1207,.T.);
#5882=EDGE_CURVE('',#3776,#3778,#1211,.T.);
#5884=EDGE_CURVE('',#3778,#3780,#1215,.T.);
#5886=EDGE_CURVE('',#3774,#3780,#1383,.T.);
#5894=EDGE_CURVE('',#3783,#3784,#1228,.T.);
#5896=EDGE_CURVE('',#3784,#3783,#1233,.T.);
#5900=EDGE_CURVE('',#3787,#3788,#1238,.T.);
#5902=EDGE_CURVE('',#3788,#3787,#1243,.T.);
#5906=EDGE_CURVE('',#3791,#3792,#1248,.T.);
#5908=EDGE_CURVE('',#3792,#3791,#1253,.T.);
#5912=EDGE_CURVE('',#3795,#3796,#1258,.T.);
#5914=EDGE_CURVE('',#3796,#3795,#1263,.T.);
#5927=EDGE_CURVE('',#3776,#3664,#1275,.T.);
#5937=EDGE_CURVE('',#3776,#3798,#1279,.T.);
#5941=EDGE_CURVE('',#3798,#3662,#1343,.T.);
#5952=EDGE_CURVE('',#3798,#3800,#1283,.T.);
#5954=EDGE_CURVE('',#3800,#3778,#1287,.T.);
#5965=EDGE_CURVE('',#3798,#3722,#1291,.T.);
#5968=EDGE_CURVE('',#3724,#3800,#1299,.T.);
#5973=EDGE_CURVE('',#3803,#3804,#1304,.T.);
#5975=EDGE_CURVE('',#3804,#3803,#1309,.T.);
#5979=EDGE_CURVE('',#3807,#3808,#1314,.T.);
#5981=EDGE_CURVE('',#3808,#3807,#1319,.T.);
#5985=EDGE_CURVE('',#3811,#3812,#1324,.T.);
#5987=EDGE_CURVE('',#3812,#3811,#1329,.T.);
#5991=EDGE_CURVE('',#3815,#3816,#1334,.T.);
#5993=EDGE_CURVE('',#3816,#3815,#1339,.T.);
#6018=EDGE_CURVE('',#3800,#3748,#1359,.T.);
#6029=EDGE_CURVE('',#3778,#3746,#1363,.T.);
#6041=EDGE_CURVE('',#3780,#3744,#1371,.T.);
#6068=EDGE_CURVE('',#3818,#3803,#1401,.T.);
#6070=EDGE_CURVE('',#3818,#3820,#1388,.T.);
#6072=EDGE_CURVE('',#3820,#3804,#1392,.T.);
#6084=EDGE_CURVE('',#3820,#3818,#1397,.T.);
#6095=EDGE_CURVE('',#3823,#3824,#1415,.T.);
#6097=EDGE_CURVE('',#3823,#3818,#1405,.T.);
#6100=EDGE_CURVE('',#3824,#3820,#1419,.T.);
#6110=EDGE_CURVE('',#3824,#3823,#1410,.T.);
#6134=EDGE_CURVE('',#3826,#3807,#1437,.T.);
#6136=EDGE_CURVE('',#3826,#3828,#1424,.T.);
#6138=EDGE_CURVE('',#3828,#3808,#1428,.T.);
#6150=EDGE_CURVE('',#3828,#3826,#1433,.T.);
#6161=EDGE_CURVE('',#3831,#3832,#1451,.T.);
#6163=EDGE_CURVE('',#3831,#3826,#1441,.T.);
#6166=EDGE_CURVE('',#3832,#3828,#1455,.T.);
#6176=EDGE_CURVE('',#3832,#3831,#1446,.T.);
#6200=EDGE_CURVE('',#3834,#3811,#1473,.T.);
#6202=EDGE_CURVE('',#3834,#3836,#1460,.T.);
#6204=EDGE_CURVE('',#3836,#3812,#1464,.T.);
#6216=EDGE_CURVE('',#3836,#3834,#1469,.T.);
#6227=EDGE_CURVE('',#3839,#3840,#1487,.T.);
#6229=EDGE_CURVE('',#3839,#3834,#1477,.T.);
#6232=EDGE_CURVE('',#3840,#3836,#1491,.T.);
#6242=EDGE_CURVE('',#3840,#3839,#1482,.T.);
#6266=EDGE_CURVE('',#3842,#3815,#1509,.T.);
#6268=EDGE_CURVE('',#3842,#3844,#1496,.T.);
#6270=EDGE_CURVE('',#3844,#3816,#1500,.T.);
#6282=EDGE_CURVE('',#3844,#3842,#1505,.T.);
#6293=EDGE_CURVE('',#3847,#3848,#1523,.T.);
#6295=EDGE_CURVE('',#3847,#3842,#1513,.T.);
#6298=EDGE_CURVE('',#3848,#3844,#1527,.T.);
#6308=EDGE_CURVE('',#3848,#3847,#1518,.T.);
#6331=EDGE_CURVE('',#3850,#3784,#1531,.T.);
#6334=EDGE_CURVE('',#3852,#3783,#1545,.T.);
#6336=EDGE_CURVE('',#3852,#3850,#1536,.T.);
#6347=EDGE_CURVE('',#3850,#3852,#1541,.T.);
#6359=EDGE_CURVE('',#3855,#3856,#1559,.T.);
#6361=EDGE_CURVE('',#3855,#3852,#1549,.T.);
#6364=EDGE_CURVE('',#3856,#3850,#1563,.T.);
#6374=EDGE_CURVE('',#3856,#3855,#1554,.T.);
#6397=EDGE_CURVE('',#3858,#3788,#1567,.T.);
#6400=EDGE_CURVE('',#3860,#3787,#1581,.T.);
#6402=EDGE_CURVE('',#3860,#3858,#1572,.T.);
#6413=EDGE_CURVE('',#3858,#3860,#1577,.T.);
#6425=EDGE_CURVE('',#3863,#3864,#1595,.T.);
#6427=EDGE_CURVE('',#3863,#3860,#1585,.T.);
#6430=EDGE_CURVE('',#3864,#3858,#1599,.T.);
#6440=EDGE_CURVE('',#3864,#3863,#1590,.T.);
#6463=EDGE_CURVE('',#3866,#3792,#1603,.T.);
#6466=EDGE_CURVE('',#3868,#3791,#1617,.T.);
#6468=EDGE_CURVE('',#3868,#3866,#1608,.T.);
#6479=EDGE_CURVE('',#3866,#3868,#1613,.T.);
#6491=EDGE_CURVE('',#3871,#3872,#1631,.T.);
#6493=EDGE_CURVE('',#3871,#3868,#1621,.T.);
#6496=EDGE_CURVE('',#3872,#3866,#1635,.T.);
#6506=EDGE_CURVE('',#3872,#3871,#1626,.T.);
#6529=EDGE_CURVE('',#3874,#3796,#1639,.T.);
#6532=EDGE_CURVE('',#3876,#3795,#1653,.T.);
#6534=EDGE_CURVE('',#3876,#3874,#1644,.T.);
#6545=EDGE_CURVE('',#3874,#3876,#1649,.T.);
#6557=EDGE_CURVE('',#3879,#3880,#1667,.T.);
#6559=EDGE_CURVE('',#3879,#3876,#1657,.T.);
#6562=EDGE_CURVE('',#3880,#3874,#1671,.T.);
#6572=EDGE_CURVE('',#3880,#3879,#1662,.T.);
#6599=EDGE_CURVE('',#3738,#3766,#1679,.T.);
#6611=EDGE_CURVE('',#3736,#3768,#1687,.T.);
#6636=EDGE_CURVE('',#3751,#3882,#1695,.T.);
#6638=EDGE_CURVE('',#3884,#3882,#1704,.T.);
#6640=EDGE_CURVE('',#3752,#3884,#1699,.T.);
#6652=EDGE_CURVE('',#3882,#3884,#1709,.T.);
#6667=EDGE_CURVE('',#3887,#3888,#1714,.T.);
#6669=EDGE_CURVE('',#3888,#3887,#1719,.T.);
#6680=EDGE_CURVE('',#3887,#3890,#1723,.T.);
#6682=EDGE_CURVE('',#3892,#3890,#1742,.T.);
#6684=EDGE_CURVE('',#3888,#3892,#1727,.T.);
#6696=EDGE_CURVE('',#3890,#3892,#1747,.T.);
#6707=EDGE_CURVE('',#3895,#3896,#1732,.T.);
#6709=EDGE_CURVE('',#3896,#3895,#1737,.T.);
#6723=EDGE_CURVE('',#3898,#3896,#1751,.T.);
#6726=EDGE_CURVE('',#3900,#3895,#1765,.T.);
#6728=EDGE_CURVE('',#3900,#3898,#1756,.T.);
#6739=EDGE_CURVE('',#3898,#3900,#1761,.T.);
#6751=EDGE_CURVE('',#3902,#3898,#1773,.T.);
#6753=EDGE_CURVE('',#3904,#3902,#1791,.T.);
#6755=EDGE_CURVE('',#3904,#3900,#1769,.T.);
#6769=EDGE_CURVE('',#3902,#3904,#1782,.T.);
#6779=EDGE_CURVE('',#3906,#3902,#1777,.T.);
#6782=EDGE_CURVE('',#3906,#3904,#1786,.T.);
#6804=EDGE_CURVE('',#3755,#3908,#1795,.T.);
#6806=EDGE_CURVE('',#3910,#3908,#1804,.T.);
#6808=EDGE_CURVE('',#3756,#3910,#1799,.T.);
#6820=EDGE_CURVE('',#3908,#3910,#1809,.T.);
#6835=EDGE_CURVE('',#3913,#3914,#1814,.T.);
#6837=EDGE_CURVE('',#3914,#3913,#1819,.T.);
#6848=EDGE_CURVE('',#3913,#3916,#1823,.T.);
#6850=EDGE_CURVE('',#3918,#3916,#1842,.T.);
#6852=EDGE_CURVE('',#3914,#3918,#1827,.T.);
#6864=EDGE_CURVE('',#3916,#3918,#1847,.T.);
#6875=EDGE_CURVE('',#3921,#3922,#1832,.T.);
#6877=EDGE_CURVE('',#3922,#3921,#1837,.T.);
#6891=EDGE_CURVE('',#3924,#3922,#1851,.T.);
#6894=EDGE_CURVE('',#3926,#3921,#1865,.T.);
#6896=EDGE_CURVE('',#3926,#3924,#1856,.T.);
#6907=EDGE_CURVE('',#3924,#3926,#1861,.T.);
#6919=EDGE_CURVE('',#3928,#3924,#1873,.T.);
#6921=EDGE_CURVE('',#3930,#3928,#1891,.T.);
#6923=EDGE_CURVE('',#3930,#3926,#1869,.T.);
#6937=EDGE_CURVE('',#3928,#3930,#1882,.T.);
#6947=EDGE_CURVE('',#3932,#3928,#1877,.T.);
#6950=EDGE_CURVE('',#3932,#3930,#1886,.T.);
#6971=EDGE_CURVE('',#3694,#3450,#1899,.T.);
#6997=EDGE_CURVE('',#3934,#3707,#1925,.T.);
#6999=EDGE_CURVE('',#3934,#3936,#1912,.T.);
#7001=EDGE_CURVE('',#3936,#3708,#1916,.T.);
#7013=EDGE_CURVE('',#3936,#3934,#1921,.T.);
#7024=EDGE_CURVE('',#3939,#3940,#1939,.T.);
#7026=EDGE_CURVE('',#3939,#3934,#1929,.T.);
#7029=EDGE_CURVE('',#3940,#3936,#1943,.T.);
#7039=EDGE_CURVE('',#3940,#3939,#1934,.T.);
#7063=EDGE_CURVE('',#3942,#3711,#1961,.T.);
#7065=EDGE_CURVE('',#3942,#3944,#1948,.T.);
#7067=EDGE_CURVE('',#3944,#3712,#1952,.T.);
#7079=EDGE_CURVE('',#3944,#3942,#1957,.T.);
#7090=EDGE_CURVE('',#3947,#3948,#1975,.T.);
#7092=EDGE_CURVE('',#3947,#3942,#1965,.T.);
#7095=EDGE_CURVE('',#3948,#3944,#1979,.T.);
#7105=EDGE_CURVE('',#3948,#3947,#1970,.T.);
#7129=EDGE_CURVE('',#3950,#3715,#1997,.T.);
#7131=EDGE_CURVE('',#3950,#3952,#1984,.T.);
#7133=EDGE_CURVE('',#3952,#3716,#1988,.T.);
#7145=EDGE_CURVE('',#3952,#3950,#1993,.T.);
#7156=EDGE_CURVE('',#3955,#3956,#2011,.T.);
#7158=EDGE_CURVE('',#3955,#3950,#2001,.T.);
#7161=EDGE_CURVE('',#3956,#3952,#2015,.T.);
#7171=EDGE_CURVE('',#3956,#3955,#2006,.T.);
#7195=EDGE_CURVE('',#3958,#3719,#2033,.T.);
#7197=EDGE_CURVE('',#3958,#3960,#2020,.T.);
#7199=EDGE_CURVE('',#3960,#3720,#2024,.T.);
#7211=EDGE_CURVE('',#3960,#3958,#2029,.T.);
#7222=EDGE_CURVE('',#3963,#3964,#2047,.T.);
#7224=EDGE_CURVE('',#3963,#3958,#2037,.T.);
#7227=EDGE_CURVE('',#3964,#3960,#2051,.T.);
#7237=EDGE_CURVE('',#3964,#3963,#2042,.T.);
#7261=EDGE_CURVE('',#3462,#3455,#2069,.T.);
#7263=EDGE_CURVE('',#3462,#3464,#2056,.T.);
#7265=EDGE_CURVE('',#3464,#3456,#2060,.T.);
#7277=EDGE_CURVE('',#3464,#3462,#2065,.T.);
#7288=EDGE_CURVE('',#3467,#3468,#2083,.T.);
#7290=EDGE_CURVE('',#3467,#3462,#2073,.T.);
#7293=EDGE_CURVE('',#3468,#3464,#2087,.T.);
#7303=EDGE_CURVE('',#3468,#3467,#2078,.T.);
#7326=EDGE_CURVE('',#3470,#3460,#2091,.T.);
#7329=EDGE_CURVE('',#3472,#3459,#2105,.T.);
#7331=EDGE_CURVE('',#3472,#3470,#2096,.T.);
#7342=EDGE_CURVE('',#3470,#3472,#2101,.T.);
#7354=EDGE_CURVE('',#3475,#3476,#2119,.T.);
#7356=EDGE_CURVE('',#3475,#3472,#2109,.T.);
#7359=EDGE_CURVE('',#3476,#3470,#2123,.T.);
#7369=EDGE_CURVE('',#3476,#3475,#2114,.T.);
#7393=EDGE_CURVE('',#3667,#3966,#2127,.T.);
#7395=EDGE_CURVE('',#3968,#3966,#2136,.T.);
#7397=EDGE_CURVE('',#3668,#3968,#2131,.T.);
#7409=EDGE_CURVE('',#3966,#3968,#2141,.T.);
#7424=EDGE_CURVE('',#3971,#3972,#2146,.T.);
#7426=EDGE_CURVE('',#3972,#3971,#2151,.T.);
#7437=EDGE_CURVE('',#3971,#3974,#2155,.T.);
#7439=EDGE_CURVE('',#3976,#3974,#2174,.T.);
#7441=EDGE_CURVE('',#3972,#3976,#2159,.T.);
#7453=EDGE_CURVE('',#3974,#3976,#2179,.T.);
#7464=EDGE_CURVE('',#3979,#3980,#2164,.T.);
#7466=EDGE_CURVE('',#3980,#3979,#2169,.T.);
#7480=EDGE_CURVE('',#3982,#3980,#2183,.T.);
#7483=EDGE_CURVE('',#3984,#3979,#2197,.T.);
#7485=EDGE_CURVE('',#3984,#3982,#2188,.T.);
#7496=EDGE_CURVE('',#3982,#3984,#2193,.T.);
#7508=EDGE_CURVE('',#3986,#3982,#2205,.T.);
#7510=EDGE_CURVE('',#3988,#3986,#2223,.T.);
#7512=EDGE_CURVE('',#3988,#3984,#2201,.T.);
#7526=EDGE_CURVE('',#3986,#3988,#2214,.T.);
#7536=EDGE_CURVE('',#3990,#3986,#2209,.T.);
#7539=EDGE_CURVE('',#3990,#3988,#2218,.T.);
#7561=EDGE_CURVE('',#3671,#3992,#2227,.T.);
#7563=EDGE_CURVE('',#3994,#3992,#2236,.T.);
#7565=EDGE_CURVE('',#3672,#3994,#2231,.T.);
#7577=EDGE_CURVE('',#3992,#3994,#2241,.T.);
#7592=EDGE_CURVE('',#3997,#3998,#2246,.T.);
#7594=EDGE_CURVE('',#3998,#3997,#2251,.T.);
#7605=EDGE_CURVE('',#3997,#4000,#2255,.T.);
#7607=EDGE_CURVE('',#4002,#4000,#2274,.T.);
#7609=EDGE_CURVE('',#3998,#4002,#2259,.T.);
#7621=EDGE_CURVE('',#4000,#4002,#2279,.T.);
#7632=EDGE_CURVE('',#4005,#4006,#2264,.T.);
#7634=EDGE_CURVE('',#4006,#4005,#2269,.T.);
#7648=EDGE_CURVE('',#4008,#4006,#2283,.T.);
#7651=EDGE_CURVE('',#4010,#4005,#2297,.T.);
#7653=EDGE_CURVE('',#4010,#4008,#2288,.T.);
#7664=EDGE_CURVE('',#4008,#4010,#2293,.T.);
#7676=EDGE_CURVE('',#4012,#4008,#2305,.T.);
#7678=EDGE_CURVE('',#4014,#4012,#2323,.T.);
#7680=EDGE_CURVE('',#4014,#4010,#2301,.T.);
#7694=EDGE_CURVE('',#4012,#4014,#2314,.T.);
#7704=EDGE_CURVE('',#4016,#4012,#2309,.T.);
#7707=EDGE_CURVE('',#4016,#4014,#2318,.T.);
#7729=EDGE_CURVE('',#3675,#4018,#2327,.T.);
#7731=EDGE_CURVE('',#4020,#4018,#2336,.T.);
#7733=EDGE_CURVE('',#3676,#4020,#2331,.T.);
#7745=EDGE_CURVE('',#4018,#4020,#2341,.T.);
#7760=EDGE_CURVE('',#4023,#4024,#2346,.T.);
#7762=EDGE_CURVE('',#4024,#4023,#2351,.T.);
#7773=EDGE_CURVE('',#4023,#4026,#2355,.T.);
#7775=EDGE_CURVE('',#4028,#4026,#2374,.T.);
#7777=EDGE_CURVE('',#4024,#4028,#2359,.T.);
#7789=EDGE_CURVE('',#4026,#4028,#2379,.T.);
#7800=EDGE_CURVE('',#4031,#4032,#2364,.T.);
#7802=EDGE_CURVE('',#4032,#4031,#2369,.T.);
#7816=EDGE_CURVE('',#4034,#4032,#2383,.T.);
#7819=EDGE_CURVE('',#4036,#4031,#2397,.T.);
#7821=EDGE_CURVE('',#4036,#4034,#2388,.T.);
#7832=EDGE_CURVE('',#4034,#4036,#2393,.T.);
#7844=EDGE_CURVE('',#4038,#4034,#2405,.T.);
#7846=EDGE_CURVE('',#4040,#4038,#2423,.T.);
#7848=EDGE_CURVE('',#4040,#4036,#2401,.T.);
#7862=EDGE_CURVE('',#4038,#4040,#2414,.T.);
#7872=EDGE_CURVE('',#4042,#4038,#2409,.T.);
#7875=EDGE_CURVE('',#4042,#4040,#2418,.T.);
#7897=EDGE_CURVE('',#4044,#3679,#2441,.T.);
#7899=EDGE_CURVE('',#4044,#4046,#2428,.T.);
#7901=EDGE_CURVE('',#4046,#3680,#2432,.T.);
#7913=EDGE_CURVE('',#4046,#4044,#2437,.T.);
#7924=EDGE_CURVE('',#4049,#4050,#2455,.T.);
#7926=EDGE_CURVE('',#4049,#4044,#2445,.T.);
#7929=EDGE_CURVE('',#4050,#4046,#2459,.T.);
#7939=EDGE_CURVE('',#4050,#4049,#2450,.T.);
#7962=EDGE_CURVE('',#4052,#3684,#2463,.T.);
#7965=EDGE_CURVE('',#4054,#3683,#2477,.T.);
#7967=EDGE_CURVE('',#4054,#4052,#2468,.T.);
#7978=EDGE_CURVE('',#4052,#4054,#2473,.T.);
#7990=EDGE_CURVE('',#4057,#4058,#2491,.T.);
#7992=EDGE_CURVE('',#4057,#4054,#2481,.T.);
#7995=EDGE_CURVE('',#4058,#4052,#2495,.T.);
#8005=EDGE_CURVE('',#4058,#4057,#2486,.T.);
#8029=EDGE_CURVE('',#3687,#4060,#2499,.T.);
#8031=EDGE_CURVE('',#4062,#4060,#2508,.T.);
#8033=EDGE_CURVE('',#3688,#4062,#2503,.T.);
#8045=EDGE_CURVE('',#4060,#4062,#2513,.T.);
#8060=EDGE_CURVE('',#4065,#4066,#2518,.T.);
#8062=EDGE_CURVE('',#4066,#4065,#2523,.T.);
#8073=EDGE_CURVE('',#4065,#4068,#2527,.T.);
#8075=EDGE_CURVE('',#4070,#4068,#2546,.T.);
#8077=EDGE_CURVE('',#4066,#4070,#2531,.T.);
#8089=EDGE_CURVE('',#4068,#4070,#2551,.T.);
#8100=EDGE_CURVE('',#4073,#4074,#2536,.T.);
#8102=EDGE_CURVE('',#4074,#4073,#2541,.T.);
#8116=EDGE_CURVE('',#4076,#4074,#2555,.T.);
#8119=EDGE_CURVE('',#4078,#4073,#2569,.T.);
#8121=EDGE_CURVE('',#4078,#4076,#2560,.T.);
#8132=EDGE_CURVE('',#4076,#4078,#2565,.T.);
#8144=EDGE_CURVE('',#4080,#4076,#2577,.T.);
#8146=EDGE_CURVE('',#4082,#4080,#2595,.T.);
#8148=EDGE_CURVE('',#4082,#4078,#2573,.T.);
#8162=EDGE_CURVE('',#4080,#4082,#2586,.T.);
#8172=EDGE_CURVE('',#4084,#4080,#2581,.T.);
#8175=EDGE_CURVE('',#4084,#4082,#2590,.T.);
#8196=EDGE_CURVE('',#4087,#4088,#2608,.T.);
#8198=EDGE_CURVE('',#3692,#4087,#2721,.T.);
#8201=EDGE_CURVE('',#3691,#4088,#2599,.T.);
#8211=EDGE_CURVE('',#4091,#4092,#2613,.T.);
#8213=EDGE_CURVE('',#4091,#4087,#2603,.T.);
#8216=EDGE_CURVE('',#4092,#4088,#2712,.T.);
#8227=EDGE_CURVE('',#4092,#4091,#2618,.T.);
#8231=EDGE_CURVE('',#4095,#4096,#2623,.T.);
#8233=EDGE_CURVE('',#4096,#4095,#2628,.T.);
#8237=EDGE_CURVE('',#4099,#4100,#2633,.T.);
#8239=EDGE_CURVE('',#4100,#4099,#2638,.T.);
#8243=EDGE_CURVE('',#4103,#4104,#2643,.T.);
#8245=EDGE_CURVE('',#4104,#4103,#2648,.T.);
#8249=EDGE_CURVE('',#4107,#4108,#2653,.T.);
#8251=EDGE_CURVE('',#4108,#4107,#2658,.T.);
#8255=EDGE_CURVE('',#4111,#4112,#2663,.T.);
#8257=EDGE_CURVE('',#4112,#4111,#2668,.T.);
#8261=EDGE_CURVE('',#4115,#4116,#2673,.T.);
#8263=EDGE_CURVE('',#4116,#4115,#2678,.T.);
#8267=EDGE_CURVE('',#4119,#4120,#2683,.T.);
#8269=EDGE_CURVE('',#4120,#4119,#2688,.T.);
#8273=EDGE_CURVE('',#4123,#4124,#2693,.T.);
#8275=EDGE_CURVE('',#4124,#4123,#2698,.T.);
#8279=EDGE_CURVE('',#4127,#4128,#2703,.T.);
#8281=EDGE_CURVE('',#4128,#4127,#2708,.T.);
#8293=EDGE_CURVE('',#4088,#4087,#2717,.T.);
#8317=EDGE_CURVE('',#4130,#4095,#2739,.T.);
#8319=EDGE_CURVE('',#4130,#4132,#2726,.T.);
#8321=EDGE_CURVE('',#4132,#4096,#2730,.T.);
#8333=EDGE_CURVE('',#4132,#4130,#2735,.T.);
#8344=EDGE_CURVE('',#4135,#4136,#2753,.T.);
#8346=EDGE_CURVE('',#4135,#4130,#2743,.T.);
#8349=EDGE_CURVE('',#4136,#4132,#2757,.T.);
#8359=EDGE_CURVE('',#4136,#4135,#2748,.T.);
#8383=EDGE_CURVE('',#4138,#4099,#2775,.T.);
#8385=EDGE_CURVE('',#4138,#4140,#2762,.T.);
#8387=EDGE_CURVE('',#4140,#4100,#2766,.T.);
#8399=EDGE_CURVE('',#4140,#4138,#2771,.T.);
#8410=EDGE_CURVE('',#4143,#4144,#2789,.T.);
#8412=EDGE_CURVE('',#4143,#4138,#2779,.T.);
#8415=EDGE_CURVE('',#4144,#4140,#2793,.T.);
#8425=EDGE_CURVE('',#4144,#4143,#2784,.T.);
#8449=EDGE_CURVE('',#4146,#4103,#2811,.T.);
#8451=EDGE_CURVE('',#4146,#4148,#2798,.T.);
#8453=EDGE_CURVE('',#4148,#4104,#2802,.T.);
#8465=EDGE_CURVE('',#4148,#4146,#2807,.T.);
#8476=EDGE_CURVE('',#4151,#4152,#2825,.T.);
#8478=EDGE_CURVE('',#4151,#4146,#2815,.T.);
#8481=EDGE_CURVE('',#4152,#4148,#2829,.T.);
#8491=EDGE_CURVE('',#4152,#4151,#2820,.T.);
#8515=EDGE_CURVE('',#4154,#4107,#2847,.T.);
#8517=EDGE_CURVE('',#4154,#4156,#2834,.T.);
#8519=EDGE_CURVE('',#4156,#4108,#2838,.T.);
#8531=EDGE_CURVE('',#4156,#4154,#2843,.T.);
#8542=EDGE_CURVE('',#4159,#4160,#2861,.T.);
#8544=EDGE_CURVE('',#4159,#4154,#2851,.T.);
#8547=EDGE_CURVE('',#4160,#4156,#2865,.T.);
#8557=EDGE_CURVE('',#4160,#4159,#2856,.T.);
#8581=EDGE_CURVE('',#4162,#4111,#2883,.T.);
#8583=EDGE_CURVE('',#4162,#4164,#2870,.T.);
#8585=EDGE_CURVE('',#4164,#4112,#2874,.T.);
#8597=EDGE_CURVE('',#4164,#4162,#2879,.T.);
#8608=EDGE_CURVE('',#4167,#4168,#2897,.T.);
#8610=EDGE_CURVE('',#4167,#4162,#2887,.T.);
#8613=EDGE_CURVE('',#4168,#4164,#2901,.T.);
#8623=EDGE_CURVE('',#4168,#4167,#2892,.T.);
#8647=EDGE_CURVE('',#4170,#4115,#2919,.T.);
#8649=EDGE_CURVE('',#4170,#4172,#2906,.T.);
#8651=EDGE_CURVE('',#4172,#4116,#2910,.T.);
#8663=EDGE_CURVE('',#4172,#4170,#2915,.T.);
#8674=EDGE_CURVE('',#4175,#4176,#2933,.T.);
#8676=EDGE_CURVE('',#4175,#4170,#2923,.T.);
#8679=EDGE_CURVE('',#4176,#4172,#2937,.T.);
#8689=EDGE_CURVE('',#4176,#4175,#2928,.T.);
#8713=EDGE_CURVE('',#4178,#4119,#2955,.T.);
#8715=EDGE_CURVE('',#4178,#4180,#2942,.T.);
#8717=EDGE_CURVE('',#4180,#4120,#2946,.T.);
#8729=EDGE_CURVE('',#4180,#4178,#2951,.T.);
#8740=EDGE_CURVE('',#4183,#4184,#2969,.T.);
#8742=EDGE_CURVE('',#4183,#4178,#2959,.T.);
#8745=EDGE_CURVE('',#4184,#4180,#2973,.T.);
#8755=EDGE_CURVE('',#4184,#4183,#2964,.T.);
#8779=EDGE_CURVE('',#4186,#4123,#2991,.T.);
#8781=EDGE_CURVE('',#4186,#4188,#2978,.T.);
#8783=EDGE_CURVE('',#4188,#4124,#2982,.T.);
#8795=EDGE_CURVE('',#4188,#4186,#2987,.T.);
#8806=EDGE_CURVE('',#4191,#4192,#3005,.T.);
#8808=EDGE_CURVE('',#4191,#4186,#2995,.T.);
#8811=EDGE_CURVE('',#4192,#4188,#3009,.T.);
#8821=EDGE_CURVE('',#4192,#4191,#3000,.T.);
#8844=EDGE_CURVE('',#4204,#4203,#3014,.T.);
#8846=EDGE_CURVE('',#4203,#4128,#3018,.T.);
#8849=EDGE_CURVE('',#4127,#4204,#3022,.T.);
#8859=EDGE_CURVE('',#4200,#4199,#3046,.T.);
#8861=EDGE_CURVE('',#4199,#4203,#3086,.T.);
#8864=EDGE_CURVE('',#4200,#4204,#3026,.T.);
#8874=EDGE_CURVE('',#4199,#4200,#3041,.T.);
#8879=EDGE_CURVE('',#4195,#4196,#3031,.T.);
#8881=EDGE_CURVE('',#4196,#4195,#3036,.T.);
#8891=EDGE_CURVE('',#4212,#4211,#3051,.T.);
#8893=EDGE_CURVE('',#4211,#4196,#3055,.T.);
#8896=EDGE_CURVE('',#4195,#4212,#3059,.T.);
#8906=EDGE_CURVE('',#4208,#4207,#3073,.T.);
#8908=EDGE_CURVE('',#4207,#4211,#3077,.T.);
#8911=EDGE_CURVE('',#4208,#4212,#3063,.T.);
#8921=EDGE_CURVE('',#4207,#4208,#3068,.T.);
#8934=EDGE_CURVE('',#4211,#4212,#3082,.T.);
#8959=EDGE_CURVE('',#4203,#4204,#3091,.T.);
#8984=EDGE_CURVE('',#3516,#3510,#3095,.T.);
#9007=EDGE_CURVE('',#3355,#3384,#3108,.T.);
#9009=EDGE_CURVE('',#3386,#3384,#3117,.T.);
#9011=EDGE_CURVE('',#3356,#3386,#3112,.T.);
#9023=EDGE_CURVE('',#3384,#3386,#3122,.T.);
#9038=EDGE_CURVE('',#3389,#3390,#3127,.T.);
#9040=EDGE_CURVE('',#3390,#3389,#3132,.T.);
#9051=EDGE_CURVE('',#3389,#3392,#3136,.T.);
#9053=EDGE_CURVE('',#3394,#3392,#3155,.T.);
#9055=EDGE_CURVE('',#3390,#3394,#3140,.T.);
#9067=EDGE_CURVE('',#3392,#3394,#3160,.T.);
#9078=EDGE_CURVE('',#3397,#3398,#3145,.T.);
#9080=EDGE_CURVE('',#3398,#3397,#3150,.T.);
#9094=EDGE_CURVE('',#3400,#3398,#3164,.T.);
#9097=EDGE_CURVE('',#3402,#3397,#3178,.T.);
#9099=EDGE_CURVE('',#3402,#3400,#3169,.T.);
#9110=EDGE_CURVE('',#3400,#3402,#3174,.T.);
#9122=EDGE_CURVE('',#3404,#3400,#3186,.T.);
#9124=EDGE_CURVE('',#3406,#3404,#3204,.T.);
#9126=EDGE_CURVE('',#3406,#3402,#3182,.T.);
#9140=EDGE_CURVE('',#3404,#3406,#3195,.T.);
#9150=EDGE_CURVE('',#3408,#3404,#3190,.T.);
#9153=EDGE_CURVE('',#3408,#3406,#3199,.T.);
#9175=EDGE_CURVE('',#3333,#3358,#3208,.T.);
#9177=EDGE_CURVE('',#3360,#3358,#3217,.T.);
#9179=EDGE_CURVE('',#3334,#3360,#3212,.T.);
#9191=EDGE_CURVE('',#3358,#3360,#3222,.T.);
#9206=EDGE_CURVE('',#3363,#3364,#3227,.T.);
#9208=EDGE_CURVE('',#3364,#3363,#3232,.T.);
#9219=EDGE_CURVE('',#3363,#3366,#3236,.T.);
#9221=EDGE_CURVE('',#3368,#3366,#3255,.T.);
#9223=EDGE_CURVE('',#3364,#3368,#3240,.T.);
#9235=EDGE_CURVE('',#3366,#3368,#3260,.T.);
#9246=EDGE_CURVE('',#3371,#3372,#3245,.T.);
#9248=EDGE_CURVE('',#3372,#3371,#3250,.T.);
#9262=EDGE_CURVE('',#3374,#3372,#3264,.T.);
#9265=EDGE_CURVE('',#3376,#3371,#3278,.T.);
#9267=EDGE_CURVE('',#3376,#3374,#3269,.T.);
#9278=EDGE_CURVE('',#3374,#3376,#3274,.T.);
#9290=EDGE_CURVE('',#3378,#3374,#3286,.T.);
#9292=EDGE_CURVE('',#3380,#3378,#3304,.T.);
#9294=EDGE_CURVE('',#3380,#3376,#3282,.T.);
#9308=EDGE_CURVE('',#3378,#3380,#3295,.T.);
#9318=EDGE_CURVE('',#3382,#3378,#3290,.T.);
#9321=EDGE_CURVE('',#3382,#3380,#3299,.T.);
#9339=(LENGTH_UNIT()NAMED_UNIT(*)SI_UNIT(.MILLI.,.METRE.));
#9341=(NAMED_UNIT(*)PLANE_ANGLE_UNIT()SI_UNIT($,.RADIAN.));
#9344=(NAMED_UNIT(*)SI_UNIT($,.STERADIAN.)SOLID_ANGLE_UNIT());
#9350=AXIS2_PLACEMENT_3D('',#9347,#9348,#9349);
#9351=ADVANCED_BREP_SHAPE_REPRESENTATION('',(#9350,#9338),#9346);
#9358=PRODUCT_DEFINITION('design','',#9357,#9354);
#9359=PRODUCT_DEFINITION_SHAPE('','SHAPE FOR DUMMY_DC12_3.',#9358);
#9360=SHAPE_DEFINITION_REPRESENTATION(#9359,#9351);
#9361=SHAPE_DEFINITION_REPRESENTATION(#9362,#9363);
#9362=PRODUCT_DEFINITION_SHAPE('','SHAPE FOR DC12_X430_DUMMY_ASSY_ASM_4_ASM.',
#14756);
#9363=SHAPE_REPRESENTATION('',(#9374,#9369,#9922,#9917,#9935,#9930,#9948,#9943,
#9961,#9956,#9974,#9969,#9987,#9982,#10000,#9995,#10013,#10008,#10711,#10706,
#10724,#10719,#10737,#10732,#10750,#10745,#10763,#10758,#10776,#10771,#10789,
#10784,#10802,#10797,#14737,#14732,#14751),#14747);
#9364=NEXT_ASSEMBLY_USAGE_OCCURRENCE('0','Next assembly relationship',
'DUMMY_DC12',#14756,#9358,$);
#9365=PRODUCT_DEFINITION_SHAPE('Placement #0',
'Placement of DUMMY_DC12_3 with respect to DC12_X430_DUMMY_ASSY_ASM_4_ASM',
#9364);
#9374=AXIS2_PLACEMENT_3D('',#9371,#9372,#9373);
#9381=CIRCLE('',#9380,1.025E0);
#9386=CIRCLE('',#9385,1.025E0);
#9395=CIRCLE('',#9394,1.25E0);
#9400=CIRCLE('',#9399,1.25E0);
#9409=CIRCLE('',#9408,1.25E0);
#9414=CIRCLE('',#9413,1.25E0);
#9427=CIRCLE('',#9426,2.25E0);
#9432=CIRCLE('',#9431,2.25E0);
#9437=CIRCLE('',#9436,1.25E0);
#9442=CIRCLE('',#9441,1.25E0);
#9451=CIRCLE('',#9450,2.25E0);
#9456=CIRCLE('',#9455,2.25E0);
#9469=CIRCLE('',#9468,2.25E0);
#9478=CIRCLE('',#9477,2.25E0);
#9483=CIRCLE('',#9482,2.033493649054E0);
#9488=CIRCLE('',#9487,2.033493649054E0);
#9622=EDGE_CURVE('',#9563,#9564,#9381,.T.);
#9624=EDGE_CURVE('',#9564,#9563,#9386,.T.);
#9635=EDGE_CURVE('',#9563,#9566,#9390,.T.);
#9637=EDGE_CURVE('',#9566,#9568,#9395,.T.);
#9639=EDGE_CURVE('',#9568,#9570,#9400,.T.);
#9641=EDGE_CURVE('',#9564,#9570,#9404,.T.);
#9653=EDGE_CURVE('',#9570,#9572,#9409,.T.);
#9655=EDGE_CURVE('',#9572,#9566,#9414,.T.);
#9667=EDGE_CURVE('',#9574,#9568,#9422,.T.);
#9669=EDGE_CURVE('',#9576,#9574,#9437,.T.);
#9671=EDGE_CURVE('',#9576,#9572,#9418,.T.);
#9685=EDGE_CURVE('',#9574,#9576,#9442,.T.);
#9696=EDGE_CURVE('',#9579,#9580,#9427,.T.);
#9698=EDGE_CURVE('',#9580,#9579,#9432,.T.);
#9712=EDGE_CURVE('',#9583,#9584,#9456,.T.);
#9714=EDGE_CURVE('',#9583,#9580,#9446,.T.);
#9717=EDGE_CURVE('',#9586,#9579,#9464,.T.);
#9719=EDGE_CURVE('',#9584,#9586,#9478,.T.);
#9729=EDGE_CURVE('',#9588,#9583,#9451,.T.);
#9732=EDGE_CURVE('',#9584,#9590,#9460,.T.);
#9734=EDGE_CURVE('',#9592,#9590,#9483,.T.);
#9736=EDGE_CURVE('',#9588,#9592,#9473,.T.);
#9747=EDGE_CURVE('',#9586,#9588,#9469,.T.);
#9762=EDGE_CURVE('',#9590,#9592,#9488,.T.);
#9778=EDGE_CURVE('',#9595,#9596,#9492,.T.);
#9780=EDGE_CURVE('',#9598,#9596,#9532,.T.);
#9782=EDGE_CURVE('',#9598,#9600,#9496,.T.);
#9784=EDGE_CURVE('',#9600,#9602,#9500,.T.);
#9786=EDGE_CURVE('',#9604,#9602,#9516,.T.);
#9788=EDGE_CURVE('',#9604,#9595,#9504,.T.);
#9799=EDGE_CURVE('',#9606,#9595,#9512,.T.);
#9801=EDGE_CURVE('',#9608,#9606,#9540,.T.);
#9803=EDGE_CURVE('',#9608,#9596,#9508,.T.);
#9814=EDGE_CURVE('',#9610,#9604,#9520,.T.);
#9816=EDGE_CURVE('',#9606,#9610,#9544,.T.);
#9828=EDGE_CURVE('',#9612,#9602,#9524,.T.);
#9830=EDGE_CURVE('',#9610,#9612,#9548,.T.);
#9842=EDGE_CURVE('',#9614,#9600,#9528,.T.);
#9844=EDGE_CURVE('',#9612,#9614,#9552,.T.);
#9856=EDGE_CURVE('',#9616,#9598,#9536,.T.);
#9858=EDGE_CURVE('',#9614,#9616,#9556,.T.);
#9871=EDGE_CURVE('',#9616,#9608,#9560,.T.);
#9893=(LENGTH_UNIT()NAMED_UNIT(*)SI_UNIT(.MILLI.,.METRE.));
#9895=(NAMED_UNIT(*)PLANE_ANGLE_UNIT()SI_UNIT($,.RADIAN.));
#9898=(NAMED_UNIT(*)SI_UNIT($,.STERADIAN.)SOLID_ANGLE_UNIT());
#9904=AXIS2_PLACEMENT_3D('',#9901,#9902,#9903);
#9905=ADVANCED_BREP_SHAPE_REPRESENTATION('',(#9904,#9892),#9900);
#9909=PRODUCT_DEFINITION('design','',#9908,#9354);
#9910=PRODUCT_DEFINITION_SHAPE('','SHAPE FOR WBH_M2_5X12_8.',#9909);
#9911=SHAPE_DEFINITION_REPRESENTATION(#9910,#9905);
#9912=NEXT_ASSEMBLY_USAGE_OCCURRENCE('1','Next assembly relationship',
'WBH_M2_5X12',#14756,#9909,$);
#9913=PRODUCT_DEFINITION_SHAPE('Placement #1',
'Placement of WBH_M2_5X12_8 with respect to DC12_X430_DUMMY_ASSY_ASM_4_ASM',
#9912);
#9922=AXIS2_PLACEMENT_3D('',#9919,#9920,#9921);
#9925=NEXT_ASSEMBLY_USAGE_OCCURRENCE('2','Next assembly relationship',
'WBH_M2_5X12_8',#14756,#9909,$);
#9926=PRODUCT_DEFINITION_SHAPE('Placement #2',
'Placement of WBH_M2_5X12_8 with respect to DC12_X430_DUMMY_ASSY_ASM_4_ASM',
#9925);
#9935=AXIS2_PLACEMENT_3D('',#9932,#9933,#9934);
#9938=NEXT_ASSEMBLY_USAGE_OCCURRENCE('3','Next assembly relationship',
'WBH_M2_5X12_8',#14756,#9909,$);
#9939=PRODUCT_DEFINITION_SHAPE('Placement #3',
'Placement of WBH_M2_5X12_8 with respect to DC12_X430_DUMMY_ASSY_ASM_4_ASM',
#9938);
#9948=AXIS2_PLACEMENT_3D('',#9945,#9946,#9947);
#9951=NEXT_ASSEMBLY_USAGE_OCCURRENCE('4','Next assembly relationship',
'WBH_M2_5X12_8',#14756,#9909,$);
#9952=PRODUCT_DEFINITION_SHAPE('Placement #4',
'Placement of WBH_M2_5X12_8 with respect to DC12_X430_DUMMY_ASSY_ASM_4_ASM',
#9951);
#9961=AXIS2_PLACEMENT_3D('',#9958,#9959,#9960);
#9964=NEXT_ASSEMBLY_USAGE_OCCURRENCE('5','Next assembly relationship',
'WBH_M2_5X12_8',#14756,#9909,$);
#9965=PRODUCT_DEFINITION_SHAPE('Placement #5',
'Placement of WBH_M2_5X12_8 with respect to DC12_X430_DUMMY_ASSY_ASM_4_ASM',
#9964);
#9974=AXIS2_PLACEMENT_3D('',#9971,#9972,#9973);
#9977=NEXT_ASSEMBLY_USAGE_OCCURRENCE('6','Next assembly relationship',
'WBH_M2_5X12_8',#14756,#9909,$);
#9978=PRODUCT_DEFINITION_SHAPE('Placement #6',
'Placement of WBH_M2_5X12_8 with respect to DC12_X430_DUMMY_ASSY_ASM_4_ASM',
#9977);
#9987=AXIS2_PLACEMENT_3D('',#9984,#9985,#9986);
#9990=NEXT_ASSEMBLY_USAGE_OCCURRENCE('7','Next assembly relationship',
'WBH_M2_5X12_8',#14756,#9909,$);
#9991=PRODUCT_DEFINITION_SHAPE('Placement #7',
'Placement of WBH_M2_5X12_8 with respect to DC12_X430_DUMMY_ASSY_ASM_4_ASM',
#9990);
#10000=AXIS2_PLACEMENT_3D('',#9997,#9998,#9999);
#10003=NEXT_ASSEMBLY_USAGE_OCCURRENCE('8','Next assembly relationship',
'WBH_M2_5X12_8',#14756,#9909,$);
#10004=PRODUCT_DEFINITION_SHAPE('Placement #8',
'Placement of WBH_M2_5X12_8 with respect to DC12_X430_DUMMY_ASSY_ASM_4_ASM',
#10003);
#10013=AXIS2_PLACEMENT_3D('',#10010,#10011,#10012);
#10020=CIRCLE('',#10019,2.25E0);
#10025=CIRCLE('',#10024,2.25E0);
#10034=CIRCLE('',#10033,1.55E0);
#10039=CIRCLE('',#10038,1.55E0);
#10058=B_SPLINE_CURVE_WITH_KNOTS('',3,(#10052,#10053,#10054,#10055,#10056,
#10057),.UNSPECIFIED.,.F.,.F.,(4,1,1,4),(0.E0,3.333333333333E-1,
6.666666666667E-1,1.E0),.UNSPECIFIED.);
#10063=CIRCLE('',#10062,1.4E0);
#10068=CIRCLE('',#10067,1.4E0);
#10073=CIRCLE('',#10072,1.4E0);
#10078=CIRCLE('',#10077,1.4E0);
#10085=B_SPLINE_CURVE_WITH_KNOTS('',3,(#10079,#10080,#10081,#10082,#10083,
#10084),.UNSPECIFIED.,.F.,.F.,(4,1,1,4),(0.E0,3.333333333333E-1,
6.666666666667E-1,1.E0),.UNSPECIFIED.);
#10098=CIRCLE('',#10097,2.4E0);
#10103=CIRCLE('',#10102,2.4E0);
#10108=CIRCLE('',#10107,2.4E0);
#10115=B_SPLINE_CURVE_WITH_KNOTS('',3,(#10109,#10110,#10111,#10112,#10113,
#10114),.UNSPECIFIED.,.F.,.F.,(4,1,1,4),(0.E0,3.333333333333E-1,
6.666666666667E-1,1.E0),.UNSPECIFIED.);
#10122=B_SPLINE_CURVE_WITH_KNOTS('',3,(#10116,#10117,#10118,#10119,#10120,
#10121),.UNSPECIFIED.,.F.,.F.,(4,1,1,4),(0.E0,3.333333333333E-1,
6.666666666667E-1,1.E0),.UNSPECIFIED.);
#10127=CIRCLE('',#10126,2.4E0);
#10140=CIRCLE('',#10139,2.4E0);
#10145=CIRCLE('',#10144,2.4E0);
#10150=CIRCLE('',#10149,2.25E0);
#10155=CIRCLE('',#10154,2.25E0);
#10160=CIRCLE('',#10159,2.25E0);
#10165=CIRCLE('',#10164,2.25E0);
#10170=CIRCLE('',#10169,1.7E0);
#10175=CIRCLE('',#10174,1.7E0);
#10184=CIRCLE('',#10183,2.4E0);
#10189=CIRCLE('',#10188,2.4E0);
#10206=CIRCLE('',#10205,2.4E0);
#10211=CIRCLE('',#10210,1.4E0);
#10220=CIRCLE('',#10219,1.4E0);
#10225=CIRCLE('',#10224,1.4E0);
#10234=CIRCLE('',#10233,1.4E0);
#10239=CIRCLE('',#10238,1.4E0);
#10252=CIRCLE('',#10251,1.7E0);
#10257=CIRCLE('',#10256,1.7E0);
#10262=CIRCLE('',#10261,1.5E0);
#10267=CIRCLE('',#10266,1.5E0);
#10272=CIRCLE('',#10271,1.5E0);
#10277=CIRCLE('',#10276,1.5E0);
#10368=EDGE_CURVE('',#10288,#10289,#10043,.T.);
#10370=EDGE_CURVE('',#10288,#10291,#10020,.T.);
#10372=EDGE_CURVE('',#10291,#10293,#10025,.T.);
#10374=EDGE_CURVE('',#10293,#10295,#10029,.T.);
#10376=EDGE_CURVE('',#10295,#10297,#10034,.T.);
#10378=EDGE_CURVE('',#10297,#10289,#10039,.T.);
#10389=EDGE_CURVE('',#10298,#10289,#10085,.T.);
#10391=EDGE_CURVE('',#10298,#10300,#10047,.T.);
#10393=EDGE_CURVE('',#10300,#10302,#10051,.T.);
#10395=EDGE_CURVE('',#10304,#10302,#10201,.T.);
#10397=EDGE_CURVE('',#10288,#10304,#10122,.T.);
#10409=EDGE_CURVE('',#10295,#10305,#10058,.T.);
#10411=EDGE_CURVE('',#10305,#10307,#10063,.T.);
#10413=EDGE_CURVE('',#10307,#10309,#10068,.T.);
#10415=EDGE_CURVE('',#10309,#10311,#10073,.T.);
#10417=EDGE_CURVE('',#10311,#10298,#10078,.T.);
#10429=EDGE_CURVE('',#10312,#10293,#10115,.T.);
#10431=EDGE_CURVE('',#10314,#10312,#10193,.T.);
#10433=EDGE_CURVE('',#10314,#10316,#10089,.T.);
#10435=EDGE_CURVE('',#10316,#10305,#10093,.T.);
#10446=EDGE_CURVE('',#10319,#10320,#10098,.T.);
#10448=EDGE_CURVE('',#10320,#10322,#10103,.T.);
#10450=EDGE_CURVE('',#10322,#10312,#10108,.T.);
#10456=EDGE_CURVE('',#10304,#10319,#10127,.T.);
#10466=EDGE_CURVE('',#10325,#10326,#10145,.T.);
#10468=EDGE_CURVE('',#10328,#10325,#10140,.T.);
#10470=EDGE_CURVE('',#10322,#10328,#10197,.T.);
#10474=EDGE_CURVE('',#10319,#10326,#10131,.T.);
#10484=EDGE_CURVE('',#10331,#10332,#10155,.T.);
#10486=EDGE_CURVE('',#10334,#10331,#10150,.T.);
#10488=EDGE_CURVE('',#10334,#10328,#10135,.T.);
#10492=EDGE_CURVE('',#10332,#10326,#10179,.T.);
#10504=EDGE_CURVE('',#10332,#10336,#10160,.T.);
#10506=EDGE_CURVE('',#10336,#10334,#10165,.T.);
#10510=EDGE_CURVE('',#10339,#10340,#10170,.T.);
#10512=EDGE_CURVE('',#10340,#10339,#10175,.T.);
#10525=EDGE_CURVE('',#10326,#10342,#10184,.T.);
#10527=EDGE_CURVE('',#10342,#10328,#10189,.T.);
#10538=EDGE_CURVE('',#10314,#10302,#10206,.T.);
#10558=EDGE_CURVE('',#10300,#10316,#10211,.T.);
#10569=EDGE_CURVE('',#10345,#10346,#10225,.T.);
#10571=EDGE_CURVE('',#10348,#10345,#10220,.T.);
#10573=EDGE_CURVE('',#10307,#10348,#10247,.T.);
#10580=EDGE_CURVE('',#10311,#10346,#10215,.T.);
#10592=EDGE_CURVE('',#10346,#10350,#10229,.T.);
#10594=EDGE_CURVE('',#10352,#10350,#10277,.T.);
#10596=EDGE_CURVE('',#10354,#10352,#10272,.T.);
#10598=EDGE_CURVE('',#10348,#10354,#10243,.T.);
#10608=EDGE_CURVE('',#10346,#10356,#10234,.T.);
#10610=EDGE_CURVE('',#10356,#10348,#10239,.T.);
#10613=EDGE_CURVE('',#10358,#10354,#10267,.T.);
#10615=EDGE_CURVE('',#10350,#10358,#10262,.T.);
#10640=EDGE_CURVE('',#10361,#10362,#10252,.T.);
#10642=EDGE_CURVE('',#10362,#10361,#10257,.T.);
#10658=EDGE_CURVE('',#10361,#10340,#10281,.T.);
#10661=EDGE_CURVE('',#10362,#10339,#10285,.T.);
#10681=(LENGTH_UNIT()NAMED_UNIT(*)SI_UNIT(.MILLI.,.METRE.));
#10683=(NAMED_UNIT(*)PLANE_ANGLE_UNIT()SI_UNIT($,.RADIAN.));
#10686=(NAMED_UNIT(*)SI_UNIT($,.STERADIAN.)SOLID_ANGLE_UNIT());
#10692=AXIS2_PLACEMENT_3D('',#10689,#10690,#10691);
#10693=ADVANCED_BREP_SHAPE_REPRESENTATION('',(#10692,#10680),#10688);
#10698=PRODUCT_DEFINITION('design','',#10697,#10694);
#10699=PRODUCT_DEFINITION_SHAPE('','SHAPE FOR DC12_A01_SPACER_RING_1_2.',
#10698);
#10700=SHAPE_DEFINITION_REPRESENTATION(#10699,#10693);
#10701=NEXT_ASSEMBLY_USAGE_OCCURRENCE('9','Next assembly relationship',
'DC12_A01_SPACER_RING_1',#14756,#10698,$);
#10702=PRODUCT_DEFINITION_SHAPE('Placement #9',
'Placement of DC12_A01_SPACER_RING_1_2 with respect to DC12_X430_DUMMY_ASSY_ASM_4_ASM',#10701);
#10711=AXIS2_PLACEMENT_3D('',#10708,#10709,#10710);
#10714=NEXT_ASSEMBLY_USAGE_OCCURRENCE('10','Next assembly relationship',
'DC12_A01_SPACER_RING_1_2',#14756,#10698,$);
#10715=PRODUCT_DEFINITION_SHAPE('Placement #10',
'Placement of DC12_A01_SPACER_RING_1_2 with respect to DC12_X430_DUMMY_ASSY_ASM_4_ASM',#10714);
#10724=AXIS2_PLACEMENT_3D('',#10721,#10722,#10723);
#10727=NEXT_ASSEMBLY_USAGE_OCCURRENCE('11','Next assembly relationship',
'DC12_A01_SPACER_RING_1_2',#14756,#10698,$);
#10728=PRODUCT_DEFINITION_SHAPE('Placement #11',
'Placement of DC12_A01_SPACER_RING_1_2 with respect to DC12_X430_DUMMY_ASSY_ASM_4_ASM',#10727);
#10737=AXIS2_PLACEMENT_3D('',#10734,#10735,#10736);
#10740=NEXT_ASSEMBLY_USAGE_OCCURRENCE('12','Next assembly relationship',
'DC12_A01_SPACER_RING_1_2',#14756,#10698,$);
#10741=PRODUCT_DEFINITION_SHAPE('Placement #12',
'Placement of DC12_A01_SPACER_RING_1_2 with respect to DC12_X430_DUMMY_ASSY_ASM_4_ASM',#10740);
#10750=AXIS2_PLACEMENT_3D('',#10747,#10748,#10749);
#10753=NEXT_ASSEMBLY_USAGE_OCCURRENCE('13','Next assembly relationship',
'DC12_A01_SPACER_RING_1_2',#14756,#10698,$);
#10754=PRODUCT_DEFINITION_SHAPE('Placement #13',
'Placement of DC12_A01_SPACER_RING_1_2 with respect to DC12_X430_DUMMY_ASSY_ASM_4_ASM',#10753);
#10763=AXIS2_PLACEMENT_3D('',#10760,#10761,#10762);
#10766=NEXT_ASSEMBLY_USAGE_OCCURRENCE('14','Next assembly relationship',
'DC12_A01_SPACER_RING_1_2',#14756,#10698,$);
#10767=PRODUCT_DEFINITION_SHAPE('Placement #14',
'Placement of DC12_A01_SPACER_RING_1_2 with respect to DC12_X430_DUMMY_ASSY_ASM_4_ASM',#10766);
#10776=AXIS2_PLACEMENT_3D('',#10773,#10774,#10775);
#10779=NEXT_ASSEMBLY_USAGE_OCCURRENCE('15','Next assembly relationship',
'DC12_A01_SPACER_RING_1_2',#14756,#10698,$);
#10780=PRODUCT_DEFINITION_SHAPE('Placement #15',
'Placement of DC12_A01_SPACER_RING_1_2 with respect to DC12_X430_DUMMY_ASSY_ASM_4_ASM',#10779);
#10789=AXIS2_PLACEMENT_3D('',#10786,#10787,#10788);
#10792=NEXT_ASSEMBLY_USAGE_OCCURRENCE('16','Next assembly relationship',
'DC12_A01_SPACER_RING_1_2',#14756,#10698,$);
#10793=PRODUCT_DEFINITION_SHAPE('Placement #16',
'Placement of DC12_A01_SPACER_RING_1_2 with respect to DC12_X430_DUMMY_ASSY_ASM_4_ASM',#10792);
#10802=AXIS2_PLACEMENT_3D('',#10799,#10800,#10801);
#10862=B_SPLINE_CURVE_WITH_KNOTS('',3,(#10857,#10858,#10859,#10860,#10861),
.UNSPECIFIED.,.F.,.F.,(4,1,4),(0.E0,5.E-1,1.E0),.UNSPECIFIED.);
#10887=CIRCLE('',#10886,3.999999999898E-1);
#10896=CIRCLE('',#10895,4.E-1);
#10901=CIRCLE('',#10900,4.E-1);
#10910=CIRCLE('',#10909,4.000000000012E-1);
#10935=CIRCLE('',#10934,2.E-1);
#10940=CIRCLE('',#10939,9.9E0);
#10945=CIRCLE('',#10944,2.E-1);
#10959=B_SPLINE_CURVE_WITH_KNOTS('',3,(#10954,#10955,#10956,#10957,#10958),
.UNSPECIFIED.,.F.,.F.,(4,1,4),(0.E0,5.E-1,1.E0),.UNSPECIFIED.);
#10968=CIRCLE('',#10967,2.E-1);
#11125=CIRCLE('',#11124,7.000000000022E-1);
#11130=CIRCLE('',#11129,7.000000000018E-1);
#11183=CIRCLE('',#11182,2.E-1);
#11201=B_SPLINE_CURVE_WITH_KNOTS('',3,(#11196,#11197,#11198,#11199,#11200),
.UNSPECIFIED.,.F.,.F.,(4,1,4),(0.E0,5.E-1,1.E0),.UNSPECIFIED.);
#11226=CIRCLE('',#11225,8.E-1);
#11243=CIRCLE('',#11242,8.E-1);
#11248=CIRCLE('',#11247,3.E-1);
#11253=CIRCLE('',#11252,5.E-1);
#11261=B_SPLINE_CURVE_WITH_KNOTS('',3,(#11254,#11255,#11256,#11257,#11258,
#11259,#11260),.UNSPECIFIED.,.F.,.F.,(4,1,1,1,4),(0.E0,2.5E-1,5.E-1,7.5E-1,
1.E0),.UNSPECIFIED.);
#11286=CIRCLE('',#11285,5.000000000022E-1);
#11311=CIRCLE('',#11310,5.000000000018E-1);
#11324=CIRCLE('',#11323,5.E-1);
#11329=CIRCLE('',#11328,5.E-1);
#11334=CIRCLE('',#11333,3.E-1);
#11341=B_SPLINE_CURVE_WITH_KNOTS('',3,(#11335,#11336,#11337,#11338,#11339,
#11340),.UNSPECIFIED.,.F.,.F.,(4,1,1,4),(0.E0,3.333333333333E-1,
6.666666666667E-1,1.E0),.UNSPECIFIED.);
#11348=B_SPLINE_CURVE_WITH_KNOTS('',3,(#11342,#11343,#11344,#11345,#11346,
#11347),.UNSPECIFIED.,.F.,.F.,(4,1,1,4),(0.E0,3.333333333333E-1,
6.666666666667E-1,1.E0),.UNSPECIFIED.);
#11449=CIRCLE('',#11448,2.000000000010E-1);
#11474=CIRCLE('',#11473,9.900000000001E0);
#11479=CIRCLE('',#11478,9.900000000001E0);
#11488=CIRCLE('',#11487,2.000000000010E-1);
#11525=CIRCLE('',#11524,2.E-1);
#11551=B_SPLINE_CURVE_WITH_KNOTS('',3,(#11546,#11547,#11548,#11549,#11550),
.UNSPECIFIED.,.F.,.F.,(4,1,4),(0.E0,5.E-1,1.E0),.UNSPECIFIED.);
#11576=CIRCLE('',#11575,8.E-1);
#11593=CIRCLE('',#11592,8.E-1);
#11598=CIRCLE('',#11597,3.E-1);
#11603=CIRCLE('',#11602,5.E-1);
#11611=B_SPLINE_CURVE_WITH_KNOTS('',3,(#11604,#11605,#11606,#11607,#11608,
#11609,#11610),.UNSPECIFIED.,.F.,.F.,(4,1,1,1,4),(0.E0,2.5E-1,5.E-1,7.5E-1,
1.E0),.UNSPECIFIED.);
#11644=CIRCLE('',#11643,7.000000000018E-1);
#11649=CIRCLE('',#11648,7.000000000022E-1);
#11682=CIRCLE('',#11681,2.E-1);
#11759=B_SPLINE_CURVE_WITH_KNOTS('',3,(#11719,#11720,#11721,#11722,#11723,
#11724,#11725,#11726,#11727,#11728,#11729,#11730,#11731,#11732,#11733,#11734,
#11735,#11736,#11737,#11738,#11739,#11740,#11741,#11742,#11743,#11744,#11745,
#11746,#11747,#11748,#11749,#11750,#11751,#11752,#11753,#11754,#11755,#11756,
#11757,#11758),.UNSPECIFIED.,.F.,.F.,(4,1,1,1,1,1,1,1,1,1,1,1,1,1,1,1,1,1,1,1,1,
1,1,1,1,1,1,1,1,1,1,1,1,1,1,1,1,4),(0.E0,2.702702702703E-2,5.405405405405E-2,
8.108108108108E-2,1.081081081081E-1,1.351351351351E-1,1.621621621622E-1,
1.891891891892E-1,2.162162162162E-1,2.432432432432E-1,2.702702702703E-1,
2.972972972973E-1,3.243243243243E-1,3.513513513514E-1,3.783783783784E-1,
4.054054054054E-1,4.324324324324E-1,4.594594594595E-1,4.864864864865E-1,
5.135135135135E-1,5.405405405405E-1,5.675675675676E-1,5.945945945946E-1,
6.216216216216E-1,6.486486486486E-1,6.756756756757E-1,7.027027027027E-1,
7.297297297297E-1,7.567567567568E-1,7.837837837838E-1,8.108108108108E-1,
8.378378378378E-1,8.648648648649E-1,8.918918918919E-1,9.189189189189E-1,
9.459459459459E-1,9.729729729730E-1,1.E0),.UNSPECIFIED.);
#11796=B_SPLINE_CURVE_WITH_KNOTS('',3,(#11764,#11765,#11766,#11767,#11768,
#11769,#11770,#11771,#11772,#11773,#11774,#11775,#11776,#11777,#11778,#11779,
#11780,#11781,#11782,#11783,#11784,#11785,#11786,#11787,#11788,#11789,#11790,
#11791,#11792,#11793,#11794,#11795),.UNSPECIFIED.,.F.,.F.,(4,1,1,1,1,1,1,1,1,1,
1,1,1,1,1,1,1,1,1,1,1,1,1,1,1,1,1,1,1,4),(0.E0,3.448275862069E-2,
6.896551724138E-2,1.034482758621E-1,1.379310344828E-1,1.724137931034E-1,
2.068965517241E-1,2.413793103448E-1,2.758620689655E-1,3.103448275862E-1,
3.448275862069E-1,3.793103448276E-1,4.137931034483E-1,4.482758620690E-1,
4.827586206897E-1,5.172413793103E-1,5.517241379310E-1,5.862068965517E-1,
6.206896551724E-1,6.551724137931E-1,6.896551724138E-1,7.241379310345E-1,
7.586206896552E-1,7.931034482759E-1,8.275862068966E-1,8.620689655172E-1,
8.965517241379E-1,9.310344827586E-1,9.655172413793E-1,1.E0),.UNSPECIFIED.);
#11813=CIRCLE('',#11812,5.999999999981E-1);
#11818=CIRCLE('',#11817,5.999999999981E-1);
#11835=CIRCLE('',#11834,1.01E1);
#11840=CIRCLE('',#11839,1.01E1);
#11901=CIRCLE('',#11900,3.999999999982E-1);
#11934=CIRCLE('',#11933,3.999999999982E-1);
#11991=B_SPLINE_CURVE_WITH_KNOTS('',3,(#11951,#11952,#11953,#11954,#11955,
#11956,#11957,#11958,#11959,#11960,#11961,#11962,#11963,#11964,#11965,#11966,
#11967,#11968,#11969,#11970,#11971,#11972,#11973,#11974,#11975,#11976,#11977,
#11978,#11979,#11980,#11981,#11982,#11983,#11984,#11985,#11986,#11987,#11988,
#11989,#11990),.UNSPECIFIED.,.F.,.F.,(4,1,1,1,1,1,1,1,1,1,1,1,1,1,1,1,1,1,1,1,1,
1,1,1,1,1,1,1,1,1,1,1,1,1,1,1,1,4),(0.E0,2.702702702703E-2,5.405405405405E-2,
8.108108108108E-2,1.081081081081E-1,1.351351351351E-1,1.621621621622E-1,
1.891891891892E-1,2.162162162162E-1,2.432432432432E-1,2.702702702703E-1,
2.972972972973E-1,3.243243243243E-1,3.513513513514E-1,3.783783783784E-1,
4.054054054054E-1,4.324324324324E-1,4.594594594595E-1,4.864864864865E-1,
5.135135135135E-1,5.405405405405E-1,5.675675675676E-1,5.945945945946E-1,
6.216216216216E-1,6.486486486486E-1,6.756756756757E-1,7.027027027027E-1,
7.297297297297E-1,7.567567567568E-1,7.837837837838E-1,8.108108108108E-1,
8.378378378378E-1,8.648648648649E-1,8.918918918919E-1,9.189189189189E-1,
9.459459459459E-1,9.729729729730E-1,1.E0),.UNSPECIFIED.);
#12028=B_SPLINE_CURVE_WITH_KNOTS('',3,(#11996,#11997,#11998,#11999,#12000,
#12001,#12002,#12003,#12004,#12005,#12006,#12007,#12008,#12009,#12010,#12011,
#12012,#12013,#12014,#12015,#12016,#12017,#12018,#12019,#12020,#12021,#12022,
#12023,#12024,#12025,#12026,#12027),.UNSPECIFIED.,.F.,.F.,(4,1,1,1,1,1,1,1,1,1,
1,1,1,1,1,1,1,1,1,1,1,1,1,1,1,1,1,1,1,4),(0.E0,3.448275862069E-2,
6.896551724138E-2,1.034482758621E-1,1.379310344828E-1,1.724137931034E-1,
2.068965517241E-1,2.413793103448E-1,2.758620689655E-1,3.103448275862E-1,
3.448275862069E-1,3.793103448276E-1,4.137931034483E-1,4.482758620690E-1,
4.827586206897E-1,5.172413793103E-1,5.517241379310E-1,5.862068965517E-1,
6.206896551724E-1,6.551724137931E-1,6.896551724138E-1,7.241379310345E-1,
7.586206896552E-1,7.931034482759E-1,8.275862068966E-1,8.620689655172E-1,
8.965517241379E-1,9.310344827586E-1,9.655172413793E-1,1.E0),.UNSPECIFIED.);
#12129=CIRCLE('',#12128,5.000000000022E-1);
#12146=CIRCLE('',#12145,5.E-1);
#12151=CIRCLE('',#12150,5.E-1);
#12156=CIRCLE('',#12155,3.E-1);
#12163=B_SPLINE_CURVE_WITH_KNOTS('',3,(#12157,#12158,#12159,#12160,#12161,
#12162),.UNSPECIFIED.,.F.,.F.,(4,1,1,4),(0.E0,3.333333333333E-1,
6.666666666667E-1,1.E0),.UNSPECIFIED.);
#12170=B_SPLINE_CURVE_WITH_KNOTS('',3,(#12164,#12165,#12166,#12167,#12168,
#12169),.UNSPECIFIED.,.F.,.F.,(4,1,1,4),(0.E0,3.333333333333E-1,
6.666666666667E-1,1.E0),.UNSPECIFIED.);
#12271=CIRCLE('',#12270,5.000000000018E-1);
#12681=EDGE_CURVE('',#12282,#12283,#10808,.T.);
#12683=EDGE_CURVE('',#12283,#12285,#10812,.T.);
#12685=EDGE_CURVE('',#12285,#12287,#10816,.T.);
#12687=EDGE_CURVE('',#12282,#12287,#10832,.T.);
#12698=EDGE_CURVE('',#12282,#12289,#10820,.T.);
#12700=EDGE_CURVE('',#12289,#12291,#10824,.T.);
#12702=EDGE_CURVE('',#12293,#12291,#12092,.T.);
#12704=EDGE_CURVE('',#12293,#12283,#10828,.T.);
#12714=EDGE_CURVE('',#12289,#12295,#10848,.T.);
#12718=EDGE_CURVE('',#12297,#12287,#12080,.T.);
#12720=EDGE_CURVE('',#12299,#12297,#11665,.T.);
#12722=EDGE_CURVE('',#12299,#12301,#10836,.T.);
#12724=EDGE_CURVE('',#12303,#12301,#12141,.T.);
#12726=EDGE_CURVE('',#12304,#12303,#12170,.T.);
#12728=EDGE_CURVE('',#12305,#12304,#12163,.T.);
#12730=EDGE_CURVE('',#12307,#12305,#11588,.T.);
#12732=EDGE_CURVE('',#12307,#12309,#10840,.T.);
#12734=EDGE_CURVE('',#12310,#12309,#10862,.T.);
#12736=EDGE_CURVE('',#12310,#12295,#10844,.T.);
#12746=EDGE_CURVE('',#12312,#12295,#10852,.T.);
#12748=EDGE_CURVE('',#12291,#12312,#11673,.T.);
#12762=EDGE_CURVE('',#12310,#12314,#10856,.T.);
#12764=EDGE_CURVE('',#12312,#12314,#11677,.T.);
#12776=EDGE_CURVE('',#12309,#12316,#10866,.T.);
#12778=EDGE_CURVE('',#12314,#12316,#11682,.T.);
#12788=EDGE_CURVE('',#12319,#12320,#10953,.T.);
#12790=EDGE_CURVE('',#12322,#12319,#11024,.T.);
#12792=EDGE_CURVE('',#12324,#12322,#11234,.T.);
#12794=EDGE_CURVE('',#12326,#12324,#11213,.T.);
#12796=EDGE_CURVE('',#12326,#12328,#10870,.T.);
#12798=EDGE_CURVE('',#12328,#12330,#10874,.T.);
#12800=EDGE_CURVE('',#12330,#12332,#10878,.T.);
#12802=EDGE_CURVE('',#12332,#12334,#10882,.T.);
#12804=EDGE_CURVE('',#12334,#12336,#10887,.T.);
#12806=EDGE_CURVE('',#12336,#12338,#10891,.T.);
#12808=EDGE_CURVE('',#12338,#12340,#10896,.T.);
#12810=EDGE_CURVE('',#12342,#12340,#11921,.T.);
#12812=EDGE_CURVE('',#12342,#12344,#10901,.T.);
#12814=EDGE_CURVE('',#12344,#12346,#10905,.T.);
#12816=EDGE_CURVE('',#12346,#12348,#10910,.T.);
#12818=EDGE_CURVE('',#12348,#12350,#10914,.T.);
#12820=EDGE_CURVE('',#12350,#12352,#10918,.T.);
#12822=EDGE_CURVE('',#12352,#12316,#10922,.T.);
#12826=EDGE_CURVE('',#12354,#12307,#11584,.T.);
#12828=EDGE_CURVE('',#12356,#12354,#11559,.T.);
#12830=EDGE_CURVE('',#12356,#12358,#10926,.T.);
#12832=EDGE_CURVE('',#12358,#12360,#10930,.T.);
#12834=EDGE_CURVE('',#12360,#12362,#10935,.T.);
#12836=EDGE_CURVE('',#12362,#12364,#10940,.T.);
#12838=EDGE_CURVE('',#12364,#12366,#10945,.T.);
#12840=EDGE_CURVE('',#12366,#12320,#10949,.T.);
#12851=EDGE_CURVE('',#12368,#12320,#10968,.T.);
#12853=EDGE_CURVE('',#12370,#12368,#11004,.T.);
#12855=EDGE_CURVE('',#12370,#12319,#10959,.T.);
#12865=EDGE_CURVE('',#12373,#12374,#10996,.T.);
#12867=EDGE_CURVE('',#12373,#12368,#10963,.T.);
#12871=EDGE_CURVE('',#12376,#12366,#11461,.T.);
#12873=EDGE_CURVE('',#12378,#12376,#11444,.T.);
#12875=EDGE_CURVE('',#12378,#12380,#10972,.T.);
#12877=EDGE_CURVE('',#12382,#12380,#11142,.T.);
#12879=EDGE_CURVE('',#12382,#12384,#10976,.T.);
#12881=EDGE_CURVE('',#12386,#12384,#11088,.T.);
#12883=EDGE_CURVE('',#12388,#12386,#11052,.T.);
#12885=EDGE_CURVE('',#12388,#12390,#10980,.T.);
#12887=EDGE_CURVE('',#12390,#12392,#10984,.T.);
#12889=EDGE_CURVE('',#12392,#12374,#10988,.T.);
#12899=EDGE_CURVE('',#12394,#12373,#10992,.T.);
#12902=EDGE_CURVE('',#12396,#12374,#11032,.T.);
#12904=EDGE_CURVE('',#12394,#12396,#11008,.T.);
#12915=EDGE_CURVE('',#12394,#12370,#11000,.T.);
#12928=EDGE_CURVE('',#12398,#12396,#11028,.T.);
#12930=EDGE_CURVE('',#12398,#12400,#11012,.T.);
#12932=EDGE_CURVE('',#12402,#12400,#11096,.T.);
#12934=EDGE_CURVE('',#12404,#12402,#11112,.T.);
#12936=EDGE_CURVE('',#12404,#12406,#11016,.T.);
#12938=EDGE_CURVE('',#12406,#12408,#11020,.T.);
#12940=EDGE_CURVE('',#12409,#12408,#11348,.T.);
#12942=EDGE_CURVE('',#12410,#12409,#11341,.T.);
#12944=EDGE_CURVE('',#12322,#12410,#11238,.T.);
#12957=EDGE_CURVE('',#12398,#12412,#11040,.T.);
#12961=EDGE_CURVE('',#12414,#12374,#11056,.T.);
#12963=EDGE_CURVE('',#12414,#12412,#11036,.T.);
#12974=EDGE_CURVE('',#12412,#12416,#11044,.T.);
#12976=EDGE_CURVE('',#12400,#12416,#11100,.T.);
#12988=EDGE_CURVE('',#12418,#12414,#11064,.T.);
#12990=EDGE_CURVE('',#12418,#12420,#11048,.T.);
#12992=EDGE_CURVE('',#12388,#12420,#11080,.T.);
#12995=EDGE_CURVE('',#12416,#12386,#11104,.T.);
#13008=EDGE_CURVE('',#12422,#12392,#11068,.T.);
#13010=EDGE_CURVE('',#12422,#12418,#11060,.T.);
#13023=EDGE_CURVE('',#12390,#12424,#11072,.T.);
#13025=EDGE_CURVE('',#12424,#12422,#11076,.T.);
#13036=EDGE_CURVE('',#12420,#12424,#11084,.T.);
#13061=EDGE_CURVE('',#12384,#12402,#11092,.T.);
#13075=EDGE_CURVE('',#12426,#12382,#11138,.T.);
#13077=EDGE_CURVE('',#12426,#12404,#11108,.T.);
#13089=EDGE_CURVE('',#12429,#12430,#11116,.T.);
#13091=EDGE_CURVE('',#12430,#12432,#11120,.T.);
#13093=EDGE_CURVE('',#12432,#12434,#11125,.T.);
#13095=EDGE_CURVE('',#12436,#12434,#11277,.T.);
#13097=EDGE_CURVE('',#12436,#12438,#11130,.T.);
#13099=EDGE_CURVE('',#12438,#12426,#11134,.T.);
#13103=EDGE_CURVE('',#12380,#12440,#11146,.T.);
#13105=EDGE_CURVE('',#12429,#12440,#11170,.T.);
#13115=EDGE_CURVE('',#12429,#12442,#11150,.T.);
#13117=EDGE_CURVE('',#12444,#12442,#11364,.T.);
#13119=EDGE_CURVE('',#12446,#12444,#11221,.T.);
#13121=EDGE_CURVE('',#12430,#12446,#11294,.T.);
#13132=EDGE_CURVE('',#12449,#12450,#11154,.T.);
#13134=EDGE_CURVE('',#12450,#12452,#11158,.T.);
#13136=EDGE_CURVE('',#12452,#12454,#11162,.T.);
#13138=EDGE_CURVE('',#12456,#12454,#11416,.T.);
#13140=EDGE_CURVE('',#12458,#12456,#11372,.T.);
#13142=EDGE_CURVE('',#12458,#12442,#11166,.T.);
#13146=EDGE_CURVE('',#12440,#12460,#11174,.T.);
#13148=EDGE_CURVE('',#12462,#12460,#12068,.T.);
#13150=EDGE_CURVE('',#12462,#12330,#11178,.T.);
#13153=EDGE_CURVE('',#12328,#12464,#11183,.T.);
#13155=EDGE_CURVE('',#12464,#12449,#11187,.T.);
#13165=EDGE_CURVE('',#12449,#12466,#11191,.T.);
#13167=EDGE_CURVE('',#12466,#12468,#11195,.T.);
#13169=EDGE_CURVE('',#12450,#12468,#11388,.T.);
#13182=EDGE_CURVE('',#12470,#12464,#11205,.T.);
#13184=EDGE_CURVE('',#12466,#12470,#11209,.T.);
#13195=EDGE_CURVE('',#12326,#12470,#11201,.T.);
#13211=EDGE_CURVE('',#12472,#12324,#11230,.T.);
#13213=EDGE_CURVE('',#12473,#12472,#11261,.T.);
#13215=EDGE_CURVE('',#12475,#12473,#11298,.T.);
#13217=EDGE_CURVE('',#12475,#12446,#11217,.T.);
#13220=EDGE_CURVE('',#12477,#12444,#11360,.T.);
#13222=EDGE_CURVE('',#12479,#12477,#11400,.T.);
#13224=EDGE_CURVE('',#12468,#12479,#11392,.T.);
#13234=EDGE_CURVE('',#12481,#12472,#11226,.T.);
#13239=EDGE_CURVE('',#12410,#12483,#11243,.T.);
#13241=EDGE_CURVE('',#12481,#12483,#11269,.T.);
#13252=EDGE_CURVE('',#12481,#12485,#11248,.T.);
#13254=EDGE_CURVE('',#12485,#12473,#11253,.T.);
#13265=EDGE_CURVE('',#12487,#12485,#11265,.T.);
#13269=EDGE_CURVE('',#12487,#12483,#11334,.T.);
#13279=EDGE_CURVE('',#12490,#12491,#11273,.T.);
#13281=EDGE_CURVE('',#12485,#12491,#11302,.T.);
#13284=EDGE_CURVE('',#12490,#12487,#11319,.T.);
#13295=EDGE_CURVE('',#12491,#12434,#11290,.T.);
#13298=EDGE_CURVE('',#12436,#12490,#11306,.T.);
#13309=EDGE_CURVE('',#12432,#12475,#11281,.T.);
#13311=EDGE_CURVE('',#12475,#12491,#11286,.T.);
#13348=EDGE_CURVE('',#12490,#12406,#11311,.T.);
#13350=EDGE_CURVE('',#12406,#12438,#11315,.T.);
#13362=EDGE_CURVE('',#12493,#12487,#11329,.T.);
#13364=EDGE_CURVE('',#12408,#12493,#11324,.T.);
#13402=EDGE_CURVE('',#12458,#12495,#11352,.T.);
#13404=EDGE_CURVE('',#12495,#12477,#11356,.T.);
#13416=EDGE_CURVE('',#12498,#12499,#11380,.T.);
#13418=EDGE_CURVE('',#12498,#12495,#11368,.T.);
#13422=EDGE_CURVE('',#12501,#12456,#11412,.T.);
#13424=EDGE_CURVE('',#12501,#12503,#11376,.T.);
#13426=EDGE_CURVE('',#12499,#12503,#11404,.T.);
#13436=EDGE_CURVE('',#12498,#12479,#11396,.T.);
#13439=EDGE_CURVE('',#12499,#12450,#11384,.T.);
#13465=EDGE_CURVE('',#12503,#12505,#11408,.T.);
#13467=EDGE_CURVE('',#12452,#12505,#11428,.T.);
#13480=EDGE_CURVE('',#12507,#12501,#11424,.T.);
#13482=EDGE_CURVE('',#12505,#12507,#11432,.T.);
#13494=EDGE_CURVE('',#12454,#12507,#11420,.T.);
#13517=EDGE_CURVE('',#12509,#12378,#11440,.T.);
#13519=EDGE_CURVE('',#12509,#12511,#11436,.T.);
#13521=EDGE_CURVE('',#12460,#12511,#12056,.T.);
#13536=EDGE_CURVE('',#12513,#12376,#11457,.T.);
#13538=EDGE_CURVE('',#12509,#12513,#11830,.T.);
#13548=EDGE_CURVE('',#12376,#12515,#11449,.T.);
#13550=EDGE_CURVE('',#12515,#12513,#11453,.T.);
#13564=EDGE_CURVE('',#12515,#12364,#11465,.T.);
#13574=EDGE_CURVE('',#12518,#12519,#11479,.T.);
#13576=EDGE_CURVE('',#12515,#12518,#11474,.T.);
#13580=EDGE_CURVE('',#12362,#12519,#11469,.T.);
#13592=EDGE_CURVE('',#12519,#12521,#11483,.T.);
#13594=EDGE_CURVE('',#12523,#12521,#11840,.T.);
#13596=EDGE_CURVE('',#12513,#12523,#11835,.T.);
#13607=EDGE_CURVE('',#12519,#12525,#11488,.T.);
#13609=EDGE_CURVE('',#12525,#12521,#11492,.T.);
#13623=EDGE_CURVE('',#12360,#12525,#11496,.T.);
#13633=EDGE_CURVE('',#12528,#12529,#11533,.T.);
#13635=EDGE_CURVE('',#12528,#12531,#11500,.T.);
#13637=EDGE_CURVE('',#12531,#12533,#11504,.T.);
#13639=EDGE_CURVE('',#12533,#12535,#11508,.T.);
#13641=EDGE_CURVE('',#12537,#12535,#12226,.T.);
#13643=EDGE_CURVE('',#12537,#12539,#11512,.T.);
#13645=EDGE_CURVE('',#12541,#12539,#12178,.T.);
#13647=EDGE_CURVE('',#12541,#12543,#11516,.T.);
#13649=EDGE_CURVE('',#12543,#12545,#11520,.T.);
#13651=EDGE_CURVE('',#12525,#12545,#11848,.T.);
#13655=EDGE_CURVE('',#12358,#12547,#11525,.T.);
#13657=EDGE_CURVE('',#12547,#12529,#11529,.T.);
#13667=EDGE_CURVE('',#12549,#12529,#11537,.T.);
#13669=EDGE_CURVE('',#12551,#12549,#11555,.T.);
#13671=EDGE_CURVE('',#12528,#12551,#12214,.T.);
#13684=EDGE_CURVE('',#12553,#12547,#11545,.T.);
#13686=EDGE_CURVE('',#12553,#12549,#11541,.T.);
#13699=EDGE_CURVE('',#12356,#12553,#11551,.T.);
#13713=EDGE_CURVE('',#12555,#12354,#11580,.T.);
#13715=EDGE_CURVE('',#12556,#12555,#11611,.T.);
#13717=EDGE_CURVE('',#12556,#12558,#11563,.T.);
#13719=EDGE_CURVE('',#12558,#12560,#11567,.T.);
#13721=EDGE_CURVE('',#12560,#12562,#11571,.T.);
#13723=EDGE_CURVE('',#12564,#12562,#12186,.T.);
#13725=EDGE_CURVE('',#12566,#12564,#12198,.T.);
#13727=EDGE_CURVE('',#12551,#12566,#12218,.T.);
#13737=EDGE_CURVE('',#12568,#12555,#11576,.T.);
#13742=EDGE_CURVE('',#12305,#12570,#11593,.T.);
#13744=EDGE_CURVE('',#12568,#12570,#11619,.T.);
#13755=EDGE_CURVE('',#12568,#12572,#11598,.T.);
#13757=EDGE_CURVE('',#12572,#12556,#11603,.T.);
#13768=EDGE_CURVE('',#12574,#12572,#11615,.T.);
#13772=EDGE_CURVE('',#12574,#12570,#12156,.T.);
#13782=EDGE_CURVE('',#12577,#12578,#11623,.T.);
#13784=EDGE_CURVE('',#12572,#12578,#12279,.T.);
#13787=EDGE_CURVE('',#12577,#12574,#12137,.T.);
#13797=EDGE_CURVE('',#12581,#12582,#11627,.T.);
#13799=EDGE_CURVE('',#12578,#12582,#12275,.T.);
#13802=EDGE_CURVE('',#12581,#12577,#12124,.T.);
#13812=EDGE_CURVE('',#12585,#12586,#11657,.T.);
#13814=EDGE_CURVE('',#12585,#12588,#11631,.T.);
#13816=EDGE_CURVE('',#12588,#12543,#11635,.T.);
#13819=EDGE_CURVE('',#12590,#12541,#12174,.T.);
#13821=EDGE_CURVE('',#12590,#12592,#11639,.T.);
#13823=EDGE_CURVE('',#12592,#12582,#11644,.T.);
#13826=EDGE_CURVE('',#12581,#12594,#11649,.T.);
#13828=EDGE_CURVE('',#12594,#12586,#11653,.T.);
#13838=EDGE_CURVE('',#12585,#12596,#11694,.T.);
#13841=EDGE_CURVE('',#12586,#12299,#11661,.T.);
#13844=EDGE_CURVE('',#12297,#12596,#11669,.T.);
#13858=EDGE_CURVE('',#12352,#12598,#11686,.T.);
#13860=EDGE_CURVE('',#12600,#12598,#11860,.T.);
#13862=EDGE_CURVE('',#12600,#12588,#11690,.T.);
#13866=EDGE_CURVE('',#12602,#12596,#12076,.T.);
#13868=EDGE_CURVE('',#12604,#12602,#12088,.T.);
#13870=EDGE_CURVE('',#12604,#12606,#11698,.T.);
#13872=EDGE_CURVE('',#12606,#12608,#11702,.T.);
#13874=EDGE_CURVE('',#12608,#12291,#11706,.T.);
#13885=EDGE_CURVE('',#12350,#12610,#11710,.T.);
#13887=EDGE_CURVE('',#12612,#12610,#11876,.T.);
#13889=EDGE_CURVE('',#12598,#12612,#11864,.T.);
#13902=EDGE_CURVE('',#12614,#12348,#11718,.T.);
#13904=EDGE_CURVE('',#12614,#12610,#11714,.T.);
#13914=EDGE_CURVE('',#12614,#12615,#11796,.T.);
#13918=EDGE_CURVE('',#12615,#12346,#11888,.T.);
#13996=EDGE_CURVE('',#12616,#12617,#11759,.T.);
#13998=EDGE_CURVE('',#12617,#12614,#11763,.T.);
#14001=EDGE_CURVE('',#12616,#12615,#11880,.T.);
#14011=EDGE_CURVE('',#12521,#12619,#11800,.T.);
#14013=EDGE_CURVE('',#12621,#12619,#11852,.T.);
#14015=EDGE_CURVE('',#12621,#12623,#11804,.T.);
#14017=EDGE_CURVE('',#12617,#12623,#11868,.T.);
#14020=EDGE_CURVE('',#12616,#12625,#11808,.T.);
#14022=EDGE_CURVE('',#12625,#12627,#11813,.T.);
#14024=EDGE_CURVE('',#12629,#12627,#11909,.T.);
#14026=EDGE_CURVE('',#12629,#12631,#11818,.T.);
#14028=EDGE_CURVE('',#12631,#12633,#11822,.T.);
#14030=EDGE_CURVE('',#12634,#12633,#11991,.T.);
#14032=EDGE_CURVE('',#12636,#12634,#12032,.T.);
#14034=EDGE_CURVE('',#12636,#12511,#11826,.T.);
#14048=EDGE_CURVE('',#12545,#12619,#11844,.T.);
#14065=EDGE_CURVE('',#12621,#12600,#11856,.T.);
#14080=EDGE_CURVE('',#12623,#12612,#11872,.T.);
#14105=EDGE_CURVE('',#12638,#12615,#11884,.T.);
#14107=EDGE_CURVE('',#12625,#12638,#11896,.T.);
#14120=EDGE_CURVE('',#12638,#12344,#11892,.T.);
#14130=EDGE_CURVE('',#12638,#12640,#11901,.T.);
#14134=EDGE_CURVE('',#12640,#12342,#11917,.T.);
#14147=EDGE_CURVE('',#12640,#12627,#11905,.T.);
#14159=EDGE_CURVE('',#12642,#12640,#11913,.T.);
#14161=EDGE_CURVE('',#12629,#12642,#11929,.T.);
#14174=EDGE_CURVE('',#12642,#12340,#11925,.T.);
#14184=EDGE_CURVE('',#12642,#12644,#11934,.T.);
#14188=EDGE_CURVE('',#12644,#12338,#11946,.T.);
#14201=EDGE_CURVE('',#12644,#12631,#11938,.T.);
#14213=EDGE_CURVE('',#12646,#12644,#11942,.T.);
#14215=EDGE_CURVE('',#12633,#12646,#11995,.T.);
#14228=EDGE_CURVE('',#12646,#12336,#11950,.T.);
#14238=EDGE_CURVE('',#12646,#12647,#12028,.T.);
#14242=EDGE_CURVE('',#12647,#12334,#12048,.T.);
#14335=EDGE_CURVE('',#12634,#12647,#12036,.T.);
#14347=EDGE_CURVE('',#12649,#12647,#12044,.T.);
#14349=EDGE_CURVE('',#12649,#12651,#12040,.T.);
#14351=EDGE_CURVE('',#12636,#12651,#12060,.T.);
#14364=EDGE_CURVE('',#12649,#12332,#12052,.T.);
#14376=EDGE_CURVE('',#12651,#12462,#12064,.T.);
#14402=EDGE_CURVE('',#12285,#12602,#12072,.T.);
#14416=EDGE_CURVE('',#12653,#12293,#12100,.T.);
#14418=EDGE_CURVE('',#12653,#12655,#12084,.T.);
#14420=EDGE_CURVE('',#12604,#12655,#12116,.T.);
#14435=EDGE_CURVE('',#12657,#12608,#12104,.T.);
#14437=EDGE_CURVE('',#12657,#12653,#12096,.T.);
#14450=EDGE_CURVE('',#12606,#12659,#12108,.T.);
#14452=EDGE_CURVE('',#12659,#12657,#12112,.T.);
#14463=EDGE_CURVE('',#12655,#12659,#12120,.T.);
#14489=EDGE_CURVE('',#12301,#12594,#12133,.T.);
#14502=EDGE_CURVE('',#12577,#12301,#12129,.T.);
#14515=EDGE_CURVE('',#12661,#12574,#12151,.T.);
#14517=EDGE_CURVE('',#12303,#12661,#12146,.T.);
#14544=EDGE_CURVE('',#12539,#12562,#12182,.T.);
#14547=EDGE_CURVE('',#12590,#12560,#12262,.T.);
#14557=EDGE_CURVE('',#12564,#12663,#12202,.T.);
#14562=EDGE_CURVE('',#12537,#12663,#12190,.T.);
#14572=EDGE_CURVE('',#12665,#12566,#12194,.T.);
#14576=EDGE_CURVE('',#12665,#12663,#12222,.T.);
#14587=EDGE_CURVE('',#12665,#12667,#12206,.T.);
#14589=EDGE_CURVE('',#12667,#12528,#12210,.T.);
#14605=EDGE_CURVE('',#12669,#12535,#12234,.T.);
#14607=EDGE_CURVE('',#12669,#12671,#12230,.T.);
#14609=EDGE_CURVE('',#12667,#12671,#12254,.T.);
#14621=EDGE_CURVE('',#12533,#12673,#12238,.T.);
#14623=EDGE_CURVE('',#12673,#12669,#12242,.T.);
#14633=EDGE_CURVE('',#12531,#12675,#12246,.T.);
#14635=EDGE_CURVE('',#12675,#12673,#12250,.T.);
#14649=EDGE_CURVE('',#12671,#12675,#12258,.T.);
#14675=EDGE_CURVE('',#12592,#12558,#12266,.T.);
#14688=EDGE_CURVE('',#12558,#12578,#12271,.T.);
#14708=(LENGTH_UNIT()NAMED_UNIT(*)SI_UNIT(.MILLI.,.METRE.));
#14710=(NAMED_UNIT(*)PLANE_ANGLE_UNIT()SI_UNIT($,.RADIAN.));
#14713=(NAMED_UNIT(*)SI_UNIT($,.STERADIAN.)SOLID_ANGLE_UNIT());
#14719=AXIS2_PLACEMENT_3D('',#14716,#14717,#14718);
#14720=ADVANCED_BREP_SHAPE_REPRESENTATION('',(#14719,#14707),#14715);
#14724=PRODUCT_DEFINITION('design','',#14723,#10694);
#14725=PRODUCT_DEFINITION_SHAPE('','SHAPE FOR DC12_A01_CVR_CABLE_5_1.',#14724);
#14726=SHAPE_DEFINITION_REPRESENTATION(#14725,#14720);
#14727=NEXT_ASSEMBLY_USAGE_OCCURRENCE('17','Next assembly relationship',
'DC12_A01_CVR_CABLE_5',#14756,#14724,$);
#14728=PRODUCT_DEFINITION_SHAPE('Placement #17',
'Placement of DC12_A01_CVR_CABLE_5_1 with respect to DC12_X430_DUMMY_ASSY_ASM_4_ASM',#14727);
#14737=AXIS2_PLACEMENT_3D('',#14734,#14735,#14736);
#14740=(LENGTH_UNIT()NAMED_UNIT(*)SI_UNIT(.MILLI.,.METRE.));
#14742=(NAMED_UNIT(*)PLANE_ANGLE_UNIT()SI_UNIT($,.RADIAN.));
#14745=(NAMED_UNIT(*)SI_UNIT($,.STERADIAN.)SOLID_ANGLE_UNIT());
#14751=AXIS2_PLACEMENT_3D('',#14748,#14749,#14750);
#14756=PRODUCT_DEFINITION('design','',#14755,#14752);
#14757=SHAPE_DEFINITION_REPRESENTATION(#14758,#14759);
#14758=PRODUCT_DEFINITION_SHAPE('','SHAPE FOR XM_H-430_IDLER_ASM.',#14784);
#14759=SHAPE_REPRESENTATION('',(#14765,#14780),#14776);
#14760=NEXT_ASSEMBLY_USAGE_OCCURRENCE('18','Next assembly relationship',
'DC12_X430_DUMMY_ASSY_ASM_4',#14784,#14756,$);
#14761=PRODUCT_DEFINITION_SHAPE('Placement #18',
'Placement of DC12_X430_DUMMY_ASSY_ASM_4_ASM with respect to XM_H-430_IDLER_ASM'
,#14760);
#14769=(LENGTH_UNIT()NAMED_UNIT(*)SI_UNIT(.MILLI.,.METRE.));
#14771=(NAMED_UNIT(*)PLANE_ANGLE_UNIT()SI_UNIT($,.RADIAN.));
#14774=(NAMED_UNIT(*)SI_UNIT($,.STERADIAN.)SOLID_ANGLE_UNIT());
#14780=AXIS2_PLACEMENT_3D('',#14777,#14778,#14779);
#14784=PRODUCT_DEFINITION('design','',#14783,#14752);
ENDSEC;
END-ISO-10303-21;
