ISO-10303-21;
HEADER;
/* Generated by software containing ST-Developer
 * from STEP Tools, Inc. (www.steptools.com) 
 */
/* OPTION: strings as raw bytes, not using required /X/ escapes */

FILE_DESCRIPTION(
/* description */ ('Unknown'),
/* implementation_level */ '2;1');

FILE_NAME(
/* name */ 'B01_open_base_box',
/* time_stamp */ '2026-09-23T11:54:21+08:00',
/* author */ ('Unknown'),
/* organization */ ('Unknown'),
/* preprocessor_version */ 'ST-DEVELOPER v16.7',
/* originating_system */ 'Solid Edge',
/* authorisation */ 'Unknown');

FILE_SCHEMA (('AUTOMOTIVE_DESIGN {1 0 10303 214 3 1 1}'));
ENDSEC;

DATA;
#10=PROPERTY_DEFINITION_REPRESENTATION(#14,#12);
#11=PROPERTY_DEFINITION_REPRESENTATION(#15,#13);
#12=REPRESENTATION('',(#16),#3079);
#13=REPRESENTATION('',(#17),#3079);
#14=PROPERTY_DEFINITION('pmi validation property','',#3084);
#15=PROPERTY_DEFINITION('pmi validation property','',#3084);
#16=VALUE_REPRESENTATION_ITEM('number of annotations',COUNT_MEASURE(0.));
#17=VALUE_REPRESENTATION_ITEM('number of views',COUNT_MEASURE(0.));
#18=SHAPE_REPRESENTATION_RELATIONSHIP('','',#1889,#19);
#19=ADVANCED_BREP_SHAPE_REPRESENTATION('',(#1887),#3079);
#20=CYLINDRICAL_SURFACE('',#1946,3.25);
#21=CYLINDRICAL_SURFACE('',#1948,3.25);
#22=CYLINDRICAL_SURFACE('',#1950,3.25);
#23=CYLINDRICAL_SURFACE('',#1952,3.25);
#24=CYLINDRICAL_SURFACE('',#1964,7.);
#25=CYLINDRICAL_SURFACE('',#1965,7.);
#26=CYLINDRICAL_SURFACE('',#1966,7.);
#27=CYLINDRICAL_SURFACE('',#1967,7.);
#28=CYLINDRICAL_SURFACE('',#1968,7.);
#29=CYLINDRICAL_SURFACE('',#1969,7.);
#30=CYLINDRICAL_SURFACE('',#1970,7.);
#31=CYLINDRICAL_SURFACE('',#1971,7.);
#32=CYLINDRICAL_SURFACE('',#1972,7.);
#33=CYLINDRICAL_SURFACE('',#1973,7.);
#34=CYLINDRICAL_SURFACE('',#1984,1.7);
#35=CYLINDRICAL_SURFACE('',#1995,1.7);
#36=CYLINDRICAL_SURFACE('',#2006,1.7);
#37=CYLINDRICAL_SURFACE('',#2017,1.7);
#38=CYLINDRICAL_SURFACE('',#2028,1.7);
#39=CYLINDRICAL_SURFACE('',#2039,1.7);
#40=CYLINDRICAL_SURFACE('',#2044,1.7);
#41=CYLINDRICAL_SURFACE('',#2045,1.7);
#42=CYLINDRICAL_SURFACE('',#2046,1.7);
#43=CYLINDRICAL_SURFACE('',#2047,1.7);
#44=CYLINDRICAL_SURFACE('',#2048,1.7);
#45=CYLINDRICAL_SURFACE('',#2049,1.7);
#46=CYLINDRICAL_SURFACE('',#2050,1.7);
#47=CYLINDRICAL_SURFACE('',#2051,1.7);
#48=CIRCLE('',#1892,7.);
#49=CIRCLE('',#1893,7.);
#50=CIRCLE('',#1894,7.);
#51=CIRCLE('',#1895,7.);
#52=CIRCLE('',#1896,7.);
#53=CIRCLE('',#1897,7.);
#54=CIRCLE('',#1898,7.);
#55=CIRCLE('',#1899,7.);
#56=CIRCLE('',#1900,7.);
#57=CIRCLE('',#1901,7.);
#58=CIRCLE('',#1903,1.7);
#59=CIRCLE('',#1904,1.7);
#60=CIRCLE('',#1905,1.7);
#61=CIRCLE('',#1906,1.7);
#62=CIRCLE('',#1907,1.7);
#63=CIRCLE('',#1908,1.7);
#64=CIRCLE('',#1909,1.7);
#65=CIRCLE('',#1910,1.7);
#66=CIRCLE('',#1911,3.25);
#67=CIRCLE('',#1912,3.25);
#68=CIRCLE('',#1913,3.25);
#69=CIRCLE('',#1914,3.25);
#70=CIRCLE('',#1915,7.);
#71=CIRCLE('',#1916,7.);
#72=CIRCLE('',#1917,7.);
#73=CIRCLE('',#1918,7.);
#74=CIRCLE('',#1919,7.);
#75=CIRCLE('',#1920,7.);
#76=CIRCLE('',#1926,7.);
#77=CIRCLE('',#1931,7.);
#78=CIRCLE('',#1935,7.);
#79=CIRCLE('',#1940,7.);
#80=CIRCLE('',#1947,3.25);
#81=CIRCLE('',#1949,3.25);
#82=CIRCLE('',#1951,3.25);
#83=CIRCLE('',#1953,3.25);
#84=CIRCLE('',#1956,1.7);
#85=CIRCLE('',#1957,1.7);
#86=CIRCLE('',#1958,1.7);
#87=CIRCLE('',#1959,1.7);
#88=CIRCLE('',#1960,1.7);
#89=CIRCLE('',#1961,1.7);
#90=CIRCLE('',#1962,1.7);
#91=CIRCLE('',#1963,1.7);
#92=CIRCLE('',#1981,1.7);
#93=CIRCLE('',#1983,1.7);
#94=CIRCLE('',#1992,1.7);
#95=CIRCLE('',#1994,1.7);
#96=CIRCLE('',#2003,1.7);
#97=CIRCLE('',#2005,1.7);
#98=CIRCLE('',#2014,1.7);
#99=CIRCLE('',#2016,1.7);
#100=CIRCLE('',#2025,1.7);
#101=CIRCLE('',#2027,1.7);
#102=CIRCLE('',#2036,1.7);
#103=CIRCLE('',#2038,1.7);
#104=ORIENTED_EDGE('',*,*,#584,.F.);
#105=ORIENTED_EDGE('',*,*,#585,.F.);
#106=ORIENTED_EDGE('',*,*,#586,.F.);
#107=ORIENTED_EDGE('',*,*,#587,.F.);
#108=ORIENTED_EDGE('',*,*,#588,.F.);
#109=ORIENTED_EDGE('',*,*,#589,.F.);
#110=ORIENTED_EDGE('',*,*,#590,.F.);
#111=ORIENTED_EDGE('',*,*,#591,.F.);
#112=ORIENTED_EDGE('',*,*,#592,.F.);
#113=ORIENTED_EDGE('',*,*,#593,.F.);
#114=ORIENTED_EDGE('',*,*,#594,.F.);
#115=ORIENTED_EDGE('',*,*,#595,.F.);
#116=ORIENTED_EDGE('',*,*,#596,.F.);
#117=ORIENTED_EDGE('',*,*,#597,.F.);
#118=ORIENTED_EDGE('',*,*,#598,.F.);
#119=ORIENTED_EDGE('',*,*,#599,.F.);
#120=ORIENTED_EDGE('',*,*,#600,.F.);
#121=ORIENTED_EDGE('',*,*,#601,.F.);
#122=ORIENTED_EDGE('',*,*,#602,.F.);
#123=ORIENTED_EDGE('',*,*,#603,.T.);
#124=ORIENTED_EDGE('',*,*,#604,.F.);
#125=ORIENTED_EDGE('',*,*,#605,.T.);
#126=ORIENTED_EDGE('',*,*,#606,.F.);
#127=ORIENTED_EDGE('',*,*,#607,.T.);
#128=ORIENTED_EDGE('',*,*,#608,.F.);
#129=ORIENTED_EDGE('',*,*,#609,.T.);
#130=ORIENTED_EDGE('',*,*,#610,.F.);
#131=ORIENTED_EDGE('',*,*,#611,.T.);
#132=ORIENTED_EDGE('',*,*,#612,.F.);
#133=ORIENTED_EDGE('',*,*,#613,.T.);
#134=ORIENTED_EDGE('',*,*,#614,.F.);
#135=ORIENTED_EDGE('',*,*,#615,.T.);
#136=ORIENTED_EDGE('',*,*,#616,.F.);
#137=ORIENTED_EDGE('',*,*,#617,.T.);
#138=ORIENTED_EDGE('',*,*,#618,.F.);
#139=ORIENTED_EDGE('',*,*,#619,.F.);
#140=ORIENTED_EDGE('',*,*,#620,.T.);
#141=ORIENTED_EDGE('',*,*,#621,.F.);
#142=ORIENTED_EDGE('',*,*,#622,.F.);
#143=ORIENTED_EDGE('',*,*,#623,.F.);
#144=ORIENTED_EDGE('',*,*,#624,.T.);
#145=ORIENTED_EDGE('',*,*,#625,.F.);
#146=ORIENTED_EDGE('',*,*,#626,.T.);
#147=ORIENTED_EDGE('',*,*,#627,.T.);
#148=ORIENTED_EDGE('',*,*,#628,.T.);
#149=ORIENTED_EDGE('',*,*,#629,.T.);
#150=ORIENTED_EDGE('',*,*,#630,.F.);
#151=ORIENTED_EDGE('',*,*,#631,.F.);
#152=ORIENTED_EDGE('',*,*,#632,.F.);
#153=ORIENTED_EDGE('',*,*,#633,.F.);
#154=ORIENTED_EDGE('',*,*,#634,.F.);
#155=ORIENTED_EDGE('',*,*,#635,.F.);
#156=ORIENTED_EDGE('',*,*,#636,.F.);
#157=ORIENTED_EDGE('',*,*,#637,.F.);
#158=ORIENTED_EDGE('',*,*,#638,.F.);
#159=ORIENTED_EDGE('',*,*,#639,.F.);
#160=ORIENTED_EDGE('',*,*,#640,.F.);
#161=ORIENTED_EDGE('',*,*,#641,.F.);
#162=ORIENTED_EDGE('',*,*,#642,.F.);
#163=ORIENTED_EDGE('',*,*,#643,.F.);
#164=ORIENTED_EDGE('',*,*,#644,.F.);
#165=ORIENTED_EDGE('',*,*,#645,.F.);
#166=ORIENTED_EDGE('',*,*,#646,.F.);
#167=ORIENTED_EDGE('',*,*,#647,.F.);
#168=ORIENTED_EDGE('',*,*,#648,.F.);
#169=ORIENTED_EDGE('',*,*,#649,.F.);
#170=ORIENTED_EDGE('',*,*,#650,.F.);
#171=ORIENTED_EDGE('',*,*,#651,.F.);
#172=ORIENTED_EDGE('',*,*,#652,.F.);
#173=ORIENTED_EDGE('',*,*,#653,.F.);
#174=ORIENTED_EDGE('',*,*,#654,.F.);
#175=ORIENTED_EDGE('',*,*,#655,.F.);
#176=ORIENTED_EDGE('',*,*,#656,.F.);
#177=ORIENTED_EDGE('',*,*,#657,.F.);
#178=ORIENTED_EDGE('',*,*,#658,.F.);
#179=ORIENTED_EDGE('',*,*,#659,.F.);
#180=ORIENTED_EDGE('',*,*,#660,.F.);
#181=ORIENTED_EDGE('',*,*,#661,.T.);
#182=ORIENTED_EDGE('',*,*,#662,.F.);
#183=ORIENTED_EDGE('',*,*,#663,.T.);
#184=ORIENTED_EDGE('',*,*,#664,.F.);
#185=ORIENTED_EDGE('',*,*,#665,.T.);
#186=ORIENTED_EDGE('',*,*,#666,.F.);
#187=ORIENTED_EDGE('',*,*,#667,.T.);
#188=ORIENTED_EDGE('',*,*,#668,.F.);
#189=ORIENTED_EDGE('',*,*,#669,.T.);
#190=ORIENTED_EDGE('',*,*,#670,.F.);
#191=ORIENTED_EDGE('',*,*,#671,.T.);
#192=ORIENTED_EDGE('',*,*,#661,.F.);
#193=ORIENTED_EDGE('',*,*,#672,.T.);
#194=ORIENTED_EDGE('',*,*,#602,.T.);
#195=ORIENTED_EDGE('',*,*,#673,.T.);
#196=ORIENTED_EDGE('',*,*,#604,.T.);
#197=ORIENTED_EDGE('',*,*,#674,.T.);
#198=ORIENTED_EDGE('',*,*,#671,.F.);
#199=ORIENTED_EDGE('',*,*,#675,.T.);
#200=ORIENTED_EDGE('',*,*,#676,.F.);
#201=ORIENTED_EDGE('',*,*,#677,.T.);
#202=ORIENTED_EDGE('',*,*,#678,.T.);
#203=ORIENTED_EDGE('',*,*,#679,.T.);
#204=ORIENTED_EDGE('',*,*,#667,.F.);
#205=ORIENTED_EDGE('',*,*,#680,.T.);
#206=ORIENTED_EDGE('',*,*,#608,.T.);
#207=ORIENTED_EDGE('',*,*,#681,.T.);
#208=ORIENTED_EDGE('',*,*,#610,.T.);
#209=ORIENTED_EDGE('',*,*,#682,.T.);
#210=ORIENTED_EDGE('',*,*,#665,.F.);
#211=ORIENTED_EDGE('',*,*,#683,.T.);
#212=ORIENTED_EDGE('',*,*,#684,.F.);
#213=ORIENTED_EDGE('',*,*,#685,.T.);
#214=ORIENTED_EDGE('',*,*,#686,.T.);
#215=ORIENTED_EDGE('',*,*,#685,.F.);
#216=ORIENTED_EDGE('',*,*,#687,.T.);
#217=ORIENTED_EDGE('',*,*,#614,.T.);
#218=ORIENTED_EDGE('',*,*,#688,.T.);
#219=ORIENTED_EDGE('',*,*,#606,.T.);
#220=ORIENTED_EDGE('',*,*,#689,.T.);
#221=ORIENTED_EDGE('',*,*,#669,.F.);
#222=ORIENTED_EDGE('',*,*,#690,.T.);
#223=ORIENTED_EDGE('',*,*,#616,.T.);
#224=ORIENTED_EDGE('',*,*,#691,.T.);
#225=ORIENTED_EDGE('',*,*,#686,.F.);
#226=ORIENTED_EDGE('',*,*,#688,.F.);
#227=ORIENTED_EDGE('',*,*,#692,.F.);
#228=ORIENTED_EDGE('',*,*,#693,.T.);
#229=ORIENTED_EDGE('',*,*,#694,.T.);
#230=ORIENTED_EDGE('',*,*,#693,.F.);
#231=ORIENTED_EDGE('',*,*,#695,.T.);
#232=ORIENTED_EDGE('',*,*,#619,.T.);
#233=ORIENTED_EDGE('',*,*,#696,.T.);
#234=ORIENTED_EDGE('',*,*,#618,.T.);
#235=ORIENTED_EDGE('',*,*,#697,.T.);
#236=ORIENTED_EDGE('',*,*,#694,.F.);
#237=ORIENTED_EDGE('',*,*,#696,.F.);
#238=ORIENTED_EDGE('',*,*,#698,.F.);
#239=ORIENTED_EDGE('',*,*,#699,.T.);
#240=ORIENTED_EDGE('',*,*,#700,.T.);
#241=ORIENTED_EDGE('',*,*,#663,.F.);
#242=ORIENTED_EDGE('',*,*,#701,.T.);
#243=ORIENTED_EDGE('',*,*,#612,.T.);
#244=ORIENTED_EDGE('',*,*,#702,.T.);
#245=ORIENTED_EDGE('',*,*,#621,.T.);
#246=ORIENTED_EDGE('',*,*,#703,.T.);
#247=ORIENTED_EDGE('',*,*,#700,.F.);
#248=ORIENTED_EDGE('',*,*,#704,.F.);
#249=ORIENTED_EDGE('',*,*,#699,.F.);
#250=ORIENTED_EDGE('',*,*,#705,.T.);
#251=ORIENTED_EDGE('',*,*,#622,.T.);
#252=ORIENTED_EDGE('',*,*,#704,.T.);
#253=ORIENTED_EDGE('',*,*,#706,.F.);
#254=ORIENTED_EDGE('',*,*,#707,.T.);
#255=ORIENTED_EDGE('',*,*,#708,.T.);
#256=ORIENTED_EDGE('',*,*,#707,.F.);
#257=ORIENTED_EDGE('',*,*,#709,.T.);
#258=ORIENTED_EDGE('',*,*,#623,.T.);
#259=ORIENTED_EDGE('',*,*,#710,.T.);
#260=ORIENTED_EDGE('',*,*,#625,.T.);
#261=ORIENTED_EDGE('',*,*,#711,.T.);
#262=ORIENTED_EDGE('',*,*,#708,.F.);
#263=ORIENTED_EDGE('',*,*,#710,.F.);
#264=ORIENTED_EDGE('',*,*,#712,.T.);
#265=ORIENTED_EDGE('',*,*,#713,.F.);
#266=ORIENTED_EDGE('',*,*,#626,.F.);
#267=ORIENTED_EDGE('',*,*,#714,.T.);
#268=ORIENTED_EDGE('',*,*,#715,.F.);
#269=ORIENTED_EDGE('',*,*,#716,.T.);
#270=ORIENTED_EDGE('',*,*,#717,.F.);
#271=ORIENTED_EDGE('',*,*,#718,.F.);
#272=ORIENTED_EDGE('',*,*,#719,.T.);
#273=ORIENTED_EDGE('',*,*,#720,.F.);
#274=ORIENTED_EDGE('',*,*,#627,.F.);
#275=ORIENTED_EDGE('',*,*,#713,.T.);
#276=ORIENTED_EDGE('',*,*,#721,.T.);
#277=ORIENTED_EDGE('',*,*,#722,.F.);
#278=ORIENTED_EDGE('',*,*,#628,.F.);
#279=ORIENTED_EDGE('',*,*,#720,.T.);
#280=ORIENTED_EDGE('',*,*,#656,.T.);
#281=ORIENTED_EDGE('',*,*,#723,.F.);
#282=ORIENTED_EDGE('',*,*,#657,.T.);
#283=ORIENTED_EDGE('',*,*,#724,.F.);
#284=ORIENTED_EDGE('',*,*,#658,.T.);
#285=ORIENTED_EDGE('',*,*,#725,.F.);
#286=ORIENTED_EDGE('',*,*,#659,.T.);
#287=ORIENTED_EDGE('',*,*,#726,.F.);
#288=ORIENTED_EDGE('',*,*,#727,.T.);
#289=ORIENTED_EDGE('',*,*,#714,.F.);
#290=ORIENTED_EDGE('',*,*,#629,.F.);
#291=ORIENTED_EDGE('',*,*,#722,.T.);
#292=ORIENTED_EDGE('',*,*,#728,.T.);
#293=ORIENTED_EDGE('',*,*,#729,.T.);
#294=ORIENTED_EDGE('',*,*,#730,.T.);
#295=ORIENTED_EDGE('',*,*,#731,.T.);
#296=ORIENTED_EDGE('',*,*,#732,.T.);
#297=ORIENTED_EDGE('',*,*,#733,.T.);
#298=ORIENTED_EDGE('',*,*,#734,.T.);
#299=ORIENTED_EDGE('',*,*,#735,.T.);
#300=ORIENTED_EDGE('',*,*,#726,.T.);
#301=ORIENTED_EDGE('',*,*,#725,.T.);
#302=ORIENTED_EDGE('',*,*,#724,.T.);
#303=ORIENTED_EDGE('',*,*,#723,.T.);
#304=ORIENTED_EDGE('',*,*,#712,.F.);
#305=ORIENTED_EDGE('',*,*,#727,.F.);
#306=ORIENTED_EDGE('',*,*,#721,.F.);
#307=ORIENTED_EDGE('',*,*,#719,.F.);
#308=ORIENTED_EDGE('',*,*,#709,.F.);
#309=ORIENTED_EDGE('',*,*,#706,.T.);
#310=ORIENTED_EDGE('',*,*,#711,.F.);
#311=ORIENTED_EDGE('',*,*,#624,.F.);
#312=ORIENTED_EDGE('',*,*,#702,.F.);
#313=ORIENTED_EDGE('',*,*,#611,.F.);
#314=ORIENTED_EDGE('',*,*,#683,.F.);
#315=ORIENTED_EDGE('',*,*,#664,.T.);
#316=ORIENTED_EDGE('',*,*,#701,.F.);
#317=ORIENTED_EDGE('',*,*,#662,.T.);
#318=ORIENTED_EDGE('',*,*,#673,.F.);
#319=ORIENTED_EDGE('',*,*,#613,.F.);
#320=ORIENTED_EDGE('',*,*,#703,.F.);
#321=ORIENTED_EDGE('',*,*,#620,.F.);
#322=ORIENTED_EDGE('',*,*,#705,.F.);
#323=ORIENTED_EDGE('',*,*,#698,.T.);
#324=ORIENTED_EDGE('',*,*,#695,.F.);
#325=ORIENTED_EDGE('',*,*,#692,.T.);
#326=ORIENTED_EDGE('',*,*,#697,.F.);
#327=ORIENTED_EDGE('',*,*,#617,.F.);
#328=ORIENTED_EDGE('',*,*,#681,.F.);
#329=ORIENTED_EDGE('',*,*,#607,.F.);
#330=ORIENTED_EDGE('',*,*,#690,.F.);
#331=ORIENTED_EDGE('',*,*,#668,.T.);
#332=ORIENTED_EDGE('',*,*,#687,.F.);
#333=ORIENTED_EDGE('',*,*,#684,.T.);
#334=ORIENTED_EDGE('',*,*,#691,.F.);
#335=ORIENTED_EDGE('',*,*,#615,.F.);
#336=ORIENTED_EDGE('',*,*,#689,.F.);
#337=ORIENTED_EDGE('',*,*,#605,.F.);
#338=ORIENTED_EDGE('',*,*,#675,.F.);
#339=ORIENTED_EDGE('',*,*,#670,.T.);
#340=ORIENTED_EDGE('',*,*,#680,.F.);
#341=ORIENTED_EDGE('',*,*,#666,.T.);
#342=ORIENTED_EDGE('',*,*,#682,.F.);
#343=ORIENTED_EDGE('',*,*,#609,.F.);
#344=ORIENTED_EDGE('',*,*,#672,.F.);
#345=ORIENTED_EDGE('',*,*,#660,.T.);
#346=ORIENTED_EDGE('',*,*,#674,.F.);
#347=ORIENTED_EDGE('',*,*,#603,.F.);
#348=ORIENTED_EDGE('',*,*,#736,.F.);
#349=ORIENTED_EDGE('',*,*,#737,.F.);
#350=ORIENTED_EDGE('',*,*,#597,.T.);
#351=ORIENTED_EDGE('',*,*,#738,.T.);
#352=ORIENTED_EDGE('',*,*,#739,.F.);
#353=ORIENTED_EDGE('',*,*,#738,.F.);
#354=ORIENTED_EDGE('',*,*,#596,.T.);
#355=ORIENTED_EDGE('',*,*,#740,.T.);
#356=ORIENTED_EDGE('',*,*,#741,.F.);
#357=ORIENTED_EDGE('',*,*,#740,.F.);
#358=ORIENTED_EDGE('',*,*,#601,.T.);
#359=ORIENTED_EDGE('',*,*,#742,.T.);
#360=ORIENTED_EDGE('',*,*,#743,.F.);
#361=ORIENTED_EDGE('',*,*,#742,.F.);
#362=ORIENTED_EDGE('',*,*,#600,.T.);
#363=ORIENTED_EDGE('',*,*,#744,.T.);
#364=ORIENTED_EDGE('',*,*,#745,.F.);
#365=ORIENTED_EDGE('',*,*,#744,.F.);
#366=ORIENTED_EDGE('',*,*,#599,.T.);
#367=ORIENTED_EDGE('',*,*,#746,.T.);
#368=ORIENTED_EDGE('',*,*,#747,.F.);
#369=ORIENTED_EDGE('',*,*,#746,.F.);
#370=ORIENTED_EDGE('',*,*,#598,.T.);
#371=ORIENTED_EDGE('',*,*,#737,.T.);
#372=ORIENTED_EDGE('',*,*,#748,.F.);
#373=ORIENTED_EDGE('',*,*,#736,.T.);
#374=ORIENTED_EDGE('',*,*,#739,.T.);
#375=ORIENTED_EDGE('',*,*,#741,.T.);
#376=ORIENTED_EDGE('',*,*,#743,.T.);
#377=ORIENTED_EDGE('',*,*,#745,.T.);
#378=ORIENTED_EDGE('',*,*,#747,.T.);
#379=ORIENTED_EDGE('',*,*,#749,.T.);
#380=ORIENTED_EDGE('',*,*,#749,.F.);
#381=ORIENTED_EDGE('',*,*,#748,.T.);
#382=ORIENTED_EDGE('',*,*,#750,.F.);
#383=ORIENTED_EDGE('',*,*,#751,.F.);
#384=ORIENTED_EDGE('',*,*,#631,.T.);
#385=ORIENTED_EDGE('',*,*,#752,.T.);
#386=ORIENTED_EDGE('',*,*,#753,.F.);
#387=ORIENTED_EDGE('',*,*,#752,.F.);
#388=ORIENTED_EDGE('',*,*,#630,.T.);
#389=ORIENTED_EDGE('',*,*,#754,.T.);
#390=ORIENTED_EDGE('',*,*,#755,.F.);
#391=ORIENTED_EDGE('',*,*,#754,.F.);
#392=ORIENTED_EDGE('',*,*,#635,.T.);
#393=ORIENTED_EDGE('',*,*,#756,.T.);
#394=ORIENTED_EDGE('',*,*,#757,.F.);
#395=ORIENTED_EDGE('',*,*,#756,.F.);
#396=ORIENTED_EDGE('',*,*,#634,.T.);
#397=ORIENTED_EDGE('',*,*,#758,.T.);
#398=ORIENTED_EDGE('',*,*,#759,.F.);
#399=ORIENTED_EDGE('',*,*,#758,.F.);
#400=ORIENTED_EDGE('',*,*,#633,.T.);
#401=ORIENTED_EDGE('',*,*,#760,.T.);
#402=ORIENTED_EDGE('',*,*,#761,.F.);
#403=ORIENTED_EDGE('',*,*,#760,.F.);
#404=ORIENTED_EDGE('',*,*,#632,.T.);
#405=ORIENTED_EDGE('',*,*,#751,.T.);
#406=ORIENTED_EDGE('',*,*,#762,.F.);
#407=ORIENTED_EDGE('',*,*,#750,.T.);
#408=ORIENTED_EDGE('',*,*,#753,.T.);
#409=ORIENTED_EDGE('',*,*,#755,.T.);
#410=ORIENTED_EDGE('',*,*,#757,.T.);
#411=ORIENTED_EDGE('',*,*,#759,.T.);
#412=ORIENTED_EDGE('',*,*,#761,.T.);
#413=ORIENTED_EDGE('',*,*,#763,.T.);
#414=ORIENTED_EDGE('',*,*,#763,.F.);
#415=ORIENTED_EDGE('',*,*,#762,.T.);
#416=ORIENTED_EDGE('',*,*,#764,.F.);
#417=ORIENTED_EDGE('',*,*,#765,.F.);
#418=ORIENTED_EDGE('',*,*,#591,.T.);
#419=ORIENTED_EDGE('',*,*,#766,.T.);
#420=ORIENTED_EDGE('',*,*,#767,.F.);
#421=ORIENTED_EDGE('',*,*,#766,.F.);
#422=ORIENTED_EDGE('',*,*,#590,.T.);
#423=ORIENTED_EDGE('',*,*,#768,.T.);
#424=ORIENTED_EDGE('',*,*,#769,.F.);
#425=ORIENTED_EDGE('',*,*,#768,.F.);
#426=ORIENTED_EDGE('',*,*,#595,.T.);
#427=ORIENTED_EDGE('',*,*,#770,.T.);
#428=ORIENTED_EDGE('',*,*,#771,.F.);
#429=ORIENTED_EDGE('',*,*,#770,.F.);
#430=ORIENTED_EDGE('',*,*,#594,.T.);
#431=ORIENTED_EDGE('',*,*,#772,.T.);
#432=ORIENTED_EDGE('',*,*,#773,.F.);
#433=ORIENTED_EDGE('',*,*,#772,.F.);
#434=ORIENTED_EDGE('',*,*,#593,.T.);
#435=ORIENTED_EDGE('',*,*,#774,.T.);
#436=ORIENTED_EDGE('',*,*,#775,.F.);
#437=ORIENTED_EDGE('',*,*,#774,.F.);
#438=ORIENTED_EDGE('',*,*,#592,.T.);
#439=ORIENTED_EDGE('',*,*,#765,.T.);
#440=ORIENTED_EDGE('',*,*,#776,.F.);
#441=ORIENTED_EDGE('',*,*,#764,.T.);
#442=ORIENTED_EDGE('',*,*,#767,.T.);
#443=ORIENTED_EDGE('',*,*,#769,.T.);
#444=ORIENTED_EDGE('',*,*,#771,.T.);
#445=ORIENTED_EDGE('',*,*,#773,.T.);
#446=ORIENTED_EDGE('',*,*,#775,.T.);
#447=ORIENTED_EDGE('',*,*,#777,.T.);
#448=ORIENTED_EDGE('',*,*,#777,.F.);
#449=ORIENTED_EDGE('',*,*,#776,.T.);
#450=ORIENTED_EDGE('',*,*,#778,.F.);
#451=ORIENTED_EDGE('',*,*,#779,.F.);
#452=ORIENTED_EDGE('',*,*,#637,.T.);
#453=ORIENTED_EDGE('',*,*,#780,.T.);
#454=ORIENTED_EDGE('',*,*,#781,.F.);
#455=ORIENTED_EDGE('',*,*,#780,.F.);
#456=ORIENTED_EDGE('',*,*,#636,.T.);
#457=ORIENTED_EDGE('',*,*,#782,.T.);
#458=ORIENTED_EDGE('',*,*,#783,.F.);
#459=ORIENTED_EDGE('',*,*,#782,.F.);
#460=ORIENTED_EDGE('',*,*,#641,.T.);
#461=ORIENTED_EDGE('',*,*,#784,.T.);
#462=ORIENTED_EDGE('',*,*,#785,.F.);
#463=ORIENTED_EDGE('',*,*,#784,.F.);
#464=ORIENTED_EDGE('',*,*,#640,.T.);
#465=ORIENTED_EDGE('',*,*,#786,.T.);
#466=ORIENTED_EDGE('',*,*,#787,.F.);
#467=ORIENTED_EDGE('',*,*,#786,.F.);
#468=ORIENTED_EDGE('',*,*,#639,.T.);
#469=ORIENTED_EDGE('',*,*,#788,.T.);
#470=ORIENTED_EDGE('',*,*,#789,.F.);
#471=ORIENTED_EDGE('',*,*,#788,.F.);
#472=ORIENTED_EDGE('',*,*,#638,.T.);
#473=ORIENTED_EDGE('',*,*,#779,.T.);
#474=ORIENTED_EDGE('',*,*,#790,.F.);
#475=ORIENTED_EDGE('',*,*,#778,.T.);
#476=ORIENTED_EDGE('',*,*,#781,.T.);
#477=ORIENTED_EDGE('',*,*,#783,.T.);
#478=ORIENTED_EDGE('',*,*,#785,.T.);
#479=ORIENTED_EDGE('',*,*,#787,.T.);
#480=ORIENTED_EDGE('',*,*,#789,.T.);
#481=ORIENTED_EDGE('',*,*,#791,.T.);
#482=ORIENTED_EDGE('',*,*,#791,.F.);
#483=ORIENTED_EDGE('',*,*,#790,.T.);
#484=ORIENTED_EDGE('',*,*,#792,.F.);
#485=ORIENTED_EDGE('',*,*,#793,.F.);
#486=ORIENTED_EDGE('',*,*,#585,.T.);
#487=ORIENTED_EDGE('',*,*,#794,.T.);
#488=ORIENTED_EDGE('',*,*,#795,.F.);
#489=ORIENTED_EDGE('',*,*,#794,.F.);
#490=ORIENTED_EDGE('',*,*,#584,.T.);
#491=ORIENTED_EDGE('',*,*,#796,.T.);
#492=ORIENTED_EDGE('',*,*,#797,.F.);
#493=ORIENTED_EDGE('',*,*,#796,.F.);
#494=ORIENTED_EDGE('',*,*,#589,.T.);
#495=ORIENTED_EDGE('',*,*,#798,.T.);
#496=ORIENTED_EDGE('',*,*,#799,.F.);
#497=ORIENTED_EDGE('',*,*,#798,.F.);
#498=ORIENTED_EDGE('',*,*,#588,.T.);
#499=ORIENTED_EDGE('',*,*,#800,.T.);
#500=ORIENTED_EDGE('',*,*,#801,.F.);
#501=ORIENTED_EDGE('',*,*,#800,.F.);
#502=ORIENTED_EDGE('',*,*,#587,.T.);
#503=ORIENTED_EDGE('',*,*,#802,.T.);
#504=ORIENTED_EDGE('',*,*,#803,.F.);
#505=ORIENTED_EDGE('',*,*,#802,.F.);
#506=ORIENTED_EDGE('',*,*,#586,.T.);
#507=ORIENTED_EDGE('',*,*,#793,.T.);
#508=ORIENTED_EDGE('',*,*,#804,.F.);
#509=ORIENTED_EDGE('',*,*,#792,.T.);
#510=ORIENTED_EDGE('',*,*,#795,.T.);
#511=ORIENTED_EDGE('',*,*,#797,.T.);
#512=ORIENTED_EDGE('',*,*,#799,.T.);
#513=ORIENTED_EDGE('',*,*,#801,.T.);
#514=ORIENTED_EDGE('',*,*,#803,.T.);
#515=ORIENTED_EDGE('',*,*,#805,.T.);
#516=ORIENTED_EDGE('',*,*,#805,.F.);
#517=ORIENTED_EDGE('',*,*,#804,.T.);
#518=ORIENTED_EDGE('',*,*,#806,.F.);
#519=ORIENTED_EDGE('',*,*,#807,.F.);
#520=ORIENTED_EDGE('',*,*,#643,.T.);
#521=ORIENTED_EDGE('',*,*,#808,.T.);
#522=ORIENTED_EDGE('',*,*,#809,.F.);
#523=ORIENTED_EDGE('',*,*,#808,.F.);
#524=ORIENTED_EDGE('',*,*,#642,.T.);
#525=ORIENTED_EDGE('',*,*,#810,.T.);
#526=ORIENTED_EDGE('',*,*,#811,.F.);
#527=ORIENTED_EDGE('',*,*,#810,.F.);
#528=ORIENTED_EDGE('',*,*,#647,.T.);
#529=ORIENTED_EDGE('',*,*,#812,.T.);
#530=ORIENTED_EDGE('',*,*,#813,.F.);
#531=ORIENTED_EDGE('',*,*,#812,.F.);
#532=ORIENTED_EDGE('',*,*,#646,.T.);
#533=ORIENTED_EDGE('',*,*,#814,.T.);
#534=ORIENTED_EDGE('',*,*,#815,.F.);
#535=ORIENTED_EDGE('',*,*,#814,.F.);
#536=ORIENTED_EDGE('',*,*,#645,.T.);
#537=ORIENTED_EDGE('',*,*,#816,.T.);
#538=ORIENTED_EDGE('',*,*,#817,.F.);
#539=ORIENTED_EDGE('',*,*,#816,.F.);
#540=ORIENTED_EDGE('',*,*,#644,.T.);
#541=ORIENTED_EDGE('',*,*,#807,.T.);
#542=ORIENTED_EDGE('',*,*,#818,.F.);
#543=ORIENTED_EDGE('',*,*,#806,.T.);
#544=ORIENTED_EDGE('',*,*,#809,.T.);
#545=ORIENTED_EDGE('',*,*,#811,.T.);
#546=ORIENTED_EDGE('',*,*,#813,.T.);
#547=ORIENTED_EDGE('',*,*,#815,.T.);
#548=ORIENTED_EDGE('',*,*,#817,.T.);
#549=ORIENTED_EDGE('',*,*,#819,.T.);
#550=ORIENTED_EDGE('',*,*,#819,.F.);
#551=ORIENTED_EDGE('',*,*,#818,.T.);
#552=ORIENTED_EDGE('',*,*,#820,.T.);
#553=ORIENTED_EDGE('',*,*,#715,.T.);
#554=ORIENTED_EDGE('',*,*,#821,.F.);
#555=ORIENTED_EDGE('',*,*,#677,.F.);
#556=ORIENTED_EDGE('',*,*,#822,.F.);
#557=ORIENTED_EDGE('',*,*,#717,.T.);
#558=ORIENTED_EDGE('',*,*,#823,.T.);
#559=ORIENTED_EDGE('',*,*,#679,.F.);
#560=ORIENTED_EDGE('',*,*,#676,.T.);
#561=ORIENTED_EDGE('',*,*,#823,.F.);
#562=ORIENTED_EDGE('',*,*,#716,.F.);
#563=ORIENTED_EDGE('',*,*,#820,.F.);
#564=ORIENTED_EDGE('',*,*,#821,.T.);
#565=ORIENTED_EDGE('',*,*,#718,.T.);
#566=ORIENTED_EDGE('',*,*,#822,.T.);
#567=ORIENTED_EDGE('',*,*,#678,.F.);
#568=ORIENTED_EDGE('',*,*,#655,.T.);
#569=ORIENTED_EDGE('',*,*,#735,.F.);
#570=ORIENTED_EDGE('',*,*,#654,.T.);
#571=ORIENTED_EDGE('',*,*,#734,.F.);
#572=ORIENTED_EDGE('',*,*,#653,.T.);
#573=ORIENTED_EDGE('',*,*,#733,.F.);
#574=ORIENTED_EDGE('',*,*,#652,.T.);
#575=ORIENTED_EDGE('',*,*,#732,.F.);
#576=ORIENTED_EDGE('',*,*,#651,.T.);
#577=ORIENTED_EDGE('',*,*,#731,.F.);
#578=ORIENTED_EDGE('',*,*,#650,.T.);
#579=ORIENTED_EDGE('',*,*,#730,.F.);
#580=ORIENTED_EDGE('',*,*,#649,.T.);
#581=ORIENTED_EDGE('',*,*,#729,.F.);
#582=ORIENTED_EDGE('',*,*,#648,.T.);
#583=ORIENTED_EDGE('',*,*,#728,.F.);
#584=EDGE_CURVE('',#824,#825,#996,.T.);
#585=EDGE_CURVE('',#826,#824,#997,.T.);
#586=EDGE_CURVE('',#827,#826,#998,.T.);
#587=EDGE_CURVE('',#828,#827,#999,.T.);
#588=EDGE_CURVE('',#829,#828,#1000,.T.);
#589=EDGE_CURVE('',#825,#829,#1001,.T.);
#590=EDGE_CURVE('',#830,#831,#1002,.T.);
#591=EDGE_CURVE('',#832,#830,#1003,.T.);
#592=EDGE_CURVE('',#833,#832,#1004,.T.);
#593=EDGE_CURVE('',#834,#833,#1005,.T.);
#594=EDGE_CURVE('',#835,#834,#1006,.T.);
#595=EDGE_CURVE('',#831,#835,#1007,.T.);
#596=EDGE_CURVE('',#836,#837,#1008,.T.);
#597=EDGE_CURVE('',#838,#836,#1009,.T.);
#598=EDGE_CURVE('',#839,#838,#1010,.T.);
#599=EDGE_CURVE('',#840,#839,#1011,.T.);
#600=EDGE_CURVE('',#841,#840,#1012,.T.);
#601=EDGE_CURVE('',#837,#841,#1013,.T.);
#602=EDGE_CURVE('',#842,#843,#1014,.T.);
#603=EDGE_CURVE('',#842,#844,#48,.T.);
#604=EDGE_CURVE('',#845,#844,#1015,.T.);
#605=EDGE_CURVE('',#845,#846,#49,.T.);
#606=EDGE_CURVE('',#847,#846,#1016,.T.);
#607=EDGE_CURVE('',#847,#848,#50,.T.);
#608=EDGE_CURVE('',#849,#848,#1017,.T.);
#609=EDGE_CURVE('',#849,#850,#51,.T.);
#610=EDGE_CURVE('',#851,#850,#1018,.T.);
#611=EDGE_CURVE('',#851,#852,#52,.T.);
#612=EDGE_CURVE('',#853,#852,#1019,.T.);
#613=EDGE_CURVE('',#853,#843,#53,.T.);
#614=EDGE_CURVE('',#854,#855,#1020,.T.);
#615=EDGE_CURVE('',#854,#856,#54,.T.);
#616=EDGE_CURVE('',#855,#856,#1021,.T.);
#617=EDGE_CURVE('',#857,#858,#55,.T.);
#618=EDGE_CURVE('',#859,#858,#1022,.T.);
#619=EDGE_CURVE('',#857,#859,#1023,.T.);
#620=EDGE_CURVE('',#860,#861,#56,.T.);
#621=EDGE_CURVE('',#862,#861,#1024,.T.);
#622=EDGE_CURVE('',#860,#862,#1025,.T.);
#623=EDGE_CURVE('',#863,#864,#1026,.T.);
#624=EDGE_CURVE('',#863,#865,#57,.T.);
#625=EDGE_CURVE('',#864,#865,#1027,.T.);
#626=EDGE_CURVE('',#866,#867,#1028,.T.);
#627=EDGE_CURVE('',#867,#868,#1029,.T.);
#628=EDGE_CURVE('',#868,#869,#1030,.T.);
#629=EDGE_CURVE('',#869,#866,#1031,.T.);
#630=EDGE_CURVE('',#870,#871,#1032,.T.);
#631=EDGE_CURVE('',#872,#870,#1033,.T.);
#632=EDGE_CURVE('',#873,#872,#1034,.T.);
#633=EDGE_CURVE('',#874,#873,#1035,.T.);
#634=EDGE_CURVE('',#875,#874,#1036,.T.);
#635=EDGE_CURVE('',#871,#875,#1037,.T.);
#636=EDGE_CURVE('',#876,#877,#1038,.T.);
#637=EDGE_CURVE('',#878,#876,#1039,.T.);
#638=EDGE_CURVE('',#879,#878,#1040,.T.);
#639=EDGE_CURVE('',#880,#879,#1041,.T.);
#640=EDGE_CURVE('',#881,#880,#1042,.T.);
#641=EDGE_CURVE('',#877,#881,#1043,.T.);
#642=EDGE_CURVE('',#882,#883,#1044,.T.);
#643=EDGE_CURVE('',#884,#882,#1045,.T.);
#644=EDGE_CURVE('',#885,#884,#1046,.T.);
#645=EDGE_CURVE('',#886,#885,#1047,.T.);
#646=EDGE_CURVE('',#887,#886,#1048,.T.);
#647=EDGE_CURVE('',#883,#887,#1049,.T.);
#648=EDGE_CURVE('',#888,#888,#58,.T.);
#649=EDGE_CURVE('',#889,#889,#59,.T.);
#650=EDGE_CURVE('',#890,#890,#60,.T.);
#651=EDGE_CURVE('',#891,#891,#61,.T.);
#652=EDGE_CURVE('',#892,#892,#62,.T.);
#653=EDGE_CURVE('',#893,#893,#63,.T.);
#654=EDGE_CURVE('',#894,#894,#64,.T.);
#655=EDGE_CURVE('',#895,#895,#65,.T.);
#656=EDGE_CURVE('',#896,#896,#66,.T.);
#657=EDGE_CURVE('',#897,#897,#67,.T.);
#658=EDGE_CURVE('',#898,#898,#68,.T.);
#659=EDGE_CURVE('',#899,#899,#69,.T.);
#660=EDGE_CURVE('',#900,#901,#70,.T.);
#661=EDGE_CURVE('',#900,#902,#1050,.T.);
#662=EDGE_CURVE('',#903,#902,#71,.T.);
#663=EDGE_CURVE('',#903,#904,#1051,.T.);
#664=EDGE_CURVE('',#905,#904,#72,.T.);
#665=EDGE_CURVE('',#905,#906,#1052,.T.);
#666=EDGE_CURVE('',#907,#906,#73,.T.);
#667=EDGE_CURVE('',#907,#908,#1053,.T.);
#668=EDGE_CURVE('',#909,#908,#74,.T.);
#669=EDGE_CURVE('',#909,#910,#1054,.T.);
#670=EDGE_CURVE('',#911,#910,#75,.T.);
#671=EDGE_CURVE('',#911,#901,#1055,.T.);
#672=EDGE_CURVE('',#900,#842,#1056,.F.);
#673=EDGE_CURVE('',#843,#902,#1057,.T.);
#674=EDGE_CURVE('',#844,#901,#1058,.T.);
#675=EDGE_CURVE('',#911,#845,#1059,.F.);
#676=EDGE_CURVE('',#912,#913,#1060,.T.);
#677=EDGE_CURVE('',#912,#914,#1061,.T.);
#678=EDGE_CURVE('',#914,#915,#1062,.T.);
#679=EDGE_CURVE('',#915,#913,#1063,.T.);
#680=EDGE_CURVE('',#907,#849,#1064,.F.);
#681=EDGE_CURVE('',#848,#908,#1065,.T.);
#682=EDGE_CURVE('',#850,#906,#1066,.T.);
#683=EDGE_CURVE('',#905,#851,#1067,.F.);
#684=EDGE_CURVE('',#916,#917,#76,.T.);
#685=EDGE_CURVE('',#916,#918,#1068,.T.);
#686=EDGE_CURVE('',#918,#917,#1069,.T.);
#687=EDGE_CURVE('',#916,#854,#1070,.F.);
#688=EDGE_CURVE('',#855,#918,#1071,.T.);
#689=EDGE_CURVE('',#846,#910,#1072,.T.);
#690=EDGE_CURVE('',#909,#847,#1073,.F.);
#691=EDGE_CURVE('',#856,#917,#1074,.T.);
#692=EDGE_CURVE('',#919,#920,#77,.T.);
#693=EDGE_CURVE('',#919,#921,#1075,.T.);
#694=EDGE_CURVE('',#921,#920,#1076,.T.);
#695=EDGE_CURVE('',#919,#857,#1077,.F.);
#696=EDGE_CURVE('',#859,#921,#1078,.T.);
#697=EDGE_CURVE('',#858,#920,#1079,.T.);
#698=EDGE_CURVE('',#922,#923,#78,.T.);
#699=EDGE_CURVE('',#922,#924,#1080,.T.);
#700=EDGE_CURVE('',#924,#923,#1081,.T.);
#701=EDGE_CURVE('',#903,#853,#1082,.F.);
#702=EDGE_CURVE('',#852,#904,#1083,.T.);
#703=EDGE_CURVE('',#861,#923,#1084,.T.);
#704=EDGE_CURVE('',#862,#924,#1085,.T.);
#705=EDGE_CURVE('',#922,#860,#1086,.F.);
#706=EDGE_CURVE('',#925,#926,#79,.T.);
#707=EDGE_CURVE('',#925,#927,#1087,.T.);
#708=EDGE_CURVE('',#927,#926,#1088,.T.);
#709=EDGE_CURVE('',#925,#863,#1089,.F.);
#710=EDGE_CURVE('',#864,#927,#1090,.T.);
#711=EDGE_CURVE('',#865,#926,#1091,.T.);
#712=EDGE_CURVE('',#928,#929,#1092,.T.);
#713=EDGE_CURVE('',#867,#929,#1093,.T.);
#714=EDGE_CURVE('',#866,#928,#1094,.T.);
#715=EDGE_CURVE('',#930,#931,#1095,.T.);
#716=EDGE_CURVE('',#930,#932,#1096,.T.);
#717=EDGE_CURVE('',#933,#932,#1097,.T.);
#718=EDGE_CURVE('',#931,#933,#1098,.T.);
#719=EDGE_CURVE('',#929,#934,#1099,.T.);
#720=EDGE_CURVE('',#868,#934,#1100,.T.);
#721=EDGE_CURVE('',#934,#935,#1101,.T.);
#722=EDGE_CURVE('',#869,#935,#1102,.T.);
#723=EDGE_CURVE('',#936,#936,#80,.T.);
#724=EDGE_CURVE('',#937,#937,#81,.T.);
#725=EDGE_CURVE('',#938,#938,#82,.T.);
#726=EDGE_CURVE('',#939,#939,#83,.T.);
#727=EDGE_CURVE('',#935,#928,#1103,.T.);
#728=EDGE_CURVE('',#940,#940,#84,.T.);
#729=EDGE_CURVE('',#941,#941,#85,.T.);
#730=EDGE_CURVE('',#942,#942,#86,.T.);
#731=EDGE_CURVE('',#943,#943,#87,.T.);
#732=EDGE_CURVE('',#944,#944,#88,.T.);
#733=EDGE_CURVE('',#945,#945,#89,.T.);
#734=EDGE_CURVE('',#946,#946,#90,.T.);
#735=EDGE_CURVE('',#947,#947,#91,.T.);
#736=EDGE_CURVE('',#948,#949,#1104,.T.);
#737=EDGE_CURVE('',#838,#948,#1105,.T.);
#738=EDGE_CURVE('',#836,#949,#1106,.T.);
#739=EDGE_CURVE('',#949,#950,#1107,.T.);
#740=EDGE_CURVE('',#837,#950,#1108,.T.);
#741=EDGE_CURVE('',#950,#951,#1109,.T.);
#742=EDGE_CURVE('',#841,#951,#1110,.T.);
#743=EDGE_CURVE('',#951,#952,#1111,.T.);
#744=EDGE_CURVE('',#840,#952,#1112,.T.);
#745=EDGE_CURVE('',#952,#953,#1113,.T.);
#746=EDGE_CURVE('',#839,#953,#1114,.T.);
#747=EDGE_CURVE('',#953,#948,#1115,.T.);
#748=EDGE_CURVE('',#954,#954,#92,.T.);
#749=EDGE_CURVE('',#955,#955,#93,.T.);
#750=EDGE_CURVE('',#956,#957,#1116,.T.);
#751=EDGE_CURVE('',#872,#956,#1117,.T.);
#752=EDGE_CURVE('',#870,#957,#1118,.T.);
#753=EDGE_CURVE('',#957,#958,#1119,.T.);
#754=EDGE_CURVE('',#871,#958,#1120,.T.);
#755=EDGE_CURVE('',#958,#959,#1121,.T.);
#756=EDGE_CURVE('',#875,#959,#1122,.T.);
#757=EDGE_CURVE('',#959,#960,#1123,.T.);
#758=EDGE_CURVE('',#874,#960,#1124,.T.);
#759=EDGE_CURVE('',#960,#961,#1125,.T.);
#760=EDGE_CURVE('',#873,#961,#1126,.T.);
#761=EDGE_CURVE('',#961,#956,#1127,.T.);
#762=EDGE_CURVE('',#962,#962,#94,.T.);
#763=EDGE_CURVE('',#963,#963,#95,.T.);
#764=EDGE_CURVE('',#964,#965,#1128,.T.);
#765=EDGE_CURVE('',#832,#964,#1129,.T.);
#766=EDGE_CURVE('',#830,#965,#1130,.T.);
#767=EDGE_CURVE('',#965,#966,#1131,.T.);
#768=EDGE_CURVE('',#831,#966,#1132,.T.);
#769=EDGE_CURVE('',#966,#967,#1133,.T.);
#770=EDGE_CURVE('',#835,#967,#1134,.T.);
#771=EDGE_CURVE('',#967,#968,#1135,.T.);
#772=EDGE_CURVE('',#834,#968,#1136,.T.);
#773=EDGE_CURVE('',#968,#969,#1137,.T.);
#774=EDGE_CURVE('',#833,#969,#1138,.T.);
#775=EDGE_CURVE('',#969,#964,#1139,.T.);
#776=EDGE_CURVE('',#970,#970,#96,.T.);
#777=EDGE_CURVE('',#971,#971,#97,.T.);
#778=EDGE_CURVE('',#972,#973,#1140,.T.);
#779=EDGE_CURVE('',#878,#972,#1141,.T.);
#780=EDGE_CURVE('',#876,#973,#1142,.T.);
#781=EDGE_CURVE('',#973,#974,#1143,.T.);
#782=EDGE_CURVE('',#877,#974,#1144,.T.);
#783=EDGE_CURVE('',#974,#975,#1145,.T.);
#784=EDGE_CURVE('',#881,#975,#1146,.T.);
#785=EDGE_CURVE('',#975,#976,#1147,.T.);
#786=EDGE_CURVE('',#880,#976,#1148,.T.);
#787=EDGE_CURVE('',#976,#977,#1149,.T.);
#788=EDGE_CURVE('',#879,#977,#1150,.T.);
#789=EDGE_CURVE('',#977,#972,#1151,.T.);
#790=EDGE_CURVE('',#978,#978,#98,.T.);
#791=EDGE_CURVE('',#979,#979,#99,.T.);
#792=EDGE_CURVE('',#980,#981,#1152,.T.);
#793=EDGE_CURVE('',#826,#980,#1153,.T.);
#794=EDGE_CURVE('',#824,#981,#1154,.T.);
#795=EDGE_CURVE('',#981,#982,#1155,.T.);
#796=EDGE_CURVE('',#825,#982,#1156,.T.);
#797=EDGE_CURVE('',#982,#983,#1157,.T.);
#798=EDGE_CURVE('',#829,#983,#1158,.T.);
#799=EDGE_CURVE('',#983,#984,#1159,.T.);
#800=EDGE_CURVE('',#828,#984,#1160,.T.);
#801=EDGE_CURVE('',#984,#985,#1161,.T.);
#802=EDGE_CURVE('',#827,#985,#1162,.T.);
#803=EDGE_CURVE('',#985,#980,#1163,.T.);
#804=EDGE_CURVE('',#986,#986,#100,.T.);
#805=EDGE_CURVE('',#987,#987,#101,.T.);
#806=EDGE_CURVE('',#988,#989,#1164,.T.);
#807=EDGE_CURVE('',#884,#988,#1165,.T.);
#808=EDGE_CURVE('',#882,#989,#1166,.T.);
#809=EDGE_CURVE('',#989,#990,#1167,.T.);
#810=EDGE_CURVE('',#883,#990,#1168,.T.);
#811=EDGE_CURVE('',#990,#991,#1169,.T.);
#812=EDGE_CURVE('',#887,#991,#1170,.T.);
#813=EDGE_CURVE('',#991,#992,#1171,.T.);
#814=EDGE_CURVE('',#886,#992,#1172,.T.);
#815=EDGE_CURVE('',#992,#993,#1173,.T.);
#816=EDGE_CURVE('',#885,#993,#1174,.T.);
#817=EDGE_CURVE('',#993,#988,#1175,.T.);
#818=EDGE_CURVE('',#994,#994,#102,.T.);
#819=EDGE_CURVE('',#995,#995,#103,.T.);
#820=EDGE_CURVE('',#912,#930,#1176,.T.);
#821=EDGE_CURVE('',#914,#931,#1177,.T.);
#822=EDGE_CURVE('',#933,#915,#1178,.T.);
#823=EDGE_CURVE('',#932,#913,#1179,.T.);
#824=VERTEX_POINT('',#2563);
#825=VERTEX_POINT('',#2564);
#826=VERTEX_POINT('',#2566);
#827=VERTEX_POINT('',#2568);
#828=VERTEX_POINT('',#2570);
#829=VERTEX_POINT('',#2572);
#830=VERTEX_POINT('',#2575);
#831=VERTEX_POINT('',#2576);
#832=VERTEX_POINT('',#2578);
#833=VERTEX_POINT('',#2580);
#834=VERTEX_POINT('',#2582);
#835=VERTEX_POINT('',#2584);
#836=VERTEX_POINT('',#2587);
#837=VERTEX_POINT('',#2588);
#838=VERTEX_POINT('',#2590);
#839=VERTEX_POINT('',#2592);
#840=VERTEX_POINT('',#2594);
#841=VERTEX_POINT('',#2596);
#842=VERTEX_POINT('',#2599);
#843=VERTEX_POINT('',#2600);
#844=VERTEX_POINT('',#2602);
#845=VERTEX_POINT('',#2604);
#846=VERTEX_POINT('',#2606);
#847=VERTEX_POINT('',#2608);
#848=VERTEX_POINT('',#2610);
#849=VERTEX_POINT('',#2612);
#850=VERTEX_POINT('',#2614);
#851=VERTEX_POINT('',#2616);
#852=VERTEX_POINT('',#2618);
#853=VERTEX_POINT('',#2620);
#854=VERTEX_POINT('',#2623);
#855=VERTEX_POINT('',#2624);
#856=VERTEX_POINT('',#2626);
#857=VERTEX_POINT('',#2629);
#858=VERTEX_POINT('',#2630);
#859=VERTEX_POINT('',#2632);
#860=VERTEX_POINT('',#2635);
#861=VERTEX_POINT('',#2636);
#862=VERTEX_POINT('',#2638);
#863=VERTEX_POINT('',#2641);
#864=VERTEX_POINT('',#2642);
#865=VERTEX_POINT('',#2644);
#866=VERTEX_POINT('',#2647);
#867=VERTEX_POINT('',#2648);
#868=VERTEX_POINT('',#2650);
#869=VERTEX_POINT('',#2652);
#870=VERTEX_POINT('',#2655);
#871=VERTEX_POINT('',#2656);
#872=VERTEX_POINT('',#2658);
#873=VERTEX_POINT('',#2660);
#874=VERTEX_POINT('',#2662);
#875=VERTEX_POINT('',#2664);
#876=VERTEX_POINT('',#2667);
#877=VERTEX_POINT('',#2668);
#878=VERTEX_POINT('',#2670);
#879=VERTEX_POINT('',#2672);
#880=VERTEX_POINT('',#2674);
#881=VERTEX_POINT('',#2676);
#882=VERTEX_POINT('',#2679);
#883=VERTEX_POINT('',#2680);
#884=VERTEX_POINT('',#2682);
#885=VERTEX_POINT('',#2684);
#886=VERTEX_POINT('',#2686);
#887=VERTEX_POINT('',#2688);
#888=VERTEX_POINT('',#2692);
#889=VERTEX_POINT('',#2694);
#890=VERTEX_POINT('',#2696);
#891=VERTEX_POINT('',#2698);
#892=VERTEX_POINT('',#2700);
#893=VERTEX_POINT('',#2702);
#894=VERTEX_POINT('',#2704);
#895=VERTEX_POINT('',#2706);
#896=VERTEX_POINT('',#2708);
#897=VERTEX_POINT('',#2710);
#898=VERTEX_POINT('',#2712);
#899=VERTEX_POINT('',#2714);
#900=VERTEX_POINT('',#2716);
#901=VERTEX_POINT('',#2717);
#902=VERTEX_POINT('',#2719);
#903=VERTEX_POINT('',#2721);
#904=VERTEX_POINT('',#2723);
#905=VERTEX_POINT('',#2725);
#906=VERTEX_POINT('',#2727);
#907=VERTEX_POINT('',#2729);
#908=VERTEX_POINT('',#2731);
#909=VERTEX_POINT('',#2733);
#910=VERTEX_POINT('',#2735);
#911=VERTEX_POINT('',#2737);
#912=VERTEX_POINT('',#2747);
#913=VERTEX_POINT('',#2748);
#914=VERTEX_POINT('',#2750);
#915=VERTEX_POINT('',#2752);
#916=VERTEX_POINT('',#2761);
#917=VERTEX_POINT('',#2762);
#918=VERTEX_POINT('',#2764);
#919=VERTEX_POINT('',#2776);
#920=VERTEX_POINT('',#2777);
#921=VERTEX_POINT('',#2779);
#922=VERTEX_POINT('',#2788);
#923=VERTEX_POINT('',#2789);
#924=VERTEX_POINT('',#2791);
#925=VERTEX_POINT('',#2803);
#926=VERTEX_POINT('',#2804);
#927=VERTEX_POINT('',#2806);
#928=VERTEX_POINT('',#2815);
#929=VERTEX_POINT('',#2816);
#930=VERTEX_POINT('',#2821);
#931=VERTEX_POINT('',#2822);
#932=VERTEX_POINT('',#2824);
#933=VERTEX_POINT('',#2826);
#934=VERTEX_POINT('',#2829);
#935=VERTEX_POINT('',#2833);
#936=VERTEX_POINT('',#2837);
#937=VERTEX_POINT('',#2840);
#938=VERTEX_POINT('',#2843);
#939=VERTEX_POINT('',#2846);
#940=VERTEX_POINT('',#2851);
#941=VERTEX_POINT('',#2853);
#942=VERTEX_POINT('',#2855);
#943=VERTEX_POINT('',#2857);
#944=VERTEX_POINT('',#2859);
#945=VERTEX_POINT('',#2861);
#946=VERTEX_POINT('',#2863);
#947=VERTEX_POINT('',#2865);
#948=VERTEX_POINT('',#2878);
#949=VERTEX_POINT('',#2879);
#950=VERTEX_POINT('',#2884);
#951=VERTEX_POINT('',#2888);
#952=VERTEX_POINT('',#2892);
#953=VERTEX_POINT('',#2896);
#954=VERTEX_POINT('',#2902);
#955=VERTEX_POINT('',#2905);
#956=VERTEX_POINT('',#2909);
#957=VERTEX_POINT('',#2910);
#958=VERTEX_POINT('',#2915);
#959=VERTEX_POINT('',#2919);
#960=VERTEX_POINT('',#2923);
#961=VERTEX_POINT('',#2927);
#962=VERTEX_POINT('',#2933);
#963=VERTEX_POINT('',#2936);
#964=VERTEX_POINT('',#2940);
#965=VERTEX_POINT('',#2941);
#966=VERTEX_POINT('',#2946);
#967=VERTEX_POINT('',#2950);
#968=VERTEX_POINT('',#2954);
#969=VERTEX_POINT('',#2958);
#970=VERTEX_POINT('',#2964);
#971=VERTEX_POINT('',#2967);
#972=VERTEX_POINT('',#2971);
#973=VERTEX_POINT('',#2972);
#974=VERTEX_POINT('',#2977);
#975=VERTEX_POINT('',#2981);
#976=VERTEX_POINT('',#2985);
#977=VERTEX_POINT('',#2989);
#978=VERTEX_POINT('',#2995);
#979=VERTEX_POINT('',#2998);
#980=VERTEX_POINT('',#3002);
#981=VERTEX_POINT('',#3003);
#982=VERTEX_POINT('',#3008);
#983=VERTEX_POINT('',#3012);
#984=VERTEX_POINT('',#3016);
#985=VERTEX_POINT('',#3020);
#986=VERTEX_POINT('',#3026);
#987=VERTEX_POINT('',#3029);
#988=VERTEX_POINT('',#3033);
#989=VERTEX_POINT('',#3034);
#990=VERTEX_POINT('',#3039);
#991=VERTEX_POINT('',#3043);
#992=VERTEX_POINT('',#3047);
#993=VERTEX_POINT('',#3051);
#994=VERTEX_POINT('',#3057);
#995=VERTEX_POINT('',#3060);
#996=LINE('',#2562,#1180);
#997=LINE('',#2565,#1181);
#998=LINE('',#2567,#1182);
#999=LINE('',#2569,#1183);
#1000=LINE('',#2571,#1184);
#1001=LINE('',#2573,#1185);
#1002=LINE('',#2574,#1186);
#1003=LINE('',#2577,#1187);
#1004=LINE('',#2579,#1188);
#1005=LINE('',#2581,#1189);
#1006=LINE('',#2583,#1190);
#1007=LINE('',#2585,#1191);
#1008=LINE('',#2586,#1192);
#1009=LINE('',#2589,#1193);
#1010=LINE('',#2591,#1194);
#1011=LINE('',#2593,#1195);
#1012=LINE('',#2595,#1196);
#1013=LINE('',#2597,#1197);
#1014=LINE('',#2598,#1198);
#1015=LINE('',#2603,#1199);
#1016=LINE('',#2607,#1200);
#1017=LINE('',#2611,#1201);
#1018=LINE('',#2615,#1202);
#1019=LINE('',#2619,#1203);
#1020=LINE('',#2622,#1204);
#1021=LINE('',#2627,#1205);
#1022=LINE('',#2631,#1206);
#1023=LINE('',#2633,#1207);
#1024=LINE('',#2637,#1208);
#1025=LINE('',#2639,#1209);
#1026=LINE('',#2640,#1210);
#1027=LINE('',#2645,#1211);
#1028=LINE('',#2646,#1212);
#1029=LINE('',#2649,#1213);
#1030=LINE('',#2651,#1214);
#1031=LINE('',#2653,#1215);
#1032=LINE('',#2654,#1216);
#1033=LINE('',#2657,#1217);
#1034=LINE('',#2659,#1218);
#1035=LINE('',#2661,#1219);
#1036=LINE('',#2663,#1220);
#1037=LINE('',#2665,#1221);
#1038=LINE('',#2666,#1222);
#1039=LINE('',#2669,#1223);
#1040=LINE('',#2671,#1224);
#1041=LINE('',#2673,#1225);
#1042=LINE('',#2675,#1226);
#1043=LINE('',#2677,#1227);
#1044=LINE('',#2678,#1228);
#1045=LINE('',#2681,#1229);
#1046=LINE('',#2683,#1230);
#1047=LINE('',#2685,#1231);
#1048=LINE('',#2687,#1232);
#1049=LINE('',#2689,#1233);
#1050=LINE('',#2718,#1234);
#1051=LINE('',#2722,#1235);
#1052=LINE('',#2726,#1236);
#1053=LINE('',#2730,#1237);
#1054=LINE('',#2734,#1238);
#1055=LINE('',#2738,#1239);
#1056=LINE('',#2740,#1240);
#1057=LINE('',#2741,#1241);
#1058=LINE('',#2743,#1242);
#1059=LINE('',#2744,#1243);
#1060=LINE('',#2746,#1244);
#1061=LINE('',#2749,#1245);
#1062=LINE('',#2751,#1246);
#1063=LINE('',#2753,#1247);
#1064=LINE('',#2754,#1248);
#1065=LINE('',#2755,#1249);
#1066=LINE('',#2757,#1250);
#1067=LINE('',#2758,#1251);
#1068=LINE('',#2763,#1252);
#1069=LINE('',#2765,#1253);
#1070=LINE('',#2767,#1254);
#1071=LINE('',#2768,#1255);
#1072=LINE('',#2770,#1256);
#1073=LINE('',#2771,#1257);
#1074=LINE('',#2773,#1258);
#1075=LINE('',#2778,#1259);
#1076=LINE('',#2780,#1260);
#1077=LINE('',#2782,#1261);
#1078=LINE('',#2783,#1262);
#1079=LINE('',#2785,#1263);
#1080=LINE('',#2790,#1264);
#1081=LINE('',#2792,#1265);
#1082=LINE('',#2794,#1266);
#1083=LINE('',#2795,#1267);
#1084=LINE('',#2797,#1268);
#1085=LINE('',#2798,#1269);
#1086=LINE('',#2800,#1270);
#1087=LINE('',#2805,#1271);
#1088=LINE('',#2807,#1272);
#1089=LINE('',#2809,#1273);
#1090=LINE('',#2810,#1274);
#1091=LINE('',#2812,#1275);
#1092=LINE('',#2814,#1276);
#1093=LINE('',#2817,#1277);
#1094=LINE('',#2818,#1278);
#1095=LINE('',#2820,#1279);
#1096=LINE('',#2823,#1280);
#1097=LINE('',#2825,#1281);
#1098=LINE('',#2827,#1282);
#1099=LINE('',#2828,#1283);
#1100=LINE('',#2830,#1284);
#1101=LINE('',#2832,#1285);
#1102=LINE('',#2834,#1286);
#1103=LINE('',#2848,#1287);
#1104=LINE('',#2877,#1288);
#1105=LINE('',#2880,#1289);
#1106=LINE('',#2881,#1290);
#1107=LINE('',#2883,#1291);
#1108=LINE('',#2885,#1292);
#1109=LINE('',#2887,#1293);
#1110=LINE('',#2889,#1294);
#1111=LINE('',#2891,#1295);
#1112=LINE('',#2893,#1296);
#1113=LINE('',#2895,#1297);
#1114=LINE('',#2897,#1298);
#1115=LINE('',#2899,#1299);
#1116=LINE('',#2908,#1300);
#1117=LINE('',#2911,#1301);
#1118=LINE('',#2912,#1302);
#1119=LINE('',#2914,#1303);
#1120=LINE('',#2916,#1304);
#1121=LINE('',#2918,#1305);
#1122=LINE('',#2920,#1306);
#1123=LINE('',#2922,#1307);
#1124=LINE('',#2924,#1308);
#1125=LINE('',#2926,#1309);
#1126=LINE('',#2928,#1310);
#1127=LINE('',#2930,#1311);
#1128=LINE('',#2939,#1312);
#1129=LINE('',#2942,#1313);
#1130=LINE('',#2943,#1314);
#1131=LINE('',#2945,#1315);
#1132=LINE('',#2947,#1316);
#1133=LINE('',#2949,#1317);
#1134=LINE('',#2951,#1318);
#1135=LINE('',#2953,#1319);
#1136=LINE('',#2955,#1320);
#1137=LINE('',#2957,#1321);
#1138=LINE('',#2959,#1322);
#1139=LINE('',#2961,#1323);
#1140=LINE('',#2970,#1324);
#1141=LINE('',#2973,#1325);
#1142=LINE('',#2974,#1326);
#1143=LINE('',#2976,#1327);
#1144=LINE('',#2978,#1328);
#1145=LINE('',#2980,#1329);
#1146=LINE('',#2982,#1330);
#1147=LINE('',#2984,#1331);
#1148=LINE('',#2986,#1332);
#1149=LINE('',#2988,#1333);
#1150=LINE('',#2990,#1334);
#1151=LINE('',#2992,#1335);
#1152=LINE('',#3001,#1336);
#1153=LINE('',#3004,#1337);
#1154=LINE('',#3005,#1338);
#1155=LINE('',#3007,#1339);
#1156=LINE('',#3009,#1340);
#1157=LINE('',#3011,#1341);
#1158=LINE('',#3013,#1342);
#1159=LINE('',#3015,#1343);
#1160=LINE('',#3017,#1344);
#1161=LINE('',#3019,#1345);
#1162=LINE('',#3021,#1346);
#1163=LINE('',#3023,#1347);
#1164=LINE('',#3032,#1348);
#1165=LINE('',#3035,#1349);
#1166=LINE('',#3036,#1350);
#1167=LINE('',#3038,#1351);
#1168=LINE('',#3040,#1352);
#1169=LINE('',#3042,#1353);
#1170=LINE('',#3044,#1354);
#1171=LINE('',#3046,#1355);
#1172=LINE('',#3048,#1356);
#1173=LINE('',#3050,#1357);
#1174=LINE('',#3052,#1358);
#1175=LINE('',#3054,#1359);
#1176=LINE('',#3063,#1360);
#1177=LINE('',#3064,#1361);
#1178=LINE('',#3066,#1362);
#1179=LINE('',#3067,#1363);
#1180=VECTOR('',#2056,1000.);
#1181=VECTOR('',#2057,1000.);
#1182=VECTOR('',#2058,1000.);
#1183=VECTOR('',#2059,1000.);
#1184=VECTOR('',#2060,1000.);
#1185=VECTOR('',#2061,1000.);
#1186=VECTOR('',#2062,1000.);
#1187=VECTOR('',#2063,1000.);
#1188=VECTOR('',#2064,1000.);
#1189=VECTOR('',#2065,1000.);
#1190=VECTOR('',#2066,1000.);
#1191=VECTOR('',#2067,1000.);
#1192=VECTOR('',#2068,1000.);
#1193=VECTOR('',#2069,1000.);
#1194=VECTOR('',#2070,1000.);
#1195=VECTOR('',#2071,1000.);
#1196=VECTOR('',#2072,1000.);
#1197=VECTOR('',#2073,1000.);
#1198=VECTOR('',#2074,1000.);
#1199=VECTOR('',#2077,1000.);
#1200=VECTOR('',#2080,1000.);
#1201=VECTOR('',#2083,1000.);
#1202=VECTOR('',#2086,1000.);
#1203=VECTOR('',#2089,1000.);
#1204=VECTOR('',#2092,1000.);
#1205=VECTOR('',#2095,1000.);
#1206=VECTOR('',#2098,1000.);
#1207=VECTOR('',#2099,1000.);
#1208=VECTOR('',#2102,1000.);
#1209=VECTOR('',#2103,1000.);
#1210=VECTOR('',#2104,1000.);
#1211=VECTOR('',#2107,1000.);
#1212=VECTOR('',#2108,1000.);
#1213=VECTOR('',#2109,1000.);
#1214=VECTOR('',#2110,1000.);
#1215=VECTOR('',#2111,1000.);
#1216=VECTOR('',#2112,1000.);
#1217=VECTOR('',#2113,1000.);
#1218=VECTOR('',#2114,1000.);
#1219=VECTOR('',#2115,1000.);
#1220=VECTOR('',#2116,1000.);
#1221=VECTOR('',#2117,1000.);
#1222=VECTOR('',#2118,1000.);
#1223=VECTOR('',#2119,1000.);
#1224=VECTOR('',#2120,1000.);
#1225=VECTOR('',#2121,1000.);
#1226=VECTOR('',#2122,1000.);
#1227=VECTOR('',#2123,1000.);
#1228=VECTOR('',#2124,1000.);
#1229=VECTOR('',#2125,1000.);
#1230=VECTOR('',#2126,1000.);
#1231=VECTOR('',#2127,1000.);
#1232=VECTOR('',#2128,1000.);
#1233=VECTOR('',#2129,1000.);
#1234=VECTOR('',#2158,1000.);
#1235=VECTOR('',#2161,1000.);
#1236=VECTOR('',#2164,1000.);
#1237=VECTOR('',#2167,1000.);
#1238=VECTOR('',#2170,1000.);
#1239=VECTOR('',#2173,1000.);
#1240=VECTOR('',#2176,1000.);
#1241=VECTOR('',#2177,1000.);
#1242=VECTOR('',#2180,1000.);
#1243=VECTOR('',#2181,1000.);
#1244=VECTOR('',#2184,1000.);
#1245=VECTOR('',#2185,1000.);
#1246=VECTOR('',#2186,1000.);
#1247=VECTOR('',#2187,1000.);
#1248=VECTOR('',#2188,1000.);
#1249=VECTOR('',#2189,1000.);
#1250=VECTOR('',#2192,1000.);
#1251=VECTOR('',#2193,1000.);
#1252=VECTOR('',#2198,1000.);
#1253=VECTOR('',#2199,1000.);
#1254=VECTOR('',#2202,1000.);
#1255=VECTOR('',#2203,1000.);
#1256=VECTOR('',#2206,1000.);
#1257=VECTOR('',#2207,1000.);
#1258=VECTOR('',#2210,1000.);
#1259=VECTOR('',#2215,1000.);
#1260=VECTOR('',#2216,1000.);
#1261=VECTOR('',#2219,1000.);
#1262=VECTOR('',#2220,1000.);
#1263=VECTOR('',#2223,1000.);
#1264=VECTOR('',#2228,1000.);
#1265=VECTOR('',#2229,1000.);
#1266=VECTOR('',#2232,1000.);
#1267=VECTOR('',#2233,1000.);
#1268=VECTOR('',#2236,1000.);
#1269=VECTOR('',#2237,1000.);
#1270=VECTOR('',#2240,1000.);
#1271=VECTOR('',#2245,1000.);
#1272=VECTOR('',#2246,1000.);
#1273=VECTOR('',#2249,1000.);
#1274=VECTOR('',#2250,1000.);
#1275=VECTOR('',#2253,1000.);
#1276=VECTOR('',#2256,1000.);
#1277=VECTOR('',#2257,1000.);
#1278=VECTOR('',#2258,1000.);
#1279=VECTOR('',#2261,1000.);
#1280=VECTOR('',#2262,1000.);
#1281=VECTOR('',#2263,1000.);
#1282=VECTOR('',#2264,1000.);
#1283=VECTOR('',#2265,1000.);
#1284=VECTOR('',#2266,1000.);
#1285=VECTOR('',#2269,1000.);
#1286=VECTOR('',#2270,1000.);
#1287=VECTOR('',#2289,1000.);
#1288=VECTOR('',#2330,1000.);
#1289=VECTOR('',#2331,1000.);
#1290=VECTOR('',#2332,1000.);
#1291=VECTOR('',#2335,1000.);
#1292=VECTOR('',#2336,1000.);
#1293=VECTOR('',#2339,1000.);
#1294=VECTOR('',#2340,1000.);
#1295=VECTOR('',#2343,1000.);
#1296=VECTOR('',#2344,1000.);
#1297=VECTOR('',#2347,1000.);
#1298=VECTOR('',#2348,1000.);
#1299=VECTOR('',#2351,1000.);
#1300=VECTOR('',#2364,1000.);
#1301=VECTOR('',#2365,1000.);
#1302=VECTOR('',#2366,1000.);
#1303=VECTOR('',#2369,1000.);
#1304=VECTOR('',#2370,1000.);
#1305=VECTOR('',#2373,1000.);
#1306=VECTOR('',#2374,1000.);
#1307=VECTOR('',#2377,1000.);
#1308=VECTOR('',#2378,1000.);
#1309=VECTOR('',#2381,1000.);
#1310=VECTOR('',#2382,1000.);
#1311=VECTOR('',#2385,1000.);
#1312=VECTOR('',#2398,1000.);
#1313=VECTOR('',#2399,1000.);
#1314=VECTOR('',#2400,1000.);
#1315=VECTOR('',#2403,1000.);
#1316=VECTOR('',#2404,1000.);
#1317=VECTOR('',#2407,1000.);
#1318=VECTOR('',#2408,1000.);
#1319=VECTOR('',#2411,1000.);
#1320=VECTOR('',#2412,1000.);
#1321=VECTOR('',#2415,1000.);
#1322=VECTOR('',#2416,1000.);
#1323=VECTOR('',#2419,1000.);
#1324=VECTOR('',#2432,1000.);
#1325=VECTOR('',#2433,1000.);
#1326=VECTOR('',#2434,1000.);
#1327=VECTOR('',#2437,1000.);
#1328=VECTOR('',#2438,1000.);
#1329=VECTOR('',#2441,1000.);
#1330=VECTOR('',#2442,1000.);
#1331=VECTOR('',#2445,1000.);
#1332=VECTOR('',#2446,1000.);
#1333=VECTOR('',#2449,1000.);
#1334=VECTOR('',#2450,1000.);
#1335=VECTOR('',#2453,1000.);
#1336=VECTOR('',#2466,1000.);
#1337=VECTOR('',#2467,1000.);
#1338=VECTOR('',#2468,1000.);
#1339=VECTOR('',#2471,1000.);
#1340=VECTOR('',#2472,1000.);
#1341=VECTOR('',#2475,1000.);
#1342=VECTOR('',#2476,1000.);
#1343=VECTOR('',#2479,1000.);
#1344=VECTOR('',#2480,1000.);
#1345=VECTOR('',#2483,1000.);
#1346=VECTOR('',#2484,1000.);
#1347=VECTOR('',#2487,1000.);
#1348=VECTOR('',#2500,1000.);
#1349=VECTOR('',#2501,1000.);
#1350=VECTOR('',#2502,1000.);
#1351=VECTOR('',#2505,1000.);
#1352=VECTOR('',#2506,1000.);
#1353=VECTOR('',#2509,1000.);
#1354=VECTOR('',#2510,1000.);
#1355=VECTOR('',#2513,1000.);
#1356=VECTOR('',#2514,1000.);
#1357=VECTOR('',#2517,1000.);
#1358=VECTOR('',#2518,1000.);
#1359=VECTOR('',#2521,1000.);
#1360=VECTOR('',#2534,1000.);
#1361=VECTOR('',#2535,1000.);
#1362=VECTOR('',#2538,1000.);
#1363=VECTOR('',#2539,1000.);
#1364=EDGE_LOOP('',(#104,#105,#106,#107,#108,#109));
#1365=EDGE_LOOP('',(#110,#111,#112,#113,#114,#115));
#1366=EDGE_LOOP('',(#116,#117,#118,#119,#120,#121));
#1367=EDGE_LOOP('',(#122,#123,#124,#125,#126,#127,#128,#129,#130,#131,#132,
#133));
#1368=EDGE_LOOP('',(#134,#135,#136));
#1369=EDGE_LOOP('',(#137,#138,#139));
#1370=EDGE_LOOP('',(#140,#141,#142));
#1371=EDGE_LOOP('',(#143,#144,#145));
#1372=EDGE_LOOP('',(#146,#147,#148,#149));
#1373=EDGE_LOOP('',(#150,#151,#152,#153,#154,#155));
#1374=EDGE_LOOP('',(#156,#157,#158,#159,#160,#161));
#1375=EDGE_LOOP('',(#162,#163,#164,#165,#166,#167));
#1376=EDGE_LOOP('',(#168));
#1377=EDGE_LOOP('',(#169));
#1378=EDGE_LOOP('',(#170));
#1379=EDGE_LOOP('',(#171));
#1380=EDGE_LOOP('',(#172));
#1381=EDGE_LOOP('',(#173));
#1382=EDGE_LOOP('',(#174));
#1383=EDGE_LOOP('',(#175));
#1384=EDGE_LOOP('',(#176));
#1385=EDGE_LOOP('',(#177));
#1386=EDGE_LOOP('',(#178));
#1387=EDGE_LOOP('',(#179));
#1388=EDGE_LOOP('',(#180,#181,#182,#183,#184,#185,#186,#187,#188,#189,#190,
#191));
#1389=EDGE_LOOP('',(#192,#193,#194,#195));
#1390=EDGE_LOOP('',(#196,#197,#198,#199));
#1391=EDGE_LOOP('',(#200,#201,#202,#203));
#1392=EDGE_LOOP('',(#204,#205,#206,#207));
#1393=EDGE_LOOP('',(#208,#209,#210,#211));
#1394=EDGE_LOOP('',(#212,#213,#214));
#1395=EDGE_LOOP('',(#215,#216,#217,#218));
#1396=EDGE_LOOP('',(#219,#220,#221,#222));
#1397=EDGE_LOOP('',(#223,#224,#225,#226));
#1398=EDGE_LOOP('',(#227,#228,#229));
#1399=EDGE_LOOP('',(#230,#231,#232,#233));
#1400=EDGE_LOOP('',(#234,#235,#236,#237));
#1401=EDGE_LOOP('',(#238,#239,#240));
#1402=EDGE_LOOP('',(#241,#242,#243,#244));
#1403=EDGE_LOOP('',(#245,#246,#247,#248));
#1404=EDGE_LOOP('',(#249,#250,#251,#252));
#1405=EDGE_LOOP('',(#253,#254,#255));
#1406=EDGE_LOOP('',(#256,#257,#258,#259));
#1407=EDGE_LOOP('',(#260,#261,#262,#263));
#1408=EDGE_LOOP('',(#264,#265,#266,#267));
#1409=EDGE_LOOP('',(#268,#269,#270,#271));
#1410=EDGE_LOOP('',(#272,#273,#274,#275));
#1411=EDGE_LOOP('',(#276,#277,#278,#279));
#1412=EDGE_LOOP('',(#280));
#1413=EDGE_LOOP('',(#281));
#1414=EDGE_LOOP('',(#282));
#1415=EDGE_LOOP('',(#283));
#1416=EDGE_LOOP('',(#284));
#1417=EDGE_LOOP('',(#285));
#1418=EDGE_LOOP('',(#286));
#1419=EDGE_LOOP('',(#287));
#1420=EDGE_LOOP('',(#288,#289,#290,#291));
#1421=EDGE_LOOP('',(#292));
#1422=EDGE_LOOP('',(#293));
#1423=EDGE_LOOP('',(#294));
#1424=EDGE_LOOP('',(#295));
#1425=EDGE_LOOP('',(#296));
#1426=EDGE_LOOP('',(#297));
#1427=EDGE_LOOP('',(#298));
#1428=EDGE_LOOP('',(#299));
#1429=EDGE_LOOP('',(#300));
#1430=EDGE_LOOP('',(#301));
#1431=EDGE_LOOP('',(#302));
#1432=EDGE_LOOP('',(#303));
#1433=EDGE_LOOP('',(#304,#305,#306,#307));
#1434=EDGE_LOOP('',(#308,#309,#310,#311));
#1435=EDGE_LOOP('',(#312,#313,#314,#315));
#1436=EDGE_LOOP('',(#316,#317,#318,#319));
#1437=EDGE_LOOP('',(#320,#321,#322,#323));
#1438=EDGE_LOOP('',(#324,#325,#326,#327));
#1439=EDGE_LOOP('',(#328,#329,#330,#331));
#1440=EDGE_LOOP('',(#332,#333,#334,#335));
#1441=EDGE_LOOP('',(#336,#337,#338,#339));
#1442=EDGE_LOOP('',(#340,#341,#342,#343));
#1443=EDGE_LOOP('',(#344,#345,#346,#347));
#1444=EDGE_LOOP('',(#348,#349,#350,#351));
#1445=EDGE_LOOP('',(#352,#353,#354,#355));
#1446=EDGE_LOOP('',(#356,#357,#358,#359));
#1447=EDGE_LOOP('',(#360,#361,#362,#363));
#1448=EDGE_LOOP('',(#364,#365,#366,#367));
#1449=EDGE_LOOP('',(#368,#369,#370,#371));
#1450=EDGE_LOOP('',(#372));
#1451=EDGE_LOOP('',(#373,#374,#375,#376,#377,#378));
#1452=EDGE_LOOP('',(#379));
#1453=EDGE_LOOP('',(#380));
#1454=EDGE_LOOP('',(#381));
#1455=EDGE_LOOP('',(#382,#383,#384,#385));
#1456=EDGE_LOOP('',(#386,#387,#388,#389));
#1457=EDGE_LOOP('',(#390,#391,#392,#393));
#1458=EDGE_LOOP('',(#394,#395,#396,#397));
#1459=EDGE_LOOP('',(#398,#399,#400,#401));
#1460=EDGE_LOOP('',(#402,#403,#404,#405));
#1461=EDGE_LOOP('',(#406));
#1462=EDGE_LOOP('',(#407,#408,#409,#410,#411,#412));
#1463=EDGE_LOOP('',(#413));
#1464=EDGE_LOOP('',(#414));
#1465=EDGE_LOOP('',(#415));
#1466=EDGE_LOOP('',(#416,#417,#418,#419));
#1467=EDGE_LOOP('',(#420,#421,#422,#423));
#1468=EDGE_LOOP('',(#424,#425,#426,#427));
#1469=EDGE_LOOP('',(#428,#429,#430,#431));
#1470=EDGE_LOOP('',(#432,#433,#434,#435));
#1471=EDGE_LOOP('',(#436,#437,#438,#439));
#1472=EDGE_LOOP('',(#440));
#1473=EDGE_LOOP('',(#441,#442,#443,#444,#445,#446));
#1474=EDGE_LOOP('',(#447));
#1475=EDGE_LOOP('',(#448));
#1476=EDGE_LOOP('',(#449));
#1477=EDGE_LOOP('',(#450,#451,#452,#453));
#1478=EDGE_LOOP('',(#454,#455,#456,#457));
#1479=EDGE_LOOP('',(#458,#459,#460,#461));
#1480=EDGE_LOOP('',(#462,#463,#464,#465));
#1481=EDGE_LOOP('',(#466,#467,#468,#469));
#1482=EDGE_LOOP('',(#470,#471,#472,#473));
#1483=EDGE_LOOP('',(#474));
#1484=EDGE_LOOP('',(#475,#476,#477,#478,#479,#480));
#1485=EDGE_LOOP('',(#481));
#1486=EDGE_LOOP('',(#482));
#1487=EDGE_LOOP('',(#483));
#1488=EDGE_LOOP('',(#484,#485,#486,#487));
#1489=EDGE_LOOP('',(#488,#489,#490,#491));
#1490=EDGE_LOOP('',(#492,#493,#494,#495));
#1491=EDGE_LOOP('',(#496,#497,#498,#499));
#1492=EDGE_LOOP('',(#500,#501,#502,#503));
#1493=EDGE_LOOP('',(#504,#505,#506,#507));
#1494=EDGE_LOOP('',(#508));
#1495=EDGE_LOOP('',(#509,#510,#511,#512,#513,#514));
#1496=EDGE_LOOP('',(#515));
#1497=EDGE_LOOP('',(#516));
#1498=EDGE_LOOP('',(#517));
#1499=EDGE_LOOP('',(#518,#519,#520,#521));
#1500=EDGE_LOOP('',(#522,#523,#524,#525));
#1501=EDGE_LOOP('',(#526,#527,#528,#529));
#1502=EDGE_LOOP('',(#530,#531,#532,#533));
#1503=EDGE_LOOP('',(#534,#535,#536,#537));
#1504=EDGE_LOOP('',(#538,#539,#540,#541));
#1505=EDGE_LOOP('',(#542));
#1506=EDGE_LOOP('',(#543,#544,#545,#546,#547,#548));
#1507=EDGE_LOOP('',(#549));
#1508=EDGE_LOOP('',(#550));
#1509=EDGE_LOOP('',(#551));
#1510=EDGE_LOOP('',(#552,#553,#554,#555));
#1511=EDGE_LOOP('',(#556,#557,#558,#559));
#1512=EDGE_LOOP('',(#560,#561,#562,#563));
#1513=EDGE_LOOP('',(#564,#565,#566,#567));
#1514=EDGE_LOOP('',(#568));
#1515=EDGE_LOOP('',(#569));
#1516=EDGE_LOOP('',(#570));
#1517=EDGE_LOOP('',(#571));
#1518=EDGE_LOOP('',(#572));
#1519=EDGE_LOOP('',(#573));
#1520=EDGE_LOOP('',(#574));
#1521=EDGE_LOOP('',(#575));
#1522=EDGE_LOOP('',(#576));
#1523=EDGE_LOOP('',(#577));
#1524=EDGE_LOOP('',(#578));
#1525=EDGE_LOOP('',(#579));
#1526=EDGE_LOOP('',(#580));
#1527=EDGE_LOOP('',(#581));
#1528=EDGE_LOOP('',(#582));
#1529=EDGE_LOOP('',(#583));
#1530=FACE_BOUND('',#1364,.T.);
#1531=FACE_BOUND('',#1365,.T.);
#1532=FACE_BOUND('',#1366,.T.);
#1533=FACE_BOUND('',#1367,.T.);
#1534=FACE_BOUND('',#1368,.T.);
#1535=FACE_BOUND('',#1369,.T.);
#1536=FACE_BOUND('',#1370,.T.);
#1537=FACE_BOUND('',#1371,.T.);
#1538=FACE_BOUND('',#1372,.T.);
#1539=FACE_BOUND('',#1373,.T.);
#1540=FACE_BOUND('',#1374,.T.);
#1541=FACE_BOUND('',#1375,.T.);
#1542=FACE_BOUND('',#1376,.T.);
#1543=FACE_BOUND('',#1377,.T.);
#1544=FACE_BOUND('',#1378,.T.);
#1545=FACE_BOUND('',#1379,.T.);
#1546=FACE_BOUND('',#1380,.T.);
#1547=FACE_BOUND('',#1381,.T.);
#1548=FACE_BOUND('',#1382,.T.);
#1549=FACE_BOUND('',#1383,.T.);
#1550=FACE_BOUND('',#1384,.T.);
#1551=FACE_BOUND('',#1385,.T.);
#1552=FACE_BOUND('',#1386,.T.);
#1553=FACE_BOUND('',#1387,.T.);
#1554=FACE_BOUND('',#1388,.T.);
#1555=FACE_BOUND('',#1389,.T.);
#1556=FACE_BOUND('',#1390,.T.);
#1557=FACE_BOUND('',#1391,.T.);
#1558=FACE_BOUND('',#1392,.T.);
#1559=FACE_BOUND('',#1393,.T.);
#1560=FACE_BOUND('',#1394,.T.);
#1561=FACE_BOUND('',#1395,.T.);
#1562=FACE_BOUND('',#1396,.T.);
#1563=FACE_BOUND('',#1397,.T.);
#1564=FACE_BOUND('',#1398,.T.);
#1565=FACE_BOUND('',#1399,.T.);
#1566=FACE_BOUND('',#1400,.T.);
#1567=FACE_BOUND('',#1401,.T.);
#1568=FACE_BOUND('',#1402,.T.);
#1569=FACE_BOUND('',#1403,.T.);
#1570=FACE_BOUND('',#1404,.T.);
#1571=FACE_BOUND('',#1405,.T.);
#1572=FACE_BOUND('',#1406,.T.);
#1573=FACE_BOUND('',#1407,.T.);
#1574=FACE_BOUND('',#1408,.T.);
#1575=FACE_BOUND('',#1409,.T.);
#1576=FACE_BOUND('',#1410,.T.);
#1577=FACE_BOUND('',#1411,.T.);
#1578=FACE_BOUND('',#1412,.T.);
#1579=FACE_BOUND('',#1413,.T.);
#1580=FACE_BOUND('',#1414,.T.);
#1581=FACE_BOUND('',#1415,.T.);
#1582=FACE_BOUND('',#1416,.T.);
#1583=FACE_BOUND('',#1417,.T.);
#1584=FACE_BOUND('',#1418,.T.);
#1585=FACE_BOUND('',#1419,.T.);
#1586=FACE_BOUND('',#1420,.T.);
#1587=FACE_BOUND('',#1421,.T.);
#1588=FACE_BOUND('',#1422,.T.);
#1589=FACE_BOUND('',#1423,.T.);
#1590=FACE_BOUND('',#1424,.T.);
#1591=FACE_BOUND('',#1425,.T.);
#1592=FACE_BOUND('',#1426,.T.);
#1593=FACE_BOUND('',#1427,.T.);
#1594=FACE_BOUND('',#1428,.T.);
#1595=FACE_BOUND('',#1429,.T.);
#1596=FACE_BOUND('',#1430,.T.);
#1597=FACE_BOUND('',#1431,.T.);
#1598=FACE_BOUND('',#1432,.T.);
#1599=FACE_BOUND('',#1433,.T.);
#1600=FACE_BOUND('',#1434,.T.);
#1601=FACE_BOUND('',#1435,.T.);
#1602=FACE_BOUND('',#1436,.T.);
#1603=FACE_BOUND('',#1437,.T.);
#1604=FACE_BOUND('',#1438,.T.);
#1605=FACE_BOUND('',#1439,.T.);
#1606=FACE_BOUND('',#1440,.T.);
#1607=FACE_BOUND('',#1441,.T.);
#1608=FACE_BOUND('',#1442,.T.);
#1609=FACE_BOUND('',#1443,.T.);
#1610=FACE_BOUND('',#1444,.T.);
#1611=FACE_BOUND('',#1445,.T.);
#1612=FACE_BOUND('',#1446,.T.);
#1613=FACE_BOUND('',#1447,.T.);
#1614=FACE_BOUND('',#1448,.T.);
#1615=FACE_BOUND('',#1449,.T.);
#1616=FACE_BOUND('',#1450,.T.);
#1617=FACE_BOUND('',#1451,.T.);
#1618=FACE_BOUND('',#1452,.T.);
#1619=FACE_BOUND('',#1453,.T.);
#1620=FACE_BOUND('',#1454,.T.);
#1621=FACE_BOUND('',#1455,.T.);
#1622=FACE_BOUND('',#1456,.T.);
#1623=FACE_BOUND('',#1457,.T.);
#1624=FACE_BOUND('',#1458,.T.);
#1625=FACE_BOUND('',#1459,.T.);
#1626=FACE_BOUND('',#1460,.T.);
#1627=FACE_BOUND('',#1461,.T.);
#1628=FACE_BOUND('',#1462,.T.);
#1629=FACE_BOUND('',#1463,.T.);
#1630=FACE_BOUND('',#1464,.T.);
#1631=FACE_BOUND('',#1465,.T.);
#1632=FACE_BOUND('',#1466,.T.);
#1633=FACE_BOUND('',#1467,.T.);
#1634=FACE_BOUND('',#1468,.T.);
#1635=FACE_BOUND('',#1469,.T.);
#1636=FACE_BOUND('',#1470,.T.);
#1637=FACE_BOUND('',#1471,.T.);
#1638=FACE_BOUND('',#1472,.T.);
#1639=FACE_BOUND('',#1473,.T.);
#1640=FACE_BOUND('',#1474,.T.);
#1641=FACE_BOUND('',#1475,.T.);
#1642=FACE_BOUND('',#1476,.T.);
#1643=FACE_BOUND('',#1477,.T.);
#1644=FACE_BOUND('',#1478,.T.);
#1645=FACE_BOUND('',#1479,.T.);
#1646=FACE_BOUND('',#1480,.T.);
#1647=FACE_BOUND('',#1481,.T.);
#1648=FACE_BOUND('',#1482,.T.);
#1649=FACE_BOUND('',#1483,.T.);
#1650=FACE_BOUND('',#1484,.T.);
#1651=FACE_BOUND('',#1485,.T.);
#1652=FACE_BOUND('',#1486,.T.);
#1653=FACE_BOUND('',#1487,.T.);
#1654=FACE_BOUND('',#1488,.T.);
#1655=FACE_BOUND('',#1489,.T.);
#1656=FACE_BOUND('',#1490,.T.);
#1657=FACE_BOUND('',#1491,.T.);
#1658=FACE_BOUND('',#1492,.T.);
#1659=FACE_BOUND('',#1493,.T.);
#1660=FACE_BOUND('',#1494,.T.);
#1661=FACE_BOUND('',#1495,.T.);
#1662=FACE_BOUND('',#1496,.T.);
#1663=FACE_BOUND('',#1497,.T.);
#1664=FACE_BOUND('',#1498,.T.);
#1665=FACE_BOUND('',#1499,.T.);
#1666=FACE_BOUND('',#1500,.T.);
#1667=FACE_BOUND('',#1501,.T.);
#1668=FACE_BOUND('',#1502,.T.);
#1669=FACE_BOUND('',#1503,.T.);
#1670=FACE_BOUND('',#1504,.T.);
#1671=FACE_BOUND('',#1505,.T.);
#1672=FACE_BOUND('',#1506,.T.);
#1673=FACE_BOUND('',#1507,.T.);
#1674=FACE_BOUND('',#1508,.T.);
#1675=FACE_BOUND('',#1509,.T.);
#1676=FACE_BOUND('',#1510,.T.);
#1677=FACE_BOUND('',#1511,.T.);
#1678=FACE_BOUND('',#1512,.T.);
#1679=FACE_BOUND('',#1513,.T.);
#1680=FACE_BOUND('',#1514,.T.);
#1681=FACE_BOUND('',#1515,.T.);
#1682=FACE_BOUND('',#1516,.T.);
#1683=FACE_BOUND('',#1517,.T.);
#1684=FACE_BOUND('',#1518,.T.);
#1685=FACE_BOUND('',#1519,.T.);
#1686=FACE_BOUND('',#1520,.T.);
#1687=FACE_BOUND('',#1521,.T.);
#1688=FACE_BOUND('',#1522,.T.);
#1689=FACE_BOUND('',#1523,.T.);
#1690=FACE_BOUND('',#1524,.T.);
#1691=FACE_BOUND('',#1525,.T.);
#1692=FACE_BOUND('',#1526,.T.);
#1693=FACE_BOUND('',#1527,.T.);
#1694=FACE_BOUND('',#1528,.T.);
#1695=FACE_BOUND('',#1529,.T.);
#1696=PLANE('',#1891);
#1697=PLANE('',#1902);
#1698=PLANE('',#1921);
#1699=PLANE('',#1922);
#1700=PLANE('',#1923);
#1701=PLANE('',#1924);
#1702=PLANE('',#1925);
#1703=PLANE('',#1927);
#1704=PLANE('',#1928);
#1705=PLANE('',#1929);
#1706=PLANE('',#1930);
#1707=PLANE('',#1932);
#1708=PLANE('',#1933);
#1709=PLANE('',#1934);
#1710=PLANE('',#1936);
#1711=PLANE('',#1937);
#1712=PLANE('',#1938);
#1713=PLANE('',#1939);
#1714=PLANE('',#1941);
#1715=PLANE('',#1942);
#1716=PLANE('',#1943);
#1717=PLANE('',#1944);
#1718=PLANE('',#1945);
#1719=PLANE('',#1954);
#1720=PLANE('',#1955);
#1721=PLANE('',#1974);
#1722=PLANE('',#1975);
#1723=PLANE('',#1976);
#1724=PLANE('',#1977);
#1725=PLANE('',#1978);
#1726=PLANE('',#1979);
#1727=PLANE('',#1980);
#1728=PLANE('',#1982);
#1729=PLANE('',#1985);
#1730=PLANE('',#1986);
#1731=PLANE('',#1987);
#1732=PLANE('',#1988);
#1733=PLANE('',#1989);
#1734=PLANE('',#1990);
#1735=PLANE('',#1991);
#1736=PLANE('',#1993);
#1737=PLANE('',#1996);
#1738=PLANE('',#1997);
#1739=PLANE('',#1998);
#1740=PLANE('',#1999);
#1741=PLANE('',#2000);
#1742=PLANE('',#2001);
#1743=PLANE('',#2002);
#1744=PLANE('',#2004);
#1745=PLANE('',#2007);
#1746=PLANE('',#2008);
#1747=PLANE('',#2009);
#1748=PLANE('',#2010);
#1749=PLANE('',#2011);
#1750=PLANE('',#2012);
#1751=PLANE('',#2013);
#1752=PLANE('',#2015);
#1753=PLANE('',#2018);
#1754=PLANE('',#2019);
#1755=PLANE('',#2020);
#1756=PLANE('',#2021);
#1757=PLANE('',#2022);
#1758=PLANE('',#2023);
#1759=PLANE('',#2024);
#1760=PLANE('',#2026);
#1761=PLANE('',#2029);
#1762=PLANE('',#2030);
#1763=PLANE('',#2031);
#1764=PLANE('',#2032);
#1765=PLANE('',#2033);
#1766=PLANE('',#2034);
#1767=PLANE('',#2035);
#1768=PLANE('',#2037);
#1769=PLANE('',#2040);
#1770=PLANE('',#2041);
#1771=PLANE('',#2042);
#1772=PLANE('',#2043);
#1773=ADVANCED_FACE('',(#1530,#1531,#1532,#1533,#1534,#1535,#1536,#1537,
#1538,#1539,#1540,#1541),#1696,.T.);
#1774=ADVANCED_FACE('',(#1542,#1543,#1544,#1545,#1546,#1547,#1548,#1549,
#1550,#1551,#1552,#1553,#1554),#1697,.T.);
#1775=ADVANCED_FACE('',(#1555),#1698,.T.);
#1776=ADVANCED_FACE('',(#1556),#1699,.T.);
#1777=ADVANCED_FACE('',(#1557,#1558),#1700,.T.);
#1778=ADVANCED_FACE('',(#1559),#1701,.T.);
#1779=ADVANCED_FACE('',(#1560),#1702,.T.);
#1780=ADVANCED_FACE('',(#1561),#1703,.T.);
#1781=ADVANCED_FACE('',(#1562),#1704,.T.);
#1782=ADVANCED_FACE('',(#1563),#1705,.T.);
#1783=ADVANCED_FACE('',(#1564),#1706,.T.);
#1784=ADVANCED_FACE('',(#1565),#1707,.T.);
#1785=ADVANCED_FACE('',(#1566),#1708,.T.);
#1786=ADVANCED_FACE('',(#1567),#1709,.T.);
#1787=ADVANCED_FACE('',(#1568),#1710,.T.);
#1788=ADVANCED_FACE('',(#1569),#1711,.T.);
#1789=ADVANCED_FACE('',(#1570),#1712,.T.);
#1790=ADVANCED_FACE('',(#1571),#1713,.T.);
#1791=ADVANCED_FACE('',(#1572),#1714,.T.);
#1792=ADVANCED_FACE('',(#1573),#1715,.T.);
#1793=ADVANCED_FACE('',(#1574),#1716,.F.);
#1794=ADVANCED_FACE('',(#1575,#1576),#1717,.F.);
#1795=ADVANCED_FACE('',(#1577),#1718,.F.);
#1796=ADVANCED_FACE('',(#1578,#1579),#20,.F.);
#1797=ADVANCED_FACE('',(#1580,#1581),#21,.F.);
#1798=ADVANCED_FACE('',(#1582,#1583),#22,.F.);
#1799=ADVANCED_FACE('',(#1584,#1585),#23,.F.);
#1800=ADVANCED_FACE('',(#1586),#1719,.F.);
#1801=ADVANCED_FACE('',(#1587,#1588,#1589,#1590,#1591,#1592,#1593,#1594,
#1595,#1596,#1597,#1598,#1599),#1720,.F.);
#1802=ADVANCED_FACE('',(#1600),#24,.T.);
#1803=ADVANCED_FACE('',(#1601),#25,.T.);
#1804=ADVANCED_FACE('',(#1602),#26,.T.);
#1805=ADVANCED_FACE('',(#1603),#27,.T.);
#1806=ADVANCED_FACE('',(#1604),#28,.T.);
#1807=ADVANCED_FACE('',(#1605),#29,.T.);
#1808=ADVANCED_FACE('',(#1606),#30,.T.);
#1809=ADVANCED_FACE('',(#1607),#31,.T.);
#1810=ADVANCED_FACE('',(#1608),#32,.T.);
#1811=ADVANCED_FACE('',(#1609),#33,.T.);
#1812=ADVANCED_FACE('',(#1610),#1721,.T.);
#1813=ADVANCED_FACE('',(#1611),#1722,.T.);
#1814=ADVANCED_FACE('',(#1612),#1723,.T.);
#1815=ADVANCED_FACE('',(#1613),#1724,.T.);
#1816=ADVANCED_FACE('',(#1614),#1725,.T.);
#1817=ADVANCED_FACE('',(#1615),#1726,.T.);
#1818=ADVANCED_FACE('',(#1616,#1617),#1727,.T.);
#1819=ADVANCED_FACE('',(#1618),#1728,.T.);
#1820=ADVANCED_FACE('',(#1619,#1620),#34,.F.);
#1821=ADVANCED_FACE('',(#1621),#1729,.T.);
#1822=ADVANCED_FACE('',(#1622),#1730,.T.);
#1823=ADVANCED_FACE('',(#1623),#1731,.T.);
#1824=ADVANCED_FACE('',(#1624),#1732,.T.);
#1825=ADVANCED_FACE('',(#1625),#1733,.T.);
#1826=ADVANCED_FACE('',(#1626),#1734,.T.);
#1827=ADVANCED_FACE('',(#1627,#1628),#1735,.T.);
#1828=ADVANCED_FACE('',(#1629),#1736,.T.);
#1829=ADVANCED_FACE('',(#1630,#1631),#35,.F.);
#1830=ADVANCED_FACE('',(#1632),#1737,.T.);
#1831=ADVANCED_FACE('',(#1633),#1738,.T.);
#1832=ADVANCED_FACE('',(#1634),#1739,.T.);
#1833=ADVANCED_FACE('',(#1635),#1740,.T.);
#1834=ADVANCED_FACE('',(#1636),#1741,.T.);
#1835=ADVANCED_FACE('',(#1637),#1742,.T.);
#1836=ADVANCED_FACE('',(#1638,#1639),#1743,.T.);
#1837=ADVANCED_FACE('',(#1640),#1744,.T.);
#1838=ADVANCED_FACE('',(#1641,#1642),#36,.F.);
#1839=ADVANCED_FACE('',(#1643),#1745,.T.);
#1840=ADVANCED_FACE('',(#1644),#1746,.T.);
#1841=ADVANCED_FACE('',(#1645),#1747,.T.);
#1842=ADVANCED_FACE('',(#1646),#1748,.T.);
#1843=ADVANCED_FACE('',(#1647),#1749,.T.);
#1844=ADVANCED_FACE('',(#1648),#1750,.T.);
#1845=ADVANCED_FACE('',(#1649,#1650),#1751,.T.);
#1846=ADVANCED_FACE('',(#1651),#1752,.T.);
#1847=ADVANCED_FACE('',(#1652,#1653),#37,.F.);
#1848=ADVANCED_FACE('',(#1654),#1753,.T.);
#1849=ADVANCED_FACE('',(#1655),#1754,.T.);
#1850=ADVANCED_FACE('',(#1656),#1755,.T.);
#1851=ADVANCED_FACE('',(#1657),#1756,.T.);
#1852=ADVANCED_FACE('',(#1658),#1757,.T.);
#1853=ADVANCED_FACE('',(#1659),#1758,.T.);
#1854=ADVANCED_FACE('',(#1660,#1661),#1759,.T.);
#1855=ADVANCED_FACE('',(#1662),#1760,.T.);
#1856=ADVANCED_FACE('',(#1663,#1664),#38,.F.);
#1857=ADVANCED_FACE('',(#1665),#1761,.T.);
#1858=ADVANCED_FACE('',(#1666),#1762,.T.);
#1859=ADVANCED_FACE('',(#1667),#1763,.T.);
#1860=ADVANCED_FACE('',(#1668),#1764,.T.);
#1861=ADVANCED_FACE('',(#1669),#1765,.T.);
#1862=ADVANCED_FACE('',(#1670),#1766,.T.);
#1863=ADVANCED_FACE('',(#1671,#1672),#1767,.T.);
#1864=ADVANCED_FACE('',(#1673),#1768,.T.);
#1865=ADVANCED_FACE('',(#1674,#1675),#39,.F.);
#1866=ADVANCED_FACE('',(#1676),#1769,.T.);
#1867=ADVANCED_FACE('',(#1677),#1770,.T.);
#1868=ADVANCED_FACE('',(#1678),#1771,.F.);
#1869=ADVANCED_FACE('',(#1679),#1772,.T.);
#1870=ADVANCED_FACE('',(#1680,#1681),#40,.F.);
#1871=ADVANCED_FACE('',(#1682,#1683),#41,.F.);
#1872=ADVANCED_FACE('',(#1684,#1685),#42,.F.);
#1873=ADVANCED_FACE('',(#1686,#1687),#43,.F.);
#1874=ADVANCED_FACE('',(#1688,#1689),#44,.F.);
#1875=ADVANCED_FACE('',(#1690,#1691),#45,.F.);
#1876=ADVANCED_FACE('',(#1692,#1693),#46,.F.);
#1877=ADVANCED_FACE('',(#1694,#1695),#47,.F.);
#1878=CLOSED_SHELL('',(#1773,#1774,#1775,#1776,#1777,#1778,#1779,#1780,
#1781,#1782,#1783,#1784,#1785,#1786,#1787,#1788,#1789,#1790,#1791,#1792,
#1793,#1794,#1795,#1796,#1797,#1798,#1799,#1800,#1801,#1802,#1803,#1804,
#1805,#1806,#1807,#1808,#1809,#1810,#1811,#1812,#1813,#1814,#1815,#1816,
#1817,#1818,#1819,#1820,#1821,#1822,#1823,#1824,#1825,#1826,#1827,#1828,
#1829,#1830,#1831,#1832,#1833,#1834,#1835,#1836,#1837,#1838,#1839,#1840,
#1841,#1842,#1843,#1844,#1845,#1846,#1847,#1848,#1849,#1850,#1851,#1852,
#1853,#1854,#1855,#1856,#1857,#1858,#1859,#1860,#1861,#1862,#1863,#1864,
#1865,#1866,#1867,#1868,#1869,#1870,#1871,#1872,#1873,#1874,#1875,#1876,
#1877));
#1879=STYLED_ITEM('',(#1880),#1887);
#1880=PRESENTATION_STYLE_ASSIGNMENT((#1881));
#1881=SURFACE_STYLE_USAGE(.BOTH.,#1882);
#1882=SURFACE_SIDE_STYLE('',(#1883));
#1883=SURFACE_STYLE_FILL_AREA(#1884);
#1884=FILL_AREA_STYLE('',(#1885));
#1885=FILL_AREA_STYLE_COLOUR('',#1886);
#1886=COLOUR_RGB('',0.100000001490116,0.349999994039536,0.280000001192093);
#1887=MANIFOLD_SOLID_BREP('',#1878);
#1888=SHAPE_DEFINITION_REPRESENTATION(#3084,#1889);
#1889=SHAPE_REPRESENTATION('B01_open_base_box',(#1890),#3079);
#1890=AXIS2_PLACEMENT_3D('',#2560,#2052,#2053);
#1891=AXIS2_PLACEMENT_3D('',#2561,#2054,#2055);
#1892=AXIS2_PLACEMENT_3D('',#2601,#2075,#2076);
#1893=AXIS2_PLACEMENT_3D('',#2605,#2078,#2079);
#1894=AXIS2_PLACEMENT_3D('',#2609,#2081,#2082);
#1895=AXIS2_PLACEMENT_3D('',#2613,#2084,#2085);
#1896=AXIS2_PLACEMENT_3D('',#2617,#2087,#2088);
#1897=AXIS2_PLACEMENT_3D('',#2621,#2090,#2091);
#1898=AXIS2_PLACEMENT_3D('',#2625,#2093,#2094);
#1899=AXIS2_PLACEMENT_3D('',#2628,#2096,#2097);
#1900=AXIS2_PLACEMENT_3D('',#2634,#2100,#2101);
#1901=AXIS2_PLACEMENT_3D('',#2643,#2105,#2106);
#1902=AXIS2_PLACEMENT_3D('',#2690,#2130,#2131);
#1903=AXIS2_PLACEMENT_3D('',#2691,#2132,#2133);
#1904=AXIS2_PLACEMENT_3D('',#2693,#2134,#2135);
#1905=AXIS2_PLACEMENT_3D('',#2695,#2136,#2137);
#1906=AXIS2_PLACEMENT_3D('',#2697,#2138,#2139);
#1907=AXIS2_PLACEMENT_3D('',#2699,#2140,#2141);
#1908=AXIS2_PLACEMENT_3D('',#2701,#2142,#2143);
#1909=AXIS2_PLACEMENT_3D('',#2703,#2144,#2145);
#1910=AXIS2_PLACEMENT_3D('',#2705,#2146,#2147);
#1911=AXIS2_PLACEMENT_3D('',#2707,#2148,#2149);
#1912=AXIS2_PLACEMENT_3D('',#2709,#2150,#2151);
#1913=AXIS2_PLACEMENT_3D('',#2711,#2152,#2153);
#1914=AXIS2_PLACEMENT_3D('',#2713,#2154,#2155);
#1915=AXIS2_PLACEMENT_3D('',#2715,#2156,#2157);
#1916=AXIS2_PLACEMENT_3D('',#2720,#2159,#2160);
#1917=AXIS2_PLACEMENT_3D('',#2724,#2162,#2163);
#1918=AXIS2_PLACEMENT_3D('',#2728,#2165,#2166);
#1919=AXIS2_PLACEMENT_3D('',#2732,#2168,#2169);
#1920=AXIS2_PLACEMENT_3D('',#2736,#2171,#2172);
#1921=AXIS2_PLACEMENT_3D('',#2739,#2174,#2175);
#1922=AXIS2_PLACEMENT_3D('',#2742,#2178,#2179);
#1923=AXIS2_PLACEMENT_3D('',#2745,#2182,#2183);
#1924=AXIS2_PLACEMENT_3D('',#2756,#2190,#2191);
#1925=AXIS2_PLACEMENT_3D('',#2759,#2194,#2195);
#1926=AXIS2_PLACEMENT_3D('',#2760,#2196,#2197);
#1927=AXIS2_PLACEMENT_3D('',#2766,#2200,#2201);
#1928=AXIS2_PLACEMENT_3D('',#2769,#2204,#2205);
#1929=AXIS2_PLACEMENT_3D('',#2772,#2208,#2209);
#1930=AXIS2_PLACEMENT_3D('',#2774,#2211,#2212);
#1931=AXIS2_PLACEMENT_3D('',#2775,#2213,#2214);
#1932=AXIS2_PLACEMENT_3D('',#2781,#2217,#2218);
#1933=AXIS2_PLACEMENT_3D('',#2784,#2221,#2222);
#1934=AXIS2_PLACEMENT_3D('',#2786,#2224,#2225);
#1935=AXIS2_PLACEMENT_3D('',#2787,#2226,#2227);
#1936=AXIS2_PLACEMENT_3D('',#2793,#2230,#2231);
#1937=AXIS2_PLACEMENT_3D('',#2796,#2234,#2235);
#1938=AXIS2_PLACEMENT_3D('',#2799,#2238,#2239);
#1939=AXIS2_PLACEMENT_3D('',#2801,#2241,#2242);
#1940=AXIS2_PLACEMENT_3D('',#2802,#2243,#2244);
#1941=AXIS2_PLACEMENT_3D('',#2808,#2247,#2248);
#1942=AXIS2_PLACEMENT_3D('',#2811,#2251,#2252);
#1943=AXIS2_PLACEMENT_3D('',#2813,#2254,#2255);
#1944=AXIS2_PLACEMENT_3D('',#2819,#2259,#2260);
#1945=AXIS2_PLACEMENT_3D('',#2831,#2267,#2268);
#1946=AXIS2_PLACEMENT_3D('',#2835,#2271,#2272);
#1947=AXIS2_PLACEMENT_3D('',#2836,#2273,#2274);
#1948=AXIS2_PLACEMENT_3D('',#2838,#2275,#2276);
#1949=AXIS2_PLACEMENT_3D('',#2839,#2277,#2278);
#1950=AXIS2_PLACEMENT_3D('',#2841,#2279,#2280);
#1951=AXIS2_PLACEMENT_3D('',#2842,#2281,#2282);
#1952=AXIS2_PLACEMENT_3D('',#2844,#2283,#2284);
#1953=AXIS2_PLACEMENT_3D('',#2845,#2285,#2286);
#1954=AXIS2_PLACEMENT_3D('',#2847,#2287,#2288);
#1955=AXIS2_PLACEMENT_3D('',#2849,#2290,#2291);
#1956=AXIS2_PLACEMENT_3D('',#2850,#2292,#2293);
#1957=AXIS2_PLACEMENT_3D('',#2852,#2294,#2295);
#1958=AXIS2_PLACEMENT_3D('',#2854,#2296,#2297);
#1959=AXIS2_PLACEMENT_3D('',#2856,#2298,#2299);
#1960=AXIS2_PLACEMENT_3D('',#2858,#2300,#2301);
#1961=AXIS2_PLACEMENT_3D('',#2860,#2302,#2303);
#1962=AXIS2_PLACEMENT_3D('',#2862,#2304,#2305);
#1963=AXIS2_PLACEMENT_3D('',#2864,#2306,#2307);
#1964=AXIS2_PLACEMENT_3D('',#2866,#2308,#2309);
#1965=AXIS2_PLACEMENT_3D('',#2867,#2310,#2311);
#1966=AXIS2_PLACEMENT_3D('',#2868,#2312,#2313);
#1967=AXIS2_PLACEMENT_3D('',#2869,#2314,#2315);
#1968=AXIS2_PLACEMENT_3D('',#2870,#2316,#2317);
#1969=AXIS2_PLACEMENT_3D('',#2871,#2318,#2319);
#1970=AXIS2_PLACEMENT_3D('',#2872,#2320,#2321);
#1971=AXIS2_PLACEMENT_3D('',#2873,#2322,#2323);
#1972=AXIS2_PLACEMENT_3D('',#2874,#2324,#2325);
#1973=AXIS2_PLACEMENT_3D('',#2875,#2326,#2327);
#1974=AXIS2_PLACEMENT_3D('',#2876,#2328,#2329);
#1975=AXIS2_PLACEMENT_3D('',#2882,#2333,#2334);
#1976=AXIS2_PLACEMENT_3D('',#2886,#2337,#2338);
#1977=AXIS2_PLACEMENT_3D('',#2890,#2341,#2342);
#1978=AXIS2_PLACEMENT_3D('',#2894,#2345,#2346);
#1979=AXIS2_PLACEMENT_3D('',#2898,#2349,#2350);
#1980=AXIS2_PLACEMENT_3D('',#2900,#2352,#2353);
#1981=AXIS2_PLACEMENT_3D('',#2901,#2354,#2355);
#1982=AXIS2_PLACEMENT_3D('',#2903,#2356,#2357);
#1983=AXIS2_PLACEMENT_3D('',#2904,#2358,#2359);
#1984=AXIS2_PLACEMENT_3D('',#2906,#2360,#2361);
#1985=AXIS2_PLACEMENT_3D('',#2907,#2362,#2363);
#1986=AXIS2_PLACEMENT_3D('',#2913,#2367,#2368);
#1987=AXIS2_PLACEMENT_3D('',#2917,#2371,#2372);
#1988=AXIS2_PLACEMENT_3D('',#2921,#2375,#2376);
#1989=AXIS2_PLACEMENT_3D('',#2925,#2379,#2380);
#1990=AXIS2_PLACEMENT_3D('',#2929,#2383,#2384);
#1991=AXIS2_PLACEMENT_3D('',#2931,#2386,#2387);
#1992=AXIS2_PLACEMENT_3D('',#2932,#2388,#2389);
#1993=AXIS2_PLACEMENT_3D('',#2934,#2390,#2391);
#1994=AXIS2_PLACEMENT_3D('',#2935,#2392,#2393);
#1995=AXIS2_PLACEMENT_3D('',#2937,#2394,#2395);
#1996=AXIS2_PLACEMENT_3D('',#2938,#2396,#2397);
#1997=AXIS2_PLACEMENT_3D('',#2944,#2401,#2402);
#1998=AXIS2_PLACEMENT_3D('',#2948,#2405,#2406);
#1999=AXIS2_PLACEMENT_3D('',#2952,#2409,#2410);
#2000=AXIS2_PLACEMENT_3D('',#2956,#2413,#2414);
#2001=AXIS2_PLACEMENT_3D('',#2960,#2417,#2418);
#2002=AXIS2_PLACEMENT_3D('',#2962,#2420,#2421);
#2003=AXIS2_PLACEMENT_3D('',#2963,#2422,#2423);
#2004=AXIS2_PLACEMENT_3D('',#2965,#2424,#2425);
#2005=AXIS2_PLACEMENT_3D('',#2966,#2426,#2427);
#2006=AXIS2_PLACEMENT_3D('',#2968,#2428,#2429);
#2007=AXIS2_PLACEMENT_3D('',#2969,#2430,#2431);
#2008=AXIS2_PLACEMENT_3D('',#2975,#2435,#2436);
#2009=AXIS2_PLACEMENT_3D('',#2979,#2439,#2440);
#2010=AXIS2_PLACEMENT_3D('',#2983,#2443,#2444);
#2011=AXIS2_PLACEMENT_3D('',#2987,#2447,#2448);
#2012=AXIS2_PLACEMENT_3D('',#2991,#2451,#2452);
#2013=AXIS2_PLACEMENT_3D('',#2993,#2454,#2455);
#2014=AXIS2_PLACEMENT_3D('',#2994,#2456,#2457);
#2015=AXIS2_PLACEMENT_3D('',#2996,#2458,#2459);
#2016=AXIS2_PLACEMENT_3D('',#2997,#2460,#2461);
#2017=AXIS2_PLACEMENT_3D('',#2999,#2462,#2463);
#2018=AXIS2_PLACEMENT_3D('',#3000,#2464,#2465);
#2019=AXIS2_PLACEMENT_3D('',#3006,#2469,#2470);
#2020=AXIS2_PLACEMENT_3D('',#3010,#2473,#2474);
#2021=AXIS2_PLACEMENT_3D('',#3014,#2477,#2478);
#2022=AXIS2_PLACEMENT_3D('',#3018,#2481,#2482);
#2023=AXIS2_PLACEMENT_3D('',#3022,#2485,#2486);
#2024=AXIS2_PLACEMENT_3D('',#3024,#2488,#2489);
#2025=AXIS2_PLACEMENT_3D('',#3025,#2490,#2491);
#2026=AXIS2_PLACEMENT_3D('',#3027,#2492,#2493);
#2027=AXIS2_PLACEMENT_3D('',#3028,#2494,#2495);
#2028=AXIS2_PLACEMENT_3D('',#3030,#2496,#2497);
#2029=AXIS2_PLACEMENT_3D('',#3031,#2498,#2499);
#2030=AXIS2_PLACEMENT_3D('',#3037,#2503,#2504);
#2031=AXIS2_PLACEMENT_3D('',#3041,#2507,#2508);
#2032=AXIS2_PLACEMENT_3D('',#3045,#2511,#2512);
#2033=AXIS2_PLACEMENT_3D('',#3049,#2515,#2516);
#2034=AXIS2_PLACEMENT_3D('',#3053,#2519,#2520);
#2035=AXIS2_PLACEMENT_3D('',#3055,#2522,#2523);
#2036=AXIS2_PLACEMENT_3D('',#3056,#2524,#2525);
#2037=AXIS2_PLACEMENT_3D('',#3058,#2526,#2527);
#2038=AXIS2_PLACEMENT_3D('',#3059,#2528,#2529);
#2039=AXIS2_PLACEMENT_3D('',#3061,#2530,#2531);
#2040=AXIS2_PLACEMENT_3D('',#3062,#2532,#2533);
#2041=AXIS2_PLACEMENT_3D('',#3065,#2536,#2537);
#2042=AXIS2_PLACEMENT_3D('',#3068,#2540,#2541);
#2043=AXIS2_PLACEMENT_3D('',#3069,#2542,#2543);
#2044=AXIS2_PLACEMENT_3D('',#3070,#2544,#2545);
#2045=AXIS2_PLACEMENT_3D('',#3071,#2546,#2547);
#2046=AXIS2_PLACEMENT_3D('',#3072,#2548,#2549);
#2047=AXIS2_PLACEMENT_3D('',#3073,#2550,#2551);
#2048=AXIS2_PLACEMENT_3D('',#3074,#2552,#2553);
#2049=AXIS2_PLACEMENT_3D('',#3075,#2554,#2555);
#2050=AXIS2_PLACEMENT_3D('',#3076,#2556,#2557);
#2051=AXIS2_PLACEMENT_3D('',#3077,#2558,#2559);
#2052=DIRECTION('',(0.,0.,1.));
#2053=DIRECTION('',(1.,0.,0.));
#2054=DIRECTION('',(0.,0.,1.));
#2055=DIRECTION('',(1.,0.,0.));
#2056=DIRECTION('',(-0.499999999999998,0.86602540378444,0.));
#2057=DIRECTION('',(0.5,0.866025403784439,0.));
#2058=DIRECTION('',(1.,0.,0.));
#2059=DIRECTION('',(0.5,-0.866025403784439,0.));
#2060=DIRECTION('',(-0.499999999999998,-0.86602540378444,0.));
#2061=DIRECTION('',(-1.,0.,0.));
#2062=DIRECTION('',(-0.499999999999995,0.866025403784441,0.));
#2063=DIRECTION('',(0.499999999999997,0.86602540378444,0.));
#2064=DIRECTION('',(1.,0.,0.));
#2065=DIRECTION('',(0.499999999999997,-0.86602540378444,0.));
#2066=DIRECTION('',(-0.499999999999995,-0.866025403784441,0.));
#2067=DIRECTION('',(-1.,0.,0.));
#2068=DIRECTION('',(-0.499999999999995,0.866025403784441,0.));
#2069=DIRECTION('',(0.499999999999997,0.86602540378444,0.));
#2070=DIRECTION('',(1.,0.,0.));
#2071=DIRECTION('',(0.499999999999997,-0.86602540378444,0.));
#2072=DIRECTION('',(-0.499999999999995,-0.866025403784441,0.));
#2073=DIRECTION('',(-1.,0.,0.));
#2074=DIRECTION('',(-1.,0.,0.));
#2075=DIRECTION('',(0.,0.,1.));
#2076=DIRECTION('',(1.,0.,0.));
#2077=DIRECTION('',(-1.,0.,0.));
#2078=DIRECTION('',(0.,0.,1.));
#2079=DIRECTION('',(1.,0.,0.));
#2080=DIRECTION('',(0.,1.,0.));
#2081=DIRECTION('',(0.,0.,1.));
#2082=DIRECTION('',(1.,0.,0.));
#2083=DIRECTION('',(1.,0.,0.));
#2084=DIRECTION('',(0.,0.,1.));
#2085=DIRECTION('',(1.,0.,0.));
#2086=DIRECTION('',(1.,0.,0.));
#2087=DIRECTION('',(0.,0.,1.));
#2088=DIRECTION('',(1.,0.,0.));
#2089=DIRECTION('',(0.,-1.,0.));
#2090=DIRECTION('',(0.,0.,1.));
#2091=DIRECTION('',(1.,0.,0.));
#2092=DIRECTION('',(0.,1.,0.));
#2093=DIRECTION('',(0.,0.,1.));
#2094=DIRECTION('',(1.,0.,0.));
#2095=DIRECTION('',(-1.,0.,0.));
#2096=DIRECTION('',(0.,0.,1.));
#2097=DIRECTION('',(1.,0.,0.));
#2098=DIRECTION('',(0.,1.,0.));
#2099=DIRECTION('',(1.,0.,0.));
#2100=DIRECTION('',(0.,0.,1.));
#2101=DIRECTION('',(1.,0.,0.));
#2102=DIRECTION('',(0.,-1.,0.));
#2103=DIRECTION('',(-1.,0.,0.));
#2104=DIRECTION('',(0.,-1.,0.));
#2105=DIRECTION('',(0.,0.,1.));
#2106=DIRECTION('',(1.,0.,0.));
#2107=DIRECTION('',(1.,0.,0.));
#2108=DIRECTION('',(0.,-1.,0.));
#2109=DIRECTION('',(1.,0.,0.));
#2110=DIRECTION('',(0.,1.,0.));
#2111=DIRECTION('',(-1.,0.,0.));
#2112=DIRECTION('',(-0.499999999999997,0.86602540378444,0.));
#2113=DIRECTION('',(0.499999999999995,0.866025403784441,0.));
#2114=DIRECTION('',(1.,0.,0.));
#2115=DIRECTION('',(0.499999999999995,-0.866025403784441,0.));
#2116=DIRECTION('',(-0.499999999999997,-0.86602540378444,0.));
#2117=DIRECTION('',(-1.,0.,0.));
#2118=DIRECTION('',(-0.499999999999997,0.86602540378444,0.));
#2119=DIRECTION('',(0.499999999999995,0.866025403784441,0.));
#2120=DIRECTION('',(1.,0.,0.));
#2121=DIRECTION('',(0.499999999999995,-0.866025403784441,0.));
#2122=DIRECTION('',(-0.499999999999997,-0.86602540378444,0.));
#2123=DIRECTION('',(-1.,0.,0.));
#2124=DIRECTION('',(-0.5,0.866025403784439,0.));
#2125=DIRECTION('',(0.499999999999998,0.86602540378444,0.));
#2126=DIRECTION('',(1.,0.,0.));
#2127=DIRECTION('',(0.499999999999998,-0.86602540378444,0.));
#2128=DIRECTION('',(-0.5,-0.866025403784439,0.));
#2129=DIRECTION('',(-1.,0.,0.));
#2130=DIRECTION('',(0.,0.,1.));
#2131=DIRECTION('',(1.,0.,0.));
#2132=DIRECTION('',(0.,0.,1.));
#2133=DIRECTION('',(1.,0.,0.));
#2134=DIRECTION('',(0.,0.,1.));
#2135=DIRECTION('',(1.,0.,0.));
#2136=DIRECTION('',(0.,0.,1.));
#2137=DIRECTION('',(1.,0.,0.));
#2138=DIRECTION('',(0.,0.,1.));
#2139=DIRECTION('',(1.,0.,0.));
#2140=DIRECTION('',(0.,0.,1.));
#2141=DIRECTION('',(1.,0.,0.));
#2142=DIRECTION('',(0.,0.,1.));
#2143=DIRECTION('',(1.,0.,0.));
#2144=DIRECTION('',(0.,0.,1.));
#2145=DIRECTION('',(1.,0.,0.));
#2146=DIRECTION('',(0.,0.,1.));
#2147=DIRECTION('',(1.,0.,0.));
#2148=DIRECTION('',(0.,0.,1.));
#2149=DIRECTION('',(1.,0.,0.));
#2150=DIRECTION('',(0.,0.,1.));
#2151=DIRECTION('',(1.,0.,0.));
#2152=DIRECTION('',(0.,0.,1.));
#2153=DIRECTION('',(1.,0.,0.));
#2154=DIRECTION('',(0.,0.,1.));
#2155=DIRECTION('',(1.,0.,0.));
#2156=DIRECTION('',(0.,0.,1.));
#2157=DIRECTION('',(1.,0.,0.));
#2158=DIRECTION('',(-1.,0.,0.));
#2159=DIRECTION('',(0.,0.,1.));
#2160=DIRECTION('',(1.,0.,0.));
#2161=DIRECTION('',(0.,-1.,0.));
#2162=DIRECTION('',(0.,0.,1.));
#2163=DIRECTION('',(1.,0.,0.));
#2164=DIRECTION('',(1.,0.,0.));
#2165=DIRECTION('',(0.,0.,1.));
#2166=DIRECTION('',(1.,0.,0.));
#2167=DIRECTION('',(1.,0.,0.));
#2168=DIRECTION('',(0.,0.,1.));
#2169=DIRECTION('',(1.,0.,0.));
#2170=DIRECTION('',(0.,1.,0.));
#2171=DIRECTION('',(0.,0.,1.));
#2172=DIRECTION('',(1.,0.,0.));
#2173=DIRECTION('',(-1.,0.,0.));
#2174=DIRECTION('',(0.,-1.,0.));
#2175=DIRECTION('',(0.,0.,-1.));
#2176=DIRECTION('',(0.,0.,-1.));
#2177=DIRECTION('',(0.,0.,-1.));
#2178=DIRECTION('',(0.,-1.,0.));
#2179=DIRECTION('',(0.,0.,-1.));
#2180=DIRECTION('',(0.,0.,-1.));
#2181=DIRECTION('',(0.,0.,-1.));
#2182=DIRECTION('',(0.,1.,0.));
#2183=DIRECTION('',(0.,0.,1.));
#2184=DIRECTION('',(1.,0.,0.));
#2185=DIRECTION('',(0.,0.,-1.));
#2186=DIRECTION('',(1.,0.,0.));
#2187=DIRECTION('',(0.,0.,1.));
#2188=DIRECTION('',(0.,0.,-1.));
#2189=DIRECTION('',(0.,0.,-1.));
#2190=DIRECTION('',(0.,1.,0.));
#2191=DIRECTION('',(0.,0.,1.));
#2192=DIRECTION('',(0.,0.,-1.));
#2193=DIRECTION('',(0.,0.,-1.));
#2194=DIRECTION('',(0.,0.,1.));
#2195=DIRECTION('',(1.,0.,0.));
#2196=DIRECTION('',(0.,0.,1.));
#2197=DIRECTION('',(1.,0.,0.));
#2198=DIRECTION('',(0.,1.,0.));
#2199=DIRECTION('',(-1.,0.,0.));
#2200=DIRECTION('',(-1.,0.,0.));
#2201=DIRECTION('',(0.,0.,1.));
#2202=DIRECTION('',(0.,0.,-1.));
#2203=DIRECTION('',(0.,0.,-1.));
#2204=DIRECTION('',(-1.,0.,0.));
#2205=DIRECTION('',(0.,0.,1.));
#2206=DIRECTION('',(0.,0.,-1.));
#2207=DIRECTION('',(0.,0.,-1.));
#2208=DIRECTION('',(0.,-1.,0.));
#2209=DIRECTION('',(0.,0.,-1.));
#2210=DIRECTION('',(0.,0.,-1.));
#2211=DIRECTION('',(0.,0.,1.));
#2212=DIRECTION('',(1.,0.,0.));
#2213=DIRECTION('',(0.,0.,1.));
#2214=DIRECTION('',(1.,0.,0.));
#2215=DIRECTION('',(1.,0.,0.));
#2216=DIRECTION('',(0.,1.,0.));
#2217=DIRECTION('',(0.,1.,0.));
#2218=DIRECTION('',(0.,0.,1.));
#2219=DIRECTION('',(0.,0.,-1.));
#2220=DIRECTION('',(0.,0.,-1.));
#2221=DIRECTION('',(-1.,0.,0.));
#2222=DIRECTION('',(0.,0.,1.));
#2223=DIRECTION('',(0.,0.,-1.));
#2224=DIRECTION('',(0.,0.,1.));
#2225=DIRECTION('',(1.,0.,0.));
#2226=DIRECTION('',(0.,0.,1.));
#2227=DIRECTION('',(1.,0.,0.));
#2228=DIRECTION('',(-1.,0.,0.));
#2229=DIRECTION('',(0.,-1.,0.));
#2230=DIRECTION('',(1.,0.,0.));
#2231=DIRECTION('',(0.,0.,-1.));
#2232=DIRECTION('',(0.,0.,-1.));
#2233=DIRECTION('',(0.,0.,-1.));
#2234=DIRECTION('',(1.,0.,0.));
#2235=DIRECTION('',(0.,0.,-1.));
#2236=DIRECTION('',(0.,0.,-1.));
#2237=DIRECTION('',(0.,0.,-1.));
#2238=DIRECTION('',(0.,-1.,0.));
#2239=DIRECTION('',(0.,0.,-1.));
#2240=DIRECTION('',(0.,0.,-1.));
#2241=DIRECTION('',(0.,0.,1.));
#2242=DIRECTION('',(1.,0.,0.));
#2243=DIRECTION('',(0.,0.,1.));
#2244=DIRECTION('',(1.,0.,0.));
#2245=DIRECTION('',(0.,-1.,0.));
#2246=DIRECTION('',(1.,0.,0.));
#2247=DIRECTION('',(1.,0.,0.));
#2248=DIRECTION('',(0.,0.,-1.));
#2249=DIRECTION('',(0.,0.,-1.));
#2250=DIRECTION('',(0.,0.,-1.));
#2251=DIRECTION('',(0.,1.,0.));
#2252=DIRECTION('',(0.,0.,1.));
#2253=DIRECTION('',(0.,0.,-1.));
#2254=DIRECTION('',(1.,0.,0.));
#2255=DIRECTION('',(0.,0.,-1.));
#2256=DIRECTION('',(0.,-1.,0.));
#2257=DIRECTION('',(0.,0.,-1.));
#2258=DIRECTION('',(0.,0.,-1.));
#2259=DIRECTION('',(0.,1.,0.));
#2260=DIRECTION('',(0.,0.,1.));
#2261=DIRECTION('',(0.,0.,-1.));
#2262=DIRECTION('',(1.,0.,0.));
#2263=DIRECTION('',(0.,0.,1.));
#2264=DIRECTION('',(1.,0.,0.));
#2265=DIRECTION('',(1.,0.,0.));
#2266=DIRECTION('',(0.,0.,-1.));
#2267=DIRECTION('',(-1.,0.,0.));
#2268=DIRECTION('',(0.,0.,1.));
#2269=DIRECTION('',(0.,1.,0.));
#2270=DIRECTION('',(0.,0.,-1.));
#2271=DIRECTION('',(0.,0.,-1.));
#2272=DIRECTION('',(-1.,0.,0.));
#2273=DIRECTION('',(0.,0.,1.));
#2274=DIRECTION('',(1.,0.,0.));
#2275=DIRECTION('',(0.,0.,-1.));
#2276=DIRECTION('',(-1.,0.,0.));
#2277=DIRECTION('',(0.,0.,1.));
#2278=DIRECTION('',(1.,0.,0.));
#2279=DIRECTION('',(0.,0.,-1.));
#2280=DIRECTION('',(-1.,0.,0.));
#2281=DIRECTION('',(0.,0.,1.));
#2282=DIRECTION('',(1.,0.,0.));
#2283=DIRECTION('',(0.,0.,-1.));
#2284=DIRECTION('',(-1.,0.,0.));
#2285=DIRECTION('',(0.,0.,1.));
#2286=DIRECTION('',(1.,0.,0.));
#2287=DIRECTION('',(0.,-1.,0.));
#2288=DIRECTION('',(0.,0.,-1.));
#2289=DIRECTION('',(-1.,0.,0.));
#2290=DIRECTION('',(0.,0.,1.));
#2291=DIRECTION('',(1.,0.,0.));
#2292=DIRECTION('',(0.,0.,1.));
#2293=DIRECTION('',(1.,0.,0.));
#2294=DIRECTION('',(0.,0.,1.));
#2295=DIRECTION('',(1.,0.,0.));
#2296=DIRECTION('',(0.,0.,1.));
#2297=DIRECTION('',(1.,0.,0.));
#2298=DIRECTION('',(0.,0.,1.));
#2299=DIRECTION('',(1.,0.,0.));
#2300=DIRECTION('',(0.,0.,1.));
#2301=DIRECTION('',(1.,0.,0.));
#2302=DIRECTION('',(0.,0.,1.));
#2303=DIRECTION('',(1.,0.,0.));
#2304=DIRECTION('',(0.,0.,1.));
#2305=DIRECTION('',(1.,0.,0.));
#2306=DIRECTION('',(0.,0.,1.));
#2307=DIRECTION('',(1.,0.,0.));
#2308=DIRECTION('',(0.,0.,-1.));
#2309=DIRECTION('',(-1.,0.,0.));
#2310=DIRECTION('',(0.,0.,-1.));
#2311=DIRECTION('',(-1.,0.,0.));
#2312=DIRECTION('',(0.,0.,-1.));
#2313=DIRECTION('',(-1.,0.,0.));
#2314=DIRECTION('',(0.,0.,-1.));
#2315=DIRECTION('',(-1.,0.,0.));
#2316=DIRECTION('',(0.,0.,-1.));
#2317=DIRECTION('',(-1.,0.,0.));
#2318=DIRECTION('',(0.,0.,-1.));
#2319=DIRECTION('',(-1.,0.,0.));
#2320=DIRECTION('',(0.,0.,-1.));
#2321=DIRECTION('',(-1.,0.,0.));
#2322=DIRECTION('',(0.,0.,-1.));
#2323=DIRECTION('',(-1.,0.,0.));
#2324=DIRECTION('',(0.,0.,-1.));
#2325=DIRECTION('',(-1.,0.,0.));
#2326=DIRECTION('',(0.,0.,-1.));
#2327=DIRECTION('',(-1.,0.,0.));
#2328=DIRECTION('',(-0.86602540378444,0.499999999999997,0.));
#2329=DIRECTION('',(-0.499999999999997,-0.86602540378444,0.));
#2330=DIRECTION('',(0.499999999999997,0.86602540378444,0.));
#2331=DIRECTION('',(0.,0.,-1.));
#2332=DIRECTION('',(0.,0.,-1.));
#2333=DIRECTION('',(-0.866025403784441,-0.499999999999995,0.));
#2334=DIRECTION('',(0.499999999999995,-0.866025403784441,0.));
#2335=DIRECTION('',(-0.499999999999995,0.866025403784441,0.));
#2336=DIRECTION('',(0.,0.,-1.));
#2337=DIRECTION('',(0.,-1.,0.));
#2338=DIRECTION('',(0.,0.,-1.));
#2339=DIRECTION('',(-1.,0.,0.));
#2340=DIRECTION('',(0.,0.,-1.));
#2341=DIRECTION('',(0.866025403784441,-0.499999999999995,0.));
#2342=DIRECTION('',(0.499999999999995,0.866025403784441,0.));
#2343=DIRECTION('',(-0.499999999999995,-0.866025403784441,0.));
#2344=DIRECTION('',(0.,0.,-1.));
#2345=DIRECTION('',(0.86602540378444,0.499999999999997,0.));
#2346=DIRECTION('',(-0.499999999999997,0.86602540378444,0.));
#2347=DIRECTION('',(0.499999999999997,-0.86602540378444,0.));
#2348=DIRECTION('',(0.,0.,-1.));
#2349=DIRECTION('',(0.,1.,0.));
#2350=DIRECTION('',(0.,0.,1.));
#2351=DIRECTION('',(1.,0.,0.));
#2352=DIRECTION('',(0.,0.,1.));
#2353=DIRECTION('',(1.,0.,0.));
#2354=DIRECTION('',(0.,0.,1.));
#2355=DIRECTION('',(1.,0.,0.));
#2356=DIRECTION('',(0.,0.,1.));
#2357=DIRECTION('',(1.,0.,0.));
#2358=DIRECTION('',(0.,0.,1.));
#2359=DIRECTION('',(1.,0.,0.));
#2360=DIRECTION('',(0.,0.,-1.));
#2361=DIRECTION('',(-1.,0.,0.));
#2362=DIRECTION('',(-0.866025403784441,0.499999999999995,0.));
#2363=DIRECTION('',(-0.499999999999995,-0.866025403784441,0.));
#2364=DIRECTION('',(0.499999999999995,0.866025403784441,0.));
#2365=DIRECTION('',(0.,0.,-1.));
#2366=DIRECTION('',(0.,0.,-1.));
#2367=DIRECTION('',(-0.86602540378444,-0.499999999999997,0.));
#2368=DIRECTION('',(0.499999999999997,-0.86602540378444,0.));
#2369=DIRECTION('',(-0.499999999999997,0.86602540378444,0.));
#2370=DIRECTION('',(0.,0.,-1.));
#2371=DIRECTION('',(0.,-1.,0.));
#2372=DIRECTION('',(0.,0.,-1.));
#2373=DIRECTION('',(-1.,0.,0.));
#2374=DIRECTION('',(0.,0.,-1.));
#2375=DIRECTION('',(0.86602540378444,-0.499999999999997,0.));
#2376=DIRECTION('',(0.499999999999997,0.86602540378444,0.));
#2377=DIRECTION('',(-0.499999999999997,-0.86602540378444,0.));
#2378=DIRECTION('',(0.,0.,-1.));
#2379=DIRECTION('',(0.866025403784441,0.499999999999995,0.));
#2380=DIRECTION('',(-0.499999999999995,0.866025403784441,0.));
#2381=DIRECTION('',(0.499999999999995,-0.866025403784441,0.));
#2382=DIRECTION('',(0.,0.,-1.));
#2383=DIRECTION('',(0.,1.,0.));
#2384=DIRECTION('',(0.,0.,1.));
#2385=DIRECTION('',(1.,0.,0.));
#2386=DIRECTION('',(0.,0.,1.));
#2387=DIRECTION('',(1.,0.,0.));
#2388=DIRECTION('',(0.,0.,1.));
#2389=DIRECTION('',(1.,0.,0.));
#2390=DIRECTION('',(0.,0.,1.));
#2391=DIRECTION('',(1.,0.,0.));
#2392=DIRECTION('',(0.,0.,1.));
#2393=DIRECTION('',(1.,0.,0.));
#2394=DIRECTION('',(0.,0.,-1.));
#2395=DIRECTION('',(-1.,0.,0.));
#2396=DIRECTION('',(-0.86602540378444,0.499999999999997,0.));
#2397=DIRECTION('',(-0.499999999999997,-0.86602540378444,0.));
#2398=DIRECTION('',(0.499999999999997,0.86602540378444,0.));
#2399=DIRECTION('',(0.,0.,-1.));
#2400=DIRECTION('',(0.,0.,-1.));
#2401=DIRECTION('',(-0.866025403784441,-0.499999999999995,0.));
#2402=DIRECTION('',(0.499999999999995,-0.866025403784441,0.));
#2403=DIRECTION('',(-0.499999999999995,0.866025403784441,0.));
#2404=DIRECTION('',(0.,0.,-1.));
#2405=DIRECTION('',(0.,-1.,0.));
#2406=DIRECTION('',(0.,0.,-1.));
#2407=DIRECTION('',(-1.,0.,0.));
#2408=DIRECTION('',(0.,0.,-1.));
#2409=DIRECTION('',(0.866025403784441,-0.499999999999995,0.));
#2410=DIRECTION('',(0.499999999999995,0.866025403784441,0.));
#2411=DIRECTION('',(-0.499999999999995,-0.866025403784441,0.));
#2412=DIRECTION('',(0.,0.,-1.));
#2413=DIRECTION('',(0.86602540378444,0.499999999999997,0.));
#2414=DIRECTION('',(-0.499999999999997,0.86602540378444,0.));
#2415=DIRECTION('',(0.499999999999997,-0.86602540378444,0.));
#2416=DIRECTION('',(0.,0.,-1.));
#2417=DIRECTION('',(0.,1.,0.));
#2418=DIRECTION('',(0.,0.,1.));
#2419=DIRECTION('',(1.,0.,0.));
#2420=DIRECTION('',(0.,0.,1.));
#2421=DIRECTION('',(1.,0.,0.));
#2422=DIRECTION('',(0.,0.,1.));
#2423=DIRECTION('',(1.,0.,0.));
#2424=DIRECTION('',(0.,0.,1.));
#2425=DIRECTION('',(1.,0.,0.));
#2426=DIRECTION('',(0.,0.,1.));
#2427=DIRECTION('',(1.,0.,0.));
#2428=DIRECTION('',(0.,0.,-1.));
#2429=DIRECTION('',(-1.,0.,0.));
#2430=DIRECTION('',(-0.866025403784441,0.499999999999995,0.));
#2431=DIRECTION('',(-0.499999999999995,-0.866025403784441,0.));
#2432=DIRECTION('',(0.499999999999995,0.866025403784441,0.));
#2433=DIRECTION('',(0.,0.,-1.));
#2434=DIRECTION('',(0.,0.,-1.));
#2435=DIRECTION('',(-0.86602540378444,-0.499999999999997,0.));
#2436=DIRECTION('',(0.499999999999997,-0.86602540378444,0.));
#2437=DIRECTION('',(-0.499999999999997,0.86602540378444,0.));
#2438=DIRECTION('',(0.,0.,-1.));
#2439=DIRECTION('',(0.,-1.,0.));
#2440=DIRECTION('',(0.,0.,-1.));
#2441=DIRECTION('',(-1.,0.,0.));
#2442=DIRECTION('',(0.,0.,-1.));
#2443=DIRECTION('',(0.86602540378444,-0.499999999999997,0.));
#2444=DIRECTION('',(0.499999999999997,0.86602540378444,0.));
#2445=DIRECTION('',(-0.499999999999997,-0.86602540378444,0.));
#2446=DIRECTION('',(0.,0.,-1.));
#2447=DIRECTION('',(0.866025403784441,0.499999999999995,0.));
#2448=DIRECTION('',(-0.499999999999995,0.866025403784441,0.));
#2449=DIRECTION('',(0.499999999999995,-0.866025403784441,0.));
#2450=DIRECTION('',(0.,0.,-1.));
#2451=DIRECTION('',(0.,1.,0.));
#2452=DIRECTION('',(0.,0.,1.));
#2453=DIRECTION('',(1.,0.,0.));
#2454=DIRECTION('',(0.,0.,1.));
#2455=DIRECTION('',(1.,0.,0.));
#2456=DIRECTION('',(0.,0.,1.));
#2457=DIRECTION('',(1.,0.,0.));
#2458=DIRECTION('',(0.,0.,1.));
#2459=DIRECTION('',(1.,0.,0.));
#2460=DIRECTION('',(0.,0.,1.));
#2461=DIRECTION('',(1.,0.,0.));
#2462=DIRECTION('',(0.,0.,-1.));
#2463=DIRECTION('',(-1.,0.,0.));
#2464=DIRECTION('',(-0.866025403784439,0.5,0.));
#2465=DIRECTION('',(-0.5,-0.866025403784439,0.));
#2466=DIRECTION('',(0.5,0.866025403784439,0.));
#2467=DIRECTION('',(0.,0.,-1.));
#2468=DIRECTION('',(0.,0.,-1.));
#2469=DIRECTION('',(-0.86602540378444,-0.499999999999998,0.));
#2470=DIRECTION('',(0.499999999999998,-0.86602540378444,0.));
#2471=DIRECTION('',(-0.499999999999998,0.86602540378444,0.));
#2472=DIRECTION('',(0.,0.,-1.));
#2473=DIRECTION('',(0.,-1.,0.));
#2474=DIRECTION('',(0.,0.,-1.));
#2475=DIRECTION('',(-1.,0.,0.));
#2476=DIRECTION('',(0.,0.,-1.));
#2477=DIRECTION('',(0.866025403784439,-0.499999999999998,0.));
#2478=DIRECTION('',(0.499999999999998,0.86602540378444,0.));
#2479=DIRECTION('',(-0.499999999999998,-0.86602540378444,0.));
#2480=DIRECTION('',(0.,0.,-1.));
#2481=DIRECTION('',(0.866025403784439,0.5,0.));
#2482=DIRECTION('',(-0.5,0.866025403784439,0.));
#2483=DIRECTION('',(0.5,-0.866025403784439,0.));
#2484=DIRECTION('',(0.,0.,-1.));
#2485=DIRECTION('',(0.,1.,0.));
#2486=DIRECTION('',(0.,0.,1.));
#2487=DIRECTION('',(1.,0.,0.));
#2488=DIRECTION('',(0.,0.,1.));
#2489=DIRECTION('',(1.,0.,0.));
#2490=DIRECTION('',(0.,0.,1.));
#2491=DIRECTION('',(1.,0.,0.));
#2492=DIRECTION('',(0.,0.,1.));
#2493=DIRECTION('',(1.,0.,0.));
#2494=DIRECTION('',(0.,0.,1.));
#2495=DIRECTION('',(1.,0.,0.));
#2496=DIRECTION('',(0.,0.,-1.));
#2497=DIRECTION('',(-1.,0.,0.));
#2498=DIRECTION('',(-0.86602540378444,0.499999999999998,0.));
#2499=DIRECTION('',(-0.499999999999998,-0.86602540378444,0.));
#2500=DIRECTION('',(0.499999999999998,0.86602540378444,0.));
#2501=DIRECTION('',(0.,0.,-1.));
#2502=DIRECTION('',(0.,0.,-1.));
#2503=DIRECTION('',(-0.866025403784439,-0.5,0.));
#2504=DIRECTION('',(0.5,-0.866025403784439,0.));
#2505=DIRECTION('',(-0.5,0.866025403784439,0.));
#2506=DIRECTION('',(0.,0.,-1.));
#2507=DIRECTION('',(0.,-1.,0.));
#2508=DIRECTION('',(0.,0.,-1.));
#2509=DIRECTION('',(-1.,0.,0.));
#2510=DIRECTION('',(0.,0.,-1.));
#2511=DIRECTION('',(0.866025403784438,-0.5,0.));
#2512=DIRECTION('',(0.5,0.866025403784439,0.));
#2513=DIRECTION('',(-0.5,-0.866025403784439,0.));
#2514=DIRECTION('',(0.,0.,-1.));
#2515=DIRECTION('',(0.86602540378444,0.499999999999998,0.));
#2516=DIRECTION('',(-0.499999999999998,0.86602540378444,0.));
#2517=DIRECTION('',(0.499999999999998,-0.86602540378444,0.));
#2518=DIRECTION('',(0.,0.,-1.));
#2519=DIRECTION('',(0.,1.,0.));
#2520=DIRECTION('',(0.,0.,1.));
#2521=DIRECTION('',(1.,0.,0.));
#2522=DIRECTION('',(0.,0.,1.));
#2523=DIRECTION('',(1.,0.,0.));
#2524=DIRECTION('',(0.,0.,1.));
#2525=DIRECTION('',(1.,0.,0.));
#2526=DIRECTION('',(0.,0.,1.));
#2527=DIRECTION('',(1.,0.,0.));
#2528=DIRECTION('',(0.,0.,1.));
#2529=DIRECTION('',(1.,0.,0.));
#2530=DIRECTION('',(0.,0.,-1.));
#2531=DIRECTION('',(-1.,0.,0.));
#2532=DIRECTION('',(1.,0.,0.));
#2533=DIRECTION('',(0.,0.,-1.));
#2534=DIRECTION('',(0.,-1.,0.));
#2535=DIRECTION('',(0.,-1.,0.));
#2536=DIRECTION('',(-1.,0.,0.));
#2537=DIRECTION('',(0.,0.,1.));
#2538=DIRECTION('',(0.,1.,0.));
#2539=DIRECTION('',(0.,1.,0.));
#2540=DIRECTION('',(0.,0.,1.));
#2541=DIRECTION('',(1.,0.,0.));
#2542=DIRECTION('',(0.,0.,1.));
#2543=DIRECTION('',(1.,0.,0.));
#2544=DIRECTION('',(0.,0.,-1.));
#2545=DIRECTION('',(-1.,0.,0.));
#2546=DIRECTION('',(0.,0.,-1.));
#2547=DIRECTION('',(-1.,0.,0.));
#2548=DIRECTION('',(0.,0.,-1.));
#2549=DIRECTION('',(-1.,0.,0.));
#2550=DIRECTION('',(0.,0.,-1.));
#2551=DIRECTION('',(-1.,0.,0.));
#2552=DIRECTION('',(0.,0.,-1.));
#2553=DIRECTION('',(-1.,0.,0.));
#2554=DIRECTION('',(0.,0.,-1.));
#2555=DIRECTION('',(-1.,0.,0.));
#2556=DIRECTION('',(0.,0.,-1.));
#2557=DIRECTION('',(-1.,0.,0.));
#2558=DIRECTION('',(0.,0.,-1.));
#2559=DIRECTION('',(-1.,0.,0.));
#2560=CARTESIAN_POINT('',(0.,0.,0.));
#2561=CARTESIAN_POINT('',(0.,0.,92.));
#2562=CARTESIAN_POINT('',(3.34863156129983,-82.,92.));
#2563=CARTESIAN_POINT('',(3.34863156129983,-82.,92.));
#2564=CARTESIAN_POINT('',(1.67431578064992,-79.1,92.));
#2565=CARTESIAN_POINT('',(1.67431578064992,-84.9,92.));
#2566=CARTESIAN_POINT('',(1.67431578064992,-84.9,92.));
#2567=CARTESIAN_POINT('',(-1.67431578064992,-84.9,92.));
#2568=CARTESIAN_POINT('',(-1.67431578064992,-84.9,92.));
#2569=CARTESIAN_POINT('',(-3.34863156129983,-82.,92.));
#2570=CARTESIAN_POINT('',(-3.34863156129983,-82.,92.));
#2571=CARTESIAN_POINT('',(-1.67431578064991,-79.1,92.));
#2572=CARTESIAN_POINT('',(-1.67431578064991,-79.1,92.));
#2573=CARTESIAN_POINT('',(1.67431578064992,-79.1,92.));
#2574=CARTESIAN_POINT('',(105.3486315613,-82.,92.));
#2575=CARTESIAN_POINT('',(105.3486315613,-82.,92.));
#2576=CARTESIAN_POINT('',(103.67431578065,-79.1,92.));
#2577=CARTESIAN_POINT('',(103.67431578065,-84.9,92.));
#2578=CARTESIAN_POINT('',(103.67431578065,-84.9,92.));
#2579=CARTESIAN_POINT('',(100.32568421935,-84.9,92.));
#2580=CARTESIAN_POINT('',(100.32568421935,-84.9,92.));
#2581=CARTESIAN_POINT('',(98.6513684387002,-82.,92.));
#2582=CARTESIAN_POINT('',(98.6513684387002,-82.,92.));
#2583=CARTESIAN_POINT('',(100.32568421935,-79.1,92.));
#2584=CARTESIAN_POINT('',(100.32568421935,-79.1,92.));
#2585=CARTESIAN_POINT('',(103.67431578065,-79.1,92.));
#2586=CARTESIAN_POINT('',(-98.6513684387002,-82.,92.));
#2587=CARTESIAN_POINT('',(-98.6513684387002,-82.,92.));
#2588=CARTESIAN_POINT('',(-100.32568421935,-79.1,92.));
#2589=CARTESIAN_POINT('',(-100.32568421935,-84.9,92.));
#2590=CARTESIAN_POINT('',(-100.32568421935,-84.9,92.));
#2591=CARTESIAN_POINT('',(-103.67431578065,-84.9,92.));
#2592=CARTESIAN_POINT('',(-103.67431578065,-84.9,92.));
#2593=CARTESIAN_POINT('',(-105.3486315613,-82.,92.));
#2594=CARTESIAN_POINT('',(-105.3486315613,-82.,92.));
#2595=CARTESIAN_POINT('',(-103.67431578065,-79.1,92.));
#2596=CARTESIAN_POINT('',(-103.67431578065,-79.1,92.));
#2597=CARTESIAN_POINT('',(-100.32568421935,-79.1,92.));
#2598=CARTESIAN_POINT('',(107.,87.,92.));
#2599=CARTESIAN_POINT('',(-4.89897948556637,87.,92.));
#2600=CARTESIAN_POINT('',(-97.1010205144336,87.,92.));
#2601=CARTESIAN_POINT('',(0.,82.,92.));
#2602=CARTESIAN_POINT('',(4.89897948556637,87.,92.));
#2603=CARTESIAN_POINT('',(107.,87.,92.));
#2604=CARTESIAN_POINT('',(97.1010205144336,87.,92.));
#2605=CARTESIAN_POINT('',(102.,82.,92.));
#2606=CARTESIAN_POINT('',(107.,77.1010205144337,92.));
#2607=CARTESIAN_POINT('',(107.,-87.,92.));
#2608=CARTESIAN_POINT('',(107.,-77.1010205144337,92.));
#2609=CARTESIAN_POINT('',(102.,-82.,92.));
#2610=CARTESIAN_POINT('',(97.1010205144336,-87.,92.));
#2611=CARTESIAN_POINT('',(-107.,-87.,92.));
#2612=CARTESIAN_POINT('',(4.89897948556637,-87.,92.));
#2613=CARTESIAN_POINT('',(0.,-82.,92.));
#2614=CARTESIAN_POINT('',(-4.89897948556637,-87.,92.));
#2615=CARTESIAN_POINT('',(-107.,-87.,92.));
#2616=CARTESIAN_POINT('',(-97.1010205144336,-87.,92.));
#2617=CARTESIAN_POINT('',(-102.,-82.,92.));
#2618=CARTESIAN_POINT('',(-107.,-77.1010205144337,92.));
#2619=CARTESIAN_POINT('',(-107.,87.,92.));
#2620=CARTESIAN_POINT('',(-107.,77.1010205144337,92.));
#2621=CARTESIAN_POINT('',(-102.,82.,92.));
#2622=CARTESIAN_POINT('',(107.,-87.,92.));
#2623=CARTESIAN_POINT('',(107.,86.8989794855664,92.));
#2624=CARTESIAN_POINT('',(107.,87.,92.));
#2625=CARTESIAN_POINT('',(102.,82.,92.));
#2626=CARTESIAN_POINT('',(106.898979485566,87.,92.));
#2627=CARTESIAN_POINT('',(107.,87.,92.));
#2628=CARTESIAN_POINT('',(102.,-82.,92.));
#2629=CARTESIAN_POINT('',(106.898979485566,-87.,92.));
#2630=CARTESIAN_POINT('',(107.,-86.8989794855664,92.));
#2631=CARTESIAN_POINT('',(107.,-87.,92.));
#2632=CARTESIAN_POINT('',(107.,-87.,92.));
#2633=CARTESIAN_POINT('',(-107.,-87.,92.));
#2634=CARTESIAN_POINT('',(-102.,82.,92.));
#2635=CARTESIAN_POINT('',(-106.898979485566,87.,92.));
#2636=CARTESIAN_POINT('',(-107.,86.8989794855664,92.));
#2637=CARTESIAN_POINT('',(-107.,87.,92.));
#2638=CARTESIAN_POINT('',(-107.,87.,92.));
#2639=CARTESIAN_POINT('',(107.,87.,92.));
#2640=CARTESIAN_POINT('',(-107.,87.,92.));
#2641=CARTESIAN_POINT('',(-107.,-86.8989794855664,92.));
#2642=CARTESIAN_POINT('',(-107.,-87.,92.));
#2643=CARTESIAN_POINT('',(-102.,-82.,92.));
#2644=CARTESIAN_POINT('',(-106.898979485566,-87.,92.));
#2645=CARTESIAN_POINT('',(-107.,-87.,92.));
#2646=CARTESIAN_POINT('',(-110.,90.,92.));
#2647=CARTESIAN_POINT('',(-110.,90.,92.));
#2648=CARTESIAN_POINT('',(-110.,-90.,92.));
#2649=CARTESIAN_POINT('',(-110.,-90.,92.));
#2650=CARTESIAN_POINT('',(110.,-90.,92.));
#2651=CARTESIAN_POINT('',(110.,-90.,92.));
#2652=CARTESIAN_POINT('',(110.,90.,92.));
#2653=CARTESIAN_POINT('',(110.,90.,92.));
#2654=CARTESIAN_POINT('',(-98.6513684387002,82.,92.));
#2655=CARTESIAN_POINT('',(-98.6513684387002,82.,92.));
#2656=CARTESIAN_POINT('',(-100.32568421935,84.9,92.));
#2657=CARTESIAN_POINT('',(-100.32568421935,79.1,92.));
#2658=CARTESIAN_POINT('',(-100.32568421935,79.1,92.));
#2659=CARTESIAN_POINT('',(-103.67431578065,79.1,92.));
#2660=CARTESIAN_POINT('',(-103.67431578065,79.1,92.));
#2661=CARTESIAN_POINT('',(-105.3486315613,82.,92.));
#2662=CARTESIAN_POINT('',(-105.3486315613,82.,92.));
#2663=CARTESIAN_POINT('',(-103.67431578065,84.9,92.));
#2664=CARTESIAN_POINT('',(-103.67431578065,84.9,92.));
#2665=CARTESIAN_POINT('',(-100.32568421935,84.9,92.));
#2666=CARTESIAN_POINT('',(105.3486315613,82.,92.));
#2667=CARTESIAN_POINT('',(105.3486315613,82.,92.));
#2668=CARTESIAN_POINT('',(103.67431578065,84.9,92.));
#2669=CARTESIAN_POINT('',(103.67431578065,79.1,92.));
#2670=CARTESIAN_POINT('',(103.67431578065,79.1,92.));
#2671=CARTESIAN_POINT('',(100.32568421935,79.1,92.));
#2672=CARTESIAN_POINT('',(100.32568421935,79.1,92.));
#2673=CARTESIAN_POINT('',(98.6513684387002,82.,92.));
#2674=CARTESIAN_POINT('',(98.6513684387002,82.,92.));
#2675=CARTESIAN_POINT('',(100.32568421935,84.9,92.));
#2676=CARTESIAN_POINT('',(100.32568421935,84.9,92.));
#2677=CARTESIAN_POINT('',(103.67431578065,84.9,92.));
#2678=CARTESIAN_POINT('',(3.34863156129983,82.,92.));
#2679=CARTESIAN_POINT('',(3.34863156129983,82.,92.));
#2680=CARTESIAN_POINT('',(1.67431578064992,84.9,92.));
#2681=CARTESIAN_POINT('',(1.67431578064992,79.1,92.));
#2682=CARTESIAN_POINT('',(1.67431578064992,79.1,92.));
#2683=CARTESIAN_POINT('',(-1.67431578064992,79.1,92.));
#2684=CARTESIAN_POINT('',(-1.67431578064992,79.1,92.));
#2685=CARTESIAN_POINT('',(-3.34863156129983,82.,92.));
#2686=CARTESIAN_POINT('',(-3.34863156129983,82.,92.));
#2687=CARTESIAN_POINT('',(-1.67431578064991,84.9,92.));
#2688=CARTESIAN_POINT('',(-1.67431578064991,84.9,92.));
#2689=CARTESIAN_POINT('',(1.67431578064992,84.9,92.));
#2690=CARTESIAN_POINT('',(0.,0.,4.));
#2691=CARTESIAN_POINT('',(84.,-48.,4.));
#2692=CARTESIAN_POINT('',(85.7,-48.,4.));
#2693=CARTESIAN_POINT('',(84.,-74.,4.));
#2694=CARTESIAN_POINT('',(85.7,-74.,4.));
#2695=CARTESIAN_POINT('',(26.,-48.,4.));
#2696=CARTESIAN_POINT('',(27.7,-48.,4.));
#2697=CARTESIAN_POINT('',(26.,-74.,4.));
#2698=CARTESIAN_POINT('',(27.7,-74.,4.));
#2699=CARTESIAN_POINT('',(63.,18.,4.));
#2700=CARTESIAN_POINT('',(64.7,18.,4.));
#2701=CARTESIAN_POINT('',(17.,18.,4.));
#2702=CARTESIAN_POINT('',(18.7,18.,4.));
#2703=CARTESIAN_POINT('',(63.,-43.,4.));
#2704=CARTESIAN_POINT('',(64.7,-43.,4.));
#2705=CARTESIAN_POINT('',(17.,-43.,4.));
#2706=CARTESIAN_POINT('',(18.7,-43.,4.));
#2707=CARTESIAN_POINT('',(-86.,-66.,4.));
#2708=CARTESIAN_POINT('',(-82.75,-66.,4.));
#2709=CARTESIAN_POINT('',(-86.,66.,4.));
#2710=CARTESIAN_POINT('',(-82.75,66.,4.));
#2711=CARTESIAN_POINT('',(86.,-66.,4.));
#2712=CARTESIAN_POINT('',(89.25,-66.,4.));
#2713=CARTESIAN_POINT('',(86.,66.,4.));
#2714=CARTESIAN_POINT('',(89.25,66.,4.));
#2715=CARTESIAN_POINT('',(0.,82.,4.));
#2716=CARTESIAN_POINT('',(-4.89897948556637,87.,4.));
#2717=CARTESIAN_POINT('',(4.89897948556636,87.,4.));
#2718=CARTESIAN_POINT('',(107.,87.,4.));
#2719=CARTESIAN_POINT('',(-97.1010205144336,87.,4.));
#2720=CARTESIAN_POINT('',(-102.,82.,4.));
#2721=CARTESIAN_POINT('',(-107.,77.1010205144337,4.));
#2722=CARTESIAN_POINT('',(-107.,87.,4.));
#2723=CARTESIAN_POINT('',(-107.,-77.1010205144337,4.));
#2724=CARTESIAN_POINT('',(-102.,-82.,4.));
#2725=CARTESIAN_POINT('',(-97.1010205144336,-87.,4.));
#2726=CARTESIAN_POINT('',(-107.,-87.,4.));
#2727=CARTESIAN_POINT('',(-4.89897948556636,-87.,4.));
#2728=CARTESIAN_POINT('',(0.,-82.,4.));
#2729=CARTESIAN_POINT('',(4.89897948556637,-87.,4.));
#2730=CARTESIAN_POINT('',(-107.,-87.,4.));
#2731=CARTESIAN_POINT('',(97.1010205144336,-87.,4.));
#2732=CARTESIAN_POINT('',(102.,-82.,4.));
#2733=CARTESIAN_POINT('',(107.,-77.1010205144337,4.));
#2734=CARTESIAN_POINT('',(107.,-87.,4.));
#2735=CARTESIAN_POINT('',(107.,77.1010205144337,4.));
#2736=CARTESIAN_POINT('',(102.,82.,4.));
#2737=CARTESIAN_POINT('',(97.1010205144336,87.,4.));
#2738=CARTESIAN_POINT('',(107.,87.,4.));
#2739=CARTESIAN_POINT('',(107.,87.,92.));
#2740=CARTESIAN_POINT('',(-4.89897948556637,87.,92.));
#2741=CARTESIAN_POINT('',(-97.1010205144336,87.,92.));
#2742=CARTESIAN_POINT('',(107.,87.,92.));
#2743=CARTESIAN_POINT('',(4.89897948556637,87.,92.));
#2744=CARTESIAN_POINT('',(97.1010205144336,87.,92.));
#2745=CARTESIAN_POINT('',(-107.,-87.,92.));
#2746=CARTESIAN_POINT('',(-107.,-87.,36.));
#2747=CARTESIAN_POINT('',(25.,-87.,36.));
#2748=CARTESIAN_POINT('',(91.,-87.,36.));
#2749=CARTESIAN_POINT('',(25.,-87.,92.));
#2750=CARTESIAN_POINT('',(25.,-87.,16.));
#2751=CARTESIAN_POINT('',(-107.,-87.,16.));
#2752=CARTESIAN_POINT('',(91.,-87.,16.));
#2753=CARTESIAN_POINT('',(91.,-87.,92.));
#2754=CARTESIAN_POINT('',(4.89897948556637,-87.,92.));
#2755=CARTESIAN_POINT('',(97.1010205144336,-87.,92.));
#2756=CARTESIAN_POINT('',(-107.,-87.,92.));
#2757=CARTESIAN_POINT('',(-4.89897948556637,-87.,92.));
#2758=CARTESIAN_POINT('',(-97.1010205144336,-87.,92.));
#2759=CARTESIAN_POINT('',(0.,0.,4.));
#2760=CARTESIAN_POINT('',(102.,82.,4.));
#2761=CARTESIAN_POINT('',(107.,86.8989794855664,4.));
#2762=CARTESIAN_POINT('',(106.898979485566,87.,4.));
#2763=CARTESIAN_POINT('',(107.,-87.,4.));
#2764=CARTESIAN_POINT('',(107.,87.,4.));
#2765=CARTESIAN_POINT('',(107.,87.,4.));
#2766=CARTESIAN_POINT('',(107.,-87.,92.));
#2767=CARTESIAN_POINT('',(107.,86.8989794855664,92.));
#2768=CARTESIAN_POINT('',(107.,87.,92.));
#2769=CARTESIAN_POINT('',(107.,-87.,92.));
#2770=CARTESIAN_POINT('',(107.,77.1010205144337,92.));
#2771=CARTESIAN_POINT('',(107.,-77.1010205144337,92.));
#2772=CARTESIAN_POINT('',(107.,87.,92.));
#2773=CARTESIAN_POINT('',(106.898979485566,87.,92.));
#2774=CARTESIAN_POINT('',(0.,0.,4.));
#2775=CARTESIAN_POINT('',(102.,-82.,4.));
#2776=CARTESIAN_POINT('',(106.898979485566,-87.,4.));
#2777=CARTESIAN_POINT('',(107.,-86.8989794855664,4.));
#2778=CARTESIAN_POINT('',(-107.,-87.,4.));
#2779=CARTESIAN_POINT('',(107.,-87.,4.));
#2780=CARTESIAN_POINT('',(107.,-87.,4.));
#2781=CARTESIAN_POINT('',(-107.,-87.,92.));
#2782=CARTESIAN_POINT('',(106.898979485566,-87.,92.));
#2783=CARTESIAN_POINT('',(107.,-87.,92.));
#2784=CARTESIAN_POINT('',(107.,-87.,92.));
#2785=CARTESIAN_POINT('',(107.,-86.8989794855664,92.));
#2786=CARTESIAN_POINT('',(0.,0.,4.));
#2787=CARTESIAN_POINT('',(-102.,82.,4.));
#2788=CARTESIAN_POINT('',(-106.898979485566,87.,4.));
#2789=CARTESIAN_POINT('',(-107.,86.8989794855664,4.));
#2790=CARTESIAN_POINT('',(107.,87.,4.));
#2791=CARTESIAN_POINT('',(-107.,87.,4.));
#2792=CARTESIAN_POINT('',(-107.,87.,4.));
#2793=CARTESIAN_POINT('',(-107.,87.,92.));
#2794=CARTESIAN_POINT('',(-107.,77.1010205144337,92.));
#2795=CARTESIAN_POINT('',(-107.,-77.1010205144337,92.));
#2796=CARTESIAN_POINT('',(-107.,87.,92.));
#2797=CARTESIAN_POINT('',(-107.,86.8989794855664,92.));
#2798=CARTESIAN_POINT('',(-107.,87.,92.));
#2799=CARTESIAN_POINT('',(107.,87.,92.));
#2800=CARTESIAN_POINT('',(-106.898979485566,87.,92.));
#2801=CARTESIAN_POINT('',(0.,0.,4.));
#2802=CARTESIAN_POINT('',(-102.,-82.,4.));
#2803=CARTESIAN_POINT('',(-107.,-86.8989794855664,4.));
#2804=CARTESIAN_POINT('',(-106.898979485566,-87.,4.));
#2805=CARTESIAN_POINT('',(-107.,87.,4.));
#2806=CARTESIAN_POINT('',(-107.,-87.,4.));
#2807=CARTESIAN_POINT('',(-107.,-87.,4.));
#2808=CARTESIAN_POINT('',(-107.,87.,92.));
#2809=CARTESIAN_POINT('',(-107.,-86.8989794855664,92.));
#2810=CARTESIAN_POINT('',(-107.,-87.,92.));
#2811=CARTESIAN_POINT('',(-107.,-87.,92.));
#2812=CARTESIAN_POINT('',(-106.898979485566,-87.,92.));
#2813=CARTESIAN_POINT('',(-110.,90.,4.));
#2814=CARTESIAN_POINT('',(-110.,90.,0.));
#2815=CARTESIAN_POINT('',(-110.,90.,0.));
#2816=CARTESIAN_POINT('',(-110.,-90.,0.));
#2817=CARTESIAN_POINT('',(-110.,-90.,4.));
#2818=CARTESIAN_POINT('',(-110.,90.,4.));
#2819=CARTESIAN_POINT('',(-110.,-90.,4.));
#2820=CARTESIAN_POINT('',(25.,-90.,4.));
#2821=CARTESIAN_POINT('',(25.,-90.,36.));
#2822=CARTESIAN_POINT('',(25.,-90.,16.));
#2823=CARTESIAN_POINT('',(-110.,-90.,36.));
#2824=CARTESIAN_POINT('',(91.,-90.,36.));
#2825=CARTESIAN_POINT('',(91.,-90.,4.));
#2826=CARTESIAN_POINT('',(91.,-90.,16.));
#2827=CARTESIAN_POINT('',(-110.,-90.,16.));
#2828=CARTESIAN_POINT('',(-110.,-90.,0.));
#2829=CARTESIAN_POINT('',(110.,-90.,0.));
#2830=CARTESIAN_POINT('',(110.,-90.,4.));
#2831=CARTESIAN_POINT('',(110.,-90.,4.));
#2832=CARTESIAN_POINT('',(110.,-90.,0.));
#2833=CARTESIAN_POINT('',(110.,90.,0.));
#2834=CARTESIAN_POINT('',(110.,90.,4.));
#2835=CARTESIAN_POINT('',(-86.,-66.,4.));
#2836=CARTESIAN_POINT('',(-86.,-66.,0.));
#2837=CARTESIAN_POINT('',(-82.75,-66.,0.));
#2838=CARTESIAN_POINT('',(-86.,66.,4.));
#2839=CARTESIAN_POINT('',(-86.,66.,0.));
#2840=CARTESIAN_POINT('',(-82.75,66.,0.));
#2841=CARTESIAN_POINT('',(86.,-66.,4.));
#2842=CARTESIAN_POINT('',(86.,-66.,0.));
#2843=CARTESIAN_POINT('',(89.25,-66.,0.));
#2844=CARTESIAN_POINT('',(86.,66.,4.));
#2845=CARTESIAN_POINT('',(86.,66.,0.));
#2846=CARTESIAN_POINT('',(89.25,66.,0.));
#2847=CARTESIAN_POINT('',(110.,90.,4.));
#2848=CARTESIAN_POINT('',(110.,90.,0.));
#2849=CARTESIAN_POINT('',(0.,0.,0.));
#2850=CARTESIAN_POINT('',(84.,-48.,0.));
#2851=CARTESIAN_POINT('',(85.7,-48.,0.));
#2852=CARTESIAN_POINT('',(84.,-74.,0.));
#2853=CARTESIAN_POINT('',(85.7,-74.,0.));
#2854=CARTESIAN_POINT('',(26.,-48.,0.));
#2855=CARTESIAN_POINT('',(27.7,-48.,0.));
#2856=CARTESIAN_POINT('',(26.,-74.,0.));
#2857=CARTESIAN_POINT('',(27.7,-74.,0.));
#2858=CARTESIAN_POINT('',(63.,18.,0.));
#2859=CARTESIAN_POINT('',(64.7,18.,0.));
#2860=CARTESIAN_POINT('',(17.,18.,0.));
#2861=CARTESIAN_POINT('',(18.7,18.,0.));
#2862=CARTESIAN_POINT('',(63.,-43.,0.));
#2863=CARTESIAN_POINT('',(64.7,-43.,0.));
#2864=CARTESIAN_POINT('',(17.,-43.,0.));
#2865=CARTESIAN_POINT('',(18.7,-43.,0.));
#2866=CARTESIAN_POINT('',(-102.,-82.,92.));
#2867=CARTESIAN_POINT('',(-102.,-82.,92.));
#2868=CARTESIAN_POINT('',(-102.,82.,92.));
#2869=CARTESIAN_POINT('',(-102.,82.,92.));
#2870=CARTESIAN_POINT('',(102.,-82.,92.));
#2871=CARTESIAN_POINT('',(102.,-82.,92.));
#2872=CARTESIAN_POINT('',(102.,82.,92.));
#2873=CARTESIAN_POINT('',(102.,82.,92.));
#2874=CARTESIAN_POINT('',(0.,-82.,92.));
#2875=CARTESIAN_POINT('',(0.,82.,92.));
#2876=CARTESIAN_POINT('',(-100.32568421935,-84.9,92.));
#2877=CARTESIAN_POINT('',(-100.32568421935,-84.9,89.3));
#2878=CARTESIAN_POINT('',(-100.32568421935,-84.9,89.3));
#2879=CARTESIAN_POINT('',(-98.6513684387002,-82.,89.3));
#2880=CARTESIAN_POINT('',(-100.32568421935,-84.9,92.));
#2881=CARTESIAN_POINT('',(-98.6513684387002,-82.,92.));
#2882=CARTESIAN_POINT('',(-98.6513684387002,-82.,92.));
#2883=CARTESIAN_POINT('',(-98.6513684387002,-82.,89.3));
#2884=CARTESIAN_POINT('',(-100.32568421935,-79.1,89.3));
#2885=CARTESIAN_POINT('',(-100.32568421935,-79.1,92.));
#2886=CARTESIAN_POINT('',(-100.32568421935,-79.1,92.));
#2887=CARTESIAN_POINT('',(-100.32568421935,-79.1,89.3));
#2888=CARTESIAN_POINT('',(-103.67431578065,-79.1,89.3));
#2889=CARTESIAN_POINT('',(-103.67431578065,-79.1,92.));
#2890=CARTESIAN_POINT('',(-103.67431578065,-79.1,92.));
#2891=CARTESIAN_POINT('',(-103.67431578065,-79.1,89.3));
#2892=CARTESIAN_POINT('',(-105.3486315613,-82.,89.3));
#2893=CARTESIAN_POINT('',(-105.3486315613,-82.,92.));
#2894=CARTESIAN_POINT('',(-105.3486315613,-82.,92.));
#2895=CARTESIAN_POINT('',(-105.3486315613,-82.,89.3));
#2896=CARTESIAN_POINT('',(-103.67431578065,-84.9,89.3));
#2897=CARTESIAN_POINT('',(-103.67431578065,-84.9,92.));
#2898=CARTESIAN_POINT('',(-103.67431578065,-84.9,92.));
#2899=CARTESIAN_POINT('',(-103.67431578065,-84.9,89.3));
#2900=CARTESIAN_POINT('',(0.,0.,89.3));
#2901=CARTESIAN_POINT('',(-102.,-82.,89.3));
#2902=CARTESIAN_POINT('',(-100.3,-82.,89.3));
#2903=CARTESIAN_POINT('',(-102.,-82.,84.));
#2904=CARTESIAN_POINT('',(-102.,-82.,84.));
#2905=CARTESIAN_POINT('',(-100.3,-82.,84.));
#2906=CARTESIAN_POINT('',(-102.,-82.,92.));
#2907=CARTESIAN_POINT('',(-100.32568421935,79.1,92.));
#2908=CARTESIAN_POINT('',(-100.32568421935,79.1,89.3));
#2909=CARTESIAN_POINT('',(-100.32568421935,79.1,89.3));
#2910=CARTESIAN_POINT('',(-98.6513684387002,82.,89.3));
#2911=CARTESIAN_POINT('',(-100.32568421935,79.1,92.));
#2912=CARTESIAN_POINT('',(-98.6513684387002,82.,92.));
#2913=CARTESIAN_POINT('',(-98.6513684387002,82.,92.));
#2914=CARTESIAN_POINT('',(-98.6513684387002,82.,89.3));
#2915=CARTESIAN_POINT('',(-100.32568421935,84.9,89.3));
#2916=CARTESIAN_POINT('',(-100.32568421935,84.9,92.));
#2917=CARTESIAN_POINT('',(-100.32568421935,84.9,92.));
#2918=CARTESIAN_POINT('',(-100.32568421935,84.9,89.3));
#2919=CARTESIAN_POINT('',(-103.67431578065,84.9,89.3));
#2920=CARTESIAN_POINT('',(-103.67431578065,84.9,92.));
#2921=CARTESIAN_POINT('',(-103.67431578065,84.9,92.));
#2922=CARTESIAN_POINT('',(-103.67431578065,84.9,89.3));
#2923=CARTESIAN_POINT('',(-105.3486315613,82.,89.3));
#2924=CARTESIAN_POINT('',(-105.3486315613,82.,92.));
#2925=CARTESIAN_POINT('',(-105.3486315613,82.,92.));
#2926=CARTESIAN_POINT('',(-105.3486315613,82.,89.3));
#2927=CARTESIAN_POINT('',(-103.67431578065,79.1,89.3));
#2928=CARTESIAN_POINT('',(-103.67431578065,79.1,92.));
#2929=CARTESIAN_POINT('',(-103.67431578065,79.1,92.));
#2930=CARTESIAN_POINT('',(-103.67431578065,79.1,89.3));
#2931=CARTESIAN_POINT('',(0.,0.,89.3));
#2932=CARTESIAN_POINT('',(-102.,82.,89.3));
#2933=CARTESIAN_POINT('',(-100.3,82.,89.3));
#2934=CARTESIAN_POINT('',(-102.,82.,84.));
#2935=CARTESIAN_POINT('',(-102.,82.,84.));
#2936=CARTESIAN_POINT('',(-100.3,82.,84.));
#2937=CARTESIAN_POINT('',(-102.,82.,92.));
#2938=CARTESIAN_POINT('',(103.67431578065,-84.9,92.));
#2939=CARTESIAN_POINT('',(103.67431578065,-84.9,89.3));
#2940=CARTESIAN_POINT('',(103.67431578065,-84.9,89.3));
#2941=CARTESIAN_POINT('',(105.3486315613,-82.,89.3));
#2942=CARTESIAN_POINT('',(103.67431578065,-84.9,92.));
#2943=CARTESIAN_POINT('',(105.3486315613,-82.,92.));
#2944=CARTESIAN_POINT('',(105.3486315613,-82.,92.));
#2945=CARTESIAN_POINT('',(105.3486315613,-82.,89.3));
#2946=CARTESIAN_POINT('',(103.67431578065,-79.1,89.3));
#2947=CARTESIAN_POINT('',(103.67431578065,-79.1,92.));
#2948=CARTESIAN_POINT('',(103.67431578065,-79.1,92.));
#2949=CARTESIAN_POINT('',(103.67431578065,-79.1,89.3));
#2950=CARTESIAN_POINT('',(100.32568421935,-79.1,89.3));
#2951=CARTESIAN_POINT('',(100.32568421935,-79.1,92.));
#2952=CARTESIAN_POINT('',(100.32568421935,-79.1,92.));
#2953=CARTESIAN_POINT('',(100.32568421935,-79.1,89.3));
#2954=CARTESIAN_POINT('',(98.6513684387002,-82.,89.3));
#2955=CARTESIAN_POINT('',(98.6513684387002,-82.,92.));
#2956=CARTESIAN_POINT('',(98.6513684387002,-82.,92.));
#2957=CARTESIAN_POINT('',(98.6513684387002,-82.,89.3));
#2958=CARTESIAN_POINT('',(100.32568421935,-84.9,89.3));
#2959=CARTESIAN_POINT('',(100.32568421935,-84.9,92.));
#2960=CARTESIAN_POINT('',(100.32568421935,-84.9,92.));
#2961=CARTESIAN_POINT('',(100.32568421935,-84.9,89.3));
#2962=CARTESIAN_POINT('',(0.,0.,89.3));
#2963=CARTESIAN_POINT('',(102.,-82.,89.3));
#2964=CARTESIAN_POINT('',(103.7,-82.,89.3));
#2965=CARTESIAN_POINT('',(102.,-82.,84.));
#2966=CARTESIAN_POINT('',(102.,-82.,84.));
#2967=CARTESIAN_POINT('',(103.7,-82.,84.));
#2968=CARTESIAN_POINT('',(102.,-82.,92.));
#2969=CARTESIAN_POINT('',(103.67431578065,79.1,92.));
#2970=CARTESIAN_POINT('',(103.67431578065,79.1,89.3));
#2971=CARTESIAN_POINT('',(103.67431578065,79.1,89.3));
#2972=CARTESIAN_POINT('',(105.3486315613,82.,89.3));
#2973=CARTESIAN_POINT('',(103.67431578065,79.1,92.));
#2974=CARTESIAN_POINT('',(105.3486315613,82.,92.));
#2975=CARTESIAN_POINT('',(105.3486315613,82.,92.));
#2976=CARTESIAN_POINT('',(105.3486315613,82.,89.3));
#2977=CARTESIAN_POINT('',(103.67431578065,84.9,89.3));
#2978=CARTESIAN_POINT('',(103.67431578065,84.9,92.));
#2979=CARTESIAN_POINT('',(103.67431578065,84.9,92.));
#2980=CARTESIAN_POINT('',(103.67431578065,84.9,89.3));
#2981=CARTESIAN_POINT('',(100.32568421935,84.9,89.3));
#2982=CARTESIAN_POINT('',(100.32568421935,84.9,92.));
#2983=CARTESIAN_POINT('',(100.32568421935,84.9,92.));
#2984=CARTESIAN_POINT('',(100.32568421935,84.9,89.3));
#2985=CARTESIAN_POINT('',(98.6513684387002,82.,89.3));
#2986=CARTESIAN_POINT('',(98.6513684387002,82.,92.));
#2987=CARTESIAN_POINT('',(98.6513684387002,82.,92.));
#2988=CARTESIAN_POINT('',(98.6513684387002,82.,89.3));
#2989=CARTESIAN_POINT('',(100.32568421935,79.1,89.3));
#2990=CARTESIAN_POINT('',(100.32568421935,79.1,92.));
#2991=CARTESIAN_POINT('',(100.32568421935,79.1,92.));
#2992=CARTESIAN_POINT('',(100.32568421935,79.1,89.3));
#2993=CARTESIAN_POINT('',(0.,0.,89.3));
#2994=CARTESIAN_POINT('',(102.,82.,89.3));
#2995=CARTESIAN_POINT('',(103.7,82.,89.3));
#2996=CARTESIAN_POINT('',(102.,82.,84.));
#2997=CARTESIAN_POINT('',(102.,82.,84.));
#2998=CARTESIAN_POINT('',(103.7,82.,84.));
#2999=CARTESIAN_POINT('',(102.,82.,92.));
#3000=CARTESIAN_POINT('',(1.67431578064992,-84.9,92.));
#3001=CARTESIAN_POINT('',(1.67431578064992,-84.9,89.3));
#3002=CARTESIAN_POINT('',(1.67431578064992,-84.9,89.3));
#3003=CARTESIAN_POINT('',(3.34863156129983,-82.,89.3));
#3004=CARTESIAN_POINT('',(1.67431578064992,-84.9,92.));
#3005=CARTESIAN_POINT('',(3.34863156129983,-82.,92.));
#3006=CARTESIAN_POINT('',(3.34863156129983,-82.,92.));
#3007=CARTESIAN_POINT('',(3.34863156129983,-82.,89.3));
#3008=CARTESIAN_POINT('',(1.67431578064992,-79.1,89.3));
#3009=CARTESIAN_POINT('',(1.67431578064992,-79.1,92.));
#3010=CARTESIAN_POINT('',(1.67431578064992,-79.1,92.));
#3011=CARTESIAN_POINT('',(1.67431578064992,-79.1,89.3));
#3012=CARTESIAN_POINT('',(-1.67431578064991,-79.1,89.3));
#3013=CARTESIAN_POINT('',(-1.67431578064991,-79.1,92.));
#3014=CARTESIAN_POINT('',(-1.67431578064991,-79.1,92.));
#3015=CARTESIAN_POINT('',(-1.67431578064991,-79.1,89.3));
#3016=CARTESIAN_POINT('',(-3.34863156129983,-82.,89.3));
#3017=CARTESIAN_POINT('',(-3.34863156129983,-82.,92.));
#3018=CARTESIAN_POINT('',(-3.34863156129983,-82.,92.));
#3019=CARTESIAN_POINT('',(-3.34863156129983,-82.,89.3));
#3020=CARTESIAN_POINT('',(-1.67431578064992,-84.9,89.3));
#3021=CARTESIAN_POINT('',(-1.67431578064992,-84.9,92.));
#3022=CARTESIAN_POINT('',(-1.67431578064992,-84.9,92.));
#3023=CARTESIAN_POINT('',(-1.67431578064992,-84.9,89.3));
#3024=CARTESIAN_POINT('',(0.,0.,89.3));
#3025=CARTESIAN_POINT('',(0.,-82.,89.3));
#3026=CARTESIAN_POINT('',(1.7,-82.,89.3));
#3027=CARTESIAN_POINT('',(0.,-82.,84.));
#3028=CARTESIAN_POINT('',(0.,-82.,84.));
#3029=CARTESIAN_POINT('',(1.7,-82.,84.));
#3030=CARTESIAN_POINT('',(0.,-82.,92.));
#3031=CARTESIAN_POINT('',(1.67431578064992,79.1,92.));
#3032=CARTESIAN_POINT('',(1.67431578064992,79.1,89.3));
#3033=CARTESIAN_POINT('',(1.67431578064992,79.1,89.3));
#3034=CARTESIAN_POINT('',(3.34863156129983,82.,89.3));
#3035=CARTESIAN_POINT('',(1.67431578064992,79.1,92.));
#3036=CARTESIAN_POINT('',(3.34863156129983,82.,92.));
#3037=CARTESIAN_POINT('',(3.34863156129983,82.,92.));
#3038=CARTESIAN_POINT('',(3.34863156129983,82.,89.3));
#3039=CARTESIAN_POINT('',(1.67431578064992,84.9,89.3));
#3040=CARTESIAN_POINT('',(1.67431578064992,84.9,92.));
#3041=CARTESIAN_POINT('',(1.67431578064992,84.9,92.));
#3042=CARTESIAN_POINT('',(1.67431578064992,84.9,89.3));
#3043=CARTESIAN_POINT('',(-1.67431578064991,84.9,89.3));
#3044=CARTESIAN_POINT('',(-1.67431578064991,84.9,92.));
#3045=CARTESIAN_POINT('',(-1.67431578064991,84.9,92.));
#3046=CARTESIAN_POINT('',(-1.67431578064991,84.9,89.3));
#3047=CARTESIAN_POINT('',(-3.34863156129983,82.,89.3));
#3048=CARTESIAN_POINT('',(-3.34863156129983,82.,92.));
#3049=CARTESIAN_POINT('',(-3.34863156129983,82.,92.));
#3050=CARTESIAN_POINT('',(-3.34863156129983,82.,89.3));
#3051=CARTESIAN_POINT('',(-1.67431578064992,79.1,89.3));
#3052=CARTESIAN_POINT('',(-1.67431578064992,79.1,92.));
#3053=CARTESIAN_POINT('',(-1.67431578064992,79.1,92.));
#3054=CARTESIAN_POINT('',(-1.67431578064992,79.1,89.3));
#3055=CARTESIAN_POINT('',(0.,0.,89.3));
#3056=CARTESIAN_POINT('',(0.,82.,89.3));
#3057=CARTESIAN_POINT('',(1.7,82.,89.3));
#3058=CARTESIAN_POINT('',(0.,82.,84.));
#3059=CARTESIAN_POINT('',(0.,82.,84.));
#3060=CARTESIAN_POINT('',(1.7,82.,84.));
#3061=CARTESIAN_POINT('',(0.,82.,92.));
#3062=CARTESIAN_POINT('',(25.,-84.,36.));
#3063=CARTESIAN_POINT('',(25.,-84.,36.));
#3064=CARTESIAN_POINT('',(25.,-84.,16.));
#3065=CARTESIAN_POINT('',(91.,-92.,36.));
#3066=CARTESIAN_POINT('',(91.,-92.,16.));
#3067=CARTESIAN_POINT('',(91.,-92.,36.));
#3068=CARTESIAN_POINT('',(0.,0.,36.));
#3069=CARTESIAN_POINT('',(0.,0.,16.));
#3070=CARTESIAN_POINT('',(17.,-43.,4.));
#3071=CARTESIAN_POINT('',(63.,-43.,4.));
#3072=CARTESIAN_POINT('',(17.,18.,4.));
#3073=CARTESIAN_POINT('',(63.,18.,4.));
#3074=CARTESIAN_POINT('',(26.,-74.,4.));
#3075=CARTESIAN_POINT('',(26.,-48.,4.));
#3076=CARTESIAN_POINT('',(84.,-74.,4.));
#3077=CARTESIAN_POINT('',(84.,-48.,4.));
#3078=MECHANICAL_DESIGN_GEOMETRIC_PRESENTATION_REPRESENTATION('',(#1879),
#3079);
#3079=(
GEOMETRIC_REPRESENTATION_CONTEXT(3)
GLOBAL_UNCERTAINTY_ASSIGNED_CONTEXT((#3080))
GLOBAL_UNIT_ASSIGNED_CONTEXT((#3083,#3082,#3081))
REPRESENTATION_CONTEXT('B01_open_base_box','TOP_LEVEL_ASSEMBLY_PART')
);
#3080=UNCERTAINTY_MEASURE_WITH_UNIT(LENGTH_MEASURE(0.005),#3083,
'DISTANCE_ACCURACY_VALUE','Maximum Tolerance applied to model');
#3081=(
NAMED_UNIT(*)
SI_UNIT($,.STERADIAN.)
SOLID_ANGLE_UNIT()
);
#3082=(
NAMED_UNIT(*)
PLANE_ANGLE_UNIT()
SI_UNIT($,.RADIAN.)
);
#3083=(
LENGTH_UNIT()
NAMED_UNIT(*)
SI_UNIT(.MILLI.,.METRE.)
);
#3084=PRODUCT_DEFINITION_SHAPE('','',#3085);
#3085=PRODUCT_DEFINITION('','',#3087,#3086);
#3086=PRODUCT_DEFINITION_CONTEXT('',#3093,'design');
#3087=PRODUCT_DEFINITION_FORMATION_WITH_SPECIFIED_SOURCE('','',#3089,
 .NOT_KNOWN.);
#3088=PRODUCT_RELATED_PRODUCT_CATEGORY('','',(#3089));
#3089=PRODUCT('B01_open_base_box','B01_open_base_box',
'B01_open_base_box',(#3091));
#3090=PRODUCT_CATEGORY('','');
#3091=PRODUCT_CONTEXT('',#3093,'mechanical');
#3092=APPLICATION_PROTOCOL_DEFINITION('international standard',
'automotive_design',2010,#3093);
#3093=APPLICATION_CONTEXT(
'core data for automotive mechanical design processes');
ENDSEC;
END-ISO-10303-21;
