ISO-10303-21;
HEADER;
/* Generated by software containing ST-Developer
 * from STEP Tools, Inc. (www.steptools.com) 
 */
/* OPTION: strings as raw bytes, not using required /X/ escapes */

FILE_DESCRIPTION(
/* description */ ('Unknown'),
/* implementation_level */ '2;1');

FILE_NAME(
/* name */ 'B01b_open_base_box',
/* time_stamp */ '2026-09-23T12:06:22+08:00',
/* author */ ('Unknown'),
/* organization */ ('Unknown'),
/* preprocessor_version */ 'ST-DEVELOPER v16.7',
/* originating_system */ 'Solid Edge',
/* authorisation */ 'Unknown');

FILE_SCHEMA (('AUTOMOTIVE_DESIGN {1 0 10303 214 3 1 1}'));
ENDSEC;

DATA;
#10=PROPERTY_DEFINITION_REPRESENTATION(#14,#12);
#11=PROPERTY_DEFINITION_REPRESENTATION(#15,#13);
#12=REPRESENTATION('',(#16),#3085);
#13=REPRESENTATION('',(#17),#3085);
#14=PROPERTY_DEFINITION('pmi validation property','',#3090);
#15=PROPERTY_DEFINITION('pmi validation property','',#3090);
#16=VALUE_REPRESENTATION_ITEM('number of annotations',COUNT_MEASURE(0.));
#17=VALUE_REPRESENTATION_ITEM('number of views',COUNT_MEASURE(0.));
#18=SHAPE_REPRESENTATION_RELATIONSHIP('','',#1891,#19);
#19=ADVANCED_BREP_SHAPE_REPRESENTATION('',(#1889),#3085);
#20=CYLINDRICAL_SURFACE('',#1912,3.25);
#21=CYLINDRICAL_SURFACE('',#1962,3.25);
#22=CYLINDRICAL_SURFACE('',#1963,3.25);
#23=CYLINDRICAL_SURFACE('',#1964,3.25);
#24=CYLINDRICAL_SURFACE('',#1966,7.);
#25=CYLINDRICAL_SURFACE('',#1967,7.);
#26=CYLINDRICAL_SURFACE('',#1968,7.);
#27=CYLINDRICAL_SURFACE('',#1969,7.);
#28=CYLINDRICAL_SURFACE('',#1970,7.);
#29=CYLINDRICAL_SURFACE('',#1971,7.);
#30=CYLINDRICAL_SURFACE('',#1972,7.);
#31=CYLINDRICAL_SURFACE('',#1973,7.);
#32=CYLINDRICAL_SURFACE('',#1974,7.);
#33=CYLINDRICAL_SURFACE('',#1975,7.);
#34=CYLINDRICAL_SURFACE('',#1986,1.7);
#35=CYLINDRICAL_SURFACE('',#1997,1.7);
#36=CYLINDRICAL_SURFACE('',#2008,1.7);
#37=CYLINDRICAL_SURFACE('',#2019,1.7);
#38=CYLINDRICAL_SURFACE('',#2030,1.7);
#39=CYLINDRICAL_SURFACE('',#2041,1.7);
#40=CYLINDRICAL_SURFACE('',#2046,1.7);
#41=CYLINDRICAL_SURFACE('',#2047,1.7);
#42=CYLINDRICAL_SURFACE('',#2048,1.7);
#43=CYLINDRICAL_SURFACE('',#2049,1.7);
#44=CYLINDRICAL_SURFACE('',#2050,1.7);
#45=CYLINDRICAL_SURFACE('',#2051,1.7);
#46=CYLINDRICAL_SURFACE('',#2052,1.7);
#47=CYLINDRICAL_SURFACE('',#2053,1.7);
#48=LINE('',#2575,#234);
#49=LINE('',#2579,#235);
#50=LINE('',#2583,#236);
#51=LINE('',#2587,#237);
#52=LINE('',#2591,#238);
#53=LINE('',#2595,#239);
#54=LINE('',#2615,#240);
#55=LINE('',#2619,#241);
#56=LINE('',#2641,#242);
#57=LINE('',#2644,#243);
#58=LINE('',#2646,#244);
#59=LINE('',#2648,#245);
#60=LINE('',#2651,#246);
#61=LINE('',#2654,#247);
#62=LINE('',#2656,#248);
#63=LINE('',#2658,#249);
#64=LINE('',#2660,#250);
#65=LINE('',#2662,#251);
#66=LINE('',#2663,#252);
#67=LINE('',#2666,#253);
#68=LINE('',#2668,#254);
#69=LINE('',#2670,#255);
#70=LINE('',#2672,#256);
#71=LINE('',#2674,#257);
#72=LINE('',#2675,#258);
#73=LINE('',#2678,#259);
#74=LINE('',#2680,#260);
#75=LINE('',#2682,#261);
#76=LINE('',#2684,#262);
#77=LINE('',#2686,#263);
#78=LINE('',#2687,#264);
#79=LINE('',#2692,#265);
#80=LINE('',#2696,#266);
#81=LINE('',#2700,#267);
#82=LINE('',#2704,#268);
#83=LINE('',#2708,#269);
#84=LINE('',#2711,#270);
#85=LINE('',#2716,#271);
#86=LINE('',#2720,#272);
#87=LINE('',#2722,#273);
#88=LINE('',#2726,#274);
#89=LINE('',#2728,#275);
#90=LINE('',#2729,#276);
#91=LINE('',#2734,#277);
#92=LINE('',#2735,#278);
#93=LINE('',#2738,#279);
#94=LINE('',#2740,#280);
#95=LINE('',#2742,#281);
#96=LINE('',#2743,#282);
#97=LINE('',#2746,#283);
#98=LINE('',#2748,#284);
#99=LINE('',#2750,#285);
#100=LINE('',#2752,#286);
#101=LINE('',#2754,#287);
#102=LINE('',#2755,#288);
#103=LINE('',#2758,#289);
#104=LINE('',#2760,#290);
#105=LINE('',#2762,#291);
#106=LINE('',#2764,#292);
#107=LINE('',#2766,#293);
#108=LINE('',#2767,#294);
#109=LINE('',#2770,#295);
#110=LINE('',#2772,#296);
#111=LINE('',#2774,#297);
#112=LINE('',#2776,#298);
#113=LINE('',#2778,#299);
#114=LINE('',#2780,#300);
#115=LINE('',#2781,#301);
#116=LINE('',#2783,#302);
#117=LINE('',#2784,#303);
#118=LINE('',#2786,#304);
#119=LINE('',#2787,#305);
#120=LINE('',#2789,#306);
#121=LINE('',#2792,#307);
#122=LINE('',#2794,#308);
#123=LINE('',#2796,#309);
#124=LINE('',#2797,#310);
#125=LINE('',#2798,#311);
#126=LINE('',#2803,#312);
#127=LINE('',#2805,#313);
#128=LINE('',#2807,#314);
#129=LINE('',#2808,#315);
#130=LINE('',#2810,#316);
#131=LINE('',#2811,#317);
#132=LINE('',#2813,#318);
#133=LINE('',#2818,#319);
#134=LINE('',#2820,#320);
#135=LINE('',#2822,#321);
#136=LINE('',#2823,#322);
#137=LINE('',#2825,#323);
#138=LINE('',#2830,#324);
#139=LINE('',#2832,#325);
#140=LINE('',#2834,#326);
#141=LINE('',#2835,#327);
#142=LINE('',#2837,#328);
#143=LINE('',#2838,#329);
#144=LINE('',#2840,#330);
#145=LINE('',#2845,#331);
#146=LINE('',#2847,#332);
#147=LINE('',#2849,#333);
#148=LINE('',#2850,#334);
#149=LINE('',#2852,#335);
#150=LINE('',#2854,#336);
#151=LINE('',#2855,#337);
#152=LINE('',#2857,#338);
#153=LINE('',#2860,#339);
#154=LINE('',#2862,#340);
#155=LINE('',#2864,#341);
#156=LINE('',#2865,#342);
#157=LINE('',#2867,#343);
#158=LINE('',#2883,#344);
#159=LINE('',#2886,#345);
#160=LINE('',#2887,#346);
#161=LINE('',#2889,#347);
#162=LINE('',#2891,#348);
#163=LINE('',#2893,#349);
#164=LINE('',#2895,#350);
#165=LINE('',#2897,#351);
#166=LINE('',#2899,#352);
#167=LINE('',#2901,#353);
#168=LINE('',#2903,#354);
#169=LINE('',#2905,#355);
#170=LINE('',#2914,#356);
#171=LINE('',#2917,#357);
#172=LINE('',#2918,#358);
#173=LINE('',#2920,#359);
#174=LINE('',#2922,#360);
#175=LINE('',#2924,#361);
#176=LINE('',#2926,#362);
#177=LINE('',#2928,#363);
#178=LINE('',#2930,#364);
#179=LINE('',#2932,#365);
#180=LINE('',#2934,#366);
#181=LINE('',#2936,#367);
#182=LINE('',#2945,#368);
#183=LINE('',#2948,#369);
#184=LINE('',#2949,#370);
#185=LINE('',#2951,#371);
#186=LINE('',#2953,#372);
#187=LINE('',#2955,#373);
#188=LINE('',#2957,#374);
#189=LINE('',#2959,#375);
#190=LINE('',#2961,#376);
#191=LINE('',#2963,#377);
#192=LINE('',#2965,#378);
#193=LINE('',#2967,#379);
#194=LINE('',#2976,#380);
#195=LINE('',#2979,#381);
#196=LINE('',#2980,#382);
#197=LINE('',#2982,#383);
#198=LINE('',#2984,#384);
#199=LINE('',#2986,#385);
#200=LINE('',#2988,#386);
#201=LINE('',#2990,#387);
#202=LINE('',#2992,#388);
#203=LINE('',#2994,#389);
#204=LINE('',#2996,#390);
#205=LINE('',#2998,#391);
#206=LINE('',#3007,#392);
#207=LINE('',#3010,#393);
#208=LINE('',#3011,#394);
#209=LINE('',#3013,#395);
#210=LINE('',#3015,#396);
#211=LINE('',#3017,#397);
#212=LINE('',#3019,#398);
#213=LINE('',#3021,#399);
#214=LINE('',#3023,#400);
#215=LINE('',#3025,#401);
#216=LINE('',#3027,#402);
#217=LINE('',#3029,#403);
#218=LINE('',#3038,#404);
#219=LINE('',#3041,#405);
#220=LINE('',#3042,#406);
#221=LINE('',#3044,#407);
#222=LINE('',#3046,#408);
#223=LINE('',#3048,#409);
#224=LINE('',#3050,#410);
#225=LINE('',#3052,#411);
#226=LINE('',#3054,#412);
#227=LINE('',#3056,#413);
#228=LINE('',#3058,#414);
#229=LINE('',#3060,#415);
#230=LINE('',#3069,#416);
#231=LINE('',#3070,#417);
#232=LINE('',#3072,#418);
#233=LINE('',#3073,#419);
#234=VECTOR('',#2066,1000.);
#235=VECTOR('',#2069,1000.);
#236=VECTOR('',#2072,1000.);
#237=VECTOR('',#2075,1000.);
#238=VECTOR('',#2078,1000.);
#239=VECTOR('',#2081,1000.);
#240=VECTOR('',#2102,1000.);
#241=VECTOR('',#2105,1000.);
#242=VECTOR('',#2128,1000.);
#243=VECTOR('',#2129,1000.);
#244=VECTOR('',#2130,1000.);
#245=VECTOR('',#2131,1000.);
#246=VECTOR('',#2136,1000.);
#247=VECTOR('',#2137,1000.);
#248=VECTOR('',#2138,1000.);
#249=VECTOR('',#2139,1000.);
#250=VECTOR('',#2140,1000.);
#251=VECTOR('',#2141,1000.);
#252=VECTOR('',#2142,1000.);
#253=VECTOR('',#2143,1000.);
#254=VECTOR('',#2144,1000.);
#255=VECTOR('',#2145,1000.);
#256=VECTOR('',#2146,1000.);
#257=VECTOR('',#2147,1000.);
#258=VECTOR('',#2148,1000.);
#259=VECTOR('',#2149,1000.);
#260=VECTOR('',#2150,1000.);
#261=VECTOR('',#2151,1000.);
#262=VECTOR('',#2152,1000.);
#263=VECTOR('',#2153,1000.);
#264=VECTOR('',#2154,1000.);
#265=VECTOR('',#2157,1000.);
#266=VECTOR('',#2160,1000.);
#267=VECTOR('',#2163,1000.);
#268=VECTOR('',#2166,1000.);
#269=VECTOR('',#2169,1000.);
#270=VECTOR('',#2172,1000.);
#271=VECTOR('',#2175,1000.);
#272=VECTOR('',#2178,1000.);
#273=VECTOR('',#2179,1000.);
#274=VECTOR('',#2182,1000.);
#275=VECTOR('',#2183,1000.);
#276=VECTOR('',#2184,1000.);
#277=VECTOR('',#2187,1000.);
#278=VECTOR('',#2188,1000.);
#279=VECTOR('',#2189,1000.);
#280=VECTOR('',#2190,1000.);
#281=VECTOR('',#2191,1000.);
#282=VECTOR('',#2192,1000.);
#283=VECTOR('',#2193,1000.);
#284=VECTOR('',#2194,1000.);
#285=VECTOR('',#2195,1000.);
#286=VECTOR('',#2196,1000.);
#287=VECTOR('',#2197,1000.);
#288=VECTOR('',#2198,1000.);
#289=VECTOR('',#2199,1000.);
#290=VECTOR('',#2200,1000.);
#291=VECTOR('',#2201,1000.);
#292=VECTOR('',#2202,1000.);
#293=VECTOR('',#2203,1000.);
#294=VECTOR('',#2204,1000.);
#295=VECTOR('',#2205,1000.);
#296=VECTOR('',#2206,1000.);
#297=VECTOR('',#2207,1000.);
#298=VECTOR('',#2208,1000.);
#299=VECTOR('',#2209,1000.);
#300=VECTOR('',#2212,1000.);
#301=VECTOR('',#2213,1000.);
#302=VECTOR('',#2216,1000.);
#303=VECTOR('',#2217,1000.);
#304=VECTOR('',#2220,1000.);
#305=VECTOR('',#2221,1000.);
#306=VECTOR('',#2224,1000.);
#307=VECTOR('',#2225,1000.);
#308=VECTOR('',#2226,1000.);
#309=VECTOR('',#2227,1000.);
#310=VECTOR('',#2228,1000.);
#311=VECTOR('',#2229,1000.);
#312=VECTOR('',#2234,1000.);
#313=VECTOR('',#2235,1000.);
#314=VECTOR('',#2238,1000.);
#315=VECTOR('',#2239,1000.);
#316=VECTOR('',#2242,1000.);
#317=VECTOR('',#2243,1000.);
#318=VECTOR('',#2246,1000.);
#319=VECTOR('',#2251,1000.);
#320=VECTOR('',#2252,1000.);
#321=VECTOR('',#2255,1000.);
#322=VECTOR('',#2256,1000.);
#323=VECTOR('',#2259,1000.);
#324=VECTOR('',#2264,1000.);
#325=VECTOR('',#2265,1000.);
#326=VECTOR('',#2268,1000.);
#327=VECTOR('',#2269,1000.);
#328=VECTOR('',#2272,1000.);
#329=VECTOR('',#2273,1000.);
#330=VECTOR('',#2276,1000.);
#331=VECTOR('',#2281,1000.);
#332=VECTOR('',#2282,1000.);
#333=VECTOR('',#2285,1000.);
#334=VECTOR('',#2286,1000.);
#335=VECTOR('',#2289,1000.);
#336=VECTOR('',#2292,1000.);
#337=VECTOR('',#2293,1000.);
#338=VECTOR('',#2296,1000.);
#339=VECTOR('',#2297,1000.);
#340=VECTOR('',#2298,1000.);
#341=VECTOR('',#2299,1000.);
#342=VECTOR('',#2300,1000.);
#343=VECTOR('',#2303,1000.);
#344=VECTOR('',#2334,1000.);
#345=VECTOR('',#2335,1000.);
#346=VECTOR('',#2336,1000.);
#347=VECTOR('',#2339,1000.);
#348=VECTOR('',#2340,1000.);
#349=VECTOR('',#2343,1000.);
#350=VECTOR('',#2344,1000.);
#351=VECTOR('',#2347,1000.);
#352=VECTOR('',#2348,1000.);
#353=VECTOR('',#2351,1000.);
#354=VECTOR('',#2352,1000.);
#355=VECTOR('',#2355,1000.);
#356=VECTOR('',#2368,1000.);
#357=VECTOR('',#2369,1000.);
#358=VECTOR('',#2370,1000.);
#359=VECTOR('',#2373,1000.);
#360=VECTOR('',#2374,1000.);
#361=VECTOR('',#2377,1000.);
#362=VECTOR('',#2378,1000.);
#363=VECTOR('',#2381,1000.);
#364=VECTOR('',#2382,1000.);
#365=VECTOR('',#2385,1000.);
#366=VECTOR('',#2386,1000.);
#367=VECTOR('',#2389,1000.);
#368=VECTOR('',#2402,1000.);
#369=VECTOR('',#2403,1000.);
#370=VECTOR('',#2404,1000.);
#371=VECTOR('',#2407,1000.);
#372=VECTOR('',#2408,1000.);
#373=VECTOR('',#2411,1000.);
#374=VECTOR('',#2412,1000.);
#375=VECTOR('',#2415,1000.);
#376=VECTOR('',#2416,1000.);
#377=VECTOR('',#2419,1000.);
#378=VECTOR('',#2420,1000.);
#379=VECTOR('',#2423,1000.);
#380=VECTOR('',#2436,1000.);
#381=VECTOR('',#2437,1000.);
#382=VECTOR('',#2438,1000.);
#383=VECTOR('',#2441,1000.);
#384=VECTOR('',#2442,1000.);
#385=VECTOR('',#2445,1000.);
#386=VECTOR('',#2446,1000.);
#387=VECTOR('',#2449,1000.);
#388=VECTOR('',#2450,1000.);
#389=VECTOR('',#2453,1000.);
#390=VECTOR('',#2454,1000.);
#391=VECTOR('',#2457,1000.);
#392=VECTOR('',#2470,1000.);
#393=VECTOR('',#2471,1000.);
#394=VECTOR('',#2472,1000.);
#395=VECTOR('',#2475,1000.);
#396=VECTOR('',#2476,1000.);
#397=VECTOR('',#2479,1000.);
#398=VECTOR('',#2480,1000.);
#399=VECTOR('',#2483,1000.);
#400=VECTOR('',#2484,1000.);
#401=VECTOR('',#2487,1000.);
#402=VECTOR('',#2488,1000.);
#403=VECTOR('',#2491,1000.);
#404=VECTOR('',#2504,1000.);
#405=VECTOR('',#2505,1000.);
#406=VECTOR('',#2506,1000.);
#407=VECTOR('',#2509,1000.);
#408=VECTOR('',#2510,1000.);
#409=VECTOR('',#2513,1000.);
#410=VECTOR('',#2514,1000.);
#411=VECTOR('',#2517,1000.);
#412=VECTOR('',#2518,1000.);
#413=VECTOR('',#2521,1000.);
#414=VECTOR('',#2522,1000.);
#415=VECTOR('',#2525,1000.);
#416=VECTOR('',#2538,1000.);
#417=VECTOR('',#2539,1000.);
#418=VECTOR('',#2542,1000.);
#419=VECTOR('',#2543,1000.);
#420=ORIENTED_EDGE('',*,*,#904,.F.);
#421=ORIENTED_EDGE('',*,*,#905,.F.);
#422=ORIENTED_EDGE('',*,*,#906,.F.);
#423=ORIENTED_EDGE('',*,*,#907,.F.);
#424=ORIENTED_EDGE('',*,*,#908,.T.);
#425=ORIENTED_EDGE('',*,*,#909,.F.);
#426=ORIENTED_EDGE('',*,*,#910,.T.);
#427=ORIENTED_EDGE('',*,*,#911,.F.);
#428=ORIENTED_EDGE('',*,*,#912,.T.);
#429=ORIENTED_EDGE('',*,*,#913,.F.);
#430=ORIENTED_EDGE('',*,*,#914,.T.);
#431=ORIENTED_EDGE('',*,*,#915,.F.);
#432=ORIENTED_EDGE('',*,*,#916,.T.);
#433=ORIENTED_EDGE('',*,*,#917,.F.);
#434=ORIENTED_EDGE('',*,*,#918,.T.);
#435=ORIENTED_EDGE('',*,*,#919,.F.);
#436=ORIENTED_EDGE('',*,*,#920,.F.);
#437=ORIENTED_EDGE('',*,*,#921,.F.);
#438=ORIENTED_EDGE('',*,*,#922,.F.);
#439=ORIENTED_EDGE('',*,*,#923,.F.);
#440=ORIENTED_EDGE('',*,*,#924,.F.);
#441=ORIENTED_EDGE('',*,*,#925,.F.);
#442=ORIENTED_EDGE('',*,*,#926,.F.);
#443=ORIENTED_EDGE('',*,*,#927,.F.);
#444=ORIENTED_EDGE('',*,*,#927,.T.);
#445=ORIENTED_EDGE('',*,*,#928,.T.);
#446=ORIENTED_EDGE('',*,*,#929,.F.);
#447=ORIENTED_EDGE('',*,*,#930,.T.);
#448=ORIENTED_EDGE('',*,*,#931,.T.);
#449=ORIENTED_EDGE('',*,*,#932,.T.);
#450=ORIENTED_EDGE('',*,*,#933,.T.);
#451=ORIENTED_EDGE('',*,*,#934,.T.);
#452=ORIENTED_EDGE('',*,*,#935,.T.);
#453=ORIENTED_EDGE('',*,*,#936,.T.);
#454=ORIENTED_EDGE('',*,*,#937,.T.);
#455=ORIENTED_EDGE('',*,*,#938,.T.);
#456=ORIENTED_EDGE('',*,*,#939,.T.);
#457=ORIENTED_EDGE('',*,*,#940,.T.);
#458=ORIENTED_EDGE('',*,*,#941,.F.);
#459=ORIENTED_EDGE('',*,*,#942,.F.);
#460=ORIENTED_EDGE('',*,*,#943,.F.);
#461=ORIENTED_EDGE('',*,*,#944,.F.);
#462=ORIENTED_EDGE('',*,*,#929,.T.);
#463=ORIENTED_EDGE('',*,*,#945,.T.);
#464=ORIENTED_EDGE('',*,*,#946,.F.);
#465=ORIENTED_EDGE('',*,*,#947,.F.);
#466=ORIENTED_EDGE('',*,*,#948,.F.);
#467=ORIENTED_EDGE('',*,*,#949,.F.);
#468=ORIENTED_EDGE('',*,*,#950,.F.);
#469=ORIENTED_EDGE('',*,*,#951,.F.);
#470=ORIENTED_EDGE('',*,*,#952,.F.);
#471=ORIENTED_EDGE('',*,*,#953,.F.);
#472=ORIENTED_EDGE('',*,*,#954,.F.);
#473=ORIENTED_EDGE('',*,*,#955,.F.);
#474=ORIENTED_EDGE('',*,*,#956,.F.);
#475=ORIENTED_EDGE('',*,*,#957,.F.);
#476=ORIENTED_EDGE('',*,*,#958,.F.);
#477=ORIENTED_EDGE('',*,*,#959,.F.);
#478=ORIENTED_EDGE('',*,*,#960,.F.);
#479=ORIENTED_EDGE('',*,*,#961,.F.);
#480=ORIENTED_EDGE('',*,*,#962,.F.);
#481=ORIENTED_EDGE('',*,*,#963,.F.);
#482=ORIENTED_EDGE('',*,*,#964,.F.);
#483=ORIENTED_EDGE('',*,*,#965,.T.);
#484=ORIENTED_EDGE('',*,*,#966,.F.);
#485=ORIENTED_EDGE('',*,*,#967,.T.);
#486=ORIENTED_EDGE('',*,*,#968,.F.);
#487=ORIENTED_EDGE('',*,*,#969,.T.);
#488=ORIENTED_EDGE('',*,*,#970,.F.);
#489=ORIENTED_EDGE('',*,*,#971,.T.);
#490=ORIENTED_EDGE('',*,*,#972,.F.);
#491=ORIENTED_EDGE('',*,*,#973,.T.);
#492=ORIENTED_EDGE('',*,*,#974,.F.);
#493=ORIENTED_EDGE('',*,*,#975,.T.);
#494=ORIENTED_EDGE('',*,*,#976,.F.);
#495=ORIENTED_EDGE('',*,*,#977,.T.);
#496=ORIENTED_EDGE('',*,*,#978,.F.);
#497=ORIENTED_EDGE('',*,*,#979,.T.);
#498=ORIENTED_EDGE('',*,*,#980,.F.);
#499=ORIENTED_EDGE('',*,*,#981,.F.);
#500=ORIENTED_EDGE('',*,*,#982,.T.);
#501=ORIENTED_EDGE('',*,*,#983,.F.);
#502=ORIENTED_EDGE('',*,*,#984,.F.);
#503=ORIENTED_EDGE('',*,*,#985,.F.);
#504=ORIENTED_EDGE('',*,*,#986,.T.);
#505=ORIENTED_EDGE('',*,*,#987,.F.);
#506=ORIENTED_EDGE('',*,*,#988,.T.);
#507=ORIENTED_EDGE('',*,*,#989,.T.);
#508=ORIENTED_EDGE('',*,*,#990,.T.);
#509=ORIENTED_EDGE('',*,*,#991,.T.);
#510=ORIENTED_EDGE('',*,*,#992,.F.);
#511=ORIENTED_EDGE('',*,*,#993,.F.);
#512=ORIENTED_EDGE('',*,*,#994,.F.);
#513=ORIENTED_EDGE('',*,*,#995,.F.);
#514=ORIENTED_EDGE('',*,*,#996,.F.);
#515=ORIENTED_EDGE('',*,*,#997,.F.);
#516=ORIENTED_EDGE('',*,*,#998,.F.);
#517=ORIENTED_EDGE('',*,*,#999,.F.);
#518=ORIENTED_EDGE('',*,*,#1000,.F.);
#519=ORIENTED_EDGE('',*,*,#1001,.F.);
#520=ORIENTED_EDGE('',*,*,#1002,.F.);
#521=ORIENTED_EDGE('',*,*,#1003,.F.);
#522=ORIENTED_EDGE('',*,*,#1004,.F.);
#523=ORIENTED_EDGE('',*,*,#1005,.F.);
#524=ORIENTED_EDGE('',*,*,#1006,.F.);
#525=ORIENTED_EDGE('',*,*,#1007,.F.);
#526=ORIENTED_EDGE('',*,*,#1008,.F.);
#527=ORIENTED_EDGE('',*,*,#1009,.F.);
#528=ORIENTED_EDGE('',*,*,#908,.F.);
#529=ORIENTED_EDGE('',*,*,#1010,.T.);
#530=ORIENTED_EDGE('',*,*,#964,.T.);
#531=ORIENTED_EDGE('',*,*,#1011,.T.);
#532=ORIENTED_EDGE('',*,*,#966,.T.);
#533=ORIENTED_EDGE('',*,*,#1012,.T.);
#534=ORIENTED_EDGE('',*,*,#918,.F.);
#535=ORIENTED_EDGE('',*,*,#1013,.T.);
#536=ORIENTED_EDGE('',*,*,#914,.F.);
#537=ORIENTED_EDGE('',*,*,#1014,.T.);
#538=ORIENTED_EDGE('',*,*,#970,.T.);
#539=ORIENTED_EDGE('',*,*,#1015,.T.);
#540=ORIENTED_EDGE('',*,*,#1016,.F.);
#541=ORIENTED_EDGE('',*,*,#1017,.T.);
#542=ORIENTED_EDGE('',*,*,#1018,.T.);
#543=ORIENTED_EDGE('',*,*,#1019,.T.);
#544=ORIENTED_EDGE('',*,*,#972,.T.);
#545=ORIENTED_EDGE('',*,*,#1020,.T.);
#546=ORIENTED_EDGE('',*,*,#912,.F.);
#547=ORIENTED_EDGE('',*,*,#1021,.T.);
#548=ORIENTED_EDGE('',*,*,#1022,.F.);
#549=ORIENTED_EDGE('',*,*,#1023,.T.);
#550=ORIENTED_EDGE('',*,*,#1024,.T.);
#551=ORIENTED_EDGE('',*,*,#1023,.F.);
#552=ORIENTED_EDGE('',*,*,#1025,.T.);
#553=ORIENTED_EDGE('',*,*,#976,.T.);
#554=ORIENTED_EDGE('',*,*,#1026,.T.);
#555=ORIENTED_EDGE('',*,*,#968,.T.);
#556=ORIENTED_EDGE('',*,*,#1027,.T.);
#557=ORIENTED_EDGE('',*,*,#916,.F.);
#558=ORIENTED_EDGE('',*,*,#1028,.T.);
#559=ORIENTED_EDGE('',*,*,#978,.T.);
#560=ORIENTED_EDGE('',*,*,#1029,.T.);
#561=ORIENTED_EDGE('',*,*,#1024,.F.);
#562=ORIENTED_EDGE('',*,*,#1026,.F.);
#563=ORIENTED_EDGE('',*,*,#1030,.F.);
#564=ORIENTED_EDGE('',*,*,#1031,.T.);
#565=ORIENTED_EDGE('',*,*,#1032,.T.);
#566=ORIENTED_EDGE('',*,*,#1031,.F.);
#567=ORIENTED_EDGE('',*,*,#1033,.T.);
#568=ORIENTED_EDGE('',*,*,#981,.T.);
#569=ORIENTED_EDGE('',*,*,#1034,.T.);
#570=ORIENTED_EDGE('',*,*,#980,.T.);
#571=ORIENTED_EDGE('',*,*,#1035,.T.);
#572=ORIENTED_EDGE('',*,*,#1032,.F.);
#573=ORIENTED_EDGE('',*,*,#1034,.F.);
#574=ORIENTED_EDGE('',*,*,#1036,.F.);
#575=ORIENTED_EDGE('',*,*,#1037,.T.);
#576=ORIENTED_EDGE('',*,*,#1038,.T.);
#577=ORIENTED_EDGE('',*,*,#910,.F.);
#578=ORIENTED_EDGE('',*,*,#1039,.T.);
#579=ORIENTED_EDGE('',*,*,#974,.T.);
#580=ORIENTED_EDGE('',*,*,#1040,.T.);
#581=ORIENTED_EDGE('',*,*,#983,.T.);
#582=ORIENTED_EDGE('',*,*,#1041,.T.);
#583=ORIENTED_EDGE('',*,*,#1038,.F.);
#584=ORIENTED_EDGE('',*,*,#1042,.F.);
#585=ORIENTED_EDGE('',*,*,#1037,.F.);
#586=ORIENTED_EDGE('',*,*,#1043,.T.);
#587=ORIENTED_EDGE('',*,*,#984,.T.);
#588=ORIENTED_EDGE('',*,*,#1042,.T.);
#589=ORIENTED_EDGE('',*,*,#1044,.F.);
#590=ORIENTED_EDGE('',*,*,#1045,.T.);
#591=ORIENTED_EDGE('',*,*,#1046,.T.);
#592=ORIENTED_EDGE('',*,*,#1045,.F.);
#593=ORIENTED_EDGE('',*,*,#1047,.T.);
#594=ORIENTED_EDGE('',*,*,#985,.T.);
#595=ORIENTED_EDGE('',*,*,#1048,.T.);
#596=ORIENTED_EDGE('',*,*,#987,.T.);
#597=ORIENTED_EDGE('',*,*,#1049,.T.);
#598=ORIENTED_EDGE('',*,*,#1046,.F.);
#599=ORIENTED_EDGE('',*,*,#1048,.F.);
#600=ORIENTED_EDGE('',*,*,#941,.T.);
#601=ORIENTED_EDGE('',*,*,#1050,.F.);
#602=ORIENTED_EDGE('',*,*,#988,.F.);
#603=ORIENTED_EDGE('',*,*,#1051,.T.);
#604=ORIENTED_EDGE('',*,*,#1052,.F.);
#605=ORIENTED_EDGE('',*,*,#1053,.T.);
#606=ORIENTED_EDGE('',*,*,#1054,.F.);
#607=ORIENTED_EDGE('',*,*,#1055,.F.);
#608=ORIENTED_EDGE('',*,*,#944,.T.);
#609=ORIENTED_EDGE('',*,*,#1056,.F.);
#610=ORIENTED_EDGE('',*,*,#989,.F.);
#611=ORIENTED_EDGE('',*,*,#1050,.T.);
#612=ORIENTED_EDGE('',*,*,#943,.T.);
#613=ORIENTED_EDGE('',*,*,#1057,.F.);
#614=ORIENTED_EDGE('',*,*,#990,.F.);
#615=ORIENTED_EDGE('',*,*,#1056,.T.);
#616=ORIENTED_EDGE('',*,*,#921,.T.);
#617=ORIENTED_EDGE('',*,*,#940,.F.);
#618=ORIENTED_EDGE('',*,*,#920,.T.);
#619=ORIENTED_EDGE('',*,*,#939,.F.);
#620=ORIENTED_EDGE('',*,*,#919,.T.);
#621=ORIENTED_EDGE('',*,*,#938,.F.);
#622=ORIENTED_EDGE('',*,*,#942,.T.);
#623=ORIENTED_EDGE('',*,*,#1051,.F.);
#624=ORIENTED_EDGE('',*,*,#991,.F.);
#625=ORIENTED_EDGE('',*,*,#1057,.T.);
#626=ORIENTED_EDGE('',*,*,#1047,.F.);
#627=ORIENTED_EDGE('',*,*,#1044,.T.);
#628=ORIENTED_EDGE('',*,*,#1049,.F.);
#629=ORIENTED_EDGE('',*,*,#986,.F.);
#630=ORIENTED_EDGE('',*,*,#1040,.F.);
#631=ORIENTED_EDGE('',*,*,#973,.F.);
#632=ORIENTED_EDGE('',*,*,#1021,.F.);
#633=ORIENTED_EDGE('',*,*,#911,.T.);
#634=ORIENTED_EDGE('',*,*,#1039,.F.);
#635=ORIENTED_EDGE('',*,*,#909,.T.);
#636=ORIENTED_EDGE('',*,*,#1011,.F.);
#637=ORIENTED_EDGE('',*,*,#975,.F.);
#638=ORIENTED_EDGE('',*,*,#1041,.F.);
#639=ORIENTED_EDGE('',*,*,#982,.F.);
#640=ORIENTED_EDGE('',*,*,#1043,.F.);
#641=ORIENTED_EDGE('',*,*,#1036,.T.);
#642=ORIENTED_EDGE('',*,*,#1033,.F.);
#643=ORIENTED_EDGE('',*,*,#1030,.T.);
#644=ORIENTED_EDGE('',*,*,#1035,.F.);
#645=ORIENTED_EDGE('',*,*,#979,.F.);
#646=ORIENTED_EDGE('',*,*,#1015,.F.);
#647=ORIENTED_EDGE('',*,*,#969,.F.);
#648=ORIENTED_EDGE('',*,*,#1028,.F.);
#649=ORIENTED_EDGE('',*,*,#915,.T.);
#650=ORIENTED_EDGE('',*,*,#1025,.F.);
#651=ORIENTED_EDGE('',*,*,#1022,.T.);
#652=ORIENTED_EDGE('',*,*,#1029,.F.);
#653=ORIENTED_EDGE('',*,*,#977,.F.);
#654=ORIENTED_EDGE('',*,*,#1027,.F.);
#655=ORIENTED_EDGE('',*,*,#967,.F.);
#656=ORIENTED_EDGE('',*,*,#1013,.F.);
#657=ORIENTED_EDGE('',*,*,#917,.T.);
#658=ORIENTED_EDGE('',*,*,#1014,.F.);
#659=ORIENTED_EDGE('',*,*,#913,.T.);
#660=ORIENTED_EDGE('',*,*,#1020,.F.);
#661=ORIENTED_EDGE('',*,*,#971,.F.);
#662=ORIENTED_EDGE('',*,*,#1010,.F.);
#663=ORIENTED_EDGE('',*,*,#907,.T.);
#664=ORIENTED_EDGE('',*,*,#1012,.F.);
#665=ORIENTED_EDGE('',*,*,#965,.F.);
#666=ORIENTED_EDGE('',*,*,#1058,.F.);
#667=ORIENTED_EDGE('',*,*,#1059,.F.);
#668=ORIENTED_EDGE('',*,*,#959,.T.);
#669=ORIENTED_EDGE('',*,*,#1060,.T.);
#670=ORIENTED_EDGE('',*,*,#1061,.F.);
#671=ORIENTED_EDGE('',*,*,#1060,.F.);
#672=ORIENTED_EDGE('',*,*,#958,.T.);
#673=ORIENTED_EDGE('',*,*,#1062,.T.);
#674=ORIENTED_EDGE('',*,*,#1063,.F.);
#675=ORIENTED_EDGE('',*,*,#1062,.F.);
#676=ORIENTED_EDGE('',*,*,#963,.T.);
#677=ORIENTED_EDGE('',*,*,#1064,.T.);
#678=ORIENTED_EDGE('',*,*,#1065,.F.);
#679=ORIENTED_EDGE('',*,*,#1064,.F.);
#680=ORIENTED_EDGE('',*,*,#962,.T.);
#681=ORIENTED_EDGE('',*,*,#1066,.T.);
#682=ORIENTED_EDGE('',*,*,#1067,.F.);
#683=ORIENTED_EDGE('',*,*,#1066,.F.);
#684=ORIENTED_EDGE('',*,*,#961,.T.);
#685=ORIENTED_EDGE('',*,*,#1068,.T.);
#686=ORIENTED_EDGE('',*,*,#1069,.F.);
#687=ORIENTED_EDGE('',*,*,#1068,.F.);
#688=ORIENTED_EDGE('',*,*,#960,.T.);
#689=ORIENTED_EDGE('',*,*,#1059,.T.);
#690=ORIENTED_EDGE('',*,*,#1070,.F.);
#691=ORIENTED_EDGE('',*,*,#1058,.T.);
#692=ORIENTED_EDGE('',*,*,#1061,.T.);
#693=ORIENTED_EDGE('',*,*,#1063,.T.);
#694=ORIENTED_EDGE('',*,*,#1065,.T.);
#695=ORIENTED_EDGE('',*,*,#1067,.T.);
#696=ORIENTED_EDGE('',*,*,#1069,.T.);
#697=ORIENTED_EDGE('',*,*,#1071,.T.);
#698=ORIENTED_EDGE('',*,*,#1071,.F.);
#699=ORIENTED_EDGE('',*,*,#1070,.T.);
#700=ORIENTED_EDGE('',*,*,#1072,.F.);
#701=ORIENTED_EDGE('',*,*,#1073,.F.);
#702=ORIENTED_EDGE('',*,*,#993,.T.);
#703=ORIENTED_EDGE('',*,*,#1074,.T.);
#704=ORIENTED_EDGE('',*,*,#1075,.F.);
#705=ORIENTED_EDGE('',*,*,#1074,.F.);
#706=ORIENTED_EDGE('',*,*,#992,.T.);
#707=ORIENTED_EDGE('',*,*,#1076,.T.);
#708=ORIENTED_EDGE('',*,*,#1077,.F.);
#709=ORIENTED_EDGE('',*,*,#1076,.F.);
#710=ORIENTED_EDGE('',*,*,#997,.T.);
#711=ORIENTED_EDGE('',*,*,#1078,.T.);
#712=ORIENTED_EDGE('',*,*,#1079,.F.);
#713=ORIENTED_EDGE('',*,*,#1078,.F.);
#714=ORIENTED_EDGE('',*,*,#996,.T.);
#715=ORIENTED_EDGE('',*,*,#1080,.T.);
#716=ORIENTED_EDGE('',*,*,#1081,.F.);
#717=ORIENTED_EDGE('',*,*,#1080,.F.);
#718=ORIENTED_EDGE('',*,*,#995,.T.);
#719=ORIENTED_EDGE('',*,*,#1082,.T.);
#720=ORIENTED_EDGE('',*,*,#1083,.F.);
#721=ORIENTED_EDGE('',*,*,#1082,.F.);
#722=ORIENTED_EDGE('',*,*,#994,.T.);
#723=ORIENTED_EDGE('',*,*,#1073,.T.);
#724=ORIENTED_EDGE('',*,*,#1084,.F.);
#725=ORIENTED_EDGE('',*,*,#1072,.T.);
#726=ORIENTED_EDGE('',*,*,#1075,.T.);
#727=ORIENTED_EDGE('',*,*,#1077,.T.);
#728=ORIENTED_EDGE('',*,*,#1079,.T.);
#729=ORIENTED_EDGE('',*,*,#1081,.T.);
#730=ORIENTED_EDGE('',*,*,#1083,.T.);
#731=ORIENTED_EDGE('',*,*,#1085,.T.);
#732=ORIENTED_EDGE('',*,*,#1085,.F.);
#733=ORIENTED_EDGE('',*,*,#1084,.T.);
#734=ORIENTED_EDGE('',*,*,#1086,.F.);
#735=ORIENTED_EDGE('',*,*,#1087,.F.);
#736=ORIENTED_EDGE('',*,*,#953,.T.);
#737=ORIENTED_EDGE('',*,*,#1088,.T.);
#738=ORIENTED_EDGE('',*,*,#1089,.F.);
#739=ORIENTED_EDGE('',*,*,#1088,.F.);
#740=ORIENTED_EDGE('',*,*,#952,.T.);
#741=ORIENTED_EDGE('',*,*,#1090,.T.);
#742=ORIENTED_EDGE('',*,*,#1091,.F.);
#743=ORIENTED_EDGE('',*,*,#1090,.F.);
#744=ORIENTED_EDGE('',*,*,#957,.T.);
#745=ORIENTED_EDGE('',*,*,#1092,.T.);
#746=ORIENTED_EDGE('',*,*,#1093,.F.);
#747=ORIENTED_EDGE('',*,*,#1092,.F.);
#748=ORIENTED_EDGE('',*,*,#956,.T.);
#749=ORIENTED_EDGE('',*,*,#1094,.T.);
#750=ORIENTED_EDGE('',*,*,#1095,.F.);
#751=ORIENTED_EDGE('',*,*,#1094,.F.);
#752=ORIENTED_EDGE('',*,*,#955,.T.);
#753=ORIENTED_EDGE('',*,*,#1096,.T.);
#754=ORIENTED_EDGE('',*,*,#1097,.F.);
#755=ORIENTED_EDGE('',*,*,#1096,.F.);
#756=ORIENTED_EDGE('',*,*,#954,.T.);
#757=ORIENTED_EDGE('',*,*,#1087,.T.);
#758=ORIENTED_EDGE('',*,*,#1098,.F.);
#759=ORIENTED_EDGE('',*,*,#1086,.T.);
#760=ORIENTED_EDGE('',*,*,#1089,.T.);
#761=ORIENTED_EDGE('',*,*,#1091,.T.);
#762=ORIENTED_EDGE('',*,*,#1093,.T.);
#763=ORIENTED_EDGE('',*,*,#1095,.T.);
#764=ORIENTED_EDGE('',*,*,#1097,.T.);
#765=ORIENTED_EDGE('',*,*,#1099,.T.);
#766=ORIENTED_EDGE('',*,*,#1099,.F.);
#767=ORIENTED_EDGE('',*,*,#1098,.T.);
#768=ORIENTED_EDGE('',*,*,#1100,.F.);
#769=ORIENTED_EDGE('',*,*,#1101,.F.);
#770=ORIENTED_EDGE('',*,*,#999,.T.);
#771=ORIENTED_EDGE('',*,*,#1102,.T.);
#772=ORIENTED_EDGE('',*,*,#1103,.F.);
#773=ORIENTED_EDGE('',*,*,#1102,.F.);
#774=ORIENTED_EDGE('',*,*,#998,.T.);
#775=ORIENTED_EDGE('',*,*,#1104,.T.);
#776=ORIENTED_EDGE('',*,*,#1105,.F.);
#777=ORIENTED_EDGE('',*,*,#1104,.F.);
#778=ORIENTED_EDGE('',*,*,#1003,.T.);
#779=ORIENTED_EDGE('',*,*,#1106,.T.);
#780=ORIENTED_EDGE('',*,*,#1107,.F.);
#781=ORIENTED_EDGE('',*,*,#1106,.F.);
#782=ORIENTED_EDGE('',*,*,#1002,.T.);
#783=ORIENTED_EDGE('',*,*,#1108,.T.);
#784=ORIENTED_EDGE('',*,*,#1109,.F.);
#785=ORIENTED_EDGE('',*,*,#1108,.F.);
#786=ORIENTED_EDGE('',*,*,#1001,.T.);
#787=ORIENTED_EDGE('',*,*,#1110,.T.);
#788=ORIENTED_EDGE('',*,*,#1111,.F.);
#789=ORIENTED_EDGE('',*,*,#1110,.F.);
#790=ORIENTED_EDGE('',*,*,#1000,.T.);
#791=ORIENTED_EDGE('',*,*,#1101,.T.);
#792=ORIENTED_EDGE('',*,*,#1112,.F.);
#793=ORIENTED_EDGE('',*,*,#1100,.T.);
#794=ORIENTED_EDGE('',*,*,#1103,.T.);
#795=ORIENTED_EDGE('',*,*,#1105,.T.);
#796=ORIENTED_EDGE('',*,*,#1107,.T.);
#797=ORIENTED_EDGE('',*,*,#1109,.T.);
#798=ORIENTED_EDGE('',*,*,#1111,.T.);
#799=ORIENTED_EDGE('',*,*,#1113,.T.);
#800=ORIENTED_EDGE('',*,*,#1113,.F.);
#801=ORIENTED_EDGE('',*,*,#1112,.T.);
#802=ORIENTED_EDGE('',*,*,#1114,.F.);
#803=ORIENTED_EDGE('',*,*,#1115,.F.);
#804=ORIENTED_EDGE('',*,*,#947,.T.);
#805=ORIENTED_EDGE('',*,*,#1116,.T.);
#806=ORIENTED_EDGE('',*,*,#1117,.F.);
#807=ORIENTED_EDGE('',*,*,#1116,.F.);
#808=ORIENTED_EDGE('',*,*,#946,.T.);
#809=ORIENTED_EDGE('',*,*,#1118,.T.);
#810=ORIENTED_EDGE('',*,*,#1119,.F.);
#811=ORIENTED_EDGE('',*,*,#1118,.F.);
#812=ORIENTED_EDGE('',*,*,#951,.T.);
#813=ORIENTED_EDGE('',*,*,#1120,.T.);
#814=ORIENTED_EDGE('',*,*,#1121,.F.);
#815=ORIENTED_EDGE('',*,*,#1120,.F.);
#816=ORIENTED_EDGE('',*,*,#950,.T.);
#817=ORIENTED_EDGE('',*,*,#1122,.T.);
#818=ORIENTED_EDGE('',*,*,#1123,.F.);
#819=ORIENTED_EDGE('',*,*,#1122,.F.);
#820=ORIENTED_EDGE('',*,*,#949,.T.);
#821=ORIENTED_EDGE('',*,*,#1124,.T.);
#822=ORIENTED_EDGE('',*,*,#1125,.F.);
#823=ORIENTED_EDGE('',*,*,#1124,.F.);
#824=ORIENTED_EDGE('',*,*,#948,.T.);
#825=ORIENTED_EDGE('',*,*,#1115,.T.);
#826=ORIENTED_EDGE('',*,*,#1126,.F.);
#827=ORIENTED_EDGE('',*,*,#1114,.T.);
#828=ORIENTED_EDGE('',*,*,#1117,.T.);
#829=ORIENTED_EDGE('',*,*,#1119,.T.);
#830=ORIENTED_EDGE('',*,*,#1121,.T.);
#831=ORIENTED_EDGE('',*,*,#1123,.T.);
#832=ORIENTED_EDGE('',*,*,#1125,.T.);
#833=ORIENTED_EDGE('',*,*,#1127,.T.);
#834=ORIENTED_EDGE('',*,*,#1127,.F.);
#835=ORIENTED_EDGE('',*,*,#1126,.T.);
#836=ORIENTED_EDGE('',*,*,#1128,.F.);
#837=ORIENTED_EDGE('',*,*,#1129,.F.);
#838=ORIENTED_EDGE('',*,*,#1005,.T.);
#839=ORIENTED_EDGE('',*,*,#1130,.T.);
#840=ORIENTED_EDGE('',*,*,#1131,.F.);
#841=ORIENTED_EDGE('',*,*,#1130,.F.);
#842=ORIENTED_EDGE('',*,*,#1004,.T.);
#843=ORIENTED_EDGE('',*,*,#1132,.T.);
#844=ORIENTED_EDGE('',*,*,#1133,.F.);
#845=ORIENTED_EDGE('',*,*,#1132,.F.);
#846=ORIENTED_EDGE('',*,*,#1009,.T.);
#847=ORIENTED_EDGE('',*,*,#1134,.T.);
#848=ORIENTED_EDGE('',*,*,#1135,.F.);
#849=ORIENTED_EDGE('',*,*,#1134,.F.);
#850=ORIENTED_EDGE('',*,*,#1008,.T.);
#851=ORIENTED_EDGE('',*,*,#1136,.T.);
#852=ORIENTED_EDGE('',*,*,#1137,.F.);
#853=ORIENTED_EDGE('',*,*,#1136,.F.);
#854=ORIENTED_EDGE('',*,*,#1007,.T.);
#855=ORIENTED_EDGE('',*,*,#1138,.T.);
#856=ORIENTED_EDGE('',*,*,#1139,.F.);
#857=ORIENTED_EDGE('',*,*,#1138,.F.);
#858=ORIENTED_EDGE('',*,*,#1006,.T.);
#859=ORIENTED_EDGE('',*,*,#1129,.T.);
#860=ORIENTED_EDGE('',*,*,#1140,.F.);
#861=ORIENTED_EDGE('',*,*,#1128,.T.);
#862=ORIENTED_EDGE('',*,*,#1131,.T.);
#863=ORIENTED_EDGE('',*,*,#1133,.T.);
#864=ORIENTED_EDGE('',*,*,#1135,.T.);
#865=ORIENTED_EDGE('',*,*,#1137,.T.);
#866=ORIENTED_EDGE('',*,*,#1139,.T.);
#867=ORIENTED_EDGE('',*,*,#1141,.T.);
#868=ORIENTED_EDGE('',*,*,#1141,.F.);
#869=ORIENTED_EDGE('',*,*,#1140,.T.);
#870=ORIENTED_EDGE('',*,*,#1142,.T.);
#871=ORIENTED_EDGE('',*,*,#1052,.T.);
#872=ORIENTED_EDGE('',*,*,#1143,.F.);
#873=ORIENTED_EDGE('',*,*,#1017,.F.);
#874=ORIENTED_EDGE('',*,*,#1144,.F.);
#875=ORIENTED_EDGE('',*,*,#1054,.T.);
#876=ORIENTED_EDGE('',*,*,#1145,.T.);
#877=ORIENTED_EDGE('',*,*,#1019,.F.);
#878=ORIENTED_EDGE('',*,*,#1016,.T.);
#879=ORIENTED_EDGE('',*,*,#1145,.F.);
#880=ORIENTED_EDGE('',*,*,#1053,.F.);
#881=ORIENTED_EDGE('',*,*,#1142,.F.);
#882=ORIENTED_EDGE('',*,*,#1143,.T.);
#883=ORIENTED_EDGE('',*,*,#1055,.T.);
#884=ORIENTED_EDGE('',*,*,#1144,.T.);
#885=ORIENTED_EDGE('',*,*,#1018,.F.);
#886=ORIENTED_EDGE('',*,*,#922,.T.);
#887=ORIENTED_EDGE('',*,*,#937,.F.);
#888=ORIENTED_EDGE('',*,*,#923,.T.);
#889=ORIENTED_EDGE('',*,*,#936,.F.);
#890=ORIENTED_EDGE('',*,*,#924,.T.);
#891=ORIENTED_EDGE('',*,*,#935,.F.);
#892=ORIENTED_EDGE('',*,*,#925,.T.);
#893=ORIENTED_EDGE('',*,*,#934,.F.);
#894=ORIENTED_EDGE('',*,*,#926,.T.);
#895=ORIENTED_EDGE('',*,*,#930,.F.);
#896=ORIENTED_EDGE('',*,*,#945,.F.);
#897=ORIENTED_EDGE('',*,*,#928,.F.);
#898=ORIENTED_EDGE('',*,*,#906,.T.);
#899=ORIENTED_EDGE('',*,*,#933,.F.);
#900=ORIENTED_EDGE('',*,*,#905,.T.);
#901=ORIENTED_EDGE('',*,*,#932,.F.);
#902=ORIENTED_EDGE('',*,*,#904,.T.);
#903=ORIENTED_EDGE('',*,*,#931,.F.);
#904=EDGE_CURVE('',#1146,#1146,#1318,.T.);
#905=EDGE_CURVE('',#1147,#1147,#1319,.T.);
#906=EDGE_CURVE('',#1148,#1148,#1320,.T.);
#907=EDGE_CURVE('',#1149,#1150,#1321,.T.);
#908=EDGE_CURVE('',#1149,#1151,#48,.T.);
#909=EDGE_CURVE('',#1152,#1151,#1322,.T.);
#910=EDGE_CURVE('',#1152,#1153,#49,.T.);
#911=EDGE_CURVE('',#1154,#1153,#1323,.T.);
#912=EDGE_CURVE('',#1154,#1155,#50,.T.);
#913=EDGE_CURVE('',#1156,#1155,#1324,.T.);
#914=EDGE_CURVE('',#1156,#1157,#51,.T.);
#915=EDGE_CURVE('',#1158,#1157,#1325,.T.);
#916=EDGE_CURVE('',#1158,#1159,#52,.T.);
#917=EDGE_CURVE('',#1160,#1159,#1326,.T.);
#918=EDGE_CURVE('',#1160,#1150,#53,.T.);
#919=EDGE_CURVE('',#1161,#1161,#1327,.T.);
#920=EDGE_CURVE('',#1162,#1162,#1328,.T.);
#921=EDGE_CURVE('',#1163,#1163,#1329,.T.);
#922=EDGE_CURVE('',#1164,#1164,#1330,.T.);
#923=EDGE_CURVE('',#1165,#1165,#1331,.T.);
#924=EDGE_CURVE('',#1166,#1166,#1332,.T.);
#925=EDGE_CURVE('',#1167,#1167,#1333,.T.);
#926=EDGE_CURVE('',#1168,#1169,#1334,.T.);
#927=EDGE_CURVE('',#1169,#1168,#1335,.T.);
#928=EDGE_CURVE('',#1168,#1170,#54,.T.);
#929=EDGE_CURVE('',#1171,#1170,#1336,.T.);
#930=EDGE_CURVE('',#1171,#1169,#55,.F.);
#931=EDGE_CURVE('',#1172,#1172,#1337,.T.);
#932=EDGE_CURVE('',#1173,#1173,#1338,.T.);
#933=EDGE_CURVE('',#1174,#1174,#1339,.T.);
#934=EDGE_CURVE('',#1175,#1175,#1340,.T.);
#935=EDGE_CURVE('',#1176,#1176,#1341,.T.);
#936=EDGE_CURVE('',#1177,#1177,#1342,.T.);
#937=EDGE_CURVE('',#1178,#1178,#1343,.T.);
#938=EDGE_CURVE('',#1179,#1179,#1344,.T.);
#939=EDGE_CURVE('',#1180,#1180,#1345,.T.);
#940=EDGE_CURVE('',#1181,#1181,#1346,.T.);
#941=EDGE_CURVE('',#1182,#1183,#56,.T.);
#942=EDGE_CURVE('',#1184,#1182,#57,.T.);
#943=EDGE_CURVE('',#1185,#1184,#58,.T.);
#944=EDGE_CURVE('',#1183,#1185,#59,.T.);
#945=EDGE_CURVE('',#1170,#1171,#1347,.T.);
#946=EDGE_CURVE('',#1186,#1187,#60,.T.);
#947=EDGE_CURVE('',#1188,#1186,#61,.T.);
#948=EDGE_CURVE('',#1189,#1188,#62,.T.);
#949=EDGE_CURVE('',#1190,#1189,#63,.T.);
#950=EDGE_CURVE('',#1191,#1190,#64,.T.);
#951=EDGE_CURVE('',#1187,#1191,#65,.T.);
#952=EDGE_CURVE('',#1192,#1193,#66,.T.);
#953=EDGE_CURVE('',#1194,#1192,#67,.T.);
#954=EDGE_CURVE('',#1195,#1194,#68,.T.);
#955=EDGE_CURVE('',#1196,#1195,#69,.T.);
#956=EDGE_CURVE('',#1197,#1196,#70,.T.);
#957=EDGE_CURVE('',#1193,#1197,#71,.T.);
#958=EDGE_CURVE('',#1198,#1199,#72,.T.);
#959=EDGE_CURVE('',#1200,#1198,#73,.T.);
#960=EDGE_CURVE('',#1201,#1200,#74,.T.);
#961=EDGE_CURVE('',#1202,#1201,#75,.T.);
#962=EDGE_CURVE('',#1203,#1202,#76,.T.);
#963=EDGE_CURVE('',#1199,#1203,#77,.T.);
#964=EDGE_CURVE('',#1204,#1205,#78,.T.);
#965=EDGE_CURVE('',#1204,#1206,#1348,.T.);
#966=EDGE_CURVE('',#1207,#1206,#79,.T.);
#967=EDGE_CURVE('',#1207,#1208,#1349,.T.);
#968=EDGE_CURVE('',#1209,#1208,#80,.T.);
#969=EDGE_CURVE('',#1209,#1210,#1350,.T.);
#970=EDGE_CURVE('',#1211,#1210,#81,.T.);
#971=EDGE_CURVE('',#1211,#1212,#1351,.T.);
#972=EDGE_CURVE('',#1213,#1212,#82,.T.);
#973=EDGE_CURVE('',#1213,#1214,#1352,.T.);
#974=EDGE_CURVE('',#1215,#1214,#83,.T.);
#975=EDGE_CURVE('',#1215,#1205,#1353,.T.);
#976=EDGE_CURVE('',#1216,#1217,#84,.T.);
#977=EDGE_CURVE('',#1216,#1218,#1354,.T.);
#978=EDGE_CURVE('',#1217,#1218,#85,.T.);
#979=EDGE_CURVE('',#1219,#1220,#1355,.T.);
#980=EDGE_CURVE('',#1221,#1220,#86,.T.);
#981=EDGE_CURVE('',#1219,#1221,#87,.T.);
#982=EDGE_CURVE('',#1222,#1223,#1356,.T.);
#983=EDGE_CURVE('',#1224,#1223,#88,.T.);
#984=EDGE_CURVE('',#1222,#1224,#89,.T.);
#985=EDGE_CURVE('',#1225,#1226,#90,.T.);
#986=EDGE_CURVE('',#1225,#1227,#1357,.T.);
#987=EDGE_CURVE('',#1226,#1227,#91,.T.);
#988=EDGE_CURVE('',#1228,#1229,#92,.T.);
#989=EDGE_CURVE('',#1229,#1230,#93,.T.);
#990=EDGE_CURVE('',#1230,#1231,#94,.T.);
#991=EDGE_CURVE('',#1231,#1228,#95,.T.);
#992=EDGE_CURVE('',#1232,#1233,#96,.T.);
#993=EDGE_CURVE('',#1234,#1232,#97,.T.);
#994=EDGE_CURVE('',#1235,#1234,#98,.T.);
#995=EDGE_CURVE('',#1236,#1235,#99,.T.);
#996=EDGE_CURVE('',#1237,#1236,#100,.T.);
#997=EDGE_CURVE('',#1233,#1237,#101,.T.);
#998=EDGE_CURVE('',#1238,#1239,#102,.T.);
#999=EDGE_CURVE('',#1240,#1238,#103,.T.);
#1000=EDGE_CURVE('',#1241,#1240,#104,.T.);
#1001=EDGE_CURVE('',#1242,#1241,#105,.T.);
#1002=EDGE_CURVE('',#1243,#1242,#106,.T.);
#1003=EDGE_CURVE('',#1239,#1243,#107,.T.);
#1004=EDGE_CURVE('',#1244,#1245,#108,.T.);
#1005=EDGE_CURVE('',#1246,#1244,#109,.T.);
#1006=EDGE_CURVE('',#1247,#1246,#110,.T.);
#1007=EDGE_CURVE('',#1248,#1247,#111,.T.);
#1008=EDGE_CURVE('',#1249,#1248,#112,.T.);
#1009=EDGE_CURVE('',#1245,#1249,#113,.T.);
#1010=EDGE_CURVE('',#1149,#1204,#114,.F.);
#1011=EDGE_CURVE('',#1205,#1151,#115,.T.);
#1012=EDGE_CURVE('',#1206,#1150,#116,.T.);
#1013=EDGE_CURVE('',#1160,#1207,#117,.F.);
#1014=EDGE_CURVE('',#1156,#1211,#118,.F.);
#1015=EDGE_CURVE('',#1210,#1157,#119,.T.);
#1016=EDGE_CURVE('',#1250,#1251,#120,.T.);
#1017=EDGE_CURVE('',#1250,#1252,#121,.T.);
#1018=EDGE_CURVE('',#1252,#1253,#122,.T.);
#1019=EDGE_CURVE('',#1253,#1251,#123,.T.);
#1020=EDGE_CURVE('',#1212,#1155,#124,.T.);
#1021=EDGE_CURVE('',#1154,#1213,#125,.F.);
#1022=EDGE_CURVE('',#1254,#1255,#1358,.T.);
#1023=EDGE_CURVE('',#1254,#1256,#126,.T.);
#1024=EDGE_CURVE('',#1256,#1255,#127,.T.);
#1025=EDGE_CURVE('',#1254,#1216,#128,.F.);
#1026=EDGE_CURVE('',#1217,#1256,#129,.T.);
#1027=EDGE_CURVE('',#1208,#1159,#130,.T.);
#1028=EDGE_CURVE('',#1158,#1209,#131,.F.);
#1029=EDGE_CURVE('',#1218,#1255,#132,.T.);
#1030=EDGE_CURVE('',#1257,#1258,#1359,.T.);
#1031=EDGE_CURVE('',#1257,#1259,#133,.T.);
#1032=EDGE_CURVE('',#1259,#1258,#134,.T.);
#1033=EDGE_CURVE('',#1257,#1219,#135,.F.);
#1034=EDGE_CURVE('',#1221,#1259,#136,.T.);
#1035=EDGE_CURVE('',#1220,#1258,#137,.T.);
#1036=EDGE_CURVE('',#1260,#1261,#1360,.T.);
#1037=EDGE_CURVE('',#1260,#1262,#138,.T.);
#1038=EDGE_CURVE('',#1262,#1261,#139,.T.);
#1039=EDGE_CURVE('',#1152,#1215,#140,.F.);
#1040=EDGE_CURVE('',#1214,#1153,#141,.T.);
#1041=EDGE_CURVE('',#1223,#1261,#142,.T.);
#1042=EDGE_CURVE('',#1224,#1262,#143,.T.);
#1043=EDGE_CURVE('',#1260,#1222,#144,.F.);
#1044=EDGE_CURVE('',#1263,#1264,#1361,.T.);
#1045=EDGE_CURVE('',#1263,#1265,#145,.T.);
#1046=EDGE_CURVE('',#1265,#1264,#146,.T.);
#1047=EDGE_CURVE('',#1263,#1225,#147,.F.);
#1048=EDGE_CURVE('',#1226,#1265,#148,.T.);
#1049=EDGE_CURVE('',#1227,#1264,#149,.T.);
#1050=EDGE_CURVE('',#1229,#1183,#150,.T.);
#1051=EDGE_CURVE('',#1228,#1182,#151,.T.);
#1052=EDGE_CURVE('',#1266,#1267,#152,.T.);
#1053=EDGE_CURVE('',#1266,#1268,#153,.T.);
#1054=EDGE_CURVE('',#1269,#1268,#154,.T.);
#1055=EDGE_CURVE('',#1267,#1269,#155,.T.);
#1056=EDGE_CURVE('',#1230,#1185,#156,.T.);
#1057=EDGE_CURVE('',#1231,#1184,#157,.T.);
#1058=EDGE_CURVE('',#1270,#1271,#158,.T.);
#1059=EDGE_CURVE('',#1200,#1270,#159,.T.);
#1060=EDGE_CURVE('',#1198,#1271,#160,.T.);
#1061=EDGE_CURVE('',#1271,#1272,#161,.T.);
#1062=EDGE_CURVE('',#1199,#1272,#162,.T.);
#1063=EDGE_CURVE('',#1272,#1273,#163,.T.);
#1064=EDGE_CURVE('',#1203,#1273,#164,.T.);
#1065=EDGE_CURVE('',#1273,#1274,#165,.T.);
#1066=EDGE_CURVE('',#1202,#1274,#166,.T.);
#1067=EDGE_CURVE('',#1274,#1275,#167,.T.);
#1068=EDGE_CURVE('',#1201,#1275,#168,.T.);
#1069=EDGE_CURVE('',#1275,#1270,#169,.T.);
#1070=EDGE_CURVE('',#1276,#1276,#1362,.T.);
#1071=EDGE_CURVE('',#1277,#1277,#1363,.T.);
#1072=EDGE_CURVE('',#1278,#1279,#170,.T.);
#1073=EDGE_CURVE('',#1234,#1278,#171,.T.);
#1074=EDGE_CURVE('',#1232,#1279,#172,.T.);
#1075=EDGE_CURVE('',#1279,#1280,#173,.T.);
#1076=EDGE_CURVE('',#1233,#1280,#174,.T.);
#1077=EDGE_CURVE('',#1280,#1281,#175,.T.);
#1078=EDGE_CURVE('',#1237,#1281,#176,.T.);
#1079=EDGE_CURVE('',#1281,#1282,#177,.T.);
#1080=EDGE_CURVE('',#1236,#1282,#178,.T.);
#1081=EDGE_CURVE('',#1282,#1283,#179,.T.);
#1082=EDGE_CURVE('',#1235,#1283,#180,.T.);
#1083=EDGE_CURVE('',#1283,#1278,#181,.T.);
#1084=EDGE_CURVE('',#1284,#1284,#1364,.T.);
#1085=EDGE_CURVE('',#1285,#1285,#1365,.T.);
#1086=EDGE_CURVE('',#1286,#1287,#182,.T.);
#1087=EDGE_CURVE('',#1194,#1286,#183,.T.);
#1088=EDGE_CURVE('',#1192,#1287,#184,.T.);
#1089=EDGE_CURVE('',#1287,#1288,#185,.T.);
#1090=EDGE_CURVE('',#1193,#1288,#186,.T.);
#1091=EDGE_CURVE('',#1288,#1289,#187,.T.);
#1092=EDGE_CURVE('',#1197,#1289,#188,.T.);
#1093=EDGE_CURVE('',#1289,#1290,#189,.T.);
#1094=EDGE_CURVE('',#1196,#1290,#190,.T.);
#1095=EDGE_CURVE('',#1290,#1291,#191,.T.);
#1096=EDGE_CURVE('',#1195,#1291,#192,.T.);
#1097=EDGE_CURVE('',#1291,#1286,#193,.T.);
#1098=EDGE_CURVE('',#1292,#1292,#1366,.T.);
#1099=EDGE_CURVE('',#1293,#1293,#1367,.T.);
#1100=EDGE_CURVE('',#1294,#1295,#194,.T.);
#1101=EDGE_CURVE('',#1240,#1294,#195,.T.);
#1102=EDGE_CURVE('',#1238,#1295,#196,.T.);
#1103=EDGE_CURVE('',#1295,#1296,#197,.T.);
#1104=EDGE_CURVE('',#1239,#1296,#198,.T.);
#1105=EDGE_CURVE('',#1296,#1297,#199,.T.);
#1106=EDGE_CURVE('',#1243,#1297,#200,.T.);
#1107=EDGE_CURVE('',#1297,#1298,#201,.T.);
#1108=EDGE_CURVE('',#1242,#1298,#202,.T.);
#1109=EDGE_CURVE('',#1298,#1299,#203,.T.);
#1110=EDGE_CURVE('',#1241,#1299,#204,.T.);
#1111=EDGE_CURVE('',#1299,#1294,#205,.T.);
#1112=EDGE_CURVE('',#1300,#1300,#1368,.T.);
#1113=EDGE_CURVE('',#1301,#1301,#1369,.T.);
#1114=EDGE_CURVE('',#1302,#1303,#206,.T.);
#1115=EDGE_CURVE('',#1188,#1302,#207,.T.);
#1116=EDGE_CURVE('',#1186,#1303,#208,.T.);
#1117=EDGE_CURVE('',#1303,#1304,#209,.T.);
#1118=EDGE_CURVE('',#1187,#1304,#210,.T.);
#1119=EDGE_CURVE('',#1304,#1305,#211,.T.);
#1120=EDGE_CURVE('',#1191,#1305,#212,.T.);
#1121=EDGE_CURVE('',#1305,#1306,#213,.T.);
#1122=EDGE_CURVE('',#1190,#1306,#214,.T.);
#1123=EDGE_CURVE('',#1306,#1307,#215,.T.);
#1124=EDGE_CURVE('',#1189,#1307,#216,.T.);
#1125=EDGE_CURVE('',#1307,#1302,#217,.T.);
#1126=EDGE_CURVE('',#1308,#1308,#1370,.T.);
#1127=EDGE_CURVE('',#1309,#1309,#1371,.T.);
#1128=EDGE_CURVE('',#1310,#1311,#218,.T.);
#1129=EDGE_CURVE('',#1246,#1310,#219,.T.);
#1130=EDGE_CURVE('',#1244,#1311,#220,.T.);
#1131=EDGE_CURVE('',#1311,#1312,#221,.T.);
#1132=EDGE_CURVE('',#1245,#1312,#222,.T.);
#1133=EDGE_CURVE('',#1312,#1313,#223,.T.);
#1134=EDGE_CURVE('',#1249,#1313,#224,.T.);
#1135=EDGE_CURVE('',#1313,#1314,#225,.T.);
#1136=EDGE_CURVE('',#1248,#1314,#226,.T.);
#1137=EDGE_CURVE('',#1314,#1315,#227,.T.);
#1138=EDGE_CURVE('',#1247,#1315,#228,.T.);
#1139=EDGE_CURVE('',#1315,#1310,#229,.T.);
#1140=EDGE_CURVE('',#1316,#1316,#1372,.T.);
#1141=EDGE_CURVE('',#1317,#1317,#1373,.T.);
#1142=EDGE_CURVE('',#1250,#1266,#230,.T.);
#1143=EDGE_CURVE('',#1252,#1267,#231,.T.);
#1144=EDGE_CURVE('',#1269,#1253,#232,.T.);
#1145=EDGE_CURVE('',#1268,#1251,#233,.T.);
#1146=VERTEX_POINT('',#2567);
#1147=VERTEX_POINT('',#2569);
#1148=VERTEX_POINT('',#2571);
#1149=VERTEX_POINT('',#2573);
#1150=VERTEX_POINT('',#2574);
#1151=VERTEX_POINT('',#2576);
#1152=VERTEX_POINT('',#2578);
#1153=VERTEX_POINT('',#2580);
#1154=VERTEX_POINT('',#2582);
#1155=VERTEX_POINT('',#2584);
#1156=VERTEX_POINT('',#2586);
#1157=VERTEX_POINT('',#2588);
#1158=VERTEX_POINT('',#2590);
#1159=VERTEX_POINT('',#2592);
#1160=VERTEX_POINT('',#2594);
#1161=VERTEX_POINT('',#2597);
#1162=VERTEX_POINT('',#2599);
#1163=VERTEX_POINT('',#2601);
#1164=VERTEX_POINT('',#2603);
#1165=VERTEX_POINT('',#2605);
#1166=VERTEX_POINT('',#2607);
#1167=VERTEX_POINT('',#2609);
#1168=VERTEX_POINT('',#2611);
#1169=VERTEX_POINT('',#2612);
#1170=VERTEX_POINT('',#2616);
#1171=VERTEX_POINT('',#2618);
#1172=VERTEX_POINT('',#2622);
#1173=VERTEX_POINT('',#2624);
#1174=VERTEX_POINT('',#2626);
#1175=VERTEX_POINT('',#2628);
#1176=VERTEX_POINT('',#2630);
#1177=VERTEX_POINT('',#2632);
#1178=VERTEX_POINT('',#2634);
#1179=VERTEX_POINT('',#2636);
#1180=VERTEX_POINT('',#2638);
#1181=VERTEX_POINT('',#2640);
#1182=VERTEX_POINT('',#2642);
#1183=VERTEX_POINT('',#2643);
#1184=VERTEX_POINT('',#2645);
#1185=VERTEX_POINT('',#2647);
#1186=VERTEX_POINT('',#2652);
#1187=VERTEX_POINT('',#2653);
#1188=VERTEX_POINT('',#2655);
#1189=VERTEX_POINT('',#2657);
#1190=VERTEX_POINT('',#2659);
#1191=VERTEX_POINT('',#2661);
#1192=VERTEX_POINT('',#2664);
#1193=VERTEX_POINT('',#2665);
#1194=VERTEX_POINT('',#2667);
#1195=VERTEX_POINT('',#2669);
#1196=VERTEX_POINT('',#2671);
#1197=VERTEX_POINT('',#2673);
#1198=VERTEX_POINT('',#2676);
#1199=VERTEX_POINT('',#2677);
#1200=VERTEX_POINT('',#2679);
#1201=VERTEX_POINT('',#2681);
#1202=VERTEX_POINT('',#2683);
#1203=VERTEX_POINT('',#2685);
#1204=VERTEX_POINT('',#2688);
#1205=VERTEX_POINT('',#2689);
#1206=VERTEX_POINT('',#2691);
#1207=VERTEX_POINT('',#2693);
#1208=VERTEX_POINT('',#2695);
#1209=VERTEX_POINT('',#2697);
#1210=VERTEX_POINT('',#2699);
#1211=VERTEX_POINT('',#2701);
#1212=VERTEX_POINT('',#2703);
#1213=VERTEX_POINT('',#2705);
#1214=VERTEX_POINT('',#2707);
#1215=VERTEX_POINT('',#2709);
#1216=VERTEX_POINT('',#2712);
#1217=VERTEX_POINT('',#2713);
#1218=VERTEX_POINT('',#2715);
#1219=VERTEX_POINT('',#2718);
#1220=VERTEX_POINT('',#2719);
#1221=VERTEX_POINT('',#2721);
#1222=VERTEX_POINT('',#2724);
#1223=VERTEX_POINT('',#2725);
#1224=VERTEX_POINT('',#2727);
#1225=VERTEX_POINT('',#2730);
#1226=VERTEX_POINT('',#2731);
#1227=VERTEX_POINT('',#2733);
#1228=VERTEX_POINT('',#2736);
#1229=VERTEX_POINT('',#2737);
#1230=VERTEX_POINT('',#2739);
#1231=VERTEX_POINT('',#2741);
#1232=VERTEX_POINT('',#2744);
#1233=VERTEX_POINT('',#2745);
#1234=VERTEX_POINT('',#2747);
#1235=VERTEX_POINT('',#2749);
#1236=VERTEX_POINT('',#2751);
#1237=VERTEX_POINT('',#2753);
#1238=VERTEX_POINT('',#2756);
#1239=VERTEX_POINT('',#2757);
#1240=VERTEX_POINT('',#2759);
#1241=VERTEX_POINT('',#2761);
#1242=VERTEX_POINT('',#2763);
#1243=VERTEX_POINT('',#2765);
#1244=VERTEX_POINT('',#2768);
#1245=VERTEX_POINT('',#2769);
#1246=VERTEX_POINT('',#2771);
#1247=VERTEX_POINT('',#2773);
#1248=VERTEX_POINT('',#2775);
#1249=VERTEX_POINT('',#2777);
#1250=VERTEX_POINT('',#2790);
#1251=VERTEX_POINT('',#2791);
#1252=VERTEX_POINT('',#2793);
#1253=VERTEX_POINT('',#2795);
#1254=VERTEX_POINT('',#2801);
#1255=VERTEX_POINT('',#2802);
#1256=VERTEX_POINT('',#2804);
#1257=VERTEX_POINT('',#2816);
#1258=VERTEX_POINT('',#2817);
#1259=VERTEX_POINT('',#2819);
#1260=VERTEX_POINT('',#2828);
#1261=VERTEX_POINT('',#2829);
#1262=VERTEX_POINT('',#2831);
#1263=VERTEX_POINT('',#2843);
#1264=VERTEX_POINT('',#2844);
#1265=VERTEX_POINT('',#2846);
#1266=VERTEX_POINT('',#2858);
#1267=VERTEX_POINT('',#2859);
#1268=VERTEX_POINT('',#2861);
#1269=VERTEX_POINT('',#2863);
#1270=VERTEX_POINT('',#2884);
#1271=VERTEX_POINT('',#2885);
#1272=VERTEX_POINT('',#2890);
#1273=VERTEX_POINT('',#2894);
#1274=VERTEX_POINT('',#2898);
#1275=VERTEX_POINT('',#2902);
#1276=VERTEX_POINT('',#2908);
#1277=VERTEX_POINT('',#2911);
#1278=VERTEX_POINT('',#2915);
#1279=VERTEX_POINT('',#2916);
#1280=VERTEX_POINT('',#2921);
#1281=VERTEX_POINT('',#2925);
#1282=VERTEX_POINT('',#2929);
#1283=VERTEX_POINT('',#2933);
#1284=VERTEX_POINT('',#2939);
#1285=VERTEX_POINT('',#2942);
#1286=VERTEX_POINT('',#2946);
#1287=VERTEX_POINT('',#2947);
#1288=VERTEX_POINT('',#2952);
#1289=VERTEX_POINT('',#2956);
#1290=VERTEX_POINT('',#2960);
#1291=VERTEX_POINT('',#2964);
#1292=VERTEX_POINT('',#2970);
#1293=VERTEX_POINT('',#2973);
#1294=VERTEX_POINT('',#2977);
#1295=VERTEX_POINT('',#2978);
#1296=VERTEX_POINT('',#2983);
#1297=VERTEX_POINT('',#2987);
#1298=VERTEX_POINT('',#2991);
#1299=VERTEX_POINT('',#2995);
#1300=VERTEX_POINT('',#3001);
#1301=VERTEX_POINT('',#3004);
#1302=VERTEX_POINT('',#3008);
#1303=VERTEX_POINT('',#3009);
#1304=VERTEX_POINT('',#3014);
#1305=VERTEX_POINT('',#3018);
#1306=VERTEX_POINT('',#3022);
#1307=VERTEX_POINT('',#3026);
#1308=VERTEX_POINT('',#3032);
#1309=VERTEX_POINT('',#3035);
#1310=VERTEX_POINT('',#3039);
#1311=VERTEX_POINT('',#3040);
#1312=VERTEX_POINT('',#3045);
#1313=VERTEX_POINT('',#3049);
#1314=VERTEX_POINT('',#3053);
#1315=VERTEX_POINT('',#3057);
#1316=VERTEX_POINT('',#3063);
#1317=VERTEX_POINT('',#3066);
#1318=CIRCLE('',#1894,1.7);
#1319=CIRCLE('',#1895,1.7);
#1320=CIRCLE('',#1896,1.7);
#1321=CIRCLE('',#1897,7.);
#1322=CIRCLE('',#1898,7.);
#1323=CIRCLE('',#1899,7.);
#1324=CIRCLE('',#1900,7.);
#1325=CIRCLE('',#1901,7.);
#1326=CIRCLE('',#1902,7.);
#1327=CIRCLE('',#1903,3.25);
#1328=CIRCLE('',#1904,3.25);
#1329=CIRCLE('',#1905,3.25);
#1330=CIRCLE('',#1906,1.7);
#1331=CIRCLE('',#1907,1.7);
#1332=CIRCLE('',#1908,1.7);
#1333=CIRCLE('',#1909,1.7);
#1334=CIRCLE('',#1910,1.7);
#1335=CIRCLE('',#1911,3.25);
#1336=CIRCLE('',#1913,3.25);
#1337=CIRCLE('',#1915,1.7);
#1338=CIRCLE('',#1916,1.7);
#1339=CIRCLE('',#1917,1.7);
#1340=CIRCLE('',#1918,1.7);
#1341=CIRCLE('',#1919,1.7);
#1342=CIRCLE('',#1920,1.7);
#1343=CIRCLE('',#1921,1.7);
#1344=CIRCLE('',#1922,3.25);
#1345=CIRCLE('',#1923,3.25);
#1346=CIRCLE('',#1924,3.25);
#1347=CIRCLE('',#1925,1.7);
#1348=CIRCLE('',#1927,7.);
#1349=CIRCLE('',#1928,7.);
#1350=CIRCLE('',#1929,7.);
#1351=CIRCLE('',#1930,7.);
#1352=CIRCLE('',#1931,7.);
#1353=CIRCLE('',#1932,7.);
#1354=CIRCLE('',#1933,7.);
#1355=CIRCLE('',#1934,7.);
#1356=CIRCLE('',#1935,7.);
#1357=CIRCLE('',#1936,7.);
#1358=CIRCLE('',#1942,7.);
#1359=CIRCLE('',#1947,7.);
#1360=CIRCLE('',#1951,7.);
#1361=CIRCLE('',#1956,7.);
#1362=CIRCLE('',#1983,1.7);
#1363=CIRCLE('',#1985,1.7);
#1364=CIRCLE('',#1994,1.7);
#1365=CIRCLE('',#1996,1.7);
#1366=CIRCLE('',#2005,1.7);
#1367=CIRCLE('',#2007,1.7);
#1368=CIRCLE('',#2016,1.7);
#1369=CIRCLE('',#2018,1.7);
#1370=CIRCLE('',#2027,1.7);
#1371=CIRCLE('',#2029,1.7);
#1372=CIRCLE('',#2038,1.7);
#1373=CIRCLE('',#2040,1.7);
#1374=EDGE_LOOP('',(#420));
#1375=EDGE_LOOP('',(#421));
#1376=EDGE_LOOP('',(#422));
#1377=EDGE_LOOP('',(#423,#424,#425,#426,#427,#428,#429,#430,#431,#432,#433,
#434));
#1378=EDGE_LOOP('',(#435));
#1379=EDGE_LOOP('',(#436));
#1380=EDGE_LOOP('',(#437));
#1381=EDGE_LOOP('',(#438));
#1382=EDGE_LOOP('',(#439));
#1383=EDGE_LOOP('',(#440));
#1384=EDGE_LOOP('',(#441));
#1385=EDGE_LOOP('',(#442,#443));
#1386=EDGE_LOOP('',(#444,#445,#446,#447));
#1387=EDGE_LOOP('',(#448));
#1388=EDGE_LOOP('',(#449));
#1389=EDGE_LOOP('',(#450));
#1390=EDGE_LOOP('',(#451));
#1391=EDGE_LOOP('',(#452));
#1392=EDGE_LOOP('',(#453));
#1393=EDGE_LOOP('',(#454));
#1394=EDGE_LOOP('',(#455));
#1395=EDGE_LOOP('',(#456));
#1396=EDGE_LOOP('',(#457));
#1397=EDGE_LOOP('',(#458,#459,#460,#461));
#1398=EDGE_LOOP('',(#462,#463));
#1399=EDGE_LOOP('',(#464,#465,#466,#467,#468,#469));
#1400=EDGE_LOOP('',(#470,#471,#472,#473,#474,#475));
#1401=EDGE_LOOP('',(#476,#477,#478,#479,#480,#481));
#1402=EDGE_LOOP('',(#482,#483,#484,#485,#486,#487,#488,#489,#490,#491,#492,
#493));
#1403=EDGE_LOOP('',(#494,#495,#496));
#1404=EDGE_LOOP('',(#497,#498,#499));
#1405=EDGE_LOOP('',(#500,#501,#502));
#1406=EDGE_LOOP('',(#503,#504,#505));
#1407=EDGE_LOOP('',(#506,#507,#508,#509));
#1408=EDGE_LOOP('',(#510,#511,#512,#513,#514,#515));
#1409=EDGE_LOOP('',(#516,#517,#518,#519,#520,#521));
#1410=EDGE_LOOP('',(#522,#523,#524,#525,#526,#527));
#1411=EDGE_LOOP('',(#528,#529,#530,#531));
#1412=EDGE_LOOP('',(#532,#533,#534,#535));
#1413=EDGE_LOOP('',(#536,#537,#538,#539));
#1414=EDGE_LOOP('',(#540,#541,#542,#543));
#1415=EDGE_LOOP('',(#544,#545,#546,#547));
#1416=EDGE_LOOP('',(#548,#549,#550));
#1417=EDGE_LOOP('',(#551,#552,#553,#554));
#1418=EDGE_LOOP('',(#555,#556,#557,#558));
#1419=EDGE_LOOP('',(#559,#560,#561,#562));
#1420=EDGE_LOOP('',(#563,#564,#565));
#1421=EDGE_LOOP('',(#566,#567,#568,#569));
#1422=EDGE_LOOP('',(#570,#571,#572,#573));
#1423=EDGE_LOOP('',(#574,#575,#576));
#1424=EDGE_LOOP('',(#577,#578,#579,#580));
#1425=EDGE_LOOP('',(#581,#582,#583,#584));
#1426=EDGE_LOOP('',(#585,#586,#587,#588));
#1427=EDGE_LOOP('',(#589,#590,#591));
#1428=EDGE_LOOP('',(#592,#593,#594,#595));
#1429=EDGE_LOOP('',(#596,#597,#598,#599));
#1430=EDGE_LOOP('',(#600,#601,#602,#603));
#1431=EDGE_LOOP('',(#604,#605,#606,#607));
#1432=EDGE_LOOP('',(#608,#609,#610,#611));
#1433=EDGE_LOOP('',(#612,#613,#614,#615));
#1434=EDGE_LOOP('',(#616));
#1435=EDGE_LOOP('',(#617));
#1436=EDGE_LOOP('',(#618));
#1437=EDGE_LOOP('',(#619));
#1438=EDGE_LOOP('',(#620));
#1439=EDGE_LOOP('',(#621));
#1440=EDGE_LOOP('',(#622,#623,#624,#625));
#1441=EDGE_LOOP('',(#626,#627,#628,#629));
#1442=EDGE_LOOP('',(#630,#631,#632,#633));
#1443=EDGE_LOOP('',(#634,#635,#636,#637));
#1444=EDGE_LOOP('',(#638,#639,#640,#641));
#1445=EDGE_LOOP('',(#642,#643,#644,#645));
#1446=EDGE_LOOP('',(#646,#647,#648,#649));
#1447=EDGE_LOOP('',(#650,#651,#652,#653));
#1448=EDGE_LOOP('',(#654,#655,#656,#657));
#1449=EDGE_LOOP('',(#658,#659,#660,#661));
#1450=EDGE_LOOP('',(#662,#663,#664,#665));
#1451=EDGE_LOOP('',(#666,#667,#668,#669));
#1452=EDGE_LOOP('',(#670,#671,#672,#673));
#1453=EDGE_LOOP('',(#674,#675,#676,#677));
#1454=EDGE_LOOP('',(#678,#679,#680,#681));
#1455=EDGE_LOOP('',(#682,#683,#684,#685));
#1456=EDGE_LOOP('',(#686,#687,#688,#689));
#1457=EDGE_LOOP('',(#690));
#1458=EDGE_LOOP('',(#691,#692,#693,#694,#695,#696));
#1459=EDGE_LOOP('',(#697));
#1460=EDGE_LOOP('',(#698));
#1461=EDGE_LOOP('',(#699));
#1462=EDGE_LOOP('',(#700,#701,#702,#703));
#1463=EDGE_LOOP('',(#704,#705,#706,#707));
#1464=EDGE_LOOP('',(#708,#709,#710,#711));
#1465=EDGE_LOOP('',(#712,#713,#714,#715));
#1466=EDGE_LOOP('',(#716,#717,#718,#719));
#1467=EDGE_LOOP('',(#720,#721,#722,#723));
#1468=EDGE_LOOP('',(#724));
#1469=EDGE_LOOP('',(#725,#726,#727,#728,#729,#730));
#1470=EDGE_LOOP('',(#731));
#1471=EDGE_LOOP('',(#732));
#1472=EDGE_LOOP('',(#733));
#1473=EDGE_LOOP('',(#734,#735,#736,#737));
#1474=EDGE_LOOP('',(#738,#739,#740,#741));
#1475=EDGE_LOOP('',(#742,#743,#744,#745));
#1476=EDGE_LOOP('',(#746,#747,#748,#749));
#1477=EDGE_LOOP('',(#750,#751,#752,#753));
#1478=EDGE_LOOP('',(#754,#755,#756,#757));
#1479=EDGE_LOOP('',(#758));
#1480=EDGE_LOOP('',(#759,#760,#761,#762,#763,#764));
#1481=EDGE_LOOP('',(#765));
#1482=EDGE_LOOP('',(#766));
#1483=EDGE_LOOP('',(#767));
#1484=EDGE_LOOP('',(#768,#769,#770,#771));
#1485=EDGE_LOOP('',(#772,#773,#774,#775));
#1486=EDGE_LOOP('',(#776,#777,#778,#779));
#1487=EDGE_LOOP('',(#780,#781,#782,#783));
#1488=EDGE_LOOP('',(#784,#785,#786,#787));
#1489=EDGE_LOOP('',(#788,#789,#790,#791));
#1490=EDGE_LOOP('',(#792));
#1491=EDGE_LOOP('',(#793,#794,#795,#796,#797,#798));
#1492=EDGE_LOOP('',(#799));
#1493=EDGE_LOOP('',(#800));
#1494=EDGE_LOOP('',(#801));
#1495=EDGE_LOOP('',(#802,#803,#804,#805));
#1496=EDGE_LOOP('',(#806,#807,#808,#809));
#1497=EDGE_LOOP('',(#810,#811,#812,#813));
#1498=EDGE_LOOP('',(#814,#815,#816,#817));
#1499=EDGE_LOOP('',(#818,#819,#820,#821));
#1500=EDGE_LOOP('',(#822,#823,#824,#825));
#1501=EDGE_LOOP('',(#826));
#1502=EDGE_LOOP('',(#827,#828,#829,#830,#831,#832));
#1503=EDGE_LOOP('',(#833));
#1504=EDGE_LOOP('',(#834));
#1505=EDGE_LOOP('',(#835));
#1506=EDGE_LOOP('',(#836,#837,#838,#839));
#1507=EDGE_LOOP('',(#840,#841,#842,#843));
#1508=EDGE_LOOP('',(#844,#845,#846,#847));
#1509=EDGE_LOOP('',(#848,#849,#850,#851));
#1510=EDGE_LOOP('',(#852,#853,#854,#855));
#1511=EDGE_LOOP('',(#856,#857,#858,#859));
#1512=EDGE_LOOP('',(#860));
#1513=EDGE_LOOP('',(#861,#862,#863,#864,#865,#866));
#1514=EDGE_LOOP('',(#867));
#1515=EDGE_LOOP('',(#868));
#1516=EDGE_LOOP('',(#869));
#1517=EDGE_LOOP('',(#870,#871,#872,#873));
#1518=EDGE_LOOP('',(#874,#875,#876,#877));
#1519=EDGE_LOOP('',(#878,#879,#880,#881));
#1520=EDGE_LOOP('',(#882,#883,#884,#885));
#1521=EDGE_LOOP('',(#886));
#1522=EDGE_LOOP('',(#887));
#1523=EDGE_LOOP('',(#888));
#1524=EDGE_LOOP('',(#889));
#1525=EDGE_LOOP('',(#890));
#1526=EDGE_LOOP('',(#891));
#1527=EDGE_LOOP('',(#892));
#1528=EDGE_LOOP('',(#893));
#1529=EDGE_LOOP('',(#894,#895,#896,#897));
#1530=EDGE_LOOP('',(#898));
#1531=EDGE_LOOP('',(#899));
#1532=EDGE_LOOP('',(#900));
#1533=EDGE_LOOP('',(#901));
#1534=EDGE_LOOP('',(#902));
#1535=EDGE_LOOP('',(#903));
#1536=FACE_BOUND('',#1374,.T.);
#1537=FACE_BOUND('',#1375,.T.);
#1538=FACE_BOUND('',#1376,.T.);
#1539=FACE_BOUND('',#1377,.T.);
#1540=FACE_BOUND('',#1378,.T.);
#1541=FACE_BOUND('',#1379,.T.);
#1542=FACE_BOUND('',#1380,.T.);
#1543=FACE_BOUND('',#1381,.T.);
#1544=FACE_BOUND('',#1382,.T.);
#1545=FACE_BOUND('',#1383,.T.);
#1546=FACE_BOUND('',#1384,.T.);
#1547=FACE_BOUND('',#1385,.T.);
#1548=FACE_BOUND('',#1386,.T.);
#1549=FACE_BOUND('',#1387,.T.);
#1550=FACE_BOUND('',#1388,.T.);
#1551=FACE_BOUND('',#1389,.T.);
#1552=FACE_BOUND('',#1390,.T.);
#1553=FACE_BOUND('',#1391,.T.);
#1554=FACE_BOUND('',#1392,.T.);
#1555=FACE_BOUND('',#1393,.T.);
#1556=FACE_BOUND('',#1394,.T.);
#1557=FACE_BOUND('',#1395,.T.);
#1558=FACE_BOUND('',#1396,.T.);
#1559=FACE_BOUND('',#1397,.T.);
#1560=FACE_BOUND('',#1398,.T.);
#1561=FACE_BOUND('',#1399,.T.);
#1562=FACE_BOUND('',#1400,.T.);
#1563=FACE_BOUND('',#1401,.T.);
#1564=FACE_BOUND('',#1402,.T.);
#1565=FACE_BOUND('',#1403,.T.);
#1566=FACE_BOUND('',#1404,.T.);
#1567=FACE_BOUND('',#1405,.T.);
#1568=FACE_BOUND('',#1406,.T.);
#1569=FACE_BOUND('',#1407,.T.);
#1570=FACE_BOUND('',#1408,.T.);
#1571=FACE_BOUND('',#1409,.T.);
#1572=FACE_BOUND('',#1410,.T.);
#1573=FACE_BOUND('',#1411,.T.);
#1574=FACE_BOUND('',#1412,.T.);
#1575=FACE_BOUND('',#1413,.T.);
#1576=FACE_BOUND('',#1414,.T.);
#1577=FACE_BOUND('',#1415,.T.);
#1578=FACE_BOUND('',#1416,.T.);
#1579=FACE_BOUND('',#1417,.T.);
#1580=FACE_BOUND('',#1418,.T.);
#1581=FACE_BOUND('',#1419,.T.);
#1582=FACE_BOUND('',#1420,.T.);
#1583=FACE_BOUND('',#1421,.T.);
#1584=FACE_BOUND('',#1422,.T.);
#1585=FACE_BOUND('',#1423,.T.);
#1586=FACE_BOUND('',#1424,.T.);
#1587=FACE_BOUND('',#1425,.T.);
#1588=FACE_BOUND('',#1426,.T.);
#1589=FACE_BOUND('',#1427,.T.);
#1590=FACE_BOUND('',#1428,.T.);
#1591=FACE_BOUND('',#1429,.T.);
#1592=FACE_BOUND('',#1430,.T.);
#1593=FACE_BOUND('',#1431,.T.);
#1594=FACE_BOUND('',#1432,.T.);
#1595=FACE_BOUND('',#1433,.T.);
#1596=FACE_BOUND('',#1434,.T.);
#1597=FACE_BOUND('',#1435,.T.);
#1598=FACE_BOUND('',#1436,.T.);
#1599=FACE_BOUND('',#1437,.T.);
#1600=FACE_BOUND('',#1438,.T.);
#1601=FACE_BOUND('',#1439,.T.);
#1602=FACE_BOUND('',#1440,.T.);
#1603=FACE_BOUND('',#1441,.T.);
#1604=FACE_BOUND('',#1442,.T.);
#1605=FACE_BOUND('',#1443,.T.);
#1606=FACE_BOUND('',#1444,.T.);
#1607=FACE_BOUND('',#1445,.T.);
#1608=FACE_BOUND('',#1446,.T.);
#1609=FACE_BOUND('',#1447,.T.);
#1610=FACE_BOUND('',#1448,.T.);
#1611=FACE_BOUND('',#1449,.T.);
#1612=FACE_BOUND('',#1450,.T.);
#1613=FACE_BOUND('',#1451,.T.);
#1614=FACE_BOUND('',#1452,.T.);
#1615=FACE_BOUND('',#1453,.T.);
#1616=FACE_BOUND('',#1454,.T.);
#1617=FACE_BOUND('',#1455,.T.);
#1618=FACE_BOUND('',#1456,.T.);
#1619=FACE_BOUND('',#1457,.T.);
#1620=FACE_BOUND('',#1458,.T.);
#1621=FACE_BOUND('',#1459,.T.);
#1622=FACE_BOUND('',#1460,.T.);
#1623=FACE_BOUND('',#1461,.T.);
#1624=FACE_BOUND('',#1462,.T.);
#1625=FACE_BOUND('',#1463,.T.);
#1626=FACE_BOUND('',#1464,.T.);
#1627=FACE_BOUND('',#1465,.T.);
#1628=FACE_BOUND('',#1466,.T.);
#1629=FACE_BOUND('',#1467,.T.);
#1630=FACE_BOUND('',#1468,.T.);
#1631=FACE_BOUND('',#1469,.T.);
#1632=FACE_BOUND('',#1470,.T.);
#1633=FACE_BOUND('',#1471,.T.);
#1634=FACE_BOUND('',#1472,.T.);
#1635=FACE_BOUND('',#1473,.T.);
#1636=FACE_BOUND('',#1474,.T.);
#1637=FACE_BOUND('',#1475,.T.);
#1638=FACE_BOUND('',#1476,.T.);
#1639=FACE_BOUND('',#1477,.T.);
#1640=FACE_BOUND('',#1478,.T.);
#1641=FACE_BOUND('',#1479,.T.);
#1642=FACE_BOUND('',#1480,.T.);
#1643=FACE_BOUND('',#1481,.T.);
#1644=FACE_BOUND('',#1482,.T.);
#1645=FACE_BOUND('',#1483,.T.);
#1646=FACE_BOUND('',#1484,.T.);
#1647=FACE_BOUND('',#1485,.T.);
#1648=FACE_BOUND('',#1486,.T.);
#1649=FACE_BOUND('',#1487,.T.);
#1650=FACE_BOUND('',#1488,.T.);
#1651=FACE_BOUND('',#1489,.T.);
#1652=FACE_BOUND('',#1490,.T.);
#1653=FACE_BOUND('',#1491,.T.);
#1654=FACE_BOUND('',#1492,.T.);
#1655=FACE_BOUND('',#1493,.T.);
#1656=FACE_BOUND('',#1494,.T.);
#1657=FACE_BOUND('',#1495,.T.);
#1658=FACE_BOUND('',#1496,.T.);
#1659=FACE_BOUND('',#1497,.T.);
#1660=FACE_BOUND('',#1498,.T.);
#1661=FACE_BOUND('',#1499,.T.);
#1662=FACE_BOUND('',#1500,.T.);
#1663=FACE_BOUND('',#1501,.T.);
#1664=FACE_BOUND('',#1502,.T.);
#1665=FACE_BOUND('',#1503,.T.);
#1666=FACE_BOUND('',#1504,.T.);
#1667=FACE_BOUND('',#1505,.T.);
#1668=FACE_BOUND('',#1506,.T.);
#1669=FACE_BOUND('',#1507,.T.);
#1670=FACE_BOUND('',#1508,.T.);
#1671=FACE_BOUND('',#1509,.T.);
#1672=FACE_BOUND('',#1510,.T.);
#1673=FACE_BOUND('',#1511,.T.);
#1674=FACE_BOUND('',#1512,.T.);
#1675=FACE_BOUND('',#1513,.T.);
#1676=FACE_BOUND('',#1514,.T.);
#1677=FACE_BOUND('',#1515,.T.);
#1678=FACE_BOUND('',#1516,.T.);
#1679=FACE_BOUND('',#1517,.T.);
#1680=FACE_BOUND('',#1518,.T.);
#1681=FACE_BOUND('',#1519,.T.);
#1682=FACE_BOUND('',#1520,.T.);
#1683=FACE_BOUND('',#1521,.T.);
#1684=FACE_BOUND('',#1522,.T.);
#1685=FACE_BOUND('',#1523,.T.);
#1686=FACE_BOUND('',#1524,.T.);
#1687=FACE_BOUND('',#1525,.T.);
#1688=FACE_BOUND('',#1526,.T.);
#1689=FACE_BOUND('',#1527,.T.);
#1690=FACE_BOUND('',#1528,.T.);
#1691=FACE_BOUND('',#1529,.T.);
#1692=FACE_BOUND('',#1530,.T.);
#1693=FACE_BOUND('',#1531,.T.);
#1694=FACE_BOUND('',#1532,.T.);
#1695=FACE_BOUND('',#1533,.T.);
#1696=FACE_BOUND('',#1534,.T.);
#1697=FACE_BOUND('',#1535,.T.);
#1698=PLANE('',#1893);
#1699=PLANE('',#1914);
#1700=PLANE('',#1926);
#1701=PLANE('',#1937);
#1702=PLANE('',#1938);
#1703=PLANE('',#1939);
#1704=PLANE('',#1940);
#1705=PLANE('',#1941);
#1706=PLANE('',#1943);
#1707=PLANE('',#1944);
#1708=PLANE('',#1945);
#1709=PLANE('',#1946);
#1710=PLANE('',#1948);
#1711=PLANE('',#1949);
#1712=PLANE('',#1950);
#1713=PLANE('',#1952);
#1714=PLANE('',#1953);
#1715=PLANE('',#1954);
#1716=PLANE('',#1955);
#1717=PLANE('',#1957);
#1718=PLANE('',#1958);
#1719=PLANE('',#1959);
#1720=PLANE('',#1960);
#1721=PLANE('',#1961);
#1722=PLANE('',#1965);
#1723=PLANE('',#1976);
#1724=PLANE('',#1977);
#1725=PLANE('',#1978);
#1726=PLANE('',#1979);
#1727=PLANE('',#1980);
#1728=PLANE('',#1981);
#1729=PLANE('',#1982);
#1730=PLANE('',#1984);
#1731=PLANE('',#1987);
#1732=PLANE('',#1988);
#1733=PLANE('',#1989);
#1734=PLANE('',#1990);
#1735=PLANE('',#1991);
#1736=PLANE('',#1992);
#1737=PLANE('',#1993);
#1738=PLANE('',#1995);
#1739=PLANE('',#1998);
#1740=PLANE('',#1999);
#1741=PLANE('',#2000);
#1742=PLANE('',#2001);
#1743=PLANE('',#2002);
#1744=PLANE('',#2003);
#1745=PLANE('',#2004);
#1746=PLANE('',#2006);
#1747=PLANE('',#2009);
#1748=PLANE('',#2010);
#1749=PLANE('',#2011);
#1750=PLANE('',#2012);
#1751=PLANE('',#2013);
#1752=PLANE('',#2014);
#1753=PLANE('',#2015);
#1754=PLANE('',#2017);
#1755=PLANE('',#2020);
#1756=PLANE('',#2021);
#1757=PLANE('',#2022);
#1758=PLANE('',#2023);
#1759=PLANE('',#2024);
#1760=PLANE('',#2025);
#1761=PLANE('',#2026);
#1762=PLANE('',#2028);
#1763=PLANE('',#2031);
#1764=PLANE('',#2032);
#1765=PLANE('',#2033);
#1766=PLANE('',#2034);
#1767=PLANE('',#2035);
#1768=PLANE('',#2036);
#1769=PLANE('',#2037);
#1770=PLANE('',#2039);
#1771=PLANE('',#2042);
#1772=PLANE('',#2043);
#1773=PLANE('',#2044);
#1774=PLANE('',#2045);
#1775=ADVANCED_FACE('',(#1536,#1537,#1538,#1539,#1540,#1541,#1542,#1543,
#1544,#1545,#1546,#1547),#1698,.T.);
#1776=ADVANCED_FACE('',(#1548),#20,.F.);
#1777=ADVANCED_FACE('',(#1549,#1550,#1551,#1552,#1553,#1554,#1555,#1556,
#1557,#1558,#1559,#1560),#1699,.F.);
#1778=ADVANCED_FACE('',(#1561,#1562,#1563,#1564,#1565,#1566,#1567,#1568,
#1569,#1570,#1571,#1572),#1700,.T.);
#1779=ADVANCED_FACE('',(#1573),#1701,.T.);
#1780=ADVANCED_FACE('',(#1574),#1702,.T.);
#1781=ADVANCED_FACE('',(#1575),#1703,.T.);
#1782=ADVANCED_FACE('',(#1576,#1577),#1704,.T.);
#1783=ADVANCED_FACE('',(#1578),#1705,.T.);
#1784=ADVANCED_FACE('',(#1579),#1706,.T.);
#1785=ADVANCED_FACE('',(#1580),#1707,.T.);
#1786=ADVANCED_FACE('',(#1581),#1708,.T.);
#1787=ADVANCED_FACE('',(#1582),#1709,.T.);
#1788=ADVANCED_FACE('',(#1583),#1710,.T.);
#1789=ADVANCED_FACE('',(#1584),#1711,.T.);
#1790=ADVANCED_FACE('',(#1585),#1712,.T.);
#1791=ADVANCED_FACE('',(#1586),#1713,.T.);
#1792=ADVANCED_FACE('',(#1587),#1714,.T.);
#1793=ADVANCED_FACE('',(#1588),#1715,.T.);
#1794=ADVANCED_FACE('',(#1589),#1716,.T.);
#1795=ADVANCED_FACE('',(#1590),#1717,.T.);
#1796=ADVANCED_FACE('',(#1591),#1718,.T.);
#1797=ADVANCED_FACE('',(#1592),#1719,.F.);
#1798=ADVANCED_FACE('',(#1593,#1594),#1720,.F.);
#1799=ADVANCED_FACE('',(#1595),#1721,.F.);
#1800=ADVANCED_FACE('',(#1596,#1597),#21,.F.);
#1801=ADVANCED_FACE('',(#1598,#1599),#22,.F.);
#1802=ADVANCED_FACE('',(#1600,#1601),#23,.F.);
#1803=ADVANCED_FACE('',(#1602),#1722,.F.);
#1804=ADVANCED_FACE('',(#1603),#24,.T.);
#1805=ADVANCED_FACE('',(#1604),#25,.T.);
#1806=ADVANCED_FACE('',(#1605),#26,.T.);
#1807=ADVANCED_FACE('',(#1606),#27,.T.);
#1808=ADVANCED_FACE('',(#1607),#28,.T.);
#1809=ADVANCED_FACE('',(#1608),#29,.T.);
#1810=ADVANCED_FACE('',(#1609),#30,.T.);
#1811=ADVANCED_FACE('',(#1610),#31,.T.);
#1812=ADVANCED_FACE('',(#1611),#32,.T.);
#1813=ADVANCED_FACE('',(#1612),#33,.T.);
#1814=ADVANCED_FACE('',(#1613),#1723,.T.);
#1815=ADVANCED_FACE('',(#1614),#1724,.T.);
#1816=ADVANCED_FACE('',(#1615),#1725,.T.);
#1817=ADVANCED_FACE('',(#1616),#1726,.T.);
#1818=ADVANCED_FACE('',(#1617),#1727,.T.);
#1819=ADVANCED_FACE('',(#1618),#1728,.T.);
#1820=ADVANCED_FACE('',(#1619,#1620),#1729,.T.);
#1821=ADVANCED_FACE('',(#1621),#1730,.T.);
#1822=ADVANCED_FACE('',(#1622,#1623),#34,.F.);
#1823=ADVANCED_FACE('',(#1624),#1731,.T.);
#1824=ADVANCED_FACE('',(#1625),#1732,.T.);
#1825=ADVANCED_FACE('',(#1626),#1733,.T.);
#1826=ADVANCED_FACE('',(#1627),#1734,.T.);
#1827=ADVANCED_FACE('',(#1628),#1735,.T.);
#1828=ADVANCED_FACE('',(#1629),#1736,.T.);
#1829=ADVANCED_FACE('',(#1630,#1631),#1737,.T.);
#1830=ADVANCED_FACE('',(#1632),#1738,.T.);
#1831=ADVANCED_FACE('',(#1633,#1634),#35,.F.);
#1832=ADVANCED_FACE('',(#1635),#1739,.T.);
#1833=ADVANCED_FACE('',(#1636),#1740,.T.);
#1834=ADVANCED_FACE('',(#1637),#1741,.T.);
#1835=ADVANCED_FACE('',(#1638),#1742,.T.);
#1836=ADVANCED_FACE('',(#1639),#1743,.T.);
#1837=ADVANCED_FACE('',(#1640),#1744,.T.);
#1838=ADVANCED_FACE('',(#1641,#1642),#1745,.T.);
#1839=ADVANCED_FACE('',(#1643),#1746,.T.);
#1840=ADVANCED_FACE('',(#1644,#1645),#36,.F.);
#1841=ADVANCED_FACE('',(#1646),#1747,.T.);
#1842=ADVANCED_FACE('',(#1647),#1748,.T.);
#1843=ADVANCED_FACE('',(#1648),#1749,.T.);
#1844=ADVANCED_FACE('',(#1649),#1750,.T.);
#1845=ADVANCED_FACE('',(#1650),#1751,.T.);
#1846=ADVANCED_FACE('',(#1651),#1752,.T.);
#1847=ADVANCED_FACE('',(#1652,#1653),#1753,.T.);
#1848=ADVANCED_FACE('',(#1654),#1754,.T.);
#1849=ADVANCED_FACE('',(#1655,#1656),#37,.F.);
#1850=ADVANCED_FACE('',(#1657),#1755,.T.);
#1851=ADVANCED_FACE('',(#1658),#1756,.T.);
#1852=ADVANCED_FACE('',(#1659),#1757,.T.);
#1853=ADVANCED_FACE('',(#1660),#1758,.T.);
#1854=ADVANCED_FACE('',(#1661),#1759,.T.);
#1855=ADVANCED_FACE('',(#1662),#1760,.T.);
#1856=ADVANCED_FACE('',(#1663,#1664),#1761,.T.);
#1857=ADVANCED_FACE('',(#1665),#1762,.T.);
#1858=ADVANCED_FACE('',(#1666,#1667),#38,.F.);
#1859=ADVANCED_FACE('',(#1668),#1763,.T.);
#1860=ADVANCED_FACE('',(#1669),#1764,.T.);
#1861=ADVANCED_FACE('',(#1670),#1765,.T.);
#1862=ADVANCED_FACE('',(#1671),#1766,.T.);
#1863=ADVANCED_FACE('',(#1672),#1767,.T.);
#1864=ADVANCED_FACE('',(#1673),#1768,.T.);
#1865=ADVANCED_FACE('',(#1674,#1675),#1769,.T.);
#1866=ADVANCED_FACE('',(#1676),#1770,.T.);
#1867=ADVANCED_FACE('',(#1677,#1678),#39,.F.);
#1868=ADVANCED_FACE('',(#1679),#1771,.T.);
#1869=ADVANCED_FACE('',(#1680),#1772,.T.);
#1870=ADVANCED_FACE('',(#1681),#1773,.F.);
#1871=ADVANCED_FACE('',(#1682),#1774,.T.);
#1872=ADVANCED_FACE('',(#1683,#1684),#40,.F.);
#1873=ADVANCED_FACE('',(#1685,#1686),#41,.F.);
#1874=ADVANCED_FACE('',(#1687,#1688),#42,.F.);
#1875=ADVANCED_FACE('',(#1689,#1690),#43,.F.);
#1876=ADVANCED_FACE('',(#1691),#44,.F.);
#1877=ADVANCED_FACE('',(#1692,#1693),#45,.F.);
#1878=ADVANCED_FACE('',(#1694,#1695),#46,.F.);
#1879=ADVANCED_FACE('',(#1696,#1697),#47,.F.);
#1880=CLOSED_SHELL('',(#1775,#1776,#1777,#1778,#1779,#1780,#1781,#1782,
#1783,#1784,#1785,#1786,#1787,#1788,#1789,#1790,#1791,#1792,#1793,#1794,
#1795,#1796,#1797,#1798,#1799,#1800,#1801,#1802,#1803,#1804,#1805,#1806,
#1807,#1808,#1809,#1810,#1811,#1812,#1813,#1814,#1815,#1816,#1817,#1818,
#1819,#1820,#1821,#1822,#1823,#1824,#1825,#1826,#1827,#1828,#1829,#1830,
#1831,#1832,#1833,#1834,#1835,#1836,#1837,#1838,#1839,#1840,#1841,#1842,
#1843,#1844,#1845,#1846,#1847,#1848,#1849,#1850,#1851,#1852,#1853,#1854,
#1855,#1856,#1857,#1858,#1859,#1860,#1861,#1862,#1863,#1864,#1865,#1866,
#1867,#1868,#1869,#1870,#1871,#1872,#1873,#1874,#1875,#1876,#1877,#1878,
#1879));
#1881=STYLED_ITEM('',(#1882),#1889);
#1882=PRESENTATION_STYLE_ASSIGNMENT((#1883));
#1883=SURFACE_STYLE_USAGE(.BOTH.,#1884);
#1884=SURFACE_SIDE_STYLE('',(#1885));
#1885=SURFACE_STYLE_FILL_AREA(#1886);
#1886=FILL_AREA_STYLE('',(#1887));
#1887=FILL_AREA_STYLE_COLOUR('',#1888);
#1888=COLOUR_RGB('',0.100000001490116,0.349999994039536,0.280000001192093);
#1889=MANIFOLD_SOLID_BREP('',#1880);
#1890=SHAPE_DEFINITION_REPRESENTATION(#3090,#1891);
#1891=SHAPE_REPRESENTATION('B01b_open_base_box',(#1892),#3085);
#1892=AXIS2_PLACEMENT_3D('',#2564,#2054,#2055);
#1893=AXIS2_PLACEMENT_3D('',#2565,#2056,#2057);
#1894=AXIS2_PLACEMENT_3D('',#2566,#2058,#2059);
#1895=AXIS2_PLACEMENT_3D('',#2568,#2060,#2061);
#1896=AXIS2_PLACEMENT_3D('',#2570,#2062,#2063);
#1897=AXIS2_PLACEMENT_3D('',#2572,#2064,#2065);
#1898=AXIS2_PLACEMENT_3D('',#2577,#2067,#2068);
#1899=AXIS2_PLACEMENT_3D('',#2581,#2070,#2071);
#1900=AXIS2_PLACEMENT_3D('',#2585,#2073,#2074);
#1901=AXIS2_PLACEMENT_3D('',#2589,#2076,#2077);
#1902=AXIS2_PLACEMENT_3D('',#2593,#2079,#2080);
#1903=AXIS2_PLACEMENT_3D('',#2596,#2082,#2083);
#1904=AXIS2_PLACEMENT_3D('',#2598,#2084,#2085);
#1905=AXIS2_PLACEMENT_3D('',#2600,#2086,#2087);
#1906=AXIS2_PLACEMENT_3D('',#2602,#2088,#2089);
#1907=AXIS2_PLACEMENT_3D('',#2604,#2090,#2091);
#1908=AXIS2_PLACEMENT_3D('',#2606,#2092,#2093);
#1909=AXIS2_PLACEMENT_3D('',#2608,#2094,#2095);
#1910=AXIS2_PLACEMENT_3D('',#2610,#2096,#2097);
#1911=AXIS2_PLACEMENT_3D('',#2613,#2098,#2099);
#1912=AXIS2_PLACEMENT_3D('',#2614,#2100,#2101);
#1913=AXIS2_PLACEMENT_3D('',#2617,#2103,#2104);
#1914=AXIS2_PLACEMENT_3D('',#2620,#2106,#2107);
#1915=AXIS2_PLACEMENT_3D('',#2621,#2108,#2109);
#1916=AXIS2_PLACEMENT_3D('',#2623,#2110,#2111);
#1917=AXIS2_PLACEMENT_3D('',#2625,#2112,#2113);
#1918=AXIS2_PLACEMENT_3D('',#2627,#2114,#2115);
#1919=AXIS2_PLACEMENT_3D('',#2629,#2116,#2117);
#1920=AXIS2_PLACEMENT_3D('',#2631,#2118,#2119);
#1921=AXIS2_PLACEMENT_3D('',#2633,#2120,#2121);
#1922=AXIS2_PLACEMENT_3D('',#2635,#2122,#2123);
#1923=AXIS2_PLACEMENT_3D('',#2637,#2124,#2125);
#1924=AXIS2_PLACEMENT_3D('',#2639,#2126,#2127);
#1925=AXIS2_PLACEMENT_3D('',#2649,#2132,#2133);
#1926=AXIS2_PLACEMENT_3D('',#2650,#2134,#2135);
#1927=AXIS2_PLACEMENT_3D('',#2690,#2155,#2156);
#1928=AXIS2_PLACEMENT_3D('',#2694,#2158,#2159);
#1929=AXIS2_PLACEMENT_3D('',#2698,#2161,#2162);
#1930=AXIS2_PLACEMENT_3D('',#2702,#2164,#2165);
#1931=AXIS2_PLACEMENT_3D('',#2706,#2167,#2168);
#1932=AXIS2_PLACEMENT_3D('',#2710,#2170,#2171);
#1933=AXIS2_PLACEMENT_3D('',#2714,#2173,#2174);
#1934=AXIS2_PLACEMENT_3D('',#2717,#2176,#2177);
#1935=AXIS2_PLACEMENT_3D('',#2723,#2180,#2181);
#1936=AXIS2_PLACEMENT_3D('',#2732,#2185,#2186);
#1937=AXIS2_PLACEMENT_3D('',#2779,#2210,#2211);
#1938=AXIS2_PLACEMENT_3D('',#2782,#2214,#2215);
#1939=AXIS2_PLACEMENT_3D('',#2785,#2218,#2219);
#1940=AXIS2_PLACEMENT_3D('',#2788,#2222,#2223);
#1941=AXIS2_PLACEMENT_3D('',#2799,#2230,#2231);
#1942=AXIS2_PLACEMENT_3D('',#2800,#2232,#2233);
#1943=AXIS2_PLACEMENT_3D('',#2806,#2236,#2237);
#1944=AXIS2_PLACEMENT_3D('',#2809,#2240,#2241);
#1945=AXIS2_PLACEMENT_3D('',#2812,#2244,#2245);
#1946=AXIS2_PLACEMENT_3D('',#2814,#2247,#2248);
#1947=AXIS2_PLACEMENT_3D('',#2815,#2249,#2250);
#1948=AXIS2_PLACEMENT_3D('',#2821,#2253,#2254);
#1949=AXIS2_PLACEMENT_3D('',#2824,#2257,#2258);
#1950=AXIS2_PLACEMENT_3D('',#2826,#2260,#2261);
#1951=AXIS2_PLACEMENT_3D('',#2827,#2262,#2263);
#1952=AXIS2_PLACEMENT_3D('',#2833,#2266,#2267);
#1953=AXIS2_PLACEMENT_3D('',#2836,#2270,#2271);
#1954=AXIS2_PLACEMENT_3D('',#2839,#2274,#2275);
#1955=AXIS2_PLACEMENT_3D('',#2841,#2277,#2278);
#1956=AXIS2_PLACEMENT_3D('',#2842,#2279,#2280);
#1957=AXIS2_PLACEMENT_3D('',#2848,#2283,#2284);
#1958=AXIS2_PLACEMENT_3D('',#2851,#2287,#2288);
#1959=AXIS2_PLACEMENT_3D('',#2853,#2290,#2291);
#1960=AXIS2_PLACEMENT_3D('',#2856,#2294,#2295);
#1961=AXIS2_PLACEMENT_3D('',#2866,#2301,#2302);
#1962=AXIS2_PLACEMENT_3D('',#2868,#2304,#2305);
#1963=AXIS2_PLACEMENT_3D('',#2869,#2306,#2307);
#1964=AXIS2_PLACEMENT_3D('',#2870,#2308,#2309);
#1965=AXIS2_PLACEMENT_3D('',#2871,#2310,#2311);
#1966=AXIS2_PLACEMENT_3D('',#2872,#2312,#2313);
#1967=AXIS2_PLACEMENT_3D('',#2873,#2314,#2315);
#1968=AXIS2_PLACEMENT_3D('',#2874,#2316,#2317);
#1969=AXIS2_PLACEMENT_3D('',#2875,#2318,#2319);
#1970=AXIS2_PLACEMENT_3D('',#2876,#2320,#2321);
#1971=AXIS2_PLACEMENT_3D('',#2877,#2322,#2323);
#1972=AXIS2_PLACEMENT_3D('',#2878,#2324,#2325);
#1973=AXIS2_PLACEMENT_3D('',#2879,#2326,#2327);
#1974=AXIS2_PLACEMENT_3D('',#2880,#2328,#2329);
#1975=AXIS2_PLACEMENT_3D('',#2881,#2330,#2331);
#1976=AXIS2_PLACEMENT_3D('',#2882,#2332,#2333);
#1977=AXIS2_PLACEMENT_3D('',#2888,#2337,#2338);
#1978=AXIS2_PLACEMENT_3D('',#2892,#2341,#2342);
#1979=AXIS2_PLACEMENT_3D('',#2896,#2345,#2346);
#1980=AXIS2_PLACEMENT_3D('',#2900,#2349,#2350);
#1981=AXIS2_PLACEMENT_3D('',#2904,#2353,#2354);
#1982=AXIS2_PLACEMENT_3D('',#2906,#2356,#2357);
#1983=AXIS2_PLACEMENT_3D('',#2907,#2358,#2359);
#1984=AXIS2_PLACEMENT_3D('',#2909,#2360,#2361);
#1985=AXIS2_PLACEMENT_3D('',#2910,#2362,#2363);
#1986=AXIS2_PLACEMENT_3D('',#2912,#2364,#2365);
#1987=AXIS2_PLACEMENT_3D('',#2913,#2366,#2367);
#1988=AXIS2_PLACEMENT_3D('',#2919,#2371,#2372);
#1989=AXIS2_PLACEMENT_3D('',#2923,#2375,#2376);
#1990=AXIS2_PLACEMENT_3D('',#2927,#2379,#2380);
#1991=AXIS2_PLACEMENT_3D('',#2931,#2383,#2384);
#1992=AXIS2_PLACEMENT_3D('',#2935,#2387,#2388);
#1993=AXIS2_PLACEMENT_3D('',#2937,#2390,#2391);
#1994=AXIS2_PLACEMENT_3D('',#2938,#2392,#2393);
#1995=AXIS2_PLACEMENT_3D('',#2940,#2394,#2395);
#1996=AXIS2_PLACEMENT_3D('',#2941,#2396,#2397);
#1997=AXIS2_PLACEMENT_3D('',#2943,#2398,#2399);
#1998=AXIS2_PLACEMENT_3D('',#2944,#2400,#2401);
#1999=AXIS2_PLACEMENT_3D('',#2950,#2405,#2406);
#2000=AXIS2_PLACEMENT_3D('',#2954,#2409,#2410);
#2001=AXIS2_PLACEMENT_3D('',#2958,#2413,#2414);
#2002=AXIS2_PLACEMENT_3D('',#2962,#2417,#2418);
#2003=AXIS2_PLACEMENT_3D('',#2966,#2421,#2422);
#2004=AXIS2_PLACEMENT_3D('',#2968,#2424,#2425);
#2005=AXIS2_PLACEMENT_3D('',#2969,#2426,#2427);
#2006=AXIS2_PLACEMENT_3D('',#2971,#2428,#2429);
#2007=AXIS2_PLACEMENT_3D('',#2972,#2430,#2431);
#2008=AXIS2_PLACEMENT_3D('',#2974,#2432,#2433);
#2009=AXIS2_PLACEMENT_3D('',#2975,#2434,#2435);
#2010=AXIS2_PLACEMENT_3D('',#2981,#2439,#2440);
#2011=AXIS2_PLACEMENT_3D('',#2985,#2443,#2444);
#2012=AXIS2_PLACEMENT_3D('',#2989,#2447,#2448);
#2013=AXIS2_PLACEMENT_3D('',#2993,#2451,#2452);
#2014=AXIS2_PLACEMENT_3D('',#2997,#2455,#2456);
#2015=AXIS2_PLACEMENT_3D('',#2999,#2458,#2459);
#2016=AXIS2_PLACEMENT_3D('',#3000,#2460,#2461);
#2017=AXIS2_PLACEMENT_3D('',#3002,#2462,#2463);
#2018=AXIS2_PLACEMENT_3D('',#3003,#2464,#2465);
#2019=AXIS2_PLACEMENT_3D('',#3005,#2466,#2467);
#2020=AXIS2_PLACEMENT_3D('',#3006,#2468,#2469);
#2021=AXIS2_PLACEMENT_3D('',#3012,#2473,#2474);
#2022=AXIS2_PLACEMENT_3D('',#3016,#2477,#2478);
#2023=AXIS2_PLACEMENT_3D('',#3020,#2481,#2482);
#2024=AXIS2_PLACEMENT_3D('',#3024,#2485,#2486);
#2025=AXIS2_PLACEMENT_3D('',#3028,#2489,#2490);
#2026=AXIS2_PLACEMENT_3D('',#3030,#2492,#2493);
#2027=AXIS2_PLACEMENT_3D('',#3031,#2494,#2495);
#2028=AXIS2_PLACEMENT_3D('',#3033,#2496,#2497);
#2029=AXIS2_PLACEMENT_3D('',#3034,#2498,#2499);
#2030=AXIS2_PLACEMENT_3D('',#3036,#2500,#2501);
#2031=AXIS2_PLACEMENT_3D('',#3037,#2502,#2503);
#2032=AXIS2_PLACEMENT_3D('',#3043,#2507,#2508);
#2033=AXIS2_PLACEMENT_3D('',#3047,#2511,#2512);
#2034=AXIS2_PLACEMENT_3D('',#3051,#2515,#2516);
#2035=AXIS2_PLACEMENT_3D('',#3055,#2519,#2520);
#2036=AXIS2_PLACEMENT_3D('',#3059,#2523,#2524);
#2037=AXIS2_PLACEMENT_3D('',#3061,#2526,#2527);
#2038=AXIS2_PLACEMENT_3D('',#3062,#2528,#2529);
#2039=AXIS2_PLACEMENT_3D('',#3064,#2530,#2531);
#2040=AXIS2_PLACEMENT_3D('',#3065,#2532,#2533);
#2041=AXIS2_PLACEMENT_3D('',#3067,#2534,#2535);
#2042=AXIS2_PLACEMENT_3D('',#3068,#2536,#2537);
#2043=AXIS2_PLACEMENT_3D('',#3071,#2540,#2541);
#2044=AXIS2_PLACEMENT_3D('',#3074,#2544,#2545);
#2045=AXIS2_PLACEMENT_3D('',#3075,#2546,#2547);
#2046=AXIS2_PLACEMENT_3D('',#3076,#2548,#2549);
#2047=AXIS2_PLACEMENT_3D('',#3077,#2550,#2551);
#2048=AXIS2_PLACEMENT_3D('',#3078,#2552,#2553);
#2049=AXIS2_PLACEMENT_3D('',#3079,#2554,#2555);
#2050=AXIS2_PLACEMENT_3D('',#3080,#2556,#2557);
#2051=AXIS2_PLACEMENT_3D('',#3081,#2558,#2559);
#2052=AXIS2_PLACEMENT_3D('',#3082,#2560,#2561);
#2053=AXIS2_PLACEMENT_3D('',#3083,#2562,#2563);
#2054=DIRECTION('',(0.,0.,1.));
#2055=DIRECTION('',(1.,0.,0.));
#2056=DIRECTION('',(0.,0.,1.));
#2057=DIRECTION('',(1.,0.,0.));
#2058=DIRECTION('',(0.,0.,1.));
#2059=DIRECTION('',(1.,0.,0.));
#2060=DIRECTION('',(0.,0.,1.));
#2061=DIRECTION('',(1.,0.,0.));
#2062=DIRECTION('',(0.,0.,1.));
#2063=DIRECTION('',(1.,0.,0.));
#2064=DIRECTION('',(0.,0.,1.));
#2065=DIRECTION('',(1.,0.,0.));
#2066=DIRECTION('',(-1.,0.,0.));
#2067=DIRECTION('',(0.,0.,1.));
#2068=DIRECTION('',(1.,0.,0.));
#2069=DIRECTION('',(0.,-1.,0.));
#2070=DIRECTION('',(0.,0.,1.));
#2071=DIRECTION('',(1.,0.,0.));
#2072=DIRECTION('',(1.,0.,0.));
#2073=DIRECTION('',(0.,0.,1.));
#2074=DIRECTION('',(1.,0.,0.));
#2075=DIRECTION('',(1.,0.,0.));
#2076=DIRECTION('',(0.,0.,1.));
#2077=DIRECTION('',(1.,0.,0.));
#2078=DIRECTION('',(0.,1.,0.));
#2079=DIRECTION('',(0.,0.,1.));
#2080=DIRECTION('',(1.,0.,0.));
#2081=DIRECTION('',(-1.,0.,0.));
#2082=DIRECTION('',(0.,0.,1.));
#2083=DIRECTION('',(1.,0.,0.));
#2084=DIRECTION('',(0.,0.,1.));
#2085=DIRECTION('',(1.,0.,0.));
#2086=DIRECTION('',(0.,0.,1.));
#2087=DIRECTION('',(1.,0.,0.));
#2088=DIRECTION('',(0.,0.,1.));
#2089=DIRECTION('',(1.,0.,0.));
#2090=DIRECTION('',(0.,0.,1.));
#2091=DIRECTION('',(1.,0.,0.));
#2092=DIRECTION('',(0.,0.,1.));
#2093=DIRECTION('',(1.,0.,0.));
#2094=DIRECTION('',(0.,0.,1.));
#2095=DIRECTION('',(1.,0.,0.));
#2096=DIRECTION('',(0.,0.,1.));
#2097=DIRECTION('',(1.,0.,0.));
#2098=DIRECTION('',(0.,0.,1.));
#2099=DIRECTION('',(1.,0.,0.));
#2100=DIRECTION('',(0.,0.,-1.));
#2101=DIRECTION('',(-1.,0.,0.));
#2102=DIRECTION('',(0.,0.,-1.));
#2103=DIRECTION('',(0.,0.,1.));
#2104=DIRECTION('',(1.,0.,0.));
#2105=DIRECTION('',(0.,0.,-1.));
#2106=DIRECTION('',(0.,0.,1.));
#2107=DIRECTION('',(1.,0.,0.));
#2108=DIRECTION('',(0.,0.,1.));
#2109=DIRECTION('',(1.,0.,0.));
#2110=DIRECTION('',(0.,0.,1.));
#2111=DIRECTION('',(1.,0.,0.));
#2112=DIRECTION('',(0.,0.,1.));
#2113=DIRECTION('',(1.,0.,0.));
#2114=DIRECTION('',(0.,0.,1.));
#2115=DIRECTION('',(1.,0.,0.));
#2116=DIRECTION('',(0.,0.,1.));
#2117=DIRECTION('',(1.,0.,0.));
#2118=DIRECTION('',(0.,0.,1.));
#2119=DIRECTION('',(1.,0.,0.));
#2120=DIRECTION('',(0.,0.,1.));
#2121=DIRECTION('',(1.,0.,0.));
#2122=DIRECTION('',(0.,0.,1.));
#2123=DIRECTION('',(1.,0.,0.));
#2124=DIRECTION('',(0.,0.,1.));
#2125=DIRECTION('',(1.,0.,0.));
#2126=DIRECTION('',(0.,0.,1.));
#2127=DIRECTION('',(1.,0.,0.));
#2128=DIRECTION('',(0.,-1.,0.));
#2129=DIRECTION('',(-1.,0.,0.));
#2130=DIRECTION('',(0.,1.,0.));
#2131=DIRECTION('',(1.,0.,0.));
#2132=DIRECTION('',(0.,0.,1.));
#2133=DIRECTION('',(1.,0.,0.));
#2134=DIRECTION('',(0.,0.,1.));
#2135=DIRECTION('',(1.,0.,0.));
#2136=DIRECTION('',(-0.499999999999998,0.86602540378444,0.));
#2137=DIRECTION('',(0.5,0.866025403784439,0.));
#2138=DIRECTION('',(1.,0.,0.));
#2139=DIRECTION('',(0.5,-0.866025403784439,0.));
#2140=DIRECTION('',(-0.499999999999998,-0.86602540378444,0.));
#2141=DIRECTION('',(-1.,0.,0.));
#2142=DIRECTION('',(-0.499999999999995,0.866025403784441,0.));
#2143=DIRECTION('',(0.499999999999997,0.86602540378444,0.));
#2144=DIRECTION('',(1.,0.,0.));
#2145=DIRECTION('',(0.499999999999997,-0.86602540378444,0.));
#2146=DIRECTION('',(-0.499999999999995,-0.866025403784441,0.));
#2147=DIRECTION('',(-1.,0.,0.));
#2148=DIRECTION('',(-0.499999999999995,0.866025403784441,0.));
#2149=DIRECTION('',(0.499999999999997,0.86602540378444,0.));
#2150=DIRECTION('',(1.,0.,0.));
#2151=DIRECTION('',(0.499999999999997,-0.86602540378444,0.));
#2152=DIRECTION('',(-0.499999999999995,-0.866025403784441,0.));
#2153=DIRECTION('',(-1.,0.,0.));
#2154=DIRECTION('',(-1.,0.,0.));
#2155=DIRECTION('',(0.,0.,1.));
#2156=DIRECTION('',(1.,0.,0.));
#2157=DIRECTION('',(-1.,0.,0.));
#2158=DIRECTION('',(0.,0.,1.));
#2159=DIRECTION('',(1.,0.,0.));
#2160=DIRECTION('',(0.,1.,0.));
#2161=DIRECTION('',(0.,0.,1.));
#2162=DIRECTION('',(1.,0.,0.));
#2163=DIRECTION('',(1.,0.,0.));
#2164=DIRECTION('',(0.,0.,1.));
#2165=DIRECTION('',(1.,0.,0.));
#2166=DIRECTION('',(1.,0.,0.));
#2167=DIRECTION('',(0.,0.,1.));
#2168=DIRECTION('',(1.,0.,0.));
#2169=DIRECTION('',(0.,-1.,0.));
#2170=DIRECTION('',(0.,0.,1.));
#2171=DIRECTION('',(1.,0.,0.));
#2172=DIRECTION('',(0.,1.,0.));
#2173=DIRECTION('',(0.,0.,1.));
#2174=DIRECTION('',(1.,0.,0.));
#2175=DIRECTION('',(-1.,0.,0.));
#2176=DIRECTION('',(0.,0.,1.));
#2177=DIRECTION('',(1.,0.,0.));
#2178=DIRECTION('',(0.,1.,0.));
#2179=DIRECTION('',(1.,0.,0.));
#2180=DIRECTION('',(0.,0.,1.));
#2181=DIRECTION('',(1.,0.,0.));
#2182=DIRECTION('',(0.,-1.,0.));
#2183=DIRECTION('',(-1.,0.,0.));
#2184=DIRECTION('',(0.,-1.,0.));
#2185=DIRECTION('',(0.,0.,1.));
#2186=DIRECTION('',(1.,0.,0.));
#2187=DIRECTION('',(1.,0.,0.));
#2188=DIRECTION('',(0.,-1.,0.));
#2189=DIRECTION('',(1.,0.,0.));
#2190=DIRECTION('',(0.,1.,0.));
#2191=DIRECTION('',(-1.,0.,0.));
#2192=DIRECTION('',(-0.499999999999997,0.86602540378444,0.));
#2193=DIRECTION('',(0.499999999999995,0.866025403784441,0.));
#2194=DIRECTION('',(1.,0.,0.));
#2195=DIRECTION('',(0.499999999999995,-0.866025403784441,0.));
#2196=DIRECTION('',(-0.499999999999997,-0.86602540378444,0.));
#2197=DIRECTION('',(-1.,0.,0.));
#2198=DIRECTION('',(-0.499999999999997,0.86602540378444,0.));
#2199=DIRECTION('',(0.499999999999995,0.866025403784441,0.));
#2200=DIRECTION('',(1.,0.,0.));
#2201=DIRECTION('',(0.499999999999995,-0.866025403784441,0.));
#2202=DIRECTION('',(-0.499999999999997,-0.86602540378444,0.));
#2203=DIRECTION('',(-1.,0.,0.));
#2204=DIRECTION('',(-0.5,0.866025403784439,0.));
#2205=DIRECTION('',(0.499999999999998,0.86602540378444,0.));
#2206=DIRECTION('',(1.,0.,0.));
#2207=DIRECTION('',(0.499999999999998,-0.86602540378444,0.));
#2208=DIRECTION('',(-0.5,-0.866025403784439,0.));
#2209=DIRECTION('',(-1.,0.,0.));
#2210=DIRECTION('',(0.,-1.,0.));
#2211=DIRECTION('',(0.,0.,-1.));
#2212=DIRECTION('',(0.,0.,-1.));
#2213=DIRECTION('',(0.,0.,-1.));
#2214=DIRECTION('',(0.,-1.,0.));
#2215=DIRECTION('',(0.,0.,-1.));
#2216=DIRECTION('',(0.,0.,-1.));
#2217=DIRECTION('',(0.,0.,-1.));
#2218=DIRECTION('',(0.,1.,0.));
#2219=DIRECTION('',(0.,0.,1.));
#2220=DIRECTION('',(0.,0.,-1.));
#2221=DIRECTION('',(0.,0.,-1.));
#2222=DIRECTION('',(0.,1.,0.));
#2223=DIRECTION('',(0.,0.,1.));
#2224=DIRECTION('',(1.,0.,0.));
#2225=DIRECTION('',(0.,0.,-1.));
#2226=DIRECTION('',(1.,0.,0.));
#2227=DIRECTION('',(0.,0.,1.));
#2228=DIRECTION('',(0.,0.,-1.));
#2229=DIRECTION('',(0.,0.,-1.));
#2230=DIRECTION('',(0.,0.,1.));
#2231=DIRECTION('',(1.,0.,0.));
#2232=DIRECTION('',(0.,0.,1.));
#2233=DIRECTION('',(1.,0.,0.));
#2234=DIRECTION('',(0.,1.,0.));
#2235=DIRECTION('',(-1.,0.,0.));
#2236=DIRECTION('',(-1.,0.,0.));
#2237=DIRECTION('',(0.,0.,1.));
#2238=DIRECTION('',(0.,0.,-1.));
#2239=DIRECTION('',(0.,0.,-1.));
#2240=DIRECTION('',(-1.,0.,0.));
#2241=DIRECTION('',(0.,0.,1.));
#2242=DIRECTION('',(0.,0.,-1.));
#2243=DIRECTION('',(0.,0.,-1.));
#2244=DIRECTION('',(0.,-1.,0.));
#2245=DIRECTION('',(0.,0.,-1.));
#2246=DIRECTION('',(0.,0.,-1.));
#2247=DIRECTION('',(0.,0.,1.));
#2248=DIRECTION('',(1.,0.,0.));
#2249=DIRECTION('',(0.,0.,1.));
#2250=DIRECTION('',(1.,0.,0.));
#2251=DIRECTION('',(1.,0.,0.));
#2252=DIRECTION('',(0.,1.,0.));
#2253=DIRECTION('',(0.,1.,0.));
#2254=DIRECTION('',(0.,0.,1.));
#2255=DIRECTION('',(0.,0.,-1.));
#2256=DIRECTION('',(0.,0.,-1.));
#2257=DIRECTION('',(-1.,0.,0.));
#2258=DIRECTION('',(0.,0.,1.));
#2259=DIRECTION('',(0.,0.,-1.));
#2260=DIRECTION('',(0.,0.,1.));
#2261=DIRECTION('',(1.,0.,0.));
#2262=DIRECTION('',(0.,0.,1.));
#2263=DIRECTION('',(1.,0.,0.));
#2264=DIRECTION('',(-1.,0.,0.));
#2265=DIRECTION('',(0.,-1.,0.));
#2266=DIRECTION('',(1.,0.,0.));
#2267=DIRECTION('',(0.,0.,-1.));
#2268=DIRECTION('',(0.,0.,-1.));
#2269=DIRECTION('',(0.,0.,-1.));
#2270=DIRECTION('',(1.,0.,0.));
#2271=DIRECTION('',(0.,0.,-1.));
#2272=DIRECTION('',(0.,0.,-1.));
#2273=DIRECTION('',(0.,0.,-1.));
#2274=DIRECTION('',(0.,-1.,0.));
#2275=DIRECTION('',(0.,0.,-1.));
#2276=DIRECTION('',(0.,0.,-1.));
#2277=DIRECTION('',(0.,0.,1.));
#2278=DIRECTION('',(1.,0.,0.));
#2279=DIRECTION('',(0.,0.,1.));
#2280=DIRECTION('',(1.,0.,0.));
#2281=DIRECTION('',(0.,-1.,0.));
#2282=DIRECTION('',(1.,0.,0.));
#2283=DIRECTION('',(1.,0.,0.));
#2284=DIRECTION('',(0.,0.,-1.));
#2285=DIRECTION('',(0.,0.,-1.));
#2286=DIRECTION('',(0.,0.,-1.));
#2287=DIRECTION('',(0.,1.,0.));
#2288=DIRECTION('',(0.,0.,1.));
#2289=DIRECTION('',(0.,0.,-1.));
#2290=DIRECTION('',(1.,0.,0.));
#2291=DIRECTION('',(0.,0.,-1.));
#2292=DIRECTION('',(0.,0.,-1.));
#2293=DIRECTION('',(0.,0.,-1.));
#2294=DIRECTION('',(0.,1.,0.));
#2295=DIRECTION('',(0.,0.,1.));
#2296=DIRECTION('',(0.,0.,-1.));
#2297=DIRECTION('',(1.,0.,0.));
#2298=DIRECTION('',(0.,0.,1.));
#2299=DIRECTION('',(1.,0.,0.));
#2300=DIRECTION('',(0.,0.,-1.));
#2301=DIRECTION('',(-1.,0.,0.));
#2302=DIRECTION('',(0.,0.,1.));
#2303=DIRECTION('',(0.,0.,-1.));
#2304=DIRECTION('',(0.,0.,-1.));
#2305=DIRECTION('',(-1.,0.,0.));
#2306=DIRECTION('',(0.,0.,-1.));
#2307=DIRECTION('',(-1.,0.,0.));
#2308=DIRECTION('',(0.,0.,-1.));
#2309=DIRECTION('',(-1.,0.,0.));
#2310=DIRECTION('',(0.,-1.,0.));
#2311=DIRECTION('',(0.,0.,-1.));
#2312=DIRECTION('',(0.,0.,-1.));
#2313=DIRECTION('',(-1.,0.,0.));
#2314=DIRECTION('',(0.,0.,-1.));
#2315=DIRECTION('',(-1.,0.,0.));
#2316=DIRECTION('',(0.,0.,-1.));
#2317=DIRECTION('',(-1.,0.,0.));
#2318=DIRECTION('',(0.,0.,-1.));
#2319=DIRECTION('',(-1.,0.,0.));
#2320=DIRECTION('',(0.,0.,-1.));
#2321=DIRECTION('',(-1.,0.,0.));
#2322=DIRECTION('',(0.,0.,-1.));
#2323=DIRECTION('',(-1.,0.,0.));
#2324=DIRECTION('',(0.,0.,-1.));
#2325=DIRECTION('',(-1.,0.,0.));
#2326=DIRECTION('',(0.,0.,-1.));
#2327=DIRECTION('',(-1.,0.,0.));
#2328=DIRECTION('',(0.,0.,-1.));
#2329=DIRECTION('',(-1.,0.,0.));
#2330=DIRECTION('',(0.,0.,-1.));
#2331=DIRECTION('',(-1.,0.,0.));
#2332=DIRECTION('',(-0.86602540378444,0.499999999999997,0.));
#2333=DIRECTION('',(-0.499999999999997,-0.86602540378444,0.));
#2334=DIRECTION('',(0.499999999999997,0.86602540378444,0.));
#2335=DIRECTION('',(0.,0.,-1.));
#2336=DIRECTION('',(0.,0.,-1.));
#2337=DIRECTION('',(-0.866025403784441,-0.499999999999995,0.));
#2338=DIRECTION('',(0.499999999999995,-0.866025403784441,0.));
#2339=DIRECTION('',(-0.499999999999995,0.866025403784441,0.));
#2340=DIRECTION('',(0.,0.,-1.));
#2341=DIRECTION('',(0.,-1.,0.));
#2342=DIRECTION('',(0.,0.,-1.));
#2343=DIRECTION('',(-1.,0.,0.));
#2344=DIRECTION('',(0.,0.,-1.));
#2345=DIRECTION('',(0.866025403784441,-0.499999999999995,0.));
#2346=DIRECTION('',(0.499999999999995,0.866025403784441,0.));
#2347=DIRECTION('',(-0.499999999999995,-0.866025403784441,0.));
#2348=DIRECTION('',(0.,0.,-1.));
#2349=DIRECTION('',(0.86602540378444,0.499999999999997,0.));
#2350=DIRECTION('',(-0.499999999999997,0.86602540378444,0.));
#2351=DIRECTION('',(0.499999999999997,-0.86602540378444,0.));
#2352=DIRECTION('',(0.,0.,-1.));
#2353=DIRECTION('',(0.,1.,0.));
#2354=DIRECTION('',(0.,0.,1.));
#2355=DIRECTION('',(1.,0.,0.));
#2356=DIRECTION('',(0.,0.,1.));
#2357=DIRECTION('',(1.,0.,0.));
#2358=DIRECTION('',(0.,0.,1.));
#2359=DIRECTION('',(1.,0.,0.));
#2360=DIRECTION('',(0.,0.,1.));
#2361=DIRECTION('',(1.,0.,0.));
#2362=DIRECTION('',(0.,0.,1.));
#2363=DIRECTION('',(1.,0.,0.));
#2364=DIRECTION('',(0.,0.,-1.));
#2365=DIRECTION('',(-1.,0.,0.));
#2366=DIRECTION('',(-0.866025403784441,0.499999999999995,0.));
#2367=DIRECTION('',(-0.499999999999995,-0.866025403784441,0.));
#2368=DIRECTION('',(0.499999999999995,0.866025403784441,0.));
#2369=DIRECTION('',(0.,0.,-1.));
#2370=DIRECTION('',(0.,0.,-1.));
#2371=DIRECTION('',(-0.86602540378444,-0.499999999999997,0.));
#2372=DIRECTION('',(0.499999999999997,-0.86602540378444,0.));
#2373=DIRECTION('',(-0.499999999999997,0.86602540378444,0.));
#2374=DIRECTION('',(0.,0.,-1.));
#2375=DIRECTION('',(0.,-1.,0.));
#2376=DIRECTION('',(0.,0.,-1.));
#2377=DIRECTION('',(-1.,0.,0.));
#2378=DIRECTION('',(0.,0.,-1.));
#2379=DIRECTION('',(0.86602540378444,-0.499999999999997,0.));
#2380=DIRECTION('',(0.499999999999997,0.86602540378444,0.));
#2381=DIRECTION('',(-0.499999999999997,-0.86602540378444,0.));
#2382=DIRECTION('',(0.,0.,-1.));
#2383=DIRECTION('',(0.866025403784441,0.499999999999995,0.));
#2384=DIRECTION('',(-0.499999999999995,0.866025403784441,0.));
#2385=DIRECTION('',(0.499999999999995,-0.866025403784441,0.));
#2386=DIRECTION('',(0.,0.,-1.));
#2387=DIRECTION('',(0.,1.,0.));
#2388=DIRECTION('',(0.,0.,1.));
#2389=DIRECTION('',(1.,0.,0.));
#2390=DIRECTION('',(0.,0.,1.));
#2391=DIRECTION('',(1.,0.,0.));
#2392=DIRECTION('',(0.,0.,1.));
#2393=DIRECTION('',(1.,0.,0.));
#2394=DIRECTION('',(0.,0.,1.));
#2395=DIRECTION('',(1.,0.,0.));
#2396=DIRECTION('',(0.,0.,1.));
#2397=DIRECTION('',(1.,0.,0.));
#2398=DIRECTION('',(0.,0.,-1.));
#2399=DIRECTION('',(-1.,0.,0.));
#2400=DIRECTION('',(-0.86602540378444,0.499999999999997,0.));
#2401=DIRECTION('',(-0.499999999999997,-0.86602540378444,0.));
#2402=DIRECTION('',(0.499999999999997,0.86602540378444,0.));
#2403=DIRECTION('',(0.,0.,-1.));
#2404=DIRECTION('',(0.,0.,-1.));
#2405=DIRECTION('',(-0.866025403784441,-0.499999999999995,0.));
#2406=DIRECTION('',(0.499999999999995,-0.866025403784441,0.));
#2407=DIRECTION('',(-0.499999999999995,0.866025403784441,0.));
#2408=DIRECTION('',(0.,0.,-1.));
#2409=DIRECTION('',(0.,-1.,0.));
#2410=DIRECTION('',(0.,0.,-1.));
#2411=DIRECTION('',(-1.,0.,0.));
#2412=DIRECTION('',(0.,0.,-1.));
#2413=DIRECTION('',(0.866025403784441,-0.499999999999995,0.));
#2414=DIRECTION('',(0.499999999999995,0.866025403784441,0.));
#2415=DIRECTION('',(-0.499999999999995,-0.866025403784441,0.));
#2416=DIRECTION('',(0.,0.,-1.));
#2417=DIRECTION('',(0.86602540378444,0.499999999999997,0.));
#2418=DIRECTION('',(-0.499999999999997,0.86602540378444,0.));
#2419=DIRECTION('',(0.499999999999997,-0.86602540378444,0.));
#2420=DIRECTION('',(0.,0.,-1.));
#2421=DIRECTION('',(0.,1.,0.));
#2422=DIRECTION('',(0.,0.,1.));
#2423=DIRECTION('',(1.,0.,0.));
#2424=DIRECTION('',(0.,0.,1.));
#2425=DIRECTION('',(1.,0.,0.));
#2426=DIRECTION('',(0.,0.,1.));
#2427=DIRECTION('',(1.,0.,0.));
#2428=DIRECTION('',(0.,0.,1.));
#2429=DIRECTION('',(1.,0.,0.));
#2430=DIRECTION('',(0.,0.,1.));
#2431=DIRECTION('',(1.,0.,0.));
#2432=DIRECTION('',(0.,0.,-1.));
#2433=DIRECTION('',(-1.,0.,0.));
#2434=DIRECTION('',(-0.866025403784441,0.499999999999995,0.));
#2435=DIRECTION('',(-0.499999999999995,-0.866025403784441,0.));
#2436=DIRECTION('',(0.499999999999995,0.866025403784441,0.));
#2437=DIRECTION('',(0.,0.,-1.));
#2438=DIRECTION('',(0.,0.,-1.));
#2439=DIRECTION('',(-0.86602540378444,-0.499999999999997,0.));
#2440=DIRECTION('',(0.499999999999997,-0.86602540378444,0.));
#2441=DIRECTION('',(-0.499999999999997,0.86602540378444,0.));
#2442=DIRECTION('',(0.,0.,-1.));
#2443=DIRECTION('',(0.,-1.,0.));
#2444=DIRECTION('',(0.,0.,-1.));
#2445=DIRECTION('',(-1.,0.,0.));
#2446=DIRECTION('',(0.,0.,-1.));
#2447=DIRECTION('',(0.86602540378444,-0.499999999999997,0.));
#2448=DIRECTION('',(0.499999999999997,0.86602540378444,0.));
#2449=DIRECTION('',(-0.499999999999997,-0.86602540378444,0.));
#2450=DIRECTION('',(0.,0.,-1.));
#2451=DIRECTION('',(0.866025403784441,0.499999999999995,0.));
#2452=DIRECTION('',(-0.499999999999995,0.866025403784441,0.));
#2453=DIRECTION('',(0.499999999999995,-0.866025403784441,0.));
#2454=DIRECTION('',(0.,0.,-1.));
#2455=DIRECTION('',(0.,1.,0.));
#2456=DIRECTION('',(0.,0.,1.));
#2457=DIRECTION('',(1.,0.,0.));
#2458=DIRECTION('',(0.,0.,1.));
#2459=DIRECTION('',(1.,0.,0.));
#2460=DIRECTION('',(0.,0.,1.));
#2461=DIRECTION('',(1.,0.,0.));
#2462=DIRECTION('',(0.,0.,1.));
#2463=DIRECTION('',(1.,0.,0.));
#2464=DIRECTION('',(0.,0.,1.));
#2465=DIRECTION('',(1.,0.,0.));
#2466=DIRECTION('',(0.,0.,-1.));
#2467=DIRECTION('',(-1.,0.,0.));
#2468=DIRECTION('',(-0.866025403784439,0.5,0.));
#2469=DIRECTION('',(-0.5,-0.866025403784439,0.));
#2470=DIRECTION('',(0.5,0.866025403784439,0.));
#2471=DIRECTION('',(0.,0.,-1.));
#2472=DIRECTION('',(0.,0.,-1.));
#2473=DIRECTION('',(-0.86602540378444,-0.499999999999998,0.));
#2474=DIRECTION('',(0.499999999999998,-0.86602540378444,0.));
#2475=DIRECTION('',(-0.499999999999998,0.86602540378444,0.));
#2476=DIRECTION('',(0.,0.,-1.));
#2477=DIRECTION('',(0.,-1.,0.));
#2478=DIRECTION('',(0.,0.,-1.));
#2479=DIRECTION('',(-1.,0.,0.));
#2480=DIRECTION('',(0.,0.,-1.));
#2481=DIRECTION('',(0.866025403784439,-0.499999999999998,0.));
#2482=DIRECTION('',(0.499999999999998,0.86602540378444,0.));
#2483=DIRECTION('',(-0.499999999999998,-0.86602540378444,0.));
#2484=DIRECTION('',(0.,0.,-1.));
#2485=DIRECTION('',(0.866025403784439,0.5,0.));
#2486=DIRECTION('',(-0.5,0.866025403784439,0.));
#2487=DIRECTION('',(0.5,-0.866025403784439,0.));
#2488=DIRECTION('',(0.,0.,-1.));
#2489=DIRECTION('',(0.,1.,0.));
#2490=DIRECTION('',(0.,0.,1.));
#2491=DIRECTION('',(1.,0.,0.));
#2492=DIRECTION('',(0.,0.,1.));
#2493=DIRECTION('',(1.,0.,0.));
#2494=DIRECTION('',(0.,0.,1.));
#2495=DIRECTION('',(1.,0.,0.));
#2496=DIRECTION('',(0.,0.,1.));
#2497=DIRECTION('',(1.,0.,0.));
#2498=DIRECTION('',(0.,0.,1.));
#2499=DIRECTION('',(1.,0.,0.));
#2500=DIRECTION('',(0.,0.,-1.));
#2501=DIRECTION('',(-1.,0.,0.));
#2502=DIRECTION('',(-0.86602540378444,0.499999999999998,0.));
#2503=DIRECTION('',(-0.499999999999998,-0.86602540378444,0.));
#2504=DIRECTION('',(0.499999999999998,0.86602540378444,0.));
#2505=DIRECTION('',(0.,0.,-1.));
#2506=DIRECTION('',(0.,0.,-1.));
#2507=DIRECTION('',(-0.866025403784439,-0.5,0.));
#2508=DIRECTION('',(0.5,-0.866025403784439,0.));
#2509=DIRECTION('',(-0.5,0.866025403784439,0.));
#2510=DIRECTION('',(0.,0.,-1.));
#2511=DIRECTION('',(0.,-1.,0.));
#2512=DIRECTION('',(0.,0.,-1.));
#2513=DIRECTION('',(-1.,0.,0.));
#2514=DIRECTION('',(0.,0.,-1.));
#2515=DIRECTION('',(0.866025403784438,-0.5,0.));
#2516=DIRECTION('',(0.5,0.866025403784439,0.));
#2517=DIRECTION('',(-0.5,-0.866025403784439,0.));
#2518=DIRECTION('',(0.,0.,-1.));
#2519=DIRECTION('',(0.86602540378444,0.499999999999998,0.));
#2520=DIRECTION('',(-0.499999999999998,0.86602540378444,0.));
#2521=DIRECTION('',(0.499999999999998,-0.86602540378444,0.));
#2522=DIRECTION('',(0.,0.,-1.));
#2523=DIRECTION('',(0.,1.,0.));
#2524=DIRECTION('',(0.,0.,1.));
#2525=DIRECTION('',(1.,0.,0.));
#2526=DIRECTION('',(0.,0.,1.));
#2527=DIRECTION('',(1.,0.,0.));
#2528=DIRECTION('',(0.,0.,1.));
#2529=DIRECTION('',(1.,0.,0.));
#2530=DIRECTION('',(0.,0.,1.));
#2531=DIRECTION('',(1.,0.,0.));
#2532=DIRECTION('',(0.,0.,1.));
#2533=DIRECTION('',(1.,0.,0.));
#2534=DIRECTION('',(0.,0.,-1.));
#2535=DIRECTION('',(-1.,0.,0.));
#2536=DIRECTION('',(1.,0.,0.));
#2537=DIRECTION('',(0.,0.,-1.));
#2538=DIRECTION('',(0.,-1.,0.));
#2539=DIRECTION('',(0.,-1.,0.));
#2540=DIRECTION('',(-1.,0.,0.));
#2541=DIRECTION('',(0.,0.,1.));
#2542=DIRECTION('',(0.,1.,0.));
#2543=DIRECTION('',(0.,1.,0.));
#2544=DIRECTION('',(0.,0.,1.));
#2545=DIRECTION('',(1.,0.,0.));
#2546=DIRECTION('',(0.,0.,1.));
#2547=DIRECTION('',(1.,0.,0.));
#2548=DIRECTION('',(0.,0.,-1.));
#2549=DIRECTION('',(-1.,0.,0.));
#2550=DIRECTION('',(0.,0.,-1.));
#2551=DIRECTION('',(-1.,0.,0.));
#2552=DIRECTION('',(0.,0.,-1.));
#2553=DIRECTION('',(-1.,0.,0.));
#2554=DIRECTION('',(0.,0.,-1.));
#2555=DIRECTION('',(-1.,0.,0.));
#2556=DIRECTION('',(0.,0.,-1.));
#2557=DIRECTION('',(-1.,0.,0.));
#2558=DIRECTION('',(0.,0.,-1.));
#2559=DIRECTION('',(-1.,0.,0.));
#2560=DIRECTION('',(0.,0.,-1.));
#2561=DIRECTION('',(-1.,0.,0.));
#2562=DIRECTION('',(0.,0.,-1.));
#2563=DIRECTION('',(-1.,0.,0.));
#2564=CARTESIAN_POINT('',(0.,0.,0.));
#2565=CARTESIAN_POINT('',(0.,0.,4.));
#2566=CARTESIAN_POINT('',(-26.,-44.,4.));
#2567=CARTESIAN_POINT('',(-24.3,-44.,4.));
#2568=CARTESIAN_POINT('',(-26.,-70.,4.));
#2569=CARTESIAN_POINT('',(-24.3,-70.,4.));
#2570=CARTESIAN_POINT('',(-84.,-44.,4.));
#2571=CARTESIAN_POINT('',(-82.3,-44.,4.));
#2572=CARTESIAN_POINT('',(0.,82.,4.));
#2573=CARTESIAN_POINT('',(-4.89897948556637,87.,4.));
#2574=CARTESIAN_POINT('',(4.89897948556636,87.,4.));
#2575=CARTESIAN_POINT('',(107.,87.,4.));
#2576=CARTESIAN_POINT('',(-97.1010205144336,87.,4.));
#2577=CARTESIAN_POINT('',(-102.,82.,4.));
#2578=CARTESIAN_POINT('',(-107.,77.1010205144337,4.));
#2579=CARTESIAN_POINT('',(-107.,87.,4.));
#2580=CARTESIAN_POINT('',(-107.,-77.1010205144337,4.));
#2581=CARTESIAN_POINT('',(-102.,-82.,4.));
#2582=CARTESIAN_POINT('',(-97.1010205144336,-87.,4.));
#2583=CARTESIAN_POINT('',(-107.,-87.,4.));
#2584=CARTESIAN_POINT('',(-4.89897948556636,-87.,4.));
#2585=CARTESIAN_POINT('',(0.,-82.,4.));
#2586=CARTESIAN_POINT('',(4.89897948556637,-87.,4.));
#2587=CARTESIAN_POINT('',(-107.,-87.,4.));
#2588=CARTESIAN_POINT('',(97.1010205144336,-87.,4.));
#2589=CARTESIAN_POINT('',(102.,-82.,4.));
#2590=CARTESIAN_POINT('',(107.,-77.1010205144337,4.));
#2591=CARTESIAN_POINT('',(107.,-87.,4.));
#2592=CARTESIAN_POINT('',(107.,77.1010205144337,4.));
#2593=CARTESIAN_POINT('',(102.,82.,4.));
#2594=CARTESIAN_POINT('',(97.1010205144336,87.,4.));
#2595=CARTESIAN_POINT('',(107.,87.,4.));
#2596=CARTESIAN_POINT('',(86.,66.,4.));
#2597=CARTESIAN_POINT('',(89.25,66.,4.));
#2598=CARTESIAN_POINT('',(86.,-66.,4.));
#2599=CARTESIAN_POINT('',(89.25,-66.,4.));
#2600=CARTESIAN_POINT('',(-86.,66.,4.));
#2601=CARTESIAN_POINT('',(-82.75,66.,4.));
#2602=CARTESIAN_POINT('',(17.,-43.,4.));
#2603=CARTESIAN_POINT('',(18.7,-43.,4.));
#2604=CARTESIAN_POINT('',(63.,-43.,4.));
#2605=CARTESIAN_POINT('',(64.7,-43.,4.));
#2606=CARTESIAN_POINT('',(17.,18.,4.));
#2607=CARTESIAN_POINT('',(18.7,18.,4.));
#2608=CARTESIAN_POINT('',(63.,18.,4.));
#2609=CARTESIAN_POINT('',(64.7,18.,4.));
#2610=CARTESIAN_POINT('',(-84.,-70.,4.));
#2611=CARTESIAN_POINT('',(-85.5065027647057,-69.2123138823529,4.));
#2612=CARTESIAN_POINT('',(-83.7262472352943,-68.3221861176471,4.));
#2613=CARTESIAN_POINT('',(-86.,-66.,4.));
#2614=CARTESIAN_POINT('',(-86.,-66.,4.));
#2615=CARTESIAN_POINT('',(-85.5065027647057,-69.2123138823529,2.));
#2616=CARTESIAN_POINT('',(-85.5065027647057,-69.2123138823529,0.));
#2617=CARTESIAN_POINT('',(-86.,-66.,0.));
#2618=CARTESIAN_POINT('',(-83.7262472352943,-68.3221861176471,0.));
#2619=CARTESIAN_POINT('',(-83.7262472352943,-68.3221861176471,2.));
#2620=CARTESIAN_POINT('',(0.,0.,0.));
#2621=CARTESIAN_POINT('',(-26.,-44.,0.));
#2622=CARTESIAN_POINT('',(-24.3,-44.,0.));
#2623=CARTESIAN_POINT('',(-26.,-70.,0.));
#2624=CARTESIAN_POINT('',(-24.3,-70.,0.));
#2625=CARTESIAN_POINT('',(-84.,-44.,0.));
#2626=CARTESIAN_POINT('',(-82.3,-44.,0.));
#2627=CARTESIAN_POINT('',(63.,18.,0.));
#2628=CARTESIAN_POINT('',(64.7,18.,0.));
#2629=CARTESIAN_POINT('',(17.,18.,0.));
#2630=CARTESIAN_POINT('',(18.7,18.,0.));
#2631=CARTESIAN_POINT('',(63.,-43.,0.));
#2632=CARTESIAN_POINT('',(64.7,-43.,0.));
#2633=CARTESIAN_POINT('',(17.,-43.,0.));
#2634=CARTESIAN_POINT('',(18.7,-43.,0.));
#2635=CARTESIAN_POINT('',(86.,66.,0.));
#2636=CARTESIAN_POINT('',(89.25,66.,0.));
#2637=CARTESIAN_POINT('',(86.,-66.,0.));
#2638=CARTESIAN_POINT('',(89.25,-66.,0.));
#2639=CARTESIAN_POINT('',(-86.,66.,0.));
#2640=CARTESIAN_POINT('',(-82.75,66.,0.));
#2641=CARTESIAN_POINT('',(-110.,90.,0.));
#2642=CARTESIAN_POINT('',(-110.,90.,0.));
#2643=CARTESIAN_POINT('',(-110.,-90.,0.));
#2644=CARTESIAN_POINT('',(110.,90.,0.));
#2645=CARTESIAN_POINT('',(110.,90.,0.));
#2646=CARTESIAN_POINT('',(110.,-90.,0.));
#2647=CARTESIAN_POINT('',(110.,-90.,0.));
#2648=CARTESIAN_POINT('',(-110.,-90.,0.));
#2649=CARTESIAN_POINT('',(-84.,-70.,0.));
#2650=CARTESIAN_POINT('',(0.,0.,92.));
#2651=CARTESIAN_POINT('',(3.34863156129983,-82.,92.));
#2652=CARTESIAN_POINT('',(3.34863156129983,-82.,92.));
#2653=CARTESIAN_POINT('',(1.67431578064992,-79.1,92.));
#2654=CARTESIAN_POINT('',(1.67431578064992,-84.9,92.));
#2655=CARTESIAN_POINT('',(1.67431578064992,-84.9,92.));
#2656=CARTESIAN_POINT('',(-1.67431578064992,-84.9,92.));
#2657=CARTESIAN_POINT('',(-1.67431578064992,-84.9,92.));
#2658=CARTESIAN_POINT('',(-3.34863156129983,-82.,92.));
#2659=CARTESIAN_POINT('',(-3.34863156129983,-82.,92.));
#2660=CARTESIAN_POINT('',(-1.67431578064991,-79.1,92.));
#2661=CARTESIAN_POINT('',(-1.67431578064991,-79.1,92.));
#2662=CARTESIAN_POINT('',(1.67431578064992,-79.1,92.));
#2663=CARTESIAN_POINT('',(105.3486315613,-82.,92.));
#2664=CARTESIAN_POINT('',(105.3486315613,-82.,92.));
#2665=CARTESIAN_POINT('',(103.67431578065,-79.1,92.));
#2666=CARTESIAN_POINT('',(103.67431578065,-84.9,92.));
#2667=CARTESIAN_POINT('',(103.67431578065,-84.9,92.));
#2668=CARTESIAN_POINT('',(100.32568421935,-84.9,92.));
#2669=CARTESIAN_POINT('',(100.32568421935,-84.9,92.));
#2670=CARTESIAN_POINT('',(98.6513684387002,-82.,92.));
#2671=CARTESIAN_POINT('',(98.6513684387002,-82.,92.));
#2672=CARTESIAN_POINT('',(100.32568421935,-79.1,92.));
#2673=CARTESIAN_POINT('',(100.32568421935,-79.1,92.));
#2674=CARTESIAN_POINT('',(103.67431578065,-79.1,92.));
#2675=CARTESIAN_POINT('',(-98.6513684387002,-82.,92.));
#2676=CARTESIAN_POINT('',(-98.6513684387002,-82.,92.));
#2677=CARTESIAN_POINT('',(-100.32568421935,-79.1,92.));
#2678=CARTESIAN_POINT('',(-100.32568421935,-84.9,92.));
#2679=CARTESIAN_POINT('',(-100.32568421935,-84.9,92.));
#2680=CARTESIAN_POINT('',(-103.67431578065,-84.9,92.));
#2681=CARTESIAN_POINT('',(-103.67431578065,-84.9,92.));
#2682=CARTESIAN_POINT('',(-105.3486315613,-82.,92.));
#2683=CARTESIAN_POINT('',(-105.3486315613,-82.,92.));
#2684=CARTESIAN_POINT('',(-103.67431578065,-79.1,92.));
#2685=CARTESIAN_POINT('',(-103.67431578065,-79.1,92.));
#2686=CARTESIAN_POINT('',(-100.32568421935,-79.1,92.));
#2687=CARTESIAN_POINT('',(107.,87.,92.));
#2688=CARTESIAN_POINT('',(-4.89897948556637,87.,92.));
#2689=CARTESIAN_POINT('',(-97.1010205144336,87.,92.));
#2690=CARTESIAN_POINT('',(0.,82.,92.));
#2691=CARTESIAN_POINT('',(4.89897948556637,87.,92.));
#2692=CARTESIAN_POINT('',(107.,87.,92.));
#2693=CARTESIAN_POINT('',(97.1010205144336,87.,92.));
#2694=CARTESIAN_POINT('',(102.,82.,92.));
#2695=CARTESIAN_POINT('',(107.,77.1010205144337,92.));
#2696=CARTESIAN_POINT('',(107.,-87.,92.));
#2697=CARTESIAN_POINT('',(107.,-77.1010205144337,92.));
#2698=CARTESIAN_POINT('',(102.,-82.,92.));
#2699=CARTESIAN_POINT('',(97.1010205144336,-87.,92.));
#2700=CARTESIAN_POINT('',(-107.,-87.,92.));
#2701=CARTESIAN_POINT('',(4.89897948556637,-87.,92.));
#2702=CARTESIAN_POINT('',(0.,-82.,92.));
#2703=CARTESIAN_POINT('',(-4.89897948556637,-87.,92.));
#2704=CARTESIAN_POINT('',(-107.,-87.,92.));
#2705=CARTESIAN_POINT('',(-97.1010205144336,-87.,92.));
#2706=CARTESIAN_POINT('',(-102.,-82.,92.));
#2707=CARTESIAN_POINT('',(-107.,-77.1010205144337,92.));
#2708=CARTESIAN_POINT('',(-107.,87.,92.));
#2709=CARTESIAN_POINT('',(-107.,77.1010205144337,92.));
#2710=CARTESIAN_POINT('',(-102.,82.,92.));
#2711=CARTESIAN_POINT('',(107.,-87.,92.));
#2712=CARTESIAN_POINT('',(107.,86.8989794855664,92.));
#2713=CARTESIAN_POINT('',(107.,87.,92.));
#2714=CARTESIAN_POINT('',(102.,82.,92.));
#2715=CARTESIAN_POINT('',(106.898979485566,87.,92.));
#2716=CARTESIAN_POINT('',(107.,87.,92.));
#2717=CARTESIAN_POINT('',(102.,-82.,92.));
#2718=CARTESIAN_POINT('',(106.898979485566,-87.,92.));
#2719=CARTESIAN_POINT('',(107.,-86.8989794855664,92.));
#2720=CARTESIAN_POINT('',(107.,-87.,92.));
#2721=CARTESIAN_POINT('',(107.,-87.,92.));
#2722=CARTESIAN_POINT('',(-107.,-87.,92.));
#2723=CARTESIAN_POINT('',(-102.,82.,92.));
#2724=CARTESIAN_POINT('',(-106.898979485566,87.,92.));
#2725=CARTESIAN_POINT('',(-107.,86.8989794855664,92.));
#2726=CARTESIAN_POINT('',(-107.,87.,92.));
#2727=CARTESIAN_POINT('',(-107.,87.,92.));
#2728=CARTESIAN_POINT('',(107.,87.,92.));
#2729=CARTESIAN_POINT('',(-107.,87.,92.));
#2730=CARTESIAN_POINT('',(-107.,-86.8989794855664,92.));
#2731=CARTESIAN_POINT('',(-107.,-87.,92.));
#2732=CARTESIAN_POINT('',(-102.,-82.,92.));
#2733=CARTESIAN_POINT('',(-106.898979485566,-87.,92.));
#2734=CARTESIAN_POINT('',(-107.,-87.,92.));
#2735=CARTESIAN_POINT('',(-110.,90.,92.));
#2736=CARTESIAN_POINT('',(-110.,90.,92.));
#2737=CARTESIAN_POINT('',(-110.,-90.,92.));
#2738=CARTESIAN_POINT('',(-110.,-90.,92.));
#2739=CARTESIAN_POINT('',(110.,-90.,92.));
#2740=CARTESIAN_POINT('',(110.,-90.,92.));
#2741=CARTESIAN_POINT('',(110.,90.,92.));
#2742=CARTESIAN_POINT('',(110.,90.,92.));
#2743=CARTESIAN_POINT('',(-98.6513684387002,82.,92.));
#2744=CARTESIAN_POINT('',(-98.6513684387002,82.,92.));
#2745=CARTESIAN_POINT('',(-100.32568421935,84.9,92.));
#2746=CARTESIAN_POINT('',(-100.32568421935,79.1,92.));
#2747=CARTESIAN_POINT('',(-100.32568421935,79.1,92.));
#2748=CARTESIAN_POINT('',(-103.67431578065,79.1,92.));
#2749=CARTESIAN_POINT('',(-103.67431578065,79.1,92.));
#2750=CARTESIAN_POINT('',(-105.3486315613,82.,92.));
#2751=CARTESIAN_POINT('',(-105.3486315613,82.,92.));
#2752=CARTESIAN_POINT('',(-103.67431578065,84.9,92.));
#2753=CARTESIAN_POINT('',(-103.67431578065,84.9,92.));
#2754=CARTESIAN_POINT('',(-100.32568421935,84.9,92.));
#2755=CARTESIAN_POINT('',(105.3486315613,82.,92.));
#2756=CARTESIAN_POINT('',(105.3486315613,82.,92.));
#2757=CARTESIAN_POINT('',(103.67431578065,84.9,92.));
#2758=CARTESIAN_POINT('',(103.67431578065,79.1,92.));
#2759=CARTESIAN_POINT('',(103.67431578065,79.1,92.));
#2760=CARTESIAN_POINT('',(100.32568421935,79.1,92.));
#2761=CARTESIAN_POINT('',(100.32568421935,79.1,92.));
#2762=CARTESIAN_POINT('',(98.6513684387002,82.,92.));
#2763=CARTESIAN_POINT('',(98.6513684387002,82.,92.));
#2764=CARTESIAN_POINT('',(100.32568421935,84.9,92.));
#2765=CARTESIAN_POINT('',(100.32568421935,84.9,92.));
#2766=CARTESIAN_POINT('',(103.67431578065,84.9,92.));
#2767=CARTESIAN_POINT('',(3.34863156129983,82.,92.));
#2768=CARTESIAN_POINT('',(3.34863156129983,82.,92.));
#2769=CARTESIAN_POINT('',(1.67431578064992,84.9,92.));
#2770=CARTESIAN_POINT('',(1.67431578064992,79.1,92.));
#2771=CARTESIAN_POINT('',(1.67431578064992,79.1,92.));
#2772=CARTESIAN_POINT('',(-1.67431578064992,79.1,92.));
#2773=CARTESIAN_POINT('',(-1.67431578064992,79.1,92.));
#2774=CARTESIAN_POINT('',(-3.34863156129983,82.,92.));
#2775=CARTESIAN_POINT('',(-3.34863156129983,82.,92.));
#2776=CARTESIAN_POINT('',(-1.67431578064991,84.9,92.));
#2777=CARTESIAN_POINT('',(-1.67431578064991,84.9,92.));
#2778=CARTESIAN_POINT('',(1.67431578064992,84.9,92.));
#2779=CARTESIAN_POINT('',(107.,87.,92.));
#2780=CARTESIAN_POINT('',(-4.89897948556637,87.,92.));
#2781=CARTESIAN_POINT('',(-97.1010205144336,87.,92.));
#2782=CARTESIAN_POINT('',(107.,87.,92.));
#2783=CARTESIAN_POINT('',(4.89897948556637,87.,92.));
#2784=CARTESIAN_POINT('',(97.1010205144336,87.,92.));
#2785=CARTESIAN_POINT('',(-107.,-87.,92.));
#2786=CARTESIAN_POINT('',(4.89897948556637,-87.,92.));
#2787=CARTESIAN_POINT('',(97.1010205144336,-87.,92.));
#2788=CARTESIAN_POINT('',(-107.,-87.,92.));
#2789=CARTESIAN_POINT('',(-107.,-87.,36.));
#2790=CARTESIAN_POINT('',(-91.,-87.,36.));
#2791=CARTESIAN_POINT('',(-25.,-87.,36.));
#2792=CARTESIAN_POINT('',(-91.,-87.,92.));
#2793=CARTESIAN_POINT('',(-91.,-87.,16.));
#2794=CARTESIAN_POINT('',(-107.,-87.,16.));
#2795=CARTESIAN_POINT('',(-25.,-87.,16.));
#2796=CARTESIAN_POINT('',(-25.,-87.,92.));
#2797=CARTESIAN_POINT('',(-4.89897948556637,-87.,92.));
#2798=CARTESIAN_POINT('',(-97.1010205144336,-87.,92.));
#2799=CARTESIAN_POINT('',(0.,0.,4.));
#2800=CARTESIAN_POINT('',(102.,82.,4.));
#2801=CARTESIAN_POINT('',(107.,86.8989794855664,4.));
#2802=CARTESIAN_POINT('',(106.898979485566,87.,4.));
#2803=CARTESIAN_POINT('',(107.,-87.,4.));
#2804=CARTESIAN_POINT('',(107.,87.,4.));
#2805=CARTESIAN_POINT('',(107.,87.,4.));
#2806=CARTESIAN_POINT('',(107.,-87.,92.));
#2807=CARTESIAN_POINT('',(107.,86.8989794855664,92.));
#2808=CARTESIAN_POINT('',(107.,87.,92.));
#2809=CARTESIAN_POINT('',(107.,-87.,92.));
#2810=CARTESIAN_POINT('',(107.,77.1010205144337,92.));
#2811=CARTESIAN_POINT('',(107.,-77.1010205144337,92.));
#2812=CARTESIAN_POINT('',(107.,87.,92.));
#2813=CARTESIAN_POINT('',(106.898979485566,87.,92.));
#2814=CARTESIAN_POINT('',(0.,0.,4.));
#2815=CARTESIAN_POINT('',(102.,-82.,4.));
#2816=CARTESIAN_POINT('',(106.898979485566,-87.,4.));
#2817=CARTESIAN_POINT('',(107.,-86.8989794855664,4.));
#2818=CARTESIAN_POINT('',(-107.,-87.,4.));
#2819=CARTESIAN_POINT('',(107.,-87.,4.));
#2820=CARTESIAN_POINT('',(107.,-87.,4.));
#2821=CARTESIAN_POINT('',(-107.,-87.,92.));
#2822=CARTESIAN_POINT('',(106.898979485566,-87.,92.));
#2823=CARTESIAN_POINT('',(107.,-87.,92.));
#2824=CARTESIAN_POINT('',(107.,-87.,92.));
#2825=CARTESIAN_POINT('',(107.,-86.8989794855664,92.));
#2826=CARTESIAN_POINT('',(0.,0.,4.));
#2827=CARTESIAN_POINT('',(-102.,82.,4.));
#2828=CARTESIAN_POINT('',(-106.898979485566,87.,4.));
#2829=CARTESIAN_POINT('',(-107.,86.8989794855664,4.));
#2830=CARTESIAN_POINT('',(107.,87.,4.));
#2831=CARTESIAN_POINT('',(-107.,87.,4.));
#2832=CARTESIAN_POINT('',(-107.,87.,4.));
#2833=CARTESIAN_POINT('',(-107.,87.,92.));
#2834=CARTESIAN_POINT('',(-107.,77.1010205144337,92.));
#2835=CARTESIAN_POINT('',(-107.,-77.1010205144337,92.));
#2836=CARTESIAN_POINT('',(-107.,87.,92.));
#2837=CARTESIAN_POINT('',(-107.,86.8989794855664,92.));
#2838=CARTESIAN_POINT('',(-107.,87.,92.));
#2839=CARTESIAN_POINT('',(107.,87.,92.));
#2840=CARTESIAN_POINT('',(-106.898979485566,87.,92.));
#2841=CARTESIAN_POINT('',(0.,0.,4.));
#2842=CARTESIAN_POINT('',(-102.,-82.,4.));
#2843=CARTESIAN_POINT('',(-107.,-86.8989794855664,4.));
#2844=CARTESIAN_POINT('',(-106.898979485566,-87.,4.));
#2845=CARTESIAN_POINT('',(-107.,87.,4.));
#2846=CARTESIAN_POINT('',(-107.,-87.,4.));
#2847=CARTESIAN_POINT('',(-107.,-87.,4.));
#2848=CARTESIAN_POINT('',(-107.,87.,92.));
#2849=CARTESIAN_POINT('',(-107.,-86.8989794855664,92.));
#2850=CARTESIAN_POINT('',(-107.,-87.,92.));
#2851=CARTESIAN_POINT('',(-107.,-87.,92.));
#2852=CARTESIAN_POINT('',(-106.898979485566,-87.,92.));
#2853=CARTESIAN_POINT('',(-110.,90.,4.));
#2854=CARTESIAN_POINT('',(-110.,-90.,4.));
#2855=CARTESIAN_POINT('',(-110.,90.,4.));
#2856=CARTESIAN_POINT('',(-110.,-90.,4.));
#2857=CARTESIAN_POINT('',(-91.,-90.,4.));
#2858=CARTESIAN_POINT('',(-91.,-90.,36.));
#2859=CARTESIAN_POINT('',(-91.,-90.,16.));
#2860=CARTESIAN_POINT('',(-110.,-90.,36.));
#2861=CARTESIAN_POINT('',(-25.,-90.,36.));
#2862=CARTESIAN_POINT('',(-25.,-90.,4.));
#2863=CARTESIAN_POINT('',(-25.,-90.,16.));
#2864=CARTESIAN_POINT('',(-110.,-90.,16.));
#2865=CARTESIAN_POINT('',(110.,-90.,4.));
#2866=CARTESIAN_POINT('',(110.,-90.,4.));
#2867=CARTESIAN_POINT('',(110.,90.,4.));
#2868=CARTESIAN_POINT('',(-86.,66.,4.));
#2869=CARTESIAN_POINT('',(86.,-66.,4.));
#2870=CARTESIAN_POINT('',(86.,66.,4.));
#2871=CARTESIAN_POINT('',(110.,90.,4.));
#2872=CARTESIAN_POINT('',(-102.,-82.,92.));
#2873=CARTESIAN_POINT('',(-102.,-82.,92.));
#2874=CARTESIAN_POINT('',(-102.,82.,92.));
#2875=CARTESIAN_POINT('',(-102.,82.,92.));
#2876=CARTESIAN_POINT('',(102.,-82.,92.));
#2877=CARTESIAN_POINT('',(102.,-82.,92.));
#2878=CARTESIAN_POINT('',(102.,82.,92.));
#2879=CARTESIAN_POINT('',(102.,82.,92.));
#2880=CARTESIAN_POINT('',(0.,-82.,92.));
#2881=CARTESIAN_POINT('',(0.,82.,92.));
#2882=CARTESIAN_POINT('',(-100.32568421935,-84.9,92.));
#2883=CARTESIAN_POINT('',(-100.32568421935,-84.9,89.3));
#2884=CARTESIAN_POINT('',(-100.32568421935,-84.9,89.3));
#2885=CARTESIAN_POINT('',(-98.6513684387002,-82.,89.3));
#2886=CARTESIAN_POINT('',(-100.32568421935,-84.9,92.));
#2887=CARTESIAN_POINT('',(-98.6513684387002,-82.,92.));
#2888=CARTESIAN_POINT('',(-98.6513684387002,-82.,92.));
#2889=CARTESIAN_POINT('',(-98.6513684387002,-82.,89.3));
#2890=CARTESIAN_POINT('',(-100.32568421935,-79.1,89.3));
#2891=CARTESIAN_POINT('',(-100.32568421935,-79.1,92.));
#2892=CARTESIAN_POINT('',(-100.32568421935,-79.1,92.));
#2893=CARTESIAN_POINT('',(-100.32568421935,-79.1,89.3));
#2894=CARTESIAN_POINT('',(-103.67431578065,-79.1,89.3));
#2895=CARTESIAN_POINT('',(-103.67431578065,-79.1,92.));
#2896=CARTESIAN_POINT('',(-103.67431578065,-79.1,92.));
#2897=CARTESIAN_POINT('',(-103.67431578065,-79.1,89.3));
#2898=CARTESIAN_POINT('',(-105.3486315613,-82.,89.3));
#2899=CARTESIAN_POINT('',(-105.3486315613,-82.,92.));
#2900=CARTESIAN_POINT('',(-105.3486315613,-82.,92.));
#2901=CARTESIAN_POINT('',(-105.3486315613,-82.,89.3));
#2902=CARTESIAN_POINT('',(-103.67431578065,-84.9,89.3));
#2903=CARTESIAN_POINT('',(-103.67431578065,-84.9,92.));
#2904=CARTESIAN_POINT('',(-103.67431578065,-84.9,92.));
#2905=CARTESIAN_POINT('',(-103.67431578065,-84.9,89.3));
#2906=CARTESIAN_POINT('',(0.,0.,89.3));
#2907=CARTESIAN_POINT('',(-102.,-82.,89.3));
#2908=CARTESIAN_POINT('',(-100.3,-82.,89.3));
#2909=CARTESIAN_POINT('',(-102.,-82.,84.));
#2910=CARTESIAN_POINT('',(-102.,-82.,84.));
#2911=CARTESIAN_POINT('',(-100.3,-82.,84.));
#2912=CARTESIAN_POINT('',(-102.,-82.,92.));
#2913=CARTESIAN_POINT('',(-100.32568421935,79.1,92.));
#2914=CARTESIAN_POINT('',(-100.32568421935,79.1,89.3));
#2915=CARTESIAN_POINT('',(-100.32568421935,79.1,89.3));
#2916=CARTESIAN_POINT('',(-98.6513684387002,82.,89.3));
#2917=CARTESIAN_POINT('',(-100.32568421935,79.1,92.));
#2918=CARTESIAN_POINT('',(-98.6513684387002,82.,92.));
#2919=CARTESIAN_POINT('',(-98.6513684387002,82.,92.));
#2920=CARTESIAN_POINT('',(-98.6513684387002,82.,89.3));
#2921=CARTESIAN_POINT('',(-100.32568421935,84.9,89.3));
#2922=CARTESIAN_POINT('',(-100.32568421935,84.9,92.));
#2923=CARTESIAN_POINT('',(-100.32568421935,84.9,92.));
#2924=CARTESIAN_POINT('',(-100.32568421935,84.9,89.3));
#2925=CARTESIAN_POINT('',(-103.67431578065,84.9,89.3));
#2926=CARTESIAN_POINT('',(-103.67431578065,84.9,92.));
#2927=CARTESIAN_POINT('',(-103.67431578065,84.9,92.));
#2928=CARTESIAN_POINT('',(-103.67431578065,84.9,89.3));
#2929=CARTESIAN_POINT('',(-105.3486315613,82.,89.3));
#2930=CARTESIAN_POINT('',(-105.3486315613,82.,92.));
#2931=CARTESIAN_POINT('',(-105.3486315613,82.,92.));
#2932=CARTESIAN_POINT('',(-105.3486315613,82.,89.3));
#2933=CARTESIAN_POINT('',(-103.67431578065,79.1,89.3));
#2934=CARTESIAN_POINT('',(-103.67431578065,79.1,92.));
#2935=CARTESIAN_POINT('',(-103.67431578065,79.1,92.));
#2936=CARTESIAN_POINT('',(-103.67431578065,79.1,89.3));
#2937=CARTESIAN_POINT('',(0.,0.,89.3));
#2938=CARTESIAN_POINT('',(-102.,82.,89.3));
#2939=CARTESIAN_POINT('',(-100.3,82.,89.3));
#2940=CARTESIAN_POINT('',(-102.,82.,84.));
#2941=CARTESIAN_POINT('',(-102.,82.,84.));
#2942=CARTESIAN_POINT('',(-100.3,82.,84.));
#2943=CARTESIAN_POINT('',(-102.,82.,92.));
#2944=CARTESIAN_POINT('',(103.67431578065,-84.9,92.));
#2945=CARTESIAN_POINT('',(103.67431578065,-84.9,89.3));
#2946=CARTESIAN_POINT('',(103.67431578065,-84.9,89.3));
#2947=CARTESIAN_POINT('',(105.3486315613,-82.,89.3));
#2948=CARTESIAN_POINT('',(103.67431578065,-84.9,92.));
#2949=CARTESIAN_POINT('',(105.3486315613,-82.,92.));
#2950=CARTESIAN_POINT('',(105.3486315613,-82.,92.));
#2951=CARTESIAN_POINT('',(105.3486315613,-82.,89.3));
#2952=CARTESIAN_POINT('',(103.67431578065,-79.1,89.3));
#2953=CARTESIAN_POINT('',(103.67431578065,-79.1,92.));
#2954=CARTESIAN_POINT('',(103.67431578065,-79.1,92.));
#2955=CARTESIAN_POINT('',(103.67431578065,-79.1,89.3));
#2956=CARTESIAN_POINT('',(100.32568421935,-79.1,89.3));
#2957=CARTESIAN_POINT('',(100.32568421935,-79.1,92.));
#2958=CARTESIAN_POINT('',(100.32568421935,-79.1,92.));
#2959=CARTESIAN_POINT('',(100.32568421935,-79.1,89.3));
#2960=CARTESIAN_POINT('',(98.6513684387002,-82.,89.3));
#2961=CARTESIAN_POINT('',(98.6513684387002,-82.,92.));
#2962=CARTESIAN_POINT('',(98.6513684387002,-82.,92.));
#2963=CARTESIAN_POINT('',(98.6513684387002,-82.,89.3));
#2964=CARTESIAN_POINT('',(100.32568421935,-84.9,89.3));
#2965=CARTESIAN_POINT('',(100.32568421935,-84.9,92.));
#2966=CARTESIAN_POINT('',(100.32568421935,-84.9,92.));
#2967=CARTESIAN_POINT('',(100.32568421935,-84.9,89.3));
#2968=CARTESIAN_POINT('',(0.,0.,89.3));
#2969=CARTESIAN_POINT('',(102.,-82.,89.3));
#2970=CARTESIAN_POINT('',(103.7,-82.,89.3));
#2971=CARTESIAN_POINT('',(102.,-82.,84.));
#2972=CARTESIAN_POINT('',(102.,-82.,84.));
#2973=CARTESIAN_POINT('',(103.7,-82.,84.));
#2974=CARTESIAN_POINT('',(102.,-82.,92.));
#2975=CARTESIAN_POINT('',(103.67431578065,79.1,92.));
#2976=CARTESIAN_POINT('',(103.67431578065,79.1,89.3));
#2977=CARTESIAN_POINT('',(103.67431578065,79.1,89.3));
#2978=CARTESIAN_POINT('',(105.3486315613,82.,89.3));
#2979=CARTESIAN_POINT('',(103.67431578065,79.1,92.));
#2980=CARTESIAN_POINT('',(105.3486315613,82.,92.));
#2981=CARTESIAN_POINT('',(105.3486315613,82.,92.));
#2982=CARTESIAN_POINT('',(105.3486315613,82.,89.3));
#2983=CARTESIAN_POINT('',(103.67431578065,84.9,89.3));
#2984=CARTESIAN_POINT('',(103.67431578065,84.9,92.));
#2985=CARTESIAN_POINT('',(103.67431578065,84.9,92.));
#2986=CARTESIAN_POINT('',(103.67431578065,84.9,89.3));
#2987=CARTESIAN_POINT('',(100.32568421935,84.9,89.3));
#2988=CARTESIAN_POINT('',(100.32568421935,84.9,92.));
#2989=CARTESIAN_POINT('',(100.32568421935,84.9,92.));
#2990=CARTESIAN_POINT('',(100.32568421935,84.9,89.3));
#2991=CARTESIAN_POINT('',(98.6513684387002,82.,89.3));
#2992=CARTESIAN_POINT('',(98.6513684387002,82.,92.));
#2993=CARTESIAN_POINT('',(98.6513684387002,82.,92.));
#2994=CARTESIAN_POINT('',(98.6513684387002,82.,89.3));
#2995=CARTESIAN_POINT('',(100.32568421935,79.1,89.3));
#2996=CARTESIAN_POINT('',(100.32568421935,79.1,92.));
#2997=CARTESIAN_POINT('',(100.32568421935,79.1,92.));
#2998=CARTESIAN_POINT('',(100.32568421935,79.1,89.3));
#2999=CARTESIAN_POINT('',(0.,0.,89.3));
#3000=CARTESIAN_POINT('',(102.,82.,89.3));
#3001=CARTESIAN_POINT('',(103.7,82.,89.3));
#3002=CARTESIAN_POINT('',(102.,82.,84.));
#3003=CARTESIAN_POINT('',(102.,82.,84.));
#3004=CARTESIAN_POINT('',(103.7,82.,84.));
#3005=CARTESIAN_POINT('',(102.,82.,92.));
#3006=CARTESIAN_POINT('',(1.67431578064992,-84.9,92.));
#3007=CARTESIAN_POINT('',(1.67431578064992,-84.9,89.3));
#3008=CARTESIAN_POINT('',(1.67431578064992,-84.9,89.3));
#3009=CARTESIAN_POINT('',(3.34863156129983,-82.,89.3));
#3010=CARTESIAN_POINT('',(1.67431578064992,-84.9,92.));
#3011=CARTESIAN_POINT('',(3.34863156129983,-82.,92.));
#3012=CARTESIAN_POINT('',(3.34863156129983,-82.,92.));
#3013=CARTESIAN_POINT('',(3.34863156129983,-82.,89.3));
#3014=CARTESIAN_POINT('',(1.67431578064992,-79.1,89.3));
#3015=CARTESIAN_POINT('',(1.67431578064992,-79.1,92.));
#3016=CARTESIAN_POINT('',(1.67431578064992,-79.1,92.));
#3017=CARTESIAN_POINT('',(1.67431578064992,-79.1,89.3));
#3018=CARTESIAN_POINT('',(-1.67431578064991,-79.1,89.3));
#3019=CARTESIAN_POINT('',(-1.67431578064991,-79.1,92.));
#3020=CARTESIAN_POINT('',(-1.67431578064991,-79.1,92.));
#3021=CARTESIAN_POINT('',(-1.67431578064991,-79.1,89.3));
#3022=CARTESIAN_POINT('',(-3.34863156129983,-82.,89.3));
#3023=CARTESIAN_POINT('',(-3.34863156129983,-82.,92.));
#3024=CARTESIAN_POINT('',(-3.34863156129983,-82.,92.));
#3025=CARTESIAN_POINT('',(-3.34863156129983,-82.,89.3));
#3026=CARTESIAN_POINT('',(-1.67431578064992,-84.9,89.3));
#3027=CARTESIAN_POINT('',(-1.67431578064992,-84.9,92.));
#3028=CARTESIAN_POINT('',(-1.67431578064992,-84.9,92.));
#3029=CARTESIAN_POINT('',(-1.67431578064992,-84.9,89.3));
#3030=CARTESIAN_POINT('',(0.,0.,89.3));
#3031=CARTESIAN_POINT('',(0.,-82.,89.3));
#3032=CARTESIAN_POINT('',(1.7,-82.,89.3));
#3033=CARTESIAN_POINT('',(0.,-82.,84.));
#3034=CARTESIAN_POINT('',(0.,-82.,84.));
#3035=CARTESIAN_POINT('',(1.7,-82.,84.));
#3036=CARTESIAN_POINT('',(0.,-82.,92.));
#3037=CARTESIAN_POINT('',(1.67431578064992,79.1,92.));
#3038=CARTESIAN_POINT('',(1.67431578064992,79.1,89.3));
#3039=CARTESIAN_POINT('',(1.67431578064992,79.1,89.3));
#3040=CARTESIAN_POINT('',(3.34863156129983,82.,89.3));
#3041=CARTESIAN_POINT('',(1.67431578064992,79.1,92.));
#3042=CARTESIAN_POINT('',(3.34863156129983,82.,92.));
#3043=CARTESIAN_POINT('',(3.34863156129983,82.,92.));
#3044=CARTESIAN_POINT('',(3.34863156129983,82.,89.3));
#3045=CARTESIAN_POINT('',(1.67431578064992,84.9,89.3));
#3046=CARTESIAN_POINT('',(1.67431578064992,84.9,92.));
#3047=CARTESIAN_POINT('',(1.67431578064992,84.9,92.));
#3048=CARTESIAN_POINT('',(1.67431578064992,84.9,89.3));
#3049=CARTESIAN_POINT('',(-1.67431578064991,84.9,89.3));
#3050=CARTESIAN_POINT('',(-1.67431578064991,84.9,92.));
#3051=CARTESIAN_POINT('',(-1.67431578064991,84.9,92.));
#3052=CARTESIAN_POINT('',(-1.67431578064991,84.9,89.3));
#3053=CARTESIAN_POINT('',(-3.34863156129983,82.,89.3));
#3054=CARTESIAN_POINT('',(-3.34863156129983,82.,92.));
#3055=CARTESIAN_POINT('',(-3.34863156129983,82.,92.));
#3056=CARTESIAN_POINT('',(-3.34863156129983,82.,89.3));
#3057=CARTESIAN_POINT('',(-1.67431578064992,79.1,89.3));
#3058=CARTESIAN_POINT('',(-1.67431578064992,79.1,92.));
#3059=CARTESIAN_POINT('',(-1.67431578064992,79.1,92.));
#3060=CARTESIAN_POINT('',(-1.67431578064992,79.1,89.3));
#3061=CARTESIAN_POINT('',(0.,0.,89.3));
#3062=CARTESIAN_POINT('',(0.,82.,89.3));
#3063=CARTESIAN_POINT('',(1.7,82.,89.3));
#3064=CARTESIAN_POINT('',(0.,82.,84.));
#3065=CARTESIAN_POINT('',(0.,82.,84.));
#3066=CARTESIAN_POINT('',(1.7,82.,84.));
#3067=CARTESIAN_POINT('',(0.,82.,92.));
#3068=CARTESIAN_POINT('',(-91.,-84.,36.));
#3069=CARTESIAN_POINT('',(-91.,-84.,36.));
#3070=CARTESIAN_POINT('',(-91.,-84.,16.));
#3071=CARTESIAN_POINT('',(-25.,-92.,36.));
#3072=CARTESIAN_POINT('',(-25.,-92.,16.));
#3073=CARTESIAN_POINT('',(-25.,-92.,36.));
#3074=CARTESIAN_POINT('',(0.,0.,36.));
#3075=CARTESIAN_POINT('',(0.,0.,16.));
#3076=CARTESIAN_POINT('',(17.,-43.,4.));
#3077=CARTESIAN_POINT('',(63.,-43.,4.));
#3078=CARTESIAN_POINT('',(17.,18.,4.));
#3079=CARTESIAN_POINT('',(63.,18.,4.));
#3080=CARTESIAN_POINT('',(-84.,-70.,4.));
#3081=CARTESIAN_POINT('',(-84.,-44.,4.));
#3082=CARTESIAN_POINT('',(-26.,-70.,4.));
#3083=CARTESIAN_POINT('',(-26.,-44.,4.));
#3084=MECHANICAL_DESIGN_GEOMETRIC_PRESENTATION_REPRESENTATION('',(#1881),
#3085);
#3085=(
GEOMETRIC_REPRESENTATION_CONTEXT(3)
GLOBAL_UNCERTAINTY_ASSIGNED_CONTEXT((#3086))
GLOBAL_UNIT_ASSIGNED_CONTEXT((#3089,#3088,#3087))
REPRESENTATION_CONTEXT('B01b_open_base_box','TOP_LEVEL_ASSEMBLY_PART')
);
#3086=UNCERTAINTY_MEASURE_WITH_UNIT(LENGTH_MEASURE(0.005),#3089,
'DISTANCE_ACCURACY_VALUE','Maximum Tolerance applied to model');
#3087=(
NAMED_UNIT(*)
SI_UNIT($,.STERADIAN.)
SOLID_ANGLE_UNIT()
);
#3088=(
NAMED_UNIT(*)
PLANE_ANGLE_UNIT()
SI_UNIT($,.RADIAN.)
);
#3089=(
LENGTH_UNIT()
NAMED_UNIT(*)
SI_UNIT(.MILLI.,.METRE.)
);
#3090=PRODUCT_DEFINITION_SHAPE('','',#3091);
#3091=PRODUCT_DEFINITION('','',#3093,#3092);
#3092=PRODUCT_DEFINITION_CONTEXT('',#3099,'design');
#3093=PRODUCT_DEFINITION_FORMATION_WITH_SPECIFIED_SOURCE('','',#3095,
 .NOT_KNOWN.);
#3094=PRODUCT_RELATED_PRODUCT_CATEGORY('','',(#3095));
#3095=PRODUCT('B01b_open_base_box','B01b_open_base_box',
'B01b_open_base_box',(#3097));
#3096=PRODUCT_CATEGORY('','');
#3097=PRODUCT_CONTEXT('',#3099,'mechanical');
#3098=APPLICATION_PROTOCOL_DEFINITION('international standard',
'automotive_design',2010,#3099);
#3099=APPLICATION_CONTEXT(
'core data for automotive mechanical design processes');
ENDSEC;
END-ISO-10303-21;
