ISO-10303-21;
HEADER;
/* Generated by software containing ST-Developer
 * from STEP Tools, Inc. (www.steptools.com) 
 */
/* OPTION: strings as raw bytes, not using required /X/ escapes */

FILE_DESCRIPTION(
/* description */ ('Unknown'),
/* implementation_level */ '2;1');

FILE_NAME(
/* name */ 'G02_gripper_pinion_20T',
/* time_stamp */ '2026-09-23T11:56:44+08:00',
/* author */ ('Unknown'),
/* organization */ ('Unknown'),
/* preprocessor_version */ 'ST-DEVELOPER v16.7',
/* originating_system */ 'Solid Edge',
/* authorisation */ 'Unknown');

FILE_SCHEMA (('AUTOMOTIVE_DESIGN {1 0 10303 214 3 1 1}'));
ENDSEC;

DATA;
#10=PROPERTY_DEFINITION_REPRESENTATION(#14,#12);
#11=PROPERTY_DEFINITION_REPRESENTATION(#15,#13);
#12=REPRESENTATION('',(#16),#12803);
#13=REPRESENTATION('',(#17),#12803);
#14=PROPERTY_DEFINITION('pmi validation property','',#12808);
#15=PROPERTY_DEFINITION('pmi validation property','',#12808);
#16=VALUE_REPRESENTATION_ITEM('number of annotations',COUNT_MEASURE(0.));
#17=VALUE_REPRESENTATION_ITEM('number of views',COUNT_MEASURE(0.));
#18=SHAPE_REPRESENTATION_RELATIONSHIP('','',#8141,#19);
#19=ADVANCED_BREP_SHAPE_REPRESENTATION('',(#8139),#12803);
#20=LINE('',#10521,#1160);
#21=LINE('',#10524,#1161);
#22=LINE('',#10526,#1162);
#23=LINE('',#10528,#1163);
#24=LINE('',#10530,#1164);
#25=LINE('',#10532,#1165);
#26=LINE('',#10534,#1166);
#27=LINE('',#10536,#1167);
#28=LINE('',#10538,#1168);
#29=LINE('',#10540,#1169);
#30=LINE('',#10542,#1170);
#31=LINE('',#10544,#1171);
#32=LINE('',#10546,#1172);
#33=LINE('',#10548,#1173);
#34=LINE('',#10550,#1174);
#35=LINE('',#10552,#1175);
#36=LINE('',#10554,#1176);
#37=LINE('',#10556,#1177);
#38=LINE('',#10558,#1178);
#39=LINE('',#10560,#1179);
#40=LINE('',#10562,#1180);
#41=LINE('',#10564,#1181);
#42=LINE('',#10566,#1182);
#43=LINE('',#10568,#1183);
#44=LINE('',#10570,#1184);
#45=LINE('',#10572,#1185);
#46=LINE('',#10574,#1186);
#47=LINE('',#10576,#1187);
#48=LINE('',#10578,#1188);
#49=LINE('',#10580,#1189);
#50=LINE('',#10582,#1190);
#51=LINE('',#10584,#1191);
#52=LINE('',#10586,#1192);
#53=LINE('',#10588,#1193);
#54=LINE('',#10590,#1194);
#55=LINE('',#10592,#1195);
#56=LINE('',#10594,#1196);
#57=LINE('',#10596,#1197);
#58=LINE('',#10598,#1198);
#59=LINE('',#10600,#1199);
#60=LINE('',#10602,#1200);
#61=LINE('',#10604,#1201);
#62=LINE('',#10606,#1202);
#63=LINE('',#10608,#1203);
#64=LINE('',#10610,#1204);
#65=LINE('',#10612,#1205);
#66=LINE('',#10614,#1206);
#67=LINE('',#10616,#1207);
#68=LINE('',#10618,#1208);
#69=LINE('',#10620,#1209);
#70=LINE('',#10622,#1210);
#71=LINE('',#10624,#1211);
#72=LINE('',#10626,#1212);
#73=LINE('',#10628,#1213);
#74=LINE('',#10630,#1214);
#75=LINE('',#10632,#1215);
#76=LINE('',#10634,#1216);
#77=LINE('',#10636,#1217);
#78=LINE('',#10638,#1218);
#79=LINE('',#10640,#1219);
#80=LINE('',#10642,#1220);
#81=LINE('',#10644,#1221);
#82=LINE('',#10646,#1222);
#83=LINE('',#10648,#1223);
#84=LINE('',#10650,#1224);
#85=LINE('',#10652,#1225);
#86=LINE('',#10654,#1226);
#87=LINE('',#10656,#1227);
#88=LINE('',#10658,#1228);
#89=LINE('',#10660,#1229);
#90=LINE('',#10662,#1230);
#91=LINE('',#10664,#1231);
#92=LINE('',#10666,#1232);
#93=LINE('',#10668,#1233);
#94=LINE('',#10670,#1234);
#95=LINE('',#10672,#1235);
#96=LINE('',#10674,#1236);
#97=LINE('',#10676,#1237);
#98=LINE('',#10678,#1238);
#99=LINE('',#10680,#1239);
#100=LINE('',#10682,#1240);
#101=LINE('',#10684,#1241);
#102=LINE('',#10686,#1242);
#103=LINE('',#10688,#1243);
#104=LINE('',#10690,#1244);
#105=LINE('',#10692,#1245);
#106=LINE('',#10694,#1246);
#107=LINE('',#10696,#1247);
#108=LINE('',#10698,#1248);
#109=LINE('',#10700,#1249);
#110=LINE('',#10702,#1250);
#111=LINE('',#10704,#1251);
#112=LINE('',#10706,#1252);
#113=LINE('',#10708,#1253);
#114=LINE('',#10710,#1254);
#115=LINE('',#10712,#1255);
#116=LINE('',#10714,#1256);
#117=LINE('',#10716,#1257);
#118=LINE('',#10718,#1258);
#119=LINE('',#10720,#1259);
#120=LINE('',#10722,#1260);
#121=LINE('',#10724,#1261);
#122=LINE('',#10726,#1262);
#123=LINE('',#10728,#1263);
#124=LINE('',#10730,#1264);
#125=LINE('',#10732,#1265);
#126=LINE('',#10734,#1266);
#127=LINE('',#10736,#1267);
#128=LINE('',#10738,#1268);
#129=LINE('',#10740,#1269);
#130=LINE('',#10742,#1270);
#131=LINE('',#10744,#1271);
#132=LINE('',#10746,#1272);
#133=LINE('',#10748,#1273);
#134=LINE('',#10750,#1274);
#135=LINE('',#10752,#1275);
#136=LINE('',#10754,#1276);
#137=LINE('',#10756,#1277);
#138=LINE('',#10758,#1278);
#139=LINE('',#10760,#1279);
#140=LINE('',#10762,#1280);
#141=LINE('',#10764,#1281);
#142=LINE('',#10766,#1282);
#143=LINE('',#10768,#1283);
#144=LINE('',#10770,#1284);
#145=LINE('',#10772,#1285);
#146=LINE('',#10774,#1286);
#147=LINE('',#10776,#1287);
#148=LINE('',#10778,#1288);
#149=LINE('',#10780,#1289);
#150=LINE('',#10782,#1290);
#151=LINE('',#10784,#1291);
#152=LINE('',#10786,#1292);
#153=LINE('',#10788,#1293);
#154=LINE('',#10790,#1294);
#155=LINE('',#10792,#1295);
#156=LINE('',#10794,#1296);
#157=LINE('',#10796,#1297);
#158=LINE('',#10798,#1298);
#159=LINE('',#10800,#1299);
#160=LINE('',#10802,#1300);
#161=LINE('',#10804,#1301);
#162=LINE('',#10806,#1302);
#163=LINE('',#10808,#1303);
#164=LINE('',#10810,#1304);
#165=LINE('',#10812,#1305);
#166=LINE('',#10814,#1306);
#167=LINE('',#10816,#1307);
#168=LINE('',#10818,#1308);
#169=LINE('',#10820,#1309);
#170=LINE('',#10822,#1310);
#171=LINE('',#10824,#1311);
#172=LINE('',#10826,#1312);
#173=LINE('',#10828,#1313);
#174=LINE('',#10830,#1314);
#175=LINE('',#10832,#1315);
#176=LINE('',#10834,#1316);
#177=LINE('',#10836,#1317);
#178=LINE('',#10838,#1318);
#179=LINE('',#10840,#1319);
#180=LINE('',#10842,#1320);
#181=LINE('',#10844,#1321);
#182=LINE('',#10846,#1322);
#183=LINE('',#10848,#1323);
#184=LINE('',#10850,#1324);
#185=LINE('',#10852,#1325);
#186=LINE('',#10854,#1326);
#187=LINE('',#10856,#1327);
#188=LINE('',#10858,#1328);
#189=LINE('',#10860,#1329);
#190=LINE('',#10862,#1330);
#191=LINE('',#10864,#1331);
#192=LINE('',#10866,#1332);
#193=LINE('',#10868,#1333);
#194=LINE('',#10870,#1334);
#195=LINE('',#10872,#1335);
#196=LINE('',#10874,#1336);
#197=LINE('',#10876,#1337);
#198=LINE('',#10878,#1338);
#199=LINE('',#10880,#1339);
#200=LINE('',#10882,#1340);
#201=LINE('',#10884,#1341);
#202=LINE('',#10886,#1342);
#203=LINE('',#10888,#1343);
#204=LINE('',#10890,#1344);
#205=LINE('',#10892,#1345);
#206=LINE('',#10894,#1346);
#207=LINE('',#10896,#1347);
#208=LINE('',#10898,#1348);
#209=LINE('',#10900,#1349);
#210=LINE('',#10902,#1350);
#211=LINE('',#10904,#1351);
#212=LINE('',#10906,#1352);
#213=LINE('',#10908,#1353);
#214=LINE('',#10910,#1354);
#215=LINE('',#10912,#1355);
#216=LINE('',#10914,#1356);
#217=LINE('',#10916,#1357);
#218=LINE('',#10918,#1358);
#219=LINE('',#10920,#1359);
#220=LINE('',#10922,#1360);
#221=LINE('',#10924,#1361);
#222=LINE('',#10926,#1362);
#223=LINE('',#10928,#1363);
#224=LINE('',#10930,#1364);
#225=LINE('',#10932,#1365);
#226=LINE('',#10934,#1366);
#227=LINE('',#10936,#1367);
#228=LINE('',#10938,#1368);
#229=LINE('',#10940,#1369);
#230=LINE('',#10942,#1370);
#231=LINE('',#10944,#1371);
#232=LINE('',#10946,#1372);
#233=LINE('',#10948,#1373);
#234=LINE('',#10950,#1374);
#235=LINE('',#10952,#1375);
#236=LINE('',#10954,#1376);
#237=LINE('',#10956,#1377);
#238=LINE('',#10958,#1378);
#239=LINE('',#10960,#1379);
#240=LINE('',#10962,#1380);
#241=LINE('',#10964,#1381);
#242=LINE('',#10966,#1382);
#243=LINE('',#10968,#1383);
#244=LINE('',#10970,#1384);
#245=LINE('',#10972,#1385);
#246=LINE('',#10974,#1386);
#247=LINE('',#10976,#1387);
#248=LINE('',#10978,#1388);
#249=LINE('',#10980,#1389);
#250=LINE('',#10982,#1390);
#251=LINE('',#10984,#1391);
#252=LINE('',#10986,#1392);
#253=LINE('',#10988,#1393);
#254=LINE('',#10990,#1394);
#255=LINE('',#10992,#1395);
#256=LINE('',#10994,#1396);
#257=LINE('',#10996,#1397);
#258=LINE('',#10998,#1398);
#259=LINE('',#11000,#1399);
#260=LINE('',#11002,#1400);
#261=LINE('',#11004,#1401);
#262=LINE('',#11006,#1402);
#263=LINE('',#11008,#1403);
#264=LINE('',#11010,#1404);
#265=LINE('',#11012,#1405);
#266=LINE('',#11014,#1406);
#267=LINE('',#11016,#1407);
#268=LINE('',#11018,#1408);
#269=LINE('',#11020,#1409);
#270=LINE('',#11022,#1410);
#271=LINE('',#11024,#1411);
#272=LINE('',#11026,#1412);
#273=LINE('',#11028,#1413);
#274=LINE('',#11030,#1414);
#275=LINE('',#11032,#1415);
#276=LINE('',#11034,#1416);
#277=LINE('',#11036,#1417);
#278=LINE('',#11038,#1418);
#279=LINE('',#11040,#1419);
#280=LINE('',#11042,#1420);
#281=LINE('',#11044,#1421);
#282=LINE('',#11046,#1422);
#283=LINE('',#11048,#1423);
#284=LINE('',#11050,#1424);
#285=LINE('',#11052,#1425);
#286=LINE('',#11054,#1426);
#287=LINE('',#11056,#1427);
#288=LINE('',#11058,#1428);
#289=LINE('',#11060,#1429);
#290=LINE('',#11062,#1430);
#291=LINE('',#11064,#1431);
#292=LINE('',#11066,#1432);
#293=LINE('',#11068,#1433);
#294=LINE('',#11070,#1434);
#295=LINE('',#11072,#1435);
#296=LINE('',#11074,#1436);
#297=LINE('',#11076,#1437);
#298=LINE('',#11078,#1438);
#299=LINE('',#11080,#1439);
#300=LINE('',#11082,#1440);
#301=LINE('',#11084,#1441);
#302=LINE('',#11086,#1442);
#303=LINE('',#11088,#1443);
#304=LINE('',#11090,#1444);
#305=LINE('',#11092,#1445);
#306=LINE('',#11094,#1446);
#307=LINE('',#11096,#1447);
#308=LINE('',#11098,#1448);
#309=LINE('',#11100,#1449);
#310=LINE('',#11102,#1450);
#311=LINE('',#11104,#1451);
#312=LINE('',#11106,#1452);
#313=LINE('',#11108,#1453);
#314=LINE('',#11110,#1454);
#315=LINE('',#11112,#1455);
#316=LINE('',#11114,#1456);
#317=LINE('',#11116,#1457);
#318=LINE('',#11118,#1458);
#319=LINE('',#11120,#1459);
#320=LINE('',#11122,#1460);
#321=LINE('',#11124,#1461);
#322=LINE('',#11126,#1462);
#323=LINE('',#11128,#1463);
#324=LINE('',#11130,#1464);
#325=LINE('',#11132,#1465);
#326=LINE('',#11134,#1466);
#327=LINE('',#11136,#1467);
#328=LINE('',#11138,#1468);
#329=LINE('',#11140,#1469);
#330=LINE('',#11142,#1470);
#331=LINE('',#11144,#1471);
#332=LINE('',#11146,#1472);
#333=LINE('',#11148,#1473);
#334=LINE('',#11150,#1474);
#335=LINE('',#11152,#1475);
#336=LINE('',#11154,#1476);
#337=LINE('',#11156,#1477);
#338=LINE('',#11158,#1478);
#339=LINE('',#11160,#1479);
#340=LINE('',#11162,#1480);
#341=LINE('',#11164,#1481);
#342=LINE('',#11166,#1482);
#343=LINE('',#11168,#1483);
#344=LINE('',#11170,#1484);
#345=LINE('',#11172,#1485);
#346=LINE('',#11174,#1486);
#347=LINE('',#11176,#1487);
#348=LINE('',#11178,#1488);
#349=LINE('',#11180,#1489);
#350=LINE('',#11182,#1490);
#351=LINE('',#11184,#1491);
#352=LINE('',#11186,#1492);
#353=LINE('',#11188,#1493);
#354=LINE('',#11190,#1494);
#355=LINE('',#11192,#1495);
#356=LINE('',#11194,#1496);
#357=LINE('',#11196,#1497);
#358=LINE('',#11198,#1498);
#359=LINE('',#11200,#1499);
#360=LINE('',#11202,#1500);
#361=LINE('',#11204,#1501);
#362=LINE('',#11206,#1502);
#363=LINE('',#11208,#1503);
#364=LINE('',#11210,#1504);
#365=LINE('',#11212,#1505);
#366=LINE('',#11214,#1506);
#367=LINE('',#11216,#1507);
#368=LINE('',#11218,#1508);
#369=LINE('',#11220,#1509);
#370=LINE('',#11222,#1510);
#371=LINE('',#11224,#1511);
#372=LINE('',#11226,#1512);
#373=LINE('',#11228,#1513);
#374=LINE('',#11230,#1514);
#375=LINE('',#11232,#1515);
#376=LINE('',#11234,#1516);
#377=LINE('',#11236,#1517);
#378=LINE('',#11238,#1518);
#379=LINE('',#11240,#1519);
#380=LINE('',#11242,#1520);
#381=LINE('',#11244,#1521);
#382=LINE('',#11246,#1522);
#383=LINE('',#11248,#1523);
#384=LINE('',#11250,#1524);
#385=LINE('',#11252,#1525);
#386=LINE('',#11254,#1526);
#387=LINE('',#11256,#1527);
#388=LINE('',#11258,#1528);
#389=LINE('',#11260,#1529);
#390=LINE('',#11262,#1530);
#391=LINE('',#11264,#1531);
#392=LINE('',#11266,#1532);
#393=LINE('',#11268,#1533);
#394=LINE('',#11270,#1534);
#395=LINE('',#11272,#1535);
#396=LINE('',#11274,#1536);
#397=LINE('',#11276,#1537);
#398=LINE('',#11278,#1538);
#399=LINE('',#11280,#1539);
#400=LINE('',#11282,#1540);
#401=LINE('',#11284,#1541);
#402=LINE('',#11286,#1542);
#403=LINE('',#11288,#1543);
#404=LINE('',#11290,#1544);
#405=LINE('',#11292,#1545);
#406=LINE('',#11294,#1546);
#407=LINE('',#11296,#1547);
#408=LINE('',#11298,#1548);
#409=LINE('',#11300,#1549);
#410=LINE('',#11302,#1550);
#411=LINE('',#11304,#1551);
#412=LINE('',#11306,#1552);
#413=LINE('',#11308,#1553);
#414=LINE('',#11310,#1554);
#415=LINE('',#11312,#1555);
#416=LINE('',#11314,#1556);
#417=LINE('',#11316,#1557);
#418=LINE('',#11318,#1558);
#419=LINE('',#11320,#1559);
#420=LINE('',#11322,#1560);
#421=LINE('',#11324,#1561);
#422=LINE('',#11326,#1562);
#423=LINE('',#11328,#1563);
#424=LINE('',#11330,#1564);
#425=LINE('',#11332,#1565);
#426=LINE('',#11334,#1566);
#427=LINE('',#11336,#1567);
#428=LINE('',#11338,#1568);
#429=LINE('',#11340,#1569);
#430=LINE('',#11342,#1570);
#431=LINE('',#11344,#1571);
#432=LINE('',#11346,#1572);
#433=LINE('',#11348,#1573);
#434=LINE('',#11350,#1574);
#435=LINE('',#11352,#1575);
#436=LINE('',#11354,#1576);
#437=LINE('',#11356,#1577);
#438=LINE('',#11358,#1578);
#439=LINE('',#11360,#1579);
#440=LINE('',#11362,#1580);
#441=LINE('',#11364,#1581);
#442=LINE('',#11366,#1582);
#443=LINE('',#11368,#1583);
#444=LINE('',#11370,#1584);
#445=LINE('',#11372,#1585);
#446=LINE('',#11374,#1586);
#447=LINE('',#11376,#1587);
#448=LINE('',#11378,#1588);
#449=LINE('',#11380,#1589);
#450=LINE('',#11382,#1590);
#451=LINE('',#11384,#1591);
#452=LINE('',#11386,#1592);
#453=LINE('',#11388,#1593);
#454=LINE('',#11390,#1594);
#455=LINE('',#11392,#1595);
#456=LINE('',#11394,#1596);
#457=LINE('',#11396,#1597);
#458=LINE('',#11398,#1598);
#459=LINE('',#11400,#1599);
#460=LINE('',#11402,#1600);
#461=LINE('',#11404,#1601);
#462=LINE('',#11406,#1602);
#463=LINE('',#11408,#1603);
#464=LINE('',#11410,#1604);
#465=LINE('',#11412,#1605);
#466=LINE('',#11414,#1606);
#467=LINE('',#11416,#1607);
#468=LINE('',#11418,#1608);
#469=LINE('',#11420,#1609);
#470=LINE('',#11422,#1610);
#471=LINE('',#11424,#1611);
#472=LINE('',#11426,#1612);
#473=LINE('',#11428,#1613);
#474=LINE('',#11430,#1614);
#475=LINE('',#11432,#1615);
#476=LINE('',#11434,#1616);
#477=LINE('',#11436,#1617);
#478=LINE('',#11438,#1618);
#479=LINE('',#11440,#1619);
#480=LINE('',#11442,#1620);
#481=LINE('',#11444,#1621);
#482=LINE('',#11446,#1622);
#483=LINE('',#11448,#1623);
#484=LINE('',#11450,#1624);
#485=LINE('',#11452,#1625);
#486=LINE('',#11454,#1626);
#487=LINE('',#11456,#1627);
#488=LINE('',#11458,#1628);
#489=LINE('',#11460,#1629);
#490=LINE('',#11462,#1630);
#491=LINE('',#11464,#1631);
#492=LINE('',#11466,#1632);
#493=LINE('',#11468,#1633);
#494=LINE('',#11470,#1634);
#495=LINE('',#11472,#1635);
#496=LINE('',#11474,#1636);
#497=LINE('',#11476,#1637);
#498=LINE('',#11478,#1638);
#499=LINE('',#11480,#1639);
#500=LINE('',#11482,#1640);
#501=LINE('',#11484,#1641);
#502=LINE('',#11486,#1642);
#503=LINE('',#11488,#1643);
#504=LINE('',#11490,#1644);
#505=LINE('',#11492,#1645);
#506=LINE('',#11494,#1646);
#507=LINE('',#11496,#1647);
#508=LINE('',#11498,#1648);
#509=LINE('',#11500,#1649);
#510=LINE('',#11502,#1650);
#511=LINE('',#11504,#1651);
#512=LINE('',#11506,#1652);
#513=LINE('',#11508,#1653);
#514=LINE('',#11510,#1654);
#515=LINE('',#11512,#1655);
#516=LINE('',#11514,#1656);
#517=LINE('',#11516,#1657);
#518=LINE('',#11518,#1658);
#519=LINE('',#11520,#1659);
#520=LINE('',#11522,#1660);
#521=LINE('',#11524,#1661);
#522=LINE('',#11526,#1662);
#523=LINE('',#11528,#1663);
#524=LINE('',#11530,#1664);
#525=LINE('',#11532,#1665);
#526=LINE('',#11534,#1666);
#527=LINE('',#11536,#1667);
#528=LINE('',#11538,#1668);
#529=LINE('',#11540,#1669);
#530=LINE('',#11542,#1670);
#531=LINE('',#11544,#1671);
#532=LINE('',#11546,#1672);
#533=LINE('',#11548,#1673);
#534=LINE('',#11550,#1674);
#535=LINE('',#11552,#1675);
#536=LINE('',#11554,#1676);
#537=LINE('',#11556,#1677);
#538=LINE('',#11558,#1678);
#539=LINE('',#11560,#1679);
#540=LINE('',#11562,#1680);
#541=LINE('',#11564,#1681);
#542=LINE('',#11566,#1682);
#543=LINE('',#11568,#1683);
#544=LINE('',#11570,#1684);
#545=LINE('',#11572,#1685);
#546=LINE('',#11574,#1686);
#547=LINE('',#11576,#1687);
#548=LINE('',#11578,#1688);
#549=LINE('',#11580,#1689);
#550=LINE('',#11582,#1690);
#551=LINE('',#11584,#1691);
#552=LINE('',#11586,#1692);
#553=LINE('',#11588,#1693);
#554=LINE('',#11590,#1694);
#555=LINE('',#11592,#1695);
#556=LINE('',#11594,#1696);
#557=LINE('',#11596,#1697);
#558=LINE('',#11598,#1698);
#559=LINE('',#11600,#1699);
#560=LINE('',#11602,#1700);
#561=LINE('',#11604,#1701);
#562=LINE('',#11606,#1702);
#563=LINE('',#11608,#1703);
#564=LINE('',#11610,#1704);
#565=LINE('',#11612,#1705);
#566=LINE('',#11614,#1706);
#567=LINE('',#11616,#1707);
#568=LINE('',#11618,#1708);
#569=LINE('',#11620,#1709);
#570=LINE('',#11622,#1710);
#571=LINE('',#11624,#1711);
#572=LINE('',#11626,#1712);
#573=LINE('',#11628,#1713);
#574=LINE('',#11630,#1714);
#575=LINE('',#11632,#1715);
#576=LINE('',#11634,#1716);
#577=LINE('',#11636,#1717);
#578=LINE('',#11638,#1718);
#579=LINE('',#11640,#1719);
#580=LINE('',#11642,#1720);
#581=LINE('',#11644,#1721);
#582=LINE('',#11646,#1722);
#583=LINE('',#11648,#1723);
#584=LINE('',#11650,#1724);
#585=LINE('',#11652,#1725);
#586=LINE('',#11654,#1726);
#587=LINE('',#11656,#1727);
#588=LINE('',#11658,#1728);
#589=LINE('',#11660,#1729);
#590=LINE('',#11662,#1730);
#591=LINE('',#11664,#1731);
#592=LINE('',#11666,#1732);
#593=LINE('',#11668,#1733);
#594=LINE('',#11670,#1734);
#595=LINE('',#11672,#1735);
#596=LINE('',#11674,#1736);
#597=LINE('',#11676,#1737);
#598=LINE('',#11678,#1738);
#599=LINE('',#11680,#1739);
#600=LINE('',#11682,#1740);
#601=LINE('',#11684,#1741);
#602=LINE('',#11686,#1742);
#603=LINE('',#11688,#1743);
#604=LINE('',#11690,#1744);
#605=LINE('',#11692,#1745);
#606=LINE('',#11694,#1746);
#607=LINE('',#11696,#1747);
#608=LINE('',#11698,#1748);
#609=LINE('',#11700,#1749);
#610=LINE('',#11702,#1750);
#611=LINE('',#11704,#1751);
#612=LINE('',#11706,#1752);
#613=LINE('',#11708,#1753);
#614=LINE('',#11710,#1754);
#615=LINE('',#11712,#1755);
#616=LINE('',#11714,#1756);
#617=LINE('',#11716,#1757);
#618=LINE('',#11718,#1758);
#619=LINE('',#11720,#1759);
#620=LINE('',#11722,#1760);
#621=LINE('',#11724,#1761);
#622=LINE('',#11726,#1762);
#623=LINE('',#11728,#1763);
#624=LINE('',#11730,#1764);
#625=LINE('',#11732,#1765);
#626=LINE('',#11734,#1766);
#627=LINE('',#11736,#1767);
#628=LINE('',#11738,#1768);
#629=LINE('',#11740,#1769);
#630=LINE('',#11742,#1770);
#631=LINE('',#11744,#1771);
#632=LINE('',#11746,#1772);
#633=LINE('',#11748,#1773);
#634=LINE('',#11750,#1774);
#635=LINE('',#11752,#1775);
#636=LINE('',#11754,#1776);
#637=LINE('',#11756,#1777);
#638=LINE('',#11758,#1778);
#639=LINE('',#11760,#1779);
#640=LINE('',#11762,#1780);
#641=LINE('',#11764,#1781);
#642=LINE('',#11766,#1782);
#643=LINE('',#11768,#1783);
#644=LINE('',#11770,#1784);
#645=LINE('',#11772,#1785);
#646=LINE('',#11774,#1786);
#647=LINE('',#11776,#1787);
#648=LINE('',#11778,#1788);
#649=LINE('',#11780,#1789);
#650=LINE('',#11782,#1790);
#651=LINE('',#11784,#1791);
#652=LINE('',#11786,#1792);
#653=LINE('',#11788,#1793);
#654=LINE('',#11790,#1794);
#655=LINE('',#11792,#1795);
#656=LINE('',#11794,#1796);
#657=LINE('',#11796,#1797);
#658=LINE('',#11798,#1798);
#659=LINE('',#11800,#1799);
#660=LINE('',#11802,#1800);
#661=LINE('',#11804,#1801);
#662=LINE('',#11806,#1802);
#663=LINE('',#11808,#1803);
#664=LINE('',#11810,#1804);
#665=LINE('',#11812,#1805);
#666=LINE('',#11814,#1806);
#667=LINE('',#11816,#1807);
#668=LINE('',#11818,#1808);
#669=LINE('',#11820,#1809);
#670=LINE('',#11822,#1810);
#671=LINE('',#11824,#1811);
#672=LINE('',#11826,#1812);
#673=LINE('',#11828,#1813);
#674=LINE('',#11830,#1814);
#675=LINE('',#11832,#1815);
#676=LINE('',#11834,#1816);
#677=LINE('',#11836,#1817);
#678=LINE('',#11838,#1818);
#679=LINE('',#11840,#1819);
#680=LINE('',#11842,#1820);
#681=LINE('',#11844,#1821);
#682=LINE('',#11846,#1822);
#683=LINE('',#11848,#1823);
#684=LINE('',#11850,#1824);
#685=LINE('',#11852,#1825);
#686=LINE('',#11854,#1826);
#687=LINE('',#11856,#1827);
#688=LINE('',#11858,#1828);
#689=LINE('',#11860,#1829);
#690=LINE('',#11862,#1830);
#691=LINE('',#11864,#1831);
#692=LINE('',#11866,#1832);
#693=LINE('',#11868,#1833);
#694=LINE('',#11870,#1834);
#695=LINE('',#11872,#1835);
#696=LINE('',#11874,#1836);
#697=LINE('',#11876,#1837);
#698=LINE('',#11878,#1838);
#699=LINE('',#11880,#1839);
#700=LINE('',#11882,#1840);
#701=LINE('',#11884,#1841);
#702=LINE('',#11886,#1842);
#703=LINE('',#11888,#1843);
#704=LINE('',#11890,#1844);
#705=LINE('',#11892,#1845);
#706=LINE('',#11894,#1846);
#707=LINE('',#11896,#1847);
#708=LINE('',#11898,#1848);
#709=LINE('',#11900,#1849);
#710=LINE('',#11902,#1850);
#711=LINE('',#11904,#1851);
#712=LINE('',#11906,#1852);
#713=LINE('',#11908,#1853);
#714=LINE('',#11910,#1854);
#715=LINE('',#11912,#1855);
#716=LINE('',#11914,#1856);
#717=LINE('',#11916,#1857);
#718=LINE('',#11918,#1858);
#719=LINE('',#11920,#1859);
#720=LINE('',#11922,#1860);
#721=LINE('',#11924,#1861);
#722=LINE('',#11926,#1862);
#723=LINE('',#11928,#1863);
#724=LINE('',#11930,#1864);
#725=LINE('',#11932,#1865);
#726=LINE('',#11934,#1866);
#727=LINE('',#11936,#1867);
#728=LINE('',#11938,#1868);
#729=LINE('',#11940,#1869);
#730=LINE('',#11942,#1870);
#731=LINE('',#11944,#1871);
#732=LINE('',#11946,#1872);
#733=LINE('',#11948,#1873);
#734=LINE('',#11950,#1874);
#735=LINE('',#11952,#1875);
#736=LINE('',#11954,#1876);
#737=LINE('',#11956,#1877);
#738=LINE('',#11958,#1878);
#739=LINE('',#11960,#1879);
#740=LINE('',#11962,#1880);
#741=LINE('',#11964,#1881);
#742=LINE('',#11966,#1882);
#743=LINE('',#11968,#1883);
#744=LINE('',#11970,#1884);
#745=LINE('',#11972,#1885);
#746=LINE('',#11974,#1886);
#747=LINE('',#11976,#1887);
#748=LINE('',#11978,#1888);
#749=LINE('',#11980,#1889);
#750=LINE('',#11982,#1890);
#751=LINE('',#11984,#1891);
#752=LINE('',#11986,#1892);
#753=LINE('',#11988,#1893);
#754=LINE('',#11990,#1894);
#755=LINE('',#11992,#1895);
#756=LINE('',#11994,#1896);
#757=LINE('',#11996,#1897);
#758=LINE('',#11998,#1898);
#759=LINE('',#12000,#1899);
#760=LINE('',#12002,#1900);
#761=LINE('',#12004,#1901);
#762=LINE('',#12006,#1902);
#763=LINE('',#12008,#1903);
#764=LINE('',#12010,#1904);
#765=LINE('',#12012,#1905);
#766=LINE('',#12014,#1906);
#767=LINE('',#12016,#1907);
#768=LINE('',#12018,#1908);
#769=LINE('',#12020,#1909);
#770=LINE('',#12022,#1910);
#771=LINE('',#12024,#1911);
#772=LINE('',#12026,#1912);
#773=LINE('',#12028,#1913);
#774=LINE('',#12030,#1914);
#775=LINE('',#12032,#1915);
#776=LINE('',#12034,#1916);
#777=LINE('',#12036,#1917);
#778=LINE('',#12038,#1918);
#779=LINE('',#12040,#1919);
#780=LINE('',#12042,#1920);
#781=LINE('',#12044,#1921);
#782=LINE('',#12046,#1922);
#783=LINE('',#12048,#1923);
#784=LINE('',#12050,#1924);
#785=LINE('',#12052,#1925);
#786=LINE('',#12054,#1926);
#787=LINE('',#12056,#1927);
#788=LINE('',#12058,#1928);
#789=LINE('',#12060,#1929);
#790=LINE('',#12062,#1930);
#791=LINE('',#12064,#1931);
#792=LINE('',#12066,#1932);
#793=LINE('',#12068,#1933);
#794=LINE('',#12070,#1934);
#795=LINE('',#12072,#1935);
#796=LINE('',#12074,#1936);
#797=LINE('',#12076,#1937);
#798=LINE('',#12078,#1938);
#799=LINE('',#12080,#1939);
#800=LINE('',#12082,#1940);
#801=LINE('',#12084,#1941);
#802=LINE('',#12086,#1942);
#803=LINE('',#12088,#1943);
#804=LINE('',#12090,#1944);
#805=LINE('',#12092,#1945);
#806=LINE('',#12094,#1946);
#807=LINE('',#12096,#1947);
#808=LINE('',#12098,#1948);
#809=LINE('',#12100,#1949);
#810=LINE('',#12102,#1950);
#811=LINE('',#12104,#1951);
#812=LINE('',#12106,#1952);
#813=LINE('',#12108,#1953);
#814=LINE('',#12110,#1954);
#815=LINE('',#12112,#1955);
#816=LINE('',#12114,#1956);
#817=LINE('',#12116,#1957);
#818=LINE('',#12118,#1958);
#819=LINE('',#12120,#1959);
#820=LINE('',#12122,#1960);
#821=LINE('',#12124,#1961);
#822=LINE('',#12126,#1962);
#823=LINE('',#12128,#1963);
#824=LINE('',#12130,#1964);
#825=LINE('',#12132,#1965);
#826=LINE('',#12134,#1966);
#827=LINE('',#12136,#1967);
#828=LINE('',#12138,#1968);
#829=LINE('',#12140,#1969);
#830=LINE('',#12142,#1970);
#831=LINE('',#12144,#1971);
#832=LINE('',#12146,#1972);
#833=LINE('',#12148,#1973);
#834=LINE('',#12150,#1974);
#835=LINE('',#12152,#1975);
#836=LINE('',#12154,#1976);
#837=LINE('',#12156,#1977);
#838=LINE('',#12158,#1978);
#839=LINE('',#12160,#1979);
#840=LINE('',#12162,#1980);
#841=LINE('',#12164,#1981);
#842=LINE('',#12166,#1982);
#843=LINE('',#12168,#1983);
#844=LINE('',#12170,#1984);
#845=LINE('',#12172,#1985);
#846=LINE('',#12174,#1986);
#847=LINE('',#12176,#1987);
#848=LINE('',#12178,#1988);
#849=LINE('',#12180,#1989);
#850=LINE('',#12182,#1990);
#851=LINE('',#12184,#1991);
#852=LINE('',#12186,#1992);
#853=LINE('',#12188,#1993);
#854=LINE('',#12190,#1994);
#855=LINE('',#12192,#1995);
#856=LINE('',#12194,#1996);
#857=LINE('',#12196,#1997);
#858=LINE('',#12198,#1998);
#859=LINE('',#12200,#1999);
#860=LINE('',#12202,#2000);
#861=LINE('',#12204,#2001);
#862=LINE('',#12206,#2002);
#863=LINE('',#12208,#2003);
#864=LINE('',#12210,#2004);
#865=LINE('',#12212,#2005);
#866=LINE('',#12214,#2006);
#867=LINE('',#12216,#2007);
#868=LINE('',#12218,#2008);
#869=LINE('',#12220,#2009);
#870=LINE('',#12222,#2010);
#871=LINE('',#12224,#2011);
#872=LINE('',#12226,#2012);
#873=LINE('',#12228,#2013);
#874=LINE('',#12230,#2014);
#875=LINE('',#12232,#2015);
#876=LINE('',#12234,#2016);
#877=LINE('',#12236,#2017);
#878=LINE('',#12238,#2018);
#879=LINE('',#12240,#2019);
#880=LINE('',#12242,#2020);
#881=LINE('',#12244,#2021);
#882=LINE('',#12246,#2022);
#883=LINE('',#12248,#2023);
#884=LINE('',#12250,#2024);
#885=LINE('',#12252,#2025);
#886=LINE('',#12254,#2026);
#887=LINE('',#12256,#2027);
#888=LINE('',#12258,#2028);
#889=LINE('',#12260,#2029);
#890=LINE('',#12262,#2030);
#891=LINE('',#12264,#2031);
#892=LINE('',#12266,#2032);
#893=LINE('',#12268,#2033);
#894=LINE('',#12270,#2034);
#895=LINE('',#12272,#2035);
#896=LINE('',#12274,#2036);
#897=LINE('',#12276,#2037);
#898=LINE('',#12278,#2038);
#899=LINE('',#12280,#2039);
#900=LINE('',#12282,#2040);
#901=LINE('',#12284,#2041);
#902=LINE('',#12286,#2042);
#903=LINE('',#12288,#2043);
#904=LINE('',#12290,#2044);
#905=LINE('',#12292,#2045);
#906=LINE('',#12294,#2046);
#907=LINE('',#12296,#2047);
#908=LINE('',#12298,#2048);
#909=LINE('',#12300,#2049);
#910=LINE('',#12302,#2050);
#911=LINE('',#12304,#2051);
#912=LINE('',#12306,#2052);
#913=LINE('',#12308,#2053);
#914=LINE('',#12310,#2054);
#915=LINE('',#12312,#2055);
#916=LINE('',#12314,#2056);
#917=LINE('',#12316,#2057);
#918=LINE('',#12318,#2058);
#919=LINE('',#12320,#2059);
#920=LINE('',#12322,#2060);
#921=LINE('',#12324,#2061);
#922=LINE('',#12326,#2062);
#923=LINE('',#12328,#2063);
#924=LINE('',#12330,#2064);
#925=LINE('',#12332,#2065);
#926=LINE('',#12334,#2066);
#927=LINE('',#12336,#2067);
#928=LINE('',#12338,#2068);
#929=LINE('',#12340,#2069);
#930=LINE('',#12342,#2070);
#931=LINE('',#12344,#2071);
#932=LINE('',#12346,#2072);
#933=LINE('',#12348,#2073);
#934=LINE('',#12350,#2074);
#935=LINE('',#12352,#2075);
#936=LINE('',#12354,#2076);
#937=LINE('',#12356,#2077);
#938=LINE('',#12358,#2078);
#939=LINE('',#12360,#2079);
#940=LINE('',#12362,#2080);
#941=LINE('',#12364,#2081);
#942=LINE('',#12366,#2082);
#943=LINE('',#12368,#2083);
#944=LINE('',#12370,#2084);
#945=LINE('',#12372,#2085);
#946=LINE('',#12374,#2086);
#947=LINE('',#12376,#2087);
#948=LINE('',#12378,#2088);
#949=LINE('',#12380,#2089);
#950=LINE('',#12382,#2090);
#951=LINE('',#12384,#2091);
#952=LINE('',#12386,#2092);
#953=LINE('',#12388,#2093);
#954=LINE('',#12390,#2094);
#955=LINE('',#12392,#2095);
#956=LINE('',#12394,#2096);
#957=LINE('',#12396,#2097);
#958=LINE('',#12398,#2098);
#959=LINE('',#12400,#2099);
#960=LINE('',#12402,#2100);
#961=LINE('',#12404,#2101);
#962=LINE('',#12406,#2102);
#963=LINE('',#12408,#2103);
#964=LINE('',#12410,#2104);
#965=LINE('',#12412,#2105);
#966=LINE('',#12414,#2106);
#967=LINE('',#12416,#2107);
#968=LINE('',#12418,#2108);
#969=LINE('',#12420,#2109);
#970=LINE('',#12422,#2110);
#971=LINE('',#12424,#2111);
#972=LINE('',#12426,#2112);
#973=LINE('',#12428,#2113);
#974=LINE('',#12430,#2114);
#975=LINE('',#12432,#2115);
#976=LINE('',#12434,#2116);
#977=LINE('',#12436,#2117);
#978=LINE('',#12438,#2118);
#979=LINE('',#12440,#2119);
#980=LINE('',#12442,#2120);
#981=LINE('',#12444,#2121);
#982=LINE('',#12446,#2122);
#983=LINE('',#12448,#2123);
#984=LINE('',#12450,#2124);
#985=LINE('',#12452,#2125);
#986=LINE('',#12454,#2126);
#987=LINE('',#12456,#2127);
#988=LINE('',#12458,#2128);
#989=LINE('',#12460,#2129);
#990=LINE('',#12462,#2130);
#991=LINE('',#12464,#2131);
#992=LINE('',#12466,#2132);
#993=LINE('',#12468,#2133);
#994=LINE('',#12470,#2134);
#995=LINE('',#12472,#2135);
#996=LINE('',#12474,#2136);
#997=LINE('',#12476,#2137);
#998=LINE('',#12478,#2138);
#999=LINE('',#12480,#2139);
#1000=LINE('',#12482,#2140);
#1001=LINE('',#12484,#2141);
#1002=LINE('',#12486,#2142);
#1003=LINE('',#12488,#2143);
#1004=LINE('',#12490,#2144);
#1005=LINE('',#12492,#2145);
#1006=LINE('',#12494,#2146);
#1007=LINE('',#12496,#2147);
#1008=LINE('',#12498,#2148);
#1009=LINE('',#12500,#2149);
#1010=LINE('',#12502,#2150);
#1011=LINE('',#12504,#2151);
#1012=LINE('',#12506,#2152);
#1013=LINE('',#12508,#2153);
#1014=LINE('',#12510,#2154);
#1015=LINE('',#12512,#2155);
#1016=LINE('',#12514,#2156);
#1017=LINE('',#12516,#2157);
#1018=LINE('',#12518,#2158);
#1019=LINE('',#12520,#2159);
#1020=LINE('',#12522,#2160);
#1021=LINE('',#12524,#2161);
#1022=LINE('',#12526,#2162);
#1023=LINE('',#12528,#2163);
#1024=LINE('',#12530,#2164);
#1025=LINE('',#12532,#2165);
#1026=LINE('',#12534,#2166);
#1027=LINE('',#12536,#2167);
#1028=LINE('',#12538,#2168);
#1029=LINE('',#12540,#2169);
#1030=LINE('',#12542,#2170);
#1031=LINE('',#12544,#2171);
#1032=LINE('',#12546,#2172);
#1033=LINE('',#12548,#2173);
#1034=LINE('',#12550,#2174);
#1035=LINE('',#12552,#2175);
#1036=LINE('',#12554,#2176);
#1037=LINE('',#12556,#2177);
#1038=LINE('',#12558,#2178);
#1039=LINE('',#12560,#2179);
#1040=LINE('',#12562,#2180);
#1041=LINE('',#12564,#2181);
#1042=LINE('',#12566,#2182);
#1043=LINE('',#12568,#2183);
#1044=LINE('',#12570,#2184);
#1045=LINE('',#12572,#2185);
#1046=LINE('',#12574,#2186);
#1047=LINE('',#12576,#2187);
#1048=LINE('',#12578,#2188);
#1049=LINE('',#12580,#2189);
#1050=LINE('',#12582,#2190);
#1051=LINE('',#12584,#2191);
#1052=LINE('',#12586,#2192);
#1053=LINE('',#12588,#2193);
#1054=LINE('',#12590,#2194);
#1055=LINE('',#12592,#2195);
#1056=LINE('',#12594,#2196);
#1057=LINE('',#12596,#2197);
#1058=LINE('',#12598,#2198);
#1059=LINE('',#12600,#2199);
#1060=LINE('',#12602,#2200);
#1061=LINE('',#12604,#2201);
#1062=LINE('',#12606,#2202);
#1063=LINE('',#12608,#2203);
#1064=LINE('',#12610,#2204);
#1065=LINE('',#12612,#2205);
#1066=LINE('',#12614,#2206);
#1067=LINE('',#12616,#2207);
#1068=LINE('',#12618,#2208);
#1069=LINE('',#12620,#2209);
#1070=LINE('',#12622,#2210);
#1071=LINE('',#12624,#2211);
#1072=LINE('',#12626,#2212);
#1073=LINE('',#12628,#2213);
#1074=LINE('',#12630,#2214);
#1075=LINE('',#12632,#2215);
#1076=LINE('',#12634,#2216);
#1077=LINE('',#12636,#2217);
#1078=LINE('',#12638,#2218);
#1079=LINE('',#12640,#2219);
#1080=LINE('',#12642,#2220);
#1081=LINE('',#12644,#2221);
#1082=LINE('',#12646,#2222);
#1083=LINE('',#12648,#2223);
#1084=LINE('',#12650,#2224);
#1085=LINE('',#12652,#2225);
#1086=LINE('',#12654,#2226);
#1087=LINE('',#12656,#2227);
#1088=LINE('',#12658,#2228);
#1089=LINE('',#12660,#2229);
#1090=LINE('',#12662,#2230);
#1091=LINE('',#12664,#2231);
#1092=LINE('',#12666,#2232);
#1093=LINE('',#12668,#2233);
#1094=LINE('',#12670,#2234);
#1095=LINE('',#12672,#2235);
#1096=LINE('',#12674,#2236);
#1097=LINE('',#12676,#2237);
#1098=LINE('',#12678,#2238);
#1099=LINE('',#12680,#2239);
#1100=LINE('',#12682,#2240);
#1101=LINE('',#12684,#2241);
#1102=LINE('',#12686,#2242);
#1103=LINE('',#12688,#2243);
#1104=LINE('',#12690,#2244);
#1105=LINE('',#12692,#2245);
#1106=LINE('',#12694,#2246);
#1107=LINE('',#12696,#2247);
#1108=LINE('',#12698,#2248);
#1109=LINE('',#12700,#2249);
#1110=LINE('',#12702,#2250);
#1111=LINE('',#12704,#2251);
#1112=LINE('',#12706,#2252);
#1113=LINE('',#12708,#2253);
#1114=LINE('',#12710,#2254);
#1115=LINE('',#12712,#2255);
#1116=LINE('',#12714,#2256);
#1117=LINE('',#12716,#2257);
#1118=LINE('',#12718,#2258);
#1119=LINE('',#12720,#2259);
#1120=LINE('',#12722,#2260);
#1121=LINE('',#12724,#2261);
#1122=LINE('',#12726,#2262);
#1123=LINE('',#12728,#2263);
#1124=LINE('',#12730,#2264);
#1125=LINE('',#12732,#2265);
#1126=LINE('',#12734,#2266);
#1127=LINE('',#12736,#2267);
#1128=LINE('',#12738,#2268);
#1129=LINE('',#12740,#2269);
#1130=LINE('',#12742,#2270);
#1131=LINE('',#12744,#2271);
#1132=LINE('',#12746,#2272);
#1133=LINE('',#12748,#2273);
#1134=LINE('',#12750,#2274);
#1135=LINE('',#12752,#2275);
#1136=LINE('',#12754,#2276);
#1137=LINE('',#12756,#2277);
#1138=LINE('',#12758,#2278);
#1139=LINE('',#12760,#2279);
#1140=LINE('',#12762,#2280);
#1141=LINE('',#12764,#2281);
#1142=LINE('',#12766,#2282);
#1143=LINE('',#12768,#2283);
#1144=LINE('',#12770,#2284);
#1145=LINE('',#12772,#2285);
#1146=LINE('',#12774,#2286);
#1147=LINE('',#12776,#2287);
#1148=LINE('',#12778,#2288);
#1149=LINE('',#12780,#2289);
#1150=LINE('',#12782,#2290);
#1151=LINE('',#12784,#2291);
#1152=LINE('',#12786,#2292);
#1153=LINE('',#12788,#2293);
#1154=LINE('',#12790,#2294);
#1155=LINE('',#12792,#2295);
#1156=LINE('',#12794,#2296);
#1157=LINE('',#12796,#2297);
#1158=LINE('',#12798,#2298);
#1159=LINE('',#12799,#2299);
#1160=VECTOR('',#8586,1000.);
#1161=VECTOR('',#8587,1000.);
#1162=VECTOR('',#8588,1000.);
#1163=VECTOR('',#8589,1000.);
#1164=VECTOR('',#8592,1000.);
#1165=VECTOR('',#8593,1000.);
#1166=VECTOR('',#8594,1000.);
#1167=VECTOR('',#8597,1000.);
#1168=VECTOR('',#8598,1000.);
#1169=VECTOR('',#8599,1000.);
#1170=VECTOR('',#8602,1000.);
#1171=VECTOR('',#8603,1000.);
#1172=VECTOR('',#8604,1000.);
#1173=VECTOR('',#8607,1000.);
#1174=VECTOR('',#8608,1000.);
#1175=VECTOR('',#8609,1000.);
#1176=VECTOR('',#8612,1000.);
#1177=VECTOR('',#8613,1000.);
#1178=VECTOR('',#8614,1000.);
#1179=VECTOR('',#8617,1000.);
#1180=VECTOR('',#8618,1000.);
#1181=VECTOR('',#8619,1000.);
#1182=VECTOR('',#8622,1000.);
#1183=VECTOR('',#8623,1000.);
#1184=VECTOR('',#8624,1000.);
#1185=VECTOR('',#8627,1000.);
#1186=VECTOR('',#8628,1000.);
#1187=VECTOR('',#8629,1000.);
#1188=VECTOR('',#8632,1000.);
#1189=VECTOR('',#8633,1000.);
#1190=VECTOR('',#8634,1000.);
#1191=VECTOR('',#8637,1000.);
#1192=VECTOR('',#8638,1000.);
#1193=VECTOR('',#8639,1000.);
#1194=VECTOR('',#8642,1000.);
#1195=VECTOR('',#8643,1000.);
#1196=VECTOR('',#8644,1000.);
#1197=VECTOR('',#8647,1000.);
#1198=VECTOR('',#8648,1000.);
#1199=VECTOR('',#8649,1000.);
#1200=VECTOR('',#8652,1000.);
#1201=VECTOR('',#8653,1000.);
#1202=VECTOR('',#8654,1000.);
#1203=VECTOR('',#8657,1000.);
#1204=VECTOR('',#8658,1000.);
#1205=VECTOR('',#8659,1000.);
#1206=VECTOR('',#8662,1000.);
#1207=VECTOR('',#8663,1000.);
#1208=VECTOR('',#8664,1000.);
#1209=VECTOR('',#8667,1000.);
#1210=VECTOR('',#8668,1000.);
#1211=VECTOR('',#8669,1000.);
#1212=VECTOR('',#8672,1000.);
#1213=VECTOR('',#8673,1000.);
#1214=VECTOR('',#8674,1000.);
#1215=VECTOR('',#8677,1000.);
#1216=VECTOR('',#8678,1000.);
#1217=VECTOR('',#8679,1000.);
#1218=VECTOR('',#8682,1000.);
#1219=VECTOR('',#8683,1000.);
#1220=VECTOR('',#8684,1000.);
#1221=VECTOR('',#8687,1000.);
#1222=VECTOR('',#8688,1000.);
#1223=VECTOR('',#8689,1000.);
#1224=VECTOR('',#8692,1000.);
#1225=VECTOR('',#8693,1000.);
#1226=VECTOR('',#8694,1000.);
#1227=VECTOR('',#8697,1000.);
#1228=VECTOR('',#8698,1000.);
#1229=VECTOR('',#8699,1000.);
#1230=VECTOR('',#8702,1000.);
#1231=VECTOR('',#8703,1000.);
#1232=VECTOR('',#8704,1000.);
#1233=VECTOR('',#8707,1000.);
#1234=VECTOR('',#8708,1000.);
#1235=VECTOR('',#8709,1000.);
#1236=VECTOR('',#8712,1000.);
#1237=VECTOR('',#8713,1000.);
#1238=VECTOR('',#8714,1000.);
#1239=VECTOR('',#8717,1000.);
#1240=VECTOR('',#8718,1000.);
#1241=VECTOR('',#8719,1000.);
#1242=VECTOR('',#8722,1000.);
#1243=VECTOR('',#8723,1000.);
#1244=VECTOR('',#8724,1000.);
#1245=VECTOR('',#8727,1000.);
#1246=VECTOR('',#8728,1000.);
#1247=VECTOR('',#8729,1000.);
#1248=VECTOR('',#8732,1000.);
#1249=VECTOR('',#8733,1000.);
#1250=VECTOR('',#8734,1000.);
#1251=VECTOR('',#8737,1000.);
#1252=VECTOR('',#8738,1000.);
#1253=VECTOR('',#8739,1000.);
#1254=VECTOR('',#8742,1000.);
#1255=VECTOR('',#8743,1000.);
#1256=VECTOR('',#8744,1000.);
#1257=VECTOR('',#8747,1000.);
#1258=VECTOR('',#8748,1000.);
#1259=VECTOR('',#8749,1000.);
#1260=VECTOR('',#8752,1000.);
#1261=VECTOR('',#8753,1000.);
#1262=VECTOR('',#8754,1000.);
#1263=VECTOR('',#8757,1000.);
#1264=VECTOR('',#8758,1000.);
#1265=VECTOR('',#8759,1000.);
#1266=VECTOR('',#8762,1000.);
#1267=VECTOR('',#8763,1000.);
#1268=VECTOR('',#8764,1000.);
#1269=VECTOR('',#8767,1000.);
#1270=VECTOR('',#8768,1000.);
#1271=VECTOR('',#8769,1000.);
#1272=VECTOR('',#8772,1000.);
#1273=VECTOR('',#8773,1000.);
#1274=VECTOR('',#8774,1000.);
#1275=VECTOR('',#8777,1000.);
#1276=VECTOR('',#8778,1000.);
#1277=VECTOR('',#8779,1000.);
#1278=VECTOR('',#8782,1000.);
#1279=VECTOR('',#8783,1000.);
#1280=VECTOR('',#8784,1000.);
#1281=VECTOR('',#8787,1000.);
#1282=VECTOR('',#8788,1000.);
#1283=VECTOR('',#8789,1000.);
#1284=VECTOR('',#8792,1000.);
#1285=VECTOR('',#8793,1000.);
#1286=VECTOR('',#8794,1000.);
#1287=VECTOR('',#8797,1000.);
#1288=VECTOR('',#8798,1000.);
#1289=VECTOR('',#8799,1000.);
#1290=VECTOR('',#8802,1000.);
#1291=VECTOR('',#8803,1000.);
#1292=VECTOR('',#8804,1000.);
#1293=VECTOR('',#8807,1000.);
#1294=VECTOR('',#8808,1000.);
#1295=VECTOR('',#8809,1000.);
#1296=VECTOR('',#8812,1000.);
#1297=VECTOR('',#8813,1000.);
#1298=VECTOR('',#8814,1000.);
#1299=VECTOR('',#8817,1000.);
#1300=VECTOR('',#8818,1000.);
#1301=VECTOR('',#8819,1000.);
#1302=VECTOR('',#8822,1000.);
#1303=VECTOR('',#8823,1000.);
#1304=VECTOR('',#8824,1000.);
#1305=VECTOR('',#8827,1000.);
#1306=VECTOR('',#8828,1000.);
#1307=VECTOR('',#8829,1000.);
#1308=VECTOR('',#8832,1000.);
#1309=VECTOR('',#8833,1000.);
#1310=VECTOR('',#8834,1000.);
#1311=VECTOR('',#8837,1000.);
#1312=VECTOR('',#8838,1000.);
#1313=VECTOR('',#8839,1000.);
#1314=VECTOR('',#8842,1000.);
#1315=VECTOR('',#8843,1000.);
#1316=VECTOR('',#8844,1000.);
#1317=VECTOR('',#8847,1000.);
#1318=VECTOR('',#8848,1000.);
#1319=VECTOR('',#8849,1000.);
#1320=VECTOR('',#8852,1000.);
#1321=VECTOR('',#8853,1000.);
#1322=VECTOR('',#8854,1000.);
#1323=VECTOR('',#8857,1000.);
#1324=VECTOR('',#8858,1000.);
#1325=VECTOR('',#8859,1000.);
#1326=VECTOR('',#8862,1000.);
#1327=VECTOR('',#8863,1000.);
#1328=VECTOR('',#8864,1000.);
#1329=VECTOR('',#8867,1000.);
#1330=VECTOR('',#8868,1000.);
#1331=VECTOR('',#8869,1000.);
#1332=VECTOR('',#8872,1000.);
#1333=VECTOR('',#8873,1000.);
#1334=VECTOR('',#8874,1000.);
#1335=VECTOR('',#8877,1000.);
#1336=VECTOR('',#8878,1000.);
#1337=VECTOR('',#8879,1000.);
#1338=VECTOR('',#8882,1000.);
#1339=VECTOR('',#8883,1000.);
#1340=VECTOR('',#8884,1000.);
#1341=VECTOR('',#8887,1000.);
#1342=VECTOR('',#8888,1000.);
#1343=VECTOR('',#8889,1000.);
#1344=VECTOR('',#8892,1000.);
#1345=VECTOR('',#8893,1000.);
#1346=VECTOR('',#8894,1000.);
#1347=VECTOR('',#8897,1000.);
#1348=VECTOR('',#8898,1000.);
#1349=VECTOR('',#8899,1000.);
#1350=VECTOR('',#8902,1000.);
#1351=VECTOR('',#8903,1000.);
#1352=VECTOR('',#8904,1000.);
#1353=VECTOR('',#8907,1000.);
#1354=VECTOR('',#8908,1000.);
#1355=VECTOR('',#8909,1000.);
#1356=VECTOR('',#8912,1000.);
#1357=VECTOR('',#8913,1000.);
#1358=VECTOR('',#8914,1000.);
#1359=VECTOR('',#8917,1000.);
#1360=VECTOR('',#8918,1000.);
#1361=VECTOR('',#8919,1000.);
#1362=VECTOR('',#8922,1000.);
#1363=VECTOR('',#8923,1000.);
#1364=VECTOR('',#8924,1000.);
#1365=VECTOR('',#8927,1000.);
#1366=VECTOR('',#8928,1000.);
#1367=VECTOR('',#8929,1000.);
#1368=VECTOR('',#8932,1000.);
#1369=VECTOR('',#8933,1000.);
#1370=VECTOR('',#8934,1000.);
#1371=VECTOR('',#8937,1000.);
#1372=VECTOR('',#8938,1000.);
#1373=VECTOR('',#8939,1000.);
#1374=VECTOR('',#8942,1000.);
#1375=VECTOR('',#8943,1000.);
#1376=VECTOR('',#8944,1000.);
#1377=VECTOR('',#8947,1000.);
#1378=VECTOR('',#8948,1000.);
#1379=VECTOR('',#8949,1000.);
#1380=VECTOR('',#8952,1000.);
#1381=VECTOR('',#8953,1000.);
#1382=VECTOR('',#8954,1000.);
#1383=VECTOR('',#8957,1000.);
#1384=VECTOR('',#8958,1000.);
#1385=VECTOR('',#8959,1000.);
#1386=VECTOR('',#8962,1000.);
#1387=VECTOR('',#8963,1000.);
#1388=VECTOR('',#8964,1000.);
#1389=VECTOR('',#8967,1000.);
#1390=VECTOR('',#8968,1000.);
#1391=VECTOR('',#8969,1000.);
#1392=VECTOR('',#8972,1000.);
#1393=VECTOR('',#8973,1000.);
#1394=VECTOR('',#8974,1000.);
#1395=VECTOR('',#8977,1000.);
#1396=VECTOR('',#8978,1000.);
#1397=VECTOR('',#8979,1000.);
#1398=VECTOR('',#8982,1000.);
#1399=VECTOR('',#8983,1000.);
#1400=VECTOR('',#8984,1000.);
#1401=VECTOR('',#8987,1000.);
#1402=VECTOR('',#8988,1000.);
#1403=VECTOR('',#8989,1000.);
#1404=VECTOR('',#8992,1000.);
#1405=VECTOR('',#8993,1000.);
#1406=VECTOR('',#8994,1000.);
#1407=VECTOR('',#8997,1000.);
#1408=VECTOR('',#8998,1000.);
#1409=VECTOR('',#8999,1000.);
#1410=VECTOR('',#9002,1000.);
#1411=VECTOR('',#9003,1000.);
#1412=VECTOR('',#9004,1000.);
#1413=VECTOR('',#9007,1000.);
#1414=VECTOR('',#9008,1000.);
#1415=VECTOR('',#9009,1000.);
#1416=VECTOR('',#9012,1000.);
#1417=VECTOR('',#9013,1000.);
#1418=VECTOR('',#9014,1000.);
#1419=VECTOR('',#9017,1000.);
#1420=VECTOR('',#9018,1000.);
#1421=VECTOR('',#9019,1000.);
#1422=VECTOR('',#9022,1000.);
#1423=VECTOR('',#9023,1000.);
#1424=VECTOR('',#9024,1000.);
#1425=VECTOR('',#9027,1000.);
#1426=VECTOR('',#9028,1000.);
#1427=VECTOR('',#9029,1000.);
#1428=VECTOR('',#9032,1000.);
#1429=VECTOR('',#9033,1000.);
#1430=VECTOR('',#9034,1000.);
#1431=VECTOR('',#9037,1000.);
#1432=VECTOR('',#9038,1000.);
#1433=VECTOR('',#9039,1000.);
#1434=VECTOR('',#9042,1000.);
#1435=VECTOR('',#9043,1000.);
#1436=VECTOR('',#9044,1000.);
#1437=VECTOR('',#9047,1000.);
#1438=VECTOR('',#9048,1000.);
#1439=VECTOR('',#9049,1000.);
#1440=VECTOR('',#9052,1000.);
#1441=VECTOR('',#9053,1000.);
#1442=VECTOR('',#9054,1000.);
#1443=VECTOR('',#9057,1000.);
#1444=VECTOR('',#9058,1000.);
#1445=VECTOR('',#9059,1000.);
#1446=VECTOR('',#9062,1000.);
#1447=VECTOR('',#9063,1000.);
#1448=VECTOR('',#9064,1000.);
#1449=VECTOR('',#9067,1000.);
#1450=VECTOR('',#9068,1000.);
#1451=VECTOR('',#9069,1000.);
#1452=VECTOR('',#9072,1000.);
#1453=VECTOR('',#9073,1000.);
#1454=VECTOR('',#9074,1000.);
#1455=VECTOR('',#9077,1000.);
#1456=VECTOR('',#9078,1000.);
#1457=VECTOR('',#9079,1000.);
#1458=VECTOR('',#9082,1000.);
#1459=VECTOR('',#9083,1000.);
#1460=VECTOR('',#9084,1000.);
#1461=VECTOR('',#9087,1000.);
#1462=VECTOR('',#9088,1000.);
#1463=VECTOR('',#9089,1000.);
#1464=VECTOR('',#9092,1000.);
#1465=VECTOR('',#9093,1000.);
#1466=VECTOR('',#9094,1000.);
#1467=VECTOR('',#9097,1000.);
#1468=VECTOR('',#9098,1000.);
#1469=VECTOR('',#9099,1000.);
#1470=VECTOR('',#9102,1000.);
#1471=VECTOR('',#9103,1000.);
#1472=VECTOR('',#9104,1000.);
#1473=VECTOR('',#9107,1000.);
#1474=VECTOR('',#9108,1000.);
#1475=VECTOR('',#9109,1000.);
#1476=VECTOR('',#9112,1000.);
#1477=VECTOR('',#9113,1000.);
#1478=VECTOR('',#9114,1000.);
#1479=VECTOR('',#9117,1000.);
#1480=VECTOR('',#9118,1000.);
#1481=VECTOR('',#9119,1000.);
#1482=VECTOR('',#9122,1000.);
#1483=VECTOR('',#9123,1000.);
#1484=VECTOR('',#9124,1000.);
#1485=VECTOR('',#9127,1000.);
#1486=VECTOR('',#9128,1000.);
#1487=VECTOR('',#9129,1000.);
#1488=VECTOR('',#9132,1000.);
#1489=VECTOR('',#9133,1000.);
#1490=VECTOR('',#9134,1000.);
#1491=VECTOR('',#9137,1000.);
#1492=VECTOR('',#9138,1000.);
#1493=VECTOR('',#9139,1000.);
#1494=VECTOR('',#9142,1000.);
#1495=VECTOR('',#9143,1000.);
#1496=VECTOR('',#9144,1000.);
#1497=VECTOR('',#9147,1000.);
#1498=VECTOR('',#9148,1000.);
#1499=VECTOR('',#9149,1000.);
#1500=VECTOR('',#9152,1000.);
#1501=VECTOR('',#9153,1000.);
#1502=VECTOR('',#9154,1000.);
#1503=VECTOR('',#9157,1000.);
#1504=VECTOR('',#9158,1000.);
#1505=VECTOR('',#9159,1000.);
#1506=VECTOR('',#9162,1000.);
#1507=VECTOR('',#9163,1000.);
#1508=VECTOR('',#9164,1000.);
#1509=VECTOR('',#9167,1000.);
#1510=VECTOR('',#9168,1000.);
#1511=VECTOR('',#9169,1000.);
#1512=VECTOR('',#9172,1000.);
#1513=VECTOR('',#9173,1000.);
#1514=VECTOR('',#9174,1000.);
#1515=VECTOR('',#9177,1000.);
#1516=VECTOR('',#9178,1000.);
#1517=VECTOR('',#9179,1000.);
#1518=VECTOR('',#9182,1000.);
#1519=VECTOR('',#9183,1000.);
#1520=VECTOR('',#9184,1000.);
#1521=VECTOR('',#9187,1000.);
#1522=VECTOR('',#9188,1000.);
#1523=VECTOR('',#9189,1000.);
#1524=VECTOR('',#9192,1000.);
#1525=VECTOR('',#9193,1000.);
#1526=VECTOR('',#9194,1000.);
#1527=VECTOR('',#9197,1000.);
#1528=VECTOR('',#9198,1000.);
#1529=VECTOR('',#9199,1000.);
#1530=VECTOR('',#9202,1000.);
#1531=VECTOR('',#9203,1000.);
#1532=VECTOR('',#9204,1000.);
#1533=VECTOR('',#9207,1000.);
#1534=VECTOR('',#9208,1000.);
#1535=VECTOR('',#9209,1000.);
#1536=VECTOR('',#9212,1000.);
#1537=VECTOR('',#9213,1000.);
#1538=VECTOR('',#9214,1000.);
#1539=VECTOR('',#9217,1000.);
#1540=VECTOR('',#9218,1000.);
#1541=VECTOR('',#9219,1000.);
#1542=VECTOR('',#9222,1000.);
#1543=VECTOR('',#9223,1000.);
#1544=VECTOR('',#9224,1000.);
#1545=VECTOR('',#9227,1000.);
#1546=VECTOR('',#9228,1000.);
#1547=VECTOR('',#9229,1000.);
#1548=VECTOR('',#9232,1000.);
#1549=VECTOR('',#9233,1000.);
#1550=VECTOR('',#9234,1000.);
#1551=VECTOR('',#9237,1000.);
#1552=VECTOR('',#9238,1000.);
#1553=VECTOR('',#9239,1000.);
#1554=VECTOR('',#9242,1000.);
#1555=VECTOR('',#9243,1000.);
#1556=VECTOR('',#9244,1000.);
#1557=VECTOR('',#9247,1000.);
#1558=VECTOR('',#9248,1000.);
#1559=VECTOR('',#9249,1000.);
#1560=VECTOR('',#9252,1000.);
#1561=VECTOR('',#9253,1000.);
#1562=VECTOR('',#9254,1000.);
#1563=VECTOR('',#9257,1000.);
#1564=VECTOR('',#9258,1000.);
#1565=VECTOR('',#9259,1000.);
#1566=VECTOR('',#9262,1000.);
#1567=VECTOR('',#9263,1000.);
#1568=VECTOR('',#9264,1000.);
#1569=VECTOR('',#9267,1000.);
#1570=VECTOR('',#9268,1000.);
#1571=VECTOR('',#9269,1000.);
#1572=VECTOR('',#9272,1000.);
#1573=VECTOR('',#9273,1000.);
#1574=VECTOR('',#9274,1000.);
#1575=VECTOR('',#9277,1000.);
#1576=VECTOR('',#9278,1000.);
#1577=VECTOR('',#9279,1000.);
#1578=VECTOR('',#9282,1000.);
#1579=VECTOR('',#9283,1000.);
#1580=VECTOR('',#9284,1000.);
#1581=VECTOR('',#9287,1000.);
#1582=VECTOR('',#9288,1000.);
#1583=VECTOR('',#9289,1000.);
#1584=VECTOR('',#9292,1000.);
#1585=VECTOR('',#9293,1000.);
#1586=VECTOR('',#9294,1000.);
#1587=VECTOR('',#9297,1000.);
#1588=VECTOR('',#9298,1000.);
#1589=VECTOR('',#9299,1000.);
#1590=VECTOR('',#9302,1000.);
#1591=VECTOR('',#9303,1000.);
#1592=VECTOR('',#9304,1000.);
#1593=VECTOR('',#9307,1000.);
#1594=VECTOR('',#9308,1000.);
#1595=VECTOR('',#9309,1000.);
#1596=VECTOR('',#9312,1000.);
#1597=VECTOR('',#9313,1000.);
#1598=VECTOR('',#9314,1000.);
#1599=VECTOR('',#9317,1000.);
#1600=VECTOR('',#9318,1000.);
#1601=VECTOR('',#9319,1000.);
#1602=VECTOR('',#9322,1000.);
#1603=VECTOR('',#9323,1000.);
#1604=VECTOR('',#9324,1000.);
#1605=VECTOR('',#9327,1000.);
#1606=VECTOR('',#9328,1000.);
#1607=VECTOR('',#9329,1000.);
#1608=VECTOR('',#9332,1000.);
#1609=VECTOR('',#9333,1000.);
#1610=VECTOR('',#9334,1000.);
#1611=VECTOR('',#9337,1000.);
#1612=VECTOR('',#9338,1000.);
#1613=VECTOR('',#9339,1000.);
#1614=VECTOR('',#9342,1000.);
#1615=VECTOR('',#9343,1000.);
#1616=VECTOR('',#9344,1000.);
#1617=VECTOR('',#9347,1000.);
#1618=VECTOR('',#9348,1000.);
#1619=VECTOR('',#9349,1000.);
#1620=VECTOR('',#9352,1000.);
#1621=VECTOR('',#9353,1000.);
#1622=VECTOR('',#9354,1000.);
#1623=VECTOR('',#9357,1000.);
#1624=VECTOR('',#9358,1000.);
#1625=VECTOR('',#9359,1000.);
#1626=VECTOR('',#9362,1000.);
#1627=VECTOR('',#9363,1000.);
#1628=VECTOR('',#9364,1000.);
#1629=VECTOR('',#9367,1000.);
#1630=VECTOR('',#9368,1000.);
#1631=VECTOR('',#9369,1000.);
#1632=VECTOR('',#9372,1000.);
#1633=VECTOR('',#9373,1000.);
#1634=VECTOR('',#9374,1000.);
#1635=VECTOR('',#9377,1000.);
#1636=VECTOR('',#9378,1000.);
#1637=VECTOR('',#9379,1000.);
#1638=VECTOR('',#9382,1000.);
#1639=VECTOR('',#9383,1000.);
#1640=VECTOR('',#9384,1000.);
#1641=VECTOR('',#9387,1000.);
#1642=VECTOR('',#9388,1000.);
#1643=VECTOR('',#9389,1000.);
#1644=VECTOR('',#9392,1000.);
#1645=VECTOR('',#9393,1000.);
#1646=VECTOR('',#9394,1000.);
#1647=VECTOR('',#9397,1000.);
#1648=VECTOR('',#9398,1000.);
#1649=VECTOR('',#9399,1000.);
#1650=VECTOR('',#9402,1000.);
#1651=VECTOR('',#9403,1000.);
#1652=VECTOR('',#9404,1000.);
#1653=VECTOR('',#9407,1000.);
#1654=VECTOR('',#9408,1000.);
#1655=VECTOR('',#9409,1000.);
#1656=VECTOR('',#9412,1000.);
#1657=VECTOR('',#9413,1000.);
#1658=VECTOR('',#9414,1000.);
#1659=VECTOR('',#9417,1000.);
#1660=VECTOR('',#9418,1000.);
#1661=VECTOR('',#9419,1000.);
#1662=VECTOR('',#9422,1000.);
#1663=VECTOR('',#9423,1000.);
#1664=VECTOR('',#9424,1000.);
#1665=VECTOR('',#9427,1000.);
#1666=VECTOR('',#9428,1000.);
#1667=VECTOR('',#9429,1000.);
#1668=VECTOR('',#9432,1000.);
#1669=VECTOR('',#9433,1000.);
#1670=VECTOR('',#9434,1000.);
#1671=VECTOR('',#9437,1000.);
#1672=VECTOR('',#9438,1000.);
#1673=VECTOR('',#9439,1000.);
#1674=VECTOR('',#9442,1000.);
#1675=VECTOR('',#9443,1000.);
#1676=VECTOR('',#9444,1000.);
#1677=VECTOR('',#9447,1000.);
#1678=VECTOR('',#9448,1000.);
#1679=VECTOR('',#9449,1000.);
#1680=VECTOR('',#9452,1000.);
#1681=VECTOR('',#9453,1000.);
#1682=VECTOR('',#9454,1000.);
#1683=VECTOR('',#9457,1000.);
#1684=VECTOR('',#9458,1000.);
#1685=VECTOR('',#9459,1000.);
#1686=VECTOR('',#9462,1000.);
#1687=VECTOR('',#9463,1000.);
#1688=VECTOR('',#9464,1000.);
#1689=VECTOR('',#9467,1000.);
#1690=VECTOR('',#9468,1000.);
#1691=VECTOR('',#9469,1000.);
#1692=VECTOR('',#9472,1000.);
#1693=VECTOR('',#9473,1000.);
#1694=VECTOR('',#9474,1000.);
#1695=VECTOR('',#9477,1000.);
#1696=VECTOR('',#9478,1000.);
#1697=VECTOR('',#9479,1000.);
#1698=VECTOR('',#9482,1000.);
#1699=VECTOR('',#9483,1000.);
#1700=VECTOR('',#9484,1000.);
#1701=VECTOR('',#9487,1000.);
#1702=VECTOR('',#9488,1000.);
#1703=VECTOR('',#9489,1000.);
#1704=VECTOR('',#9492,1000.);
#1705=VECTOR('',#9493,1000.);
#1706=VECTOR('',#9494,1000.);
#1707=VECTOR('',#9497,1000.);
#1708=VECTOR('',#9498,1000.);
#1709=VECTOR('',#9499,1000.);
#1710=VECTOR('',#9502,1000.);
#1711=VECTOR('',#9503,1000.);
#1712=VECTOR('',#9504,1000.);
#1713=VECTOR('',#9507,1000.);
#1714=VECTOR('',#9508,1000.);
#1715=VECTOR('',#9509,1000.);
#1716=VECTOR('',#9512,1000.);
#1717=VECTOR('',#9513,1000.);
#1718=VECTOR('',#9514,1000.);
#1719=VECTOR('',#9517,1000.);
#1720=VECTOR('',#9518,1000.);
#1721=VECTOR('',#9519,1000.);
#1722=VECTOR('',#9522,1000.);
#1723=VECTOR('',#9523,1000.);
#1724=VECTOR('',#9524,1000.);
#1725=VECTOR('',#9527,1000.);
#1726=VECTOR('',#9528,1000.);
#1727=VECTOR('',#9529,1000.);
#1728=VECTOR('',#9532,1000.);
#1729=VECTOR('',#9533,1000.);
#1730=VECTOR('',#9534,1000.);
#1731=VECTOR('',#9537,1000.);
#1732=VECTOR('',#9538,1000.);
#1733=VECTOR('',#9539,1000.);
#1734=VECTOR('',#9542,1000.);
#1735=VECTOR('',#9543,1000.);
#1736=VECTOR('',#9544,1000.);
#1737=VECTOR('',#9547,1000.);
#1738=VECTOR('',#9548,1000.);
#1739=VECTOR('',#9549,1000.);
#1740=VECTOR('',#9552,1000.);
#1741=VECTOR('',#9553,1000.);
#1742=VECTOR('',#9554,1000.);
#1743=VECTOR('',#9557,1000.);
#1744=VECTOR('',#9558,1000.);
#1745=VECTOR('',#9559,1000.);
#1746=VECTOR('',#9562,1000.);
#1747=VECTOR('',#9563,1000.);
#1748=VECTOR('',#9564,1000.);
#1749=VECTOR('',#9567,1000.);
#1750=VECTOR('',#9568,1000.);
#1751=VECTOR('',#9569,1000.);
#1752=VECTOR('',#9572,1000.);
#1753=VECTOR('',#9573,1000.);
#1754=VECTOR('',#9574,1000.);
#1755=VECTOR('',#9577,1000.);
#1756=VECTOR('',#9578,1000.);
#1757=VECTOR('',#9579,1000.);
#1758=VECTOR('',#9582,1000.);
#1759=VECTOR('',#9583,1000.);
#1760=VECTOR('',#9584,1000.);
#1761=VECTOR('',#9587,1000.);
#1762=VECTOR('',#9588,1000.);
#1763=VECTOR('',#9589,1000.);
#1764=VECTOR('',#9592,1000.);
#1765=VECTOR('',#9593,1000.);
#1766=VECTOR('',#9594,1000.);
#1767=VECTOR('',#9597,1000.);
#1768=VECTOR('',#9598,1000.);
#1769=VECTOR('',#9599,1000.);
#1770=VECTOR('',#9602,1000.);
#1771=VECTOR('',#9603,1000.);
#1772=VECTOR('',#9604,1000.);
#1773=VECTOR('',#9607,1000.);
#1774=VECTOR('',#9608,1000.);
#1775=VECTOR('',#9609,1000.);
#1776=VECTOR('',#9612,1000.);
#1777=VECTOR('',#9613,1000.);
#1778=VECTOR('',#9614,1000.);
#1779=VECTOR('',#9617,1000.);
#1780=VECTOR('',#9618,1000.);
#1781=VECTOR('',#9619,1000.);
#1782=VECTOR('',#9622,1000.);
#1783=VECTOR('',#9623,1000.);
#1784=VECTOR('',#9624,1000.);
#1785=VECTOR('',#9627,1000.);
#1786=VECTOR('',#9628,1000.);
#1787=VECTOR('',#9629,1000.);
#1788=VECTOR('',#9632,1000.);
#1789=VECTOR('',#9633,1000.);
#1790=VECTOR('',#9634,1000.);
#1791=VECTOR('',#9637,1000.);
#1792=VECTOR('',#9638,1000.);
#1793=VECTOR('',#9639,1000.);
#1794=VECTOR('',#9642,1000.);
#1795=VECTOR('',#9643,1000.);
#1796=VECTOR('',#9644,1000.);
#1797=VECTOR('',#9647,1000.);
#1798=VECTOR('',#9648,1000.);
#1799=VECTOR('',#9649,1000.);
#1800=VECTOR('',#9652,1000.);
#1801=VECTOR('',#9653,1000.);
#1802=VECTOR('',#9654,1000.);
#1803=VECTOR('',#9657,1000.);
#1804=VECTOR('',#9658,1000.);
#1805=VECTOR('',#9659,1000.);
#1806=VECTOR('',#9662,1000.);
#1807=VECTOR('',#9663,1000.);
#1808=VECTOR('',#9664,1000.);
#1809=VECTOR('',#9667,1000.);
#1810=VECTOR('',#9668,1000.);
#1811=VECTOR('',#9669,1000.);
#1812=VECTOR('',#9672,1000.);
#1813=VECTOR('',#9673,1000.);
#1814=VECTOR('',#9674,1000.);
#1815=VECTOR('',#9677,1000.);
#1816=VECTOR('',#9678,1000.);
#1817=VECTOR('',#9679,1000.);
#1818=VECTOR('',#9682,1000.);
#1819=VECTOR('',#9683,1000.);
#1820=VECTOR('',#9684,1000.);
#1821=VECTOR('',#9687,1000.);
#1822=VECTOR('',#9688,1000.);
#1823=VECTOR('',#9689,1000.);
#1824=VECTOR('',#9692,1000.);
#1825=VECTOR('',#9693,1000.);
#1826=VECTOR('',#9694,1000.);
#1827=VECTOR('',#9697,1000.);
#1828=VECTOR('',#9698,1000.);
#1829=VECTOR('',#9699,1000.);
#1830=VECTOR('',#9702,1000.);
#1831=VECTOR('',#9703,1000.);
#1832=VECTOR('',#9704,1000.);
#1833=VECTOR('',#9707,1000.);
#1834=VECTOR('',#9708,1000.);
#1835=VECTOR('',#9709,1000.);
#1836=VECTOR('',#9712,1000.);
#1837=VECTOR('',#9713,1000.);
#1838=VECTOR('',#9714,1000.);
#1839=VECTOR('',#9717,1000.);
#1840=VECTOR('',#9718,1000.);
#1841=VECTOR('',#9719,1000.);
#1842=VECTOR('',#9722,1000.);
#1843=VECTOR('',#9723,1000.);
#1844=VECTOR('',#9724,1000.);
#1845=VECTOR('',#9727,1000.);
#1846=VECTOR('',#9728,1000.);
#1847=VECTOR('',#9729,1000.);
#1848=VECTOR('',#9732,1000.);
#1849=VECTOR('',#9733,1000.);
#1850=VECTOR('',#9734,1000.);
#1851=VECTOR('',#9737,1000.);
#1852=VECTOR('',#9738,1000.);
#1853=VECTOR('',#9739,1000.);
#1854=VECTOR('',#9742,1000.);
#1855=VECTOR('',#9743,1000.);
#1856=VECTOR('',#9744,1000.);
#1857=VECTOR('',#9747,1000.);
#1858=VECTOR('',#9748,1000.);
#1859=VECTOR('',#9749,1000.);
#1860=VECTOR('',#9752,1000.);
#1861=VECTOR('',#9753,1000.);
#1862=VECTOR('',#9754,1000.);
#1863=VECTOR('',#9757,1000.);
#1864=VECTOR('',#9758,1000.);
#1865=VECTOR('',#9759,1000.);
#1866=VECTOR('',#9762,1000.);
#1867=VECTOR('',#9763,1000.);
#1868=VECTOR('',#9764,1000.);
#1869=VECTOR('',#9767,1000.);
#1870=VECTOR('',#9768,1000.);
#1871=VECTOR('',#9769,1000.);
#1872=VECTOR('',#9772,1000.);
#1873=VECTOR('',#9773,1000.);
#1874=VECTOR('',#9774,1000.);
#1875=VECTOR('',#9777,1000.);
#1876=VECTOR('',#9778,1000.);
#1877=VECTOR('',#9779,1000.);
#1878=VECTOR('',#9782,1000.);
#1879=VECTOR('',#9783,1000.);
#1880=VECTOR('',#9784,1000.);
#1881=VECTOR('',#9787,1000.);
#1882=VECTOR('',#9788,1000.);
#1883=VECTOR('',#9789,1000.);
#1884=VECTOR('',#9792,1000.);
#1885=VECTOR('',#9793,1000.);
#1886=VECTOR('',#9794,1000.);
#1887=VECTOR('',#9797,1000.);
#1888=VECTOR('',#9798,1000.);
#1889=VECTOR('',#9799,1000.);
#1890=VECTOR('',#9802,1000.);
#1891=VECTOR('',#9803,1000.);
#1892=VECTOR('',#9804,1000.);
#1893=VECTOR('',#9807,1000.);
#1894=VECTOR('',#9808,1000.);
#1895=VECTOR('',#9809,1000.);
#1896=VECTOR('',#9812,1000.);
#1897=VECTOR('',#9813,1000.);
#1898=VECTOR('',#9814,1000.);
#1899=VECTOR('',#9817,1000.);
#1900=VECTOR('',#9818,1000.);
#1901=VECTOR('',#9819,1000.);
#1902=VECTOR('',#9822,1000.);
#1903=VECTOR('',#9823,1000.);
#1904=VECTOR('',#9824,1000.);
#1905=VECTOR('',#9827,1000.);
#1906=VECTOR('',#9828,1000.);
#1907=VECTOR('',#9829,1000.);
#1908=VECTOR('',#9832,1000.);
#1909=VECTOR('',#9833,1000.);
#1910=VECTOR('',#9834,1000.);
#1911=VECTOR('',#9837,1000.);
#1912=VECTOR('',#9838,1000.);
#1913=VECTOR('',#9839,1000.);
#1914=VECTOR('',#9842,1000.);
#1915=VECTOR('',#9843,1000.);
#1916=VECTOR('',#9844,1000.);
#1917=VECTOR('',#9847,1000.);
#1918=VECTOR('',#9848,1000.);
#1919=VECTOR('',#9849,1000.);
#1920=VECTOR('',#9852,1000.);
#1921=VECTOR('',#9853,1000.);
#1922=VECTOR('',#9854,1000.);
#1923=VECTOR('',#9857,1000.);
#1924=VECTOR('',#9858,1000.);
#1925=VECTOR('',#9859,1000.);
#1926=VECTOR('',#9862,1000.);
#1927=VECTOR('',#9863,1000.);
#1928=VECTOR('',#9864,1000.);
#1929=VECTOR('',#9867,1000.);
#1930=VECTOR('',#9868,1000.);
#1931=VECTOR('',#9869,1000.);
#1932=VECTOR('',#9872,1000.);
#1933=VECTOR('',#9873,1000.);
#1934=VECTOR('',#9874,1000.);
#1935=VECTOR('',#9877,1000.);
#1936=VECTOR('',#9878,1000.);
#1937=VECTOR('',#9879,1000.);
#1938=VECTOR('',#9882,1000.);
#1939=VECTOR('',#9883,1000.);
#1940=VECTOR('',#9884,1000.);
#1941=VECTOR('',#9887,1000.);
#1942=VECTOR('',#9888,1000.);
#1943=VECTOR('',#9889,1000.);
#1944=VECTOR('',#9892,1000.);
#1945=VECTOR('',#9893,1000.);
#1946=VECTOR('',#9894,1000.);
#1947=VECTOR('',#9897,1000.);
#1948=VECTOR('',#9898,1000.);
#1949=VECTOR('',#9899,1000.);
#1950=VECTOR('',#9902,1000.);
#1951=VECTOR('',#9903,1000.);
#1952=VECTOR('',#9904,1000.);
#1953=VECTOR('',#9907,1000.);
#1954=VECTOR('',#9908,1000.);
#1955=VECTOR('',#9909,1000.);
#1956=VECTOR('',#9912,1000.);
#1957=VECTOR('',#9913,1000.);
#1958=VECTOR('',#9914,1000.);
#1959=VECTOR('',#9917,1000.);
#1960=VECTOR('',#9918,1000.);
#1961=VECTOR('',#9919,1000.);
#1962=VECTOR('',#9922,1000.);
#1963=VECTOR('',#9923,1000.);
#1964=VECTOR('',#9924,1000.);
#1965=VECTOR('',#9927,1000.);
#1966=VECTOR('',#9928,1000.);
#1967=VECTOR('',#9929,1000.);
#1968=VECTOR('',#9932,1000.);
#1969=VECTOR('',#9933,1000.);
#1970=VECTOR('',#9934,1000.);
#1971=VECTOR('',#9937,1000.);
#1972=VECTOR('',#9938,1000.);
#1973=VECTOR('',#9939,1000.);
#1974=VECTOR('',#9942,1000.);
#1975=VECTOR('',#9943,1000.);
#1976=VECTOR('',#9944,1000.);
#1977=VECTOR('',#9947,1000.);
#1978=VECTOR('',#9948,1000.);
#1979=VECTOR('',#9949,1000.);
#1980=VECTOR('',#9952,1000.);
#1981=VECTOR('',#9953,1000.);
#1982=VECTOR('',#9954,1000.);
#1983=VECTOR('',#9957,1000.);
#1984=VECTOR('',#9958,1000.);
#1985=VECTOR('',#9959,1000.);
#1986=VECTOR('',#9962,1000.);
#1987=VECTOR('',#9963,1000.);
#1988=VECTOR('',#9964,1000.);
#1989=VECTOR('',#9967,1000.);
#1990=VECTOR('',#9968,1000.);
#1991=VECTOR('',#9969,1000.);
#1992=VECTOR('',#9972,1000.);
#1993=VECTOR('',#9973,1000.);
#1994=VECTOR('',#9974,1000.);
#1995=VECTOR('',#9977,1000.);
#1996=VECTOR('',#9978,1000.);
#1997=VECTOR('',#9979,1000.);
#1998=VECTOR('',#9982,1000.);
#1999=VECTOR('',#9983,1000.);
#2000=VECTOR('',#9984,1000.);
#2001=VECTOR('',#9987,1000.);
#2002=VECTOR('',#9988,1000.);
#2003=VECTOR('',#9989,1000.);
#2004=VECTOR('',#9992,1000.);
#2005=VECTOR('',#9993,1000.);
#2006=VECTOR('',#9994,1000.);
#2007=VECTOR('',#9997,1000.);
#2008=VECTOR('',#9998,1000.);
#2009=VECTOR('',#9999,1000.);
#2010=VECTOR('',#10002,1000.);
#2011=VECTOR('',#10003,1000.);
#2012=VECTOR('',#10004,1000.);
#2013=VECTOR('',#10007,1000.);
#2014=VECTOR('',#10008,1000.);
#2015=VECTOR('',#10009,1000.);
#2016=VECTOR('',#10012,1000.);
#2017=VECTOR('',#10013,1000.);
#2018=VECTOR('',#10014,1000.);
#2019=VECTOR('',#10017,1000.);
#2020=VECTOR('',#10018,1000.);
#2021=VECTOR('',#10019,1000.);
#2022=VECTOR('',#10022,1000.);
#2023=VECTOR('',#10023,1000.);
#2024=VECTOR('',#10024,1000.);
#2025=VECTOR('',#10027,1000.);
#2026=VECTOR('',#10028,1000.);
#2027=VECTOR('',#10029,1000.);
#2028=VECTOR('',#10032,1000.);
#2029=VECTOR('',#10033,1000.);
#2030=VECTOR('',#10034,1000.);
#2031=VECTOR('',#10037,1000.);
#2032=VECTOR('',#10038,1000.);
#2033=VECTOR('',#10039,1000.);
#2034=VECTOR('',#10042,1000.);
#2035=VECTOR('',#10043,1000.);
#2036=VECTOR('',#10044,1000.);
#2037=VECTOR('',#10047,1000.);
#2038=VECTOR('',#10048,1000.);
#2039=VECTOR('',#10049,1000.);
#2040=VECTOR('',#10052,1000.);
#2041=VECTOR('',#10053,1000.);
#2042=VECTOR('',#10054,1000.);
#2043=VECTOR('',#10057,1000.);
#2044=VECTOR('',#10058,1000.);
#2045=VECTOR('',#10059,1000.);
#2046=VECTOR('',#10062,1000.);
#2047=VECTOR('',#10063,1000.);
#2048=VECTOR('',#10064,1000.);
#2049=VECTOR('',#10067,1000.);
#2050=VECTOR('',#10068,1000.);
#2051=VECTOR('',#10069,1000.);
#2052=VECTOR('',#10072,1000.);
#2053=VECTOR('',#10073,1000.);
#2054=VECTOR('',#10074,1000.);
#2055=VECTOR('',#10077,1000.);
#2056=VECTOR('',#10078,1000.);
#2057=VECTOR('',#10079,1000.);
#2058=VECTOR('',#10082,1000.);
#2059=VECTOR('',#10083,1000.);
#2060=VECTOR('',#10084,1000.);
#2061=VECTOR('',#10087,1000.);
#2062=VECTOR('',#10088,1000.);
#2063=VECTOR('',#10089,1000.);
#2064=VECTOR('',#10092,1000.);
#2065=VECTOR('',#10093,1000.);
#2066=VECTOR('',#10094,1000.);
#2067=VECTOR('',#10097,1000.);
#2068=VECTOR('',#10098,1000.);
#2069=VECTOR('',#10099,1000.);
#2070=VECTOR('',#10102,1000.);
#2071=VECTOR('',#10103,1000.);
#2072=VECTOR('',#10104,1000.);
#2073=VECTOR('',#10107,1000.);
#2074=VECTOR('',#10108,1000.);
#2075=VECTOR('',#10109,1000.);
#2076=VECTOR('',#10112,1000.);
#2077=VECTOR('',#10113,1000.);
#2078=VECTOR('',#10114,1000.);
#2079=VECTOR('',#10117,1000.);
#2080=VECTOR('',#10118,1000.);
#2081=VECTOR('',#10119,1000.);
#2082=VECTOR('',#10122,1000.);
#2083=VECTOR('',#10123,1000.);
#2084=VECTOR('',#10124,1000.);
#2085=VECTOR('',#10127,1000.);
#2086=VECTOR('',#10128,1000.);
#2087=VECTOR('',#10129,1000.);
#2088=VECTOR('',#10132,1000.);
#2089=VECTOR('',#10133,1000.);
#2090=VECTOR('',#10134,1000.);
#2091=VECTOR('',#10137,1000.);
#2092=VECTOR('',#10138,1000.);
#2093=VECTOR('',#10139,1000.);
#2094=VECTOR('',#10142,1000.);
#2095=VECTOR('',#10143,1000.);
#2096=VECTOR('',#10144,1000.);
#2097=VECTOR('',#10147,1000.);
#2098=VECTOR('',#10148,1000.);
#2099=VECTOR('',#10149,1000.);
#2100=VECTOR('',#10152,1000.);
#2101=VECTOR('',#10153,1000.);
#2102=VECTOR('',#10154,1000.);
#2103=VECTOR('',#10157,1000.);
#2104=VECTOR('',#10158,1000.);
#2105=VECTOR('',#10159,1000.);
#2106=VECTOR('',#10162,1000.);
#2107=VECTOR('',#10163,1000.);
#2108=VECTOR('',#10164,1000.);
#2109=VECTOR('',#10167,1000.);
#2110=VECTOR('',#10168,1000.);
#2111=VECTOR('',#10169,1000.);
#2112=VECTOR('',#10172,1000.);
#2113=VECTOR('',#10173,1000.);
#2114=VECTOR('',#10174,1000.);
#2115=VECTOR('',#10177,1000.);
#2116=VECTOR('',#10178,1000.);
#2117=VECTOR('',#10179,1000.);
#2118=VECTOR('',#10182,1000.);
#2119=VECTOR('',#10183,1000.);
#2120=VECTOR('',#10184,1000.);
#2121=VECTOR('',#10187,1000.);
#2122=VECTOR('',#10188,1000.);
#2123=VECTOR('',#10189,1000.);
#2124=VECTOR('',#10192,1000.);
#2125=VECTOR('',#10193,1000.);
#2126=VECTOR('',#10194,1000.);
#2127=VECTOR('',#10197,1000.);
#2128=VECTOR('',#10198,1000.);
#2129=VECTOR('',#10199,1000.);
#2130=VECTOR('',#10202,1000.);
#2131=VECTOR('',#10203,1000.);
#2132=VECTOR('',#10204,1000.);
#2133=VECTOR('',#10207,1000.);
#2134=VECTOR('',#10208,1000.);
#2135=VECTOR('',#10209,1000.);
#2136=VECTOR('',#10212,1000.);
#2137=VECTOR('',#10213,1000.);
#2138=VECTOR('',#10214,1000.);
#2139=VECTOR('',#10217,1000.);
#2140=VECTOR('',#10218,1000.);
#2141=VECTOR('',#10219,1000.);
#2142=VECTOR('',#10222,1000.);
#2143=VECTOR('',#10223,1000.);
#2144=VECTOR('',#10224,1000.);
#2145=VECTOR('',#10227,1000.);
#2146=VECTOR('',#10228,1000.);
#2147=VECTOR('',#10229,1000.);
#2148=VECTOR('',#10232,1000.);
#2149=VECTOR('',#10233,1000.);
#2150=VECTOR('',#10234,1000.);
#2151=VECTOR('',#10237,1000.);
#2152=VECTOR('',#10238,1000.);
#2153=VECTOR('',#10239,1000.);
#2154=VECTOR('',#10242,1000.);
#2155=VECTOR('',#10243,1000.);
#2156=VECTOR('',#10244,1000.);
#2157=VECTOR('',#10247,1000.);
#2158=VECTOR('',#10248,1000.);
#2159=VECTOR('',#10249,1000.);
#2160=VECTOR('',#10252,1000.);
#2161=VECTOR('',#10253,1000.);
#2162=VECTOR('',#10254,1000.);
#2163=VECTOR('',#10257,1000.);
#2164=VECTOR('',#10258,1000.);
#2165=VECTOR('',#10259,1000.);
#2166=VECTOR('',#10262,1000.);
#2167=VECTOR('',#10263,1000.);
#2168=VECTOR('',#10264,1000.);
#2169=VECTOR('',#10267,1000.);
#2170=VECTOR('',#10268,1000.);
#2171=VECTOR('',#10269,1000.);
#2172=VECTOR('',#10272,1000.);
#2173=VECTOR('',#10273,1000.);
#2174=VECTOR('',#10274,1000.);
#2175=VECTOR('',#10277,1000.);
#2176=VECTOR('',#10278,1000.);
#2177=VECTOR('',#10279,1000.);
#2178=VECTOR('',#10282,1000.);
#2179=VECTOR('',#10283,1000.);
#2180=VECTOR('',#10284,1000.);
#2181=VECTOR('',#10287,1000.);
#2182=VECTOR('',#10288,1000.);
#2183=VECTOR('',#10289,1000.);
#2184=VECTOR('',#10292,1000.);
#2185=VECTOR('',#10293,1000.);
#2186=VECTOR('',#10294,1000.);
#2187=VECTOR('',#10297,1000.);
#2188=VECTOR('',#10298,1000.);
#2189=VECTOR('',#10299,1000.);
#2190=VECTOR('',#10302,1000.);
#2191=VECTOR('',#10303,1000.);
#2192=VECTOR('',#10304,1000.);
#2193=VECTOR('',#10307,1000.);
#2194=VECTOR('',#10308,1000.);
#2195=VECTOR('',#10309,1000.);
#2196=VECTOR('',#10312,1000.);
#2197=VECTOR('',#10313,1000.);
#2198=VECTOR('',#10314,1000.);
#2199=VECTOR('',#10317,1000.);
#2200=VECTOR('',#10318,1000.);
#2201=VECTOR('',#10319,1000.);
#2202=VECTOR('',#10322,1000.);
#2203=VECTOR('',#10323,1000.);
#2204=VECTOR('',#10324,1000.);
#2205=VECTOR('',#10327,1000.);
#2206=VECTOR('',#10328,1000.);
#2207=VECTOR('',#10329,1000.);
#2208=VECTOR('',#10332,1000.);
#2209=VECTOR('',#10333,1000.);
#2210=VECTOR('',#10334,1000.);
#2211=VECTOR('',#10337,1000.);
#2212=VECTOR('',#10338,1000.);
#2213=VECTOR('',#10339,1000.);
#2214=VECTOR('',#10342,1000.);
#2215=VECTOR('',#10343,1000.);
#2216=VECTOR('',#10344,1000.);
#2217=VECTOR('',#10347,1000.);
#2218=VECTOR('',#10348,1000.);
#2219=VECTOR('',#10349,1000.);
#2220=VECTOR('',#10352,1000.);
#2221=VECTOR('',#10353,1000.);
#2222=VECTOR('',#10354,1000.);
#2223=VECTOR('',#10357,1000.);
#2224=VECTOR('',#10358,1000.);
#2225=VECTOR('',#10359,1000.);
#2226=VECTOR('',#10362,1000.);
#2227=VECTOR('',#10363,1000.);
#2228=VECTOR('',#10364,1000.);
#2229=VECTOR('',#10367,1000.);
#2230=VECTOR('',#10368,1000.);
#2231=VECTOR('',#10369,1000.);
#2232=VECTOR('',#10372,1000.);
#2233=VECTOR('',#10373,1000.);
#2234=VECTOR('',#10374,1000.);
#2235=VECTOR('',#10377,1000.);
#2236=VECTOR('',#10378,1000.);
#2237=VECTOR('',#10379,1000.);
#2238=VECTOR('',#10382,1000.);
#2239=VECTOR('',#10383,1000.);
#2240=VECTOR('',#10384,1000.);
#2241=VECTOR('',#10387,1000.);
#2242=VECTOR('',#10388,1000.);
#2243=VECTOR('',#10389,1000.);
#2244=VECTOR('',#10392,1000.);
#2245=VECTOR('',#10393,1000.);
#2246=VECTOR('',#10394,1000.);
#2247=VECTOR('',#10397,1000.);
#2248=VECTOR('',#10398,1000.);
#2249=VECTOR('',#10399,1000.);
#2250=VECTOR('',#10402,1000.);
#2251=VECTOR('',#10403,1000.);
#2252=VECTOR('',#10404,1000.);
#2253=VECTOR('',#10407,1000.);
#2254=VECTOR('',#10408,1000.);
#2255=VECTOR('',#10409,1000.);
#2256=VECTOR('',#10412,1000.);
#2257=VECTOR('',#10413,1000.);
#2258=VECTOR('',#10414,1000.);
#2259=VECTOR('',#10417,1000.);
#2260=VECTOR('',#10418,1000.);
#2261=VECTOR('',#10419,1000.);
#2262=VECTOR('',#10422,1000.);
#2263=VECTOR('',#10423,1000.);
#2264=VECTOR('',#10424,1000.);
#2265=VECTOR('',#10427,1000.);
#2266=VECTOR('',#10428,1000.);
#2267=VECTOR('',#10429,1000.);
#2268=VECTOR('',#10432,1000.);
#2269=VECTOR('',#10433,1000.);
#2270=VECTOR('',#10434,1000.);
#2271=VECTOR('',#10437,1000.);
#2272=VECTOR('',#10438,1000.);
#2273=VECTOR('',#10439,1000.);
#2274=VECTOR('',#10442,1000.);
#2275=VECTOR('',#10443,1000.);
#2276=VECTOR('',#10444,1000.);
#2277=VECTOR('',#10447,1000.);
#2278=VECTOR('',#10448,1000.);
#2279=VECTOR('',#10449,1000.);
#2280=VECTOR('',#10452,1000.);
#2281=VECTOR('',#10453,1000.);
#2282=VECTOR('',#10454,1000.);
#2283=VECTOR('',#10457,1000.);
#2284=VECTOR('',#10458,1000.);
#2285=VECTOR('',#10459,1000.);
#2286=VECTOR('',#10462,1000.);
#2287=VECTOR('',#10463,1000.);
#2288=VECTOR('',#10464,1000.);
#2289=VECTOR('',#10467,1000.);
#2290=VECTOR('',#10468,1000.);
#2291=VECTOR('',#10469,1000.);
#2292=VECTOR('',#10472,1000.);
#2293=VECTOR('',#10473,1000.);
#2294=VECTOR('',#10474,1000.);
#2295=VECTOR('',#10477,1000.);
#2296=VECTOR('',#10478,1000.);
#2297=VECTOR('',#10479,1000.);
#2298=VECTOR('',#10482,1000.);
#2299=VECTOR('',#10483,1000.);
#2300=PLANE('',#8161);
#2301=PLANE('',#8162);
#2302=PLANE('',#8163);
#2303=PLANE('',#8164);
#2304=PLANE('',#8165);
#2305=PLANE('',#8166);
#2306=PLANE('',#8167);
#2307=PLANE('',#8168);
#2308=PLANE('',#8169);
#2309=PLANE('',#8170);
#2310=PLANE('',#8171);
#2311=PLANE('',#8172);
#2312=PLANE('',#8173);
#2313=PLANE('',#8174);
#2314=PLANE('',#8175);
#2315=PLANE('',#8176);
#2316=PLANE('',#8177);
#2317=PLANE('',#8178);
#2318=PLANE('',#8179);
#2319=PLANE('',#8180);
#2320=PLANE('',#8181);
#2321=PLANE('',#8182);
#2322=PLANE('',#8183);
#2323=PLANE('',#8184);
#2324=PLANE('',#8185);
#2325=PLANE('',#8186);
#2326=PLANE('',#8187);
#2327=PLANE('',#8188);
#2328=PLANE('',#8189);
#2329=PLANE('',#8190);
#2330=PLANE('',#8191);
#2331=PLANE('',#8192);
#2332=PLANE('',#8193);
#2333=PLANE('',#8194);
#2334=PLANE('',#8195);
#2335=PLANE('',#8196);
#2336=PLANE('',#8197);
#2337=PLANE('',#8198);
#2338=PLANE('',#8199);
#2339=PLANE('',#8200);
#2340=PLANE('',#8201);
#2341=PLANE('',#8202);
#2342=PLANE('',#8203);
#2343=PLANE('',#8204);
#2344=PLANE('',#8205);
#2345=PLANE('',#8206);
#2346=PLANE('',#8207);
#2347=PLANE('',#8208);
#2348=PLANE('',#8209);
#2349=PLANE('',#8210);
#2350=PLANE('',#8211);
#2351=PLANE('',#8212);
#2352=PLANE('',#8213);
#2353=PLANE('',#8214);
#2354=PLANE('',#8215);
#2355=PLANE('',#8216);
#2356=PLANE('',#8217);
#2357=PLANE('',#8218);
#2358=PLANE('',#8219);
#2359=PLANE('',#8220);
#2360=PLANE('',#8221);
#2361=PLANE('',#8222);
#2362=PLANE('',#8223);
#2363=PLANE('',#8224);
#2364=PLANE('',#8225);
#2365=PLANE('',#8226);
#2366=PLANE('',#8227);
#2367=PLANE('',#8228);
#2368=PLANE('',#8229);
#2369=PLANE('',#8230);
#2370=PLANE('',#8231);
#2371=PLANE('',#8232);
#2372=PLANE('',#8233);
#2373=PLANE('',#8234);
#2374=PLANE('',#8235);
#2375=PLANE('',#8236);
#2376=PLANE('',#8237);
#2377=PLANE('',#8238);
#2378=PLANE('',#8239);
#2379=PLANE('',#8240);
#2380=PLANE('',#8241);
#2381=PLANE('',#8242);
#2382=PLANE('',#8243);
#2383=PLANE('',#8244);
#2384=PLANE('',#8245);
#2385=PLANE('',#8246);
#2386=PLANE('',#8247);
#2387=PLANE('',#8248);
#2388=PLANE('',#8249);
#2389=PLANE('',#8250);
#2390=PLANE('',#8251);
#2391=PLANE('',#8252);
#2392=PLANE('',#8253);
#2393=PLANE('',#8254);
#2394=PLANE('',#8255);
#2395=PLANE('',#8256);
#2396=PLANE('',#8257);
#2397=PLANE('',#8258);
#2398=PLANE('',#8259);
#2399=PLANE('',#8260);
#2400=PLANE('',#8261);
#2401=PLANE('',#8262);
#2402=PLANE('',#8263);
#2403=PLANE('',#8264);
#2404=PLANE('',#8265);
#2405=PLANE('',#8266);
#2406=PLANE('',#8267);
#2407=PLANE('',#8268);
#2408=PLANE('',#8269);
#2409=PLANE('',#8270);
#2410=PLANE('',#8271);
#2411=PLANE('',#8272);
#2412=PLANE('',#8273);
#2413=PLANE('',#8274);
#2414=PLANE('',#8275);
#2415=PLANE('',#8276);
#2416=PLANE('',#8277);
#2417=PLANE('',#8278);
#2418=PLANE('',#8279);
#2419=PLANE('',#8280);
#2420=PLANE('',#8281);
#2421=PLANE('',#8282);
#2422=PLANE('',#8283);
#2423=PLANE('',#8284);
#2424=PLANE('',#8285);
#2425=PLANE('',#8286);
#2426=PLANE('',#8287);
#2427=PLANE('',#8288);
#2428=PLANE('',#8289);
#2429=PLANE('',#8290);
#2430=PLANE('',#8291);
#2431=PLANE('',#8292);
#2432=PLANE('',#8293);
#2433=PLANE('',#8294);
#2434=PLANE('',#8295);
#2435=PLANE('',#8296);
#2436=PLANE('',#8297);
#2437=PLANE('',#8298);
#2438=PLANE('',#8299);
#2439=PLANE('',#8300);
#2440=PLANE('',#8301);
#2441=PLANE('',#8302);
#2442=PLANE('',#8303);
#2443=PLANE('',#8304);
#2444=PLANE('',#8305);
#2445=PLANE('',#8306);
#2446=PLANE('',#8307);
#2447=PLANE('',#8308);
#2448=PLANE('',#8309);
#2449=PLANE('',#8310);
#2450=PLANE('',#8311);
#2451=PLANE('',#8312);
#2452=PLANE('',#8313);
#2453=PLANE('',#8314);
#2454=PLANE('',#8315);
#2455=PLANE('',#8316);
#2456=PLANE('',#8317);
#2457=PLANE('',#8318);
#2458=PLANE('',#8319);
#2459=PLANE('',#8320);
#2460=PLANE('',#8321);
#2461=PLANE('',#8322);
#2462=PLANE('',#8323);
#2463=PLANE('',#8324);
#2464=PLANE('',#8325);
#2465=PLANE('',#8326);
#2466=PLANE('',#8327);
#2467=PLANE('',#8328);
#2468=PLANE('',#8329);
#2469=PLANE('',#8330);
#2470=PLANE('',#8331);
#2471=PLANE('',#8332);
#2472=PLANE('',#8333);
#2473=PLANE('',#8334);
#2474=PLANE('',#8335);
#2475=PLANE('',#8336);
#2476=PLANE('',#8337);
#2477=PLANE('',#8338);
#2478=PLANE('',#8339);
#2479=PLANE('',#8340);
#2480=PLANE('',#8341);
#2481=PLANE('',#8342);
#2482=PLANE('',#8343);
#2483=PLANE('',#8344);
#2484=PLANE('',#8345);
#2485=PLANE('',#8346);
#2486=PLANE('',#8347);
#2487=PLANE('',#8348);
#2488=PLANE('',#8349);
#2489=PLANE('',#8350);
#2490=PLANE('',#8351);
#2491=PLANE('',#8352);
#2492=PLANE('',#8353);
#2493=PLANE('',#8354);
#2494=PLANE('',#8355);
#2495=PLANE('',#8356);
#2496=PLANE('',#8357);
#2497=PLANE('',#8358);
#2498=PLANE('',#8359);
#2499=PLANE('',#8360);
#2500=PLANE('',#8361);
#2501=PLANE('',#8362);
#2502=PLANE('',#8363);
#2503=PLANE('',#8364);
#2504=PLANE('',#8365);
#2505=PLANE('',#8366);
#2506=PLANE('',#8367);
#2507=PLANE('',#8368);
#2508=PLANE('',#8369);
#2509=PLANE('',#8370);
#2510=PLANE('',#8371);
#2511=PLANE('',#8372);
#2512=PLANE('',#8373);
#2513=PLANE('',#8374);
#2514=PLANE('',#8375);
#2515=PLANE('',#8376);
#2516=PLANE('',#8377);
#2517=PLANE('',#8378);
#2518=PLANE('',#8379);
#2519=PLANE('',#8380);
#2520=PLANE('',#8381);
#2521=PLANE('',#8382);
#2522=PLANE('',#8383);
#2523=PLANE('',#8384);
#2524=PLANE('',#8385);
#2525=PLANE('',#8386);
#2526=PLANE('',#8387);
#2527=PLANE('',#8388);
#2528=PLANE('',#8389);
#2529=PLANE('',#8390);
#2530=PLANE('',#8391);
#2531=PLANE('',#8392);
#2532=PLANE('',#8393);
#2533=PLANE('',#8394);
#2534=PLANE('',#8395);
#2535=PLANE('',#8396);
#2536=PLANE('',#8397);
#2537=PLANE('',#8398);
#2538=PLANE('',#8399);
#2539=PLANE('',#8400);
#2540=PLANE('',#8401);
#2541=PLANE('',#8402);
#2542=PLANE('',#8403);
#2543=PLANE('',#8404);
#2544=PLANE('',#8405);
#2545=PLANE('',#8406);
#2546=PLANE('',#8407);
#2547=PLANE('',#8408);
#2548=PLANE('',#8409);
#2549=PLANE('',#8410);
#2550=PLANE('',#8411);
#2551=PLANE('',#8412);
#2552=PLANE('',#8413);
#2553=PLANE('',#8414);
#2554=PLANE('',#8415);
#2555=PLANE('',#8416);
#2556=PLANE('',#8417);
#2557=PLANE('',#8418);
#2558=PLANE('',#8419);
#2559=PLANE('',#8420);
#2560=PLANE('',#8421);
#2561=PLANE('',#8422);
#2562=PLANE('',#8423);
#2563=PLANE('',#8424);
#2564=PLANE('',#8425);
#2565=PLANE('',#8426);
#2566=PLANE('',#8427);
#2567=PLANE('',#8428);
#2568=PLANE('',#8429);
#2569=PLANE('',#8430);
#2570=PLANE('',#8431);
#2571=PLANE('',#8432);
#2572=PLANE('',#8433);
#2573=PLANE('',#8434);
#2574=PLANE('',#8435);
#2575=PLANE('',#8436);
#2576=PLANE('',#8437);
#2577=PLANE('',#8438);
#2578=PLANE('',#8439);
#2579=PLANE('',#8440);
#2580=PLANE('',#8441);
#2581=PLANE('',#8442);
#2582=PLANE('',#8443);
#2583=PLANE('',#8444);
#2584=PLANE('',#8445);
#2585=PLANE('',#8446);
#2586=PLANE('',#8447);
#2587=PLANE('',#8448);
#2588=PLANE('',#8449);
#2589=PLANE('',#8450);
#2590=PLANE('',#8451);
#2591=PLANE('',#8452);
#2592=PLANE('',#8453);
#2593=PLANE('',#8454);
#2594=PLANE('',#8455);
#2595=PLANE('',#8456);
#2596=PLANE('',#8457);
#2597=PLANE('',#8458);
#2598=PLANE('',#8459);
#2599=PLANE('',#8460);
#2600=PLANE('',#8461);
#2601=PLANE('',#8462);
#2602=PLANE('',#8463);
#2603=PLANE('',#8464);
#2604=PLANE('',#8465);
#2605=PLANE('',#8466);
#2606=PLANE('',#8467);
#2607=PLANE('',#8468);
#2608=PLANE('',#8469);
#2609=PLANE('',#8470);
#2610=PLANE('',#8471);
#2611=PLANE('',#8472);
#2612=PLANE('',#8473);
#2613=PLANE('',#8474);
#2614=PLANE('',#8475);
#2615=PLANE('',#8476);
#2616=PLANE('',#8477);
#2617=PLANE('',#8478);
#2618=PLANE('',#8479);
#2619=PLANE('',#8480);
#2620=PLANE('',#8481);
#2621=PLANE('',#8482);
#2622=PLANE('',#8483);
#2623=PLANE('',#8484);
#2624=PLANE('',#8485);
#2625=PLANE('',#8486);
#2626=PLANE('',#8487);
#2627=PLANE('',#8488);
#2628=PLANE('',#8489);
#2629=PLANE('',#8490);
#2630=PLANE('',#8491);
#2631=PLANE('',#8492);
#2632=PLANE('',#8493);
#2633=PLANE('',#8494);
#2634=PLANE('',#8495);
#2635=PLANE('',#8496);
#2636=PLANE('',#8497);
#2637=PLANE('',#8498);
#2638=PLANE('',#8499);
#2639=PLANE('',#8500);
#2640=PLANE('',#8501);
#2641=PLANE('',#8502);
#2642=PLANE('',#8503);
#2643=PLANE('',#8504);
#2644=PLANE('',#8505);
#2645=PLANE('',#8506);
#2646=PLANE('',#8507);
#2647=PLANE('',#8508);
#2648=PLANE('',#8509);
#2649=PLANE('',#8510);
#2650=PLANE('',#8511);
#2651=PLANE('',#8512);
#2652=PLANE('',#8513);
#2653=PLANE('',#8514);
#2654=PLANE('',#8515);
#2655=PLANE('',#8516);
#2656=PLANE('',#8517);
#2657=PLANE('',#8518);
#2658=PLANE('',#8519);
#2659=PLANE('',#8520);
#2660=PLANE('',#8521);
#2661=PLANE('',#8522);
#2662=PLANE('',#8523);
#2663=PLANE('',#8524);
#2664=PLANE('',#8525);
#2665=PLANE('',#8526);
#2666=PLANE('',#8527);
#2667=PLANE('',#8528);
#2668=PLANE('',#8529);
#2669=PLANE('',#8530);
#2670=PLANE('',#8531);
#2671=PLANE('',#8532);
#2672=PLANE('',#8533);
#2673=PLANE('',#8534);
#2674=PLANE('',#8535);
#2675=PLANE('',#8536);
#2676=PLANE('',#8537);
#2677=PLANE('',#8538);
#2678=PLANE('',#8539);
#2679=PLANE('',#8540);
#2680=PLANE('',#8541);
#2681=PLANE('',#8542);
#2682=PLANE('',#8543);
#2683=ORIENTED_EDGE('',*,*,#4987,.F.);
#2684=ORIENTED_EDGE('',*,*,#4988,.T.);
#2685=ORIENTED_EDGE('',*,*,#4989,.F.);
#2686=ORIENTED_EDGE('',*,*,#4990,.T.);
#2687=ORIENTED_EDGE('',*,*,#4991,.F.);
#2688=ORIENTED_EDGE('',*,*,#4992,.T.);
#2689=ORIENTED_EDGE('',*,*,#4993,.F.);
#2690=ORIENTED_EDGE('',*,*,#4994,.T.);
#2691=ORIENTED_EDGE('',*,*,#4995,.F.);
#2692=ORIENTED_EDGE('',*,*,#4996,.T.);
#2693=ORIENTED_EDGE('',*,*,#4997,.F.);
#2694=ORIENTED_EDGE('',*,*,#4998,.T.);
#2695=ORIENTED_EDGE('',*,*,#4995,.T.);
#2696=ORIENTED_EDGE('',*,*,#4993,.T.);
#2697=ORIENTED_EDGE('',*,*,#4991,.T.);
#2698=ORIENTED_EDGE('',*,*,#4989,.T.);
#2699=ORIENTED_EDGE('',*,*,#4987,.T.);
#2700=ORIENTED_EDGE('',*,*,#4998,.F.);
#2701=ORIENTED_EDGE('',*,*,#4999,.T.);
#2702=ORIENTED_EDGE('',*,*,#5000,.F.);
#2703=ORIENTED_EDGE('',*,*,#5001,.F.);
#2704=ORIENTED_EDGE('',*,*,#5002,.T.);
#2705=ORIENTED_EDGE('',*,*,#5003,.T.);
#2706=ORIENTED_EDGE('',*,*,#5004,.F.);
#2707=ORIENTED_EDGE('',*,*,#5005,.F.);
#2708=ORIENTED_EDGE('',*,*,#5000,.T.);
#2709=ORIENTED_EDGE('',*,*,#5006,.T.);
#2710=ORIENTED_EDGE('',*,*,#5007,.F.);
#2711=ORIENTED_EDGE('',*,*,#5008,.F.);
#2712=ORIENTED_EDGE('',*,*,#5004,.T.);
#2713=ORIENTED_EDGE('',*,*,#5009,.T.);
#2714=ORIENTED_EDGE('',*,*,#5010,.F.);
#2715=ORIENTED_EDGE('',*,*,#5011,.F.);
#2716=ORIENTED_EDGE('',*,*,#5007,.T.);
#2717=ORIENTED_EDGE('',*,*,#5012,.T.);
#2718=ORIENTED_EDGE('',*,*,#5013,.F.);
#2719=ORIENTED_EDGE('',*,*,#5014,.F.);
#2720=ORIENTED_EDGE('',*,*,#5010,.T.);
#2721=ORIENTED_EDGE('',*,*,#5015,.T.);
#2722=ORIENTED_EDGE('',*,*,#5016,.F.);
#2723=ORIENTED_EDGE('',*,*,#5017,.F.);
#2724=ORIENTED_EDGE('',*,*,#5013,.T.);
#2725=ORIENTED_EDGE('',*,*,#5018,.T.);
#2726=ORIENTED_EDGE('',*,*,#5019,.F.);
#2727=ORIENTED_EDGE('',*,*,#5020,.F.);
#2728=ORIENTED_EDGE('',*,*,#5016,.T.);
#2729=ORIENTED_EDGE('',*,*,#5021,.T.);
#2730=ORIENTED_EDGE('',*,*,#5022,.F.);
#2731=ORIENTED_EDGE('',*,*,#5023,.F.);
#2732=ORIENTED_EDGE('',*,*,#5019,.T.);
#2733=ORIENTED_EDGE('',*,*,#5024,.T.);
#2734=ORIENTED_EDGE('',*,*,#5025,.F.);
#2735=ORIENTED_EDGE('',*,*,#5026,.F.);
#2736=ORIENTED_EDGE('',*,*,#5022,.T.);
#2737=ORIENTED_EDGE('',*,*,#5027,.T.);
#2738=ORIENTED_EDGE('',*,*,#5028,.F.);
#2739=ORIENTED_EDGE('',*,*,#5029,.F.);
#2740=ORIENTED_EDGE('',*,*,#5025,.T.);
#2741=ORIENTED_EDGE('',*,*,#5030,.T.);
#2742=ORIENTED_EDGE('',*,*,#5031,.F.);
#2743=ORIENTED_EDGE('',*,*,#5032,.F.);
#2744=ORIENTED_EDGE('',*,*,#5028,.T.);
#2745=ORIENTED_EDGE('',*,*,#5033,.T.);
#2746=ORIENTED_EDGE('',*,*,#5034,.F.);
#2747=ORIENTED_EDGE('',*,*,#5035,.F.);
#2748=ORIENTED_EDGE('',*,*,#5031,.T.);
#2749=ORIENTED_EDGE('',*,*,#5036,.T.);
#2750=ORIENTED_EDGE('',*,*,#5037,.F.);
#2751=ORIENTED_EDGE('',*,*,#5038,.F.);
#2752=ORIENTED_EDGE('',*,*,#5034,.T.);
#2753=ORIENTED_EDGE('',*,*,#5039,.T.);
#2754=ORIENTED_EDGE('',*,*,#5040,.F.);
#2755=ORIENTED_EDGE('',*,*,#5041,.F.);
#2756=ORIENTED_EDGE('',*,*,#5037,.T.);
#2757=ORIENTED_EDGE('',*,*,#5042,.T.);
#2758=ORIENTED_EDGE('',*,*,#5043,.F.);
#2759=ORIENTED_EDGE('',*,*,#5044,.F.);
#2760=ORIENTED_EDGE('',*,*,#5040,.T.);
#2761=ORIENTED_EDGE('',*,*,#5045,.T.);
#2762=ORIENTED_EDGE('',*,*,#5046,.F.);
#2763=ORIENTED_EDGE('',*,*,#5047,.F.);
#2764=ORIENTED_EDGE('',*,*,#5043,.T.);
#2765=ORIENTED_EDGE('',*,*,#5048,.T.);
#2766=ORIENTED_EDGE('',*,*,#5049,.F.);
#2767=ORIENTED_EDGE('',*,*,#5050,.F.);
#2768=ORIENTED_EDGE('',*,*,#5046,.T.);
#2769=ORIENTED_EDGE('',*,*,#5051,.T.);
#2770=ORIENTED_EDGE('',*,*,#5052,.F.);
#2771=ORIENTED_EDGE('',*,*,#5053,.F.);
#2772=ORIENTED_EDGE('',*,*,#5049,.T.);
#2773=ORIENTED_EDGE('',*,*,#5054,.T.);
#2774=ORIENTED_EDGE('',*,*,#5055,.F.);
#2775=ORIENTED_EDGE('',*,*,#5056,.F.);
#2776=ORIENTED_EDGE('',*,*,#5052,.T.);
#2777=ORIENTED_EDGE('',*,*,#5057,.T.);
#2778=ORIENTED_EDGE('',*,*,#5058,.F.);
#2779=ORIENTED_EDGE('',*,*,#5059,.F.);
#2780=ORIENTED_EDGE('',*,*,#5055,.T.);
#2781=ORIENTED_EDGE('',*,*,#5060,.T.);
#2782=ORIENTED_EDGE('',*,*,#5061,.F.);
#2783=ORIENTED_EDGE('',*,*,#5062,.F.);
#2784=ORIENTED_EDGE('',*,*,#5058,.T.);
#2785=ORIENTED_EDGE('',*,*,#5063,.T.);
#2786=ORIENTED_EDGE('',*,*,#5064,.F.);
#2787=ORIENTED_EDGE('',*,*,#5065,.F.);
#2788=ORIENTED_EDGE('',*,*,#5061,.T.);
#2789=ORIENTED_EDGE('',*,*,#5066,.T.);
#2790=ORIENTED_EDGE('',*,*,#5067,.F.);
#2791=ORIENTED_EDGE('',*,*,#5068,.F.);
#2792=ORIENTED_EDGE('',*,*,#5064,.T.);
#2793=ORIENTED_EDGE('',*,*,#5069,.T.);
#2794=ORIENTED_EDGE('',*,*,#5070,.F.);
#2795=ORIENTED_EDGE('',*,*,#5071,.F.);
#2796=ORIENTED_EDGE('',*,*,#5067,.T.);
#2797=ORIENTED_EDGE('',*,*,#5072,.T.);
#2798=ORIENTED_EDGE('',*,*,#5073,.F.);
#2799=ORIENTED_EDGE('',*,*,#5074,.F.);
#2800=ORIENTED_EDGE('',*,*,#5070,.T.);
#2801=ORIENTED_EDGE('',*,*,#5075,.T.);
#2802=ORIENTED_EDGE('',*,*,#5076,.F.);
#2803=ORIENTED_EDGE('',*,*,#5077,.F.);
#2804=ORIENTED_EDGE('',*,*,#5073,.T.);
#2805=ORIENTED_EDGE('',*,*,#5078,.T.);
#2806=ORIENTED_EDGE('',*,*,#5079,.F.);
#2807=ORIENTED_EDGE('',*,*,#5080,.F.);
#2808=ORIENTED_EDGE('',*,*,#5076,.T.);
#2809=ORIENTED_EDGE('',*,*,#5081,.T.);
#2810=ORIENTED_EDGE('',*,*,#5082,.F.);
#2811=ORIENTED_EDGE('',*,*,#5083,.F.);
#2812=ORIENTED_EDGE('',*,*,#5079,.T.);
#2813=ORIENTED_EDGE('',*,*,#5084,.T.);
#2814=ORIENTED_EDGE('',*,*,#5085,.F.);
#2815=ORIENTED_EDGE('',*,*,#5086,.F.);
#2816=ORIENTED_EDGE('',*,*,#5082,.T.);
#2817=ORIENTED_EDGE('',*,*,#5087,.T.);
#2818=ORIENTED_EDGE('',*,*,#5088,.F.);
#2819=ORIENTED_EDGE('',*,*,#5089,.F.);
#2820=ORIENTED_EDGE('',*,*,#5085,.T.);
#2821=ORIENTED_EDGE('',*,*,#5090,.T.);
#2822=ORIENTED_EDGE('',*,*,#5091,.F.);
#2823=ORIENTED_EDGE('',*,*,#5092,.F.);
#2824=ORIENTED_EDGE('',*,*,#5088,.T.);
#2825=ORIENTED_EDGE('',*,*,#5093,.T.);
#2826=ORIENTED_EDGE('',*,*,#5094,.F.);
#2827=ORIENTED_EDGE('',*,*,#5095,.F.);
#2828=ORIENTED_EDGE('',*,*,#5091,.T.);
#2829=ORIENTED_EDGE('',*,*,#5096,.T.);
#2830=ORIENTED_EDGE('',*,*,#5097,.F.);
#2831=ORIENTED_EDGE('',*,*,#5098,.F.);
#2832=ORIENTED_EDGE('',*,*,#5094,.T.);
#2833=ORIENTED_EDGE('',*,*,#5099,.T.);
#2834=ORIENTED_EDGE('',*,*,#5100,.F.);
#2835=ORIENTED_EDGE('',*,*,#5101,.F.);
#2836=ORIENTED_EDGE('',*,*,#5097,.T.);
#2837=ORIENTED_EDGE('',*,*,#5102,.T.);
#2838=ORIENTED_EDGE('',*,*,#5103,.F.);
#2839=ORIENTED_EDGE('',*,*,#5104,.F.);
#2840=ORIENTED_EDGE('',*,*,#5100,.T.);
#2841=ORIENTED_EDGE('',*,*,#5105,.T.);
#2842=ORIENTED_EDGE('',*,*,#5106,.F.);
#2843=ORIENTED_EDGE('',*,*,#5107,.F.);
#2844=ORIENTED_EDGE('',*,*,#5103,.T.);
#2845=ORIENTED_EDGE('',*,*,#5108,.T.);
#2846=ORIENTED_EDGE('',*,*,#5109,.F.);
#2847=ORIENTED_EDGE('',*,*,#5110,.F.);
#2848=ORIENTED_EDGE('',*,*,#5106,.T.);
#2849=ORIENTED_EDGE('',*,*,#5111,.T.);
#2850=ORIENTED_EDGE('',*,*,#5112,.F.);
#2851=ORIENTED_EDGE('',*,*,#5113,.F.);
#2852=ORIENTED_EDGE('',*,*,#5109,.T.);
#2853=ORIENTED_EDGE('',*,*,#5114,.T.);
#2854=ORIENTED_EDGE('',*,*,#5115,.F.);
#2855=ORIENTED_EDGE('',*,*,#5116,.F.);
#2856=ORIENTED_EDGE('',*,*,#5112,.T.);
#2857=ORIENTED_EDGE('',*,*,#5117,.T.);
#2858=ORIENTED_EDGE('',*,*,#5118,.F.);
#2859=ORIENTED_EDGE('',*,*,#5119,.F.);
#2860=ORIENTED_EDGE('',*,*,#5115,.T.);
#2861=ORIENTED_EDGE('',*,*,#5120,.T.);
#2862=ORIENTED_EDGE('',*,*,#5121,.F.);
#2863=ORIENTED_EDGE('',*,*,#5122,.F.);
#2864=ORIENTED_EDGE('',*,*,#5118,.T.);
#2865=ORIENTED_EDGE('',*,*,#5123,.T.);
#2866=ORIENTED_EDGE('',*,*,#5124,.F.);
#2867=ORIENTED_EDGE('',*,*,#5125,.F.);
#2868=ORIENTED_EDGE('',*,*,#5121,.T.);
#2869=ORIENTED_EDGE('',*,*,#5126,.T.);
#2870=ORIENTED_EDGE('',*,*,#5127,.F.);
#2871=ORIENTED_EDGE('',*,*,#5128,.F.);
#2872=ORIENTED_EDGE('',*,*,#5124,.T.);
#2873=ORIENTED_EDGE('',*,*,#5129,.T.);
#2874=ORIENTED_EDGE('',*,*,#5130,.F.);
#2875=ORIENTED_EDGE('',*,*,#5131,.F.);
#2876=ORIENTED_EDGE('',*,*,#5127,.T.);
#2877=ORIENTED_EDGE('',*,*,#5132,.T.);
#2878=ORIENTED_EDGE('',*,*,#5133,.F.);
#2879=ORIENTED_EDGE('',*,*,#5134,.F.);
#2880=ORIENTED_EDGE('',*,*,#5130,.T.);
#2881=ORIENTED_EDGE('',*,*,#5135,.T.);
#2882=ORIENTED_EDGE('',*,*,#5136,.F.);
#2883=ORIENTED_EDGE('',*,*,#5137,.F.);
#2884=ORIENTED_EDGE('',*,*,#5133,.T.);
#2885=ORIENTED_EDGE('',*,*,#5138,.T.);
#2886=ORIENTED_EDGE('',*,*,#5139,.F.);
#2887=ORIENTED_EDGE('',*,*,#5140,.F.);
#2888=ORIENTED_EDGE('',*,*,#5136,.T.);
#2889=ORIENTED_EDGE('',*,*,#5141,.T.);
#2890=ORIENTED_EDGE('',*,*,#5142,.F.);
#2891=ORIENTED_EDGE('',*,*,#5143,.F.);
#2892=ORIENTED_EDGE('',*,*,#5139,.T.);
#2893=ORIENTED_EDGE('',*,*,#5144,.T.);
#2894=ORIENTED_EDGE('',*,*,#5145,.F.);
#2895=ORIENTED_EDGE('',*,*,#5146,.F.);
#2896=ORIENTED_EDGE('',*,*,#5142,.T.);
#2897=ORIENTED_EDGE('',*,*,#5147,.T.);
#2898=ORIENTED_EDGE('',*,*,#5148,.F.);
#2899=ORIENTED_EDGE('',*,*,#5149,.F.);
#2900=ORIENTED_EDGE('',*,*,#5145,.T.);
#2901=ORIENTED_EDGE('',*,*,#5150,.T.);
#2902=ORIENTED_EDGE('',*,*,#5151,.F.);
#2903=ORIENTED_EDGE('',*,*,#5152,.F.);
#2904=ORIENTED_EDGE('',*,*,#5148,.T.);
#2905=ORIENTED_EDGE('',*,*,#5153,.T.);
#2906=ORIENTED_EDGE('',*,*,#5154,.F.);
#2907=ORIENTED_EDGE('',*,*,#5155,.F.);
#2908=ORIENTED_EDGE('',*,*,#5151,.T.);
#2909=ORIENTED_EDGE('',*,*,#5156,.T.);
#2910=ORIENTED_EDGE('',*,*,#5157,.F.);
#2911=ORIENTED_EDGE('',*,*,#5158,.F.);
#2912=ORIENTED_EDGE('',*,*,#5154,.T.);
#2913=ORIENTED_EDGE('',*,*,#5159,.T.);
#2914=ORIENTED_EDGE('',*,*,#5160,.F.);
#2915=ORIENTED_EDGE('',*,*,#5161,.F.);
#2916=ORIENTED_EDGE('',*,*,#5157,.T.);
#2917=ORIENTED_EDGE('',*,*,#5162,.T.);
#2918=ORIENTED_EDGE('',*,*,#5163,.F.);
#2919=ORIENTED_EDGE('',*,*,#5164,.F.);
#2920=ORIENTED_EDGE('',*,*,#5160,.T.);
#2921=ORIENTED_EDGE('',*,*,#5165,.T.);
#2922=ORIENTED_EDGE('',*,*,#5166,.F.);
#2923=ORIENTED_EDGE('',*,*,#5167,.F.);
#2924=ORIENTED_EDGE('',*,*,#5163,.T.);
#2925=ORIENTED_EDGE('',*,*,#5168,.T.);
#2926=ORIENTED_EDGE('',*,*,#5169,.F.);
#2927=ORIENTED_EDGE('',*,*,#5170,.F.);
#2928=ORIENTED_EDGE('',*,*,#5166,.T.);
#2929=ORIENTED_EDGE('',*,*,#5171,.T.);
#2930=ORIENTED_EDGE('',*,*,#5172,.F.);
#2931=ORIENTED_EDGE('',*,*,#5173,.F.);
#2932=ORIENTED_EDGE('',*,*,#5169,.T.);
#2933=ORIENTED_EDGE('',*,*,#5174,.T.);
#2934=ORIENTED_EDGE('',*,*,#5175,.F.);
#2935=ORIENTED_EDGE('',*,*,#5176,.F.);
#2936=ORIENTED_EDGE('',*,*,#5172,.T.);
#2937=ORIENTED_EDGE('',*,*,#5177,.T.);
#2938=ORIENTED_EDGE('',*,*,#5178,.F.);
#2939=ORIENTED_EDGE('',*,*,#5179,.F.);
#2940=ORIENTED_EDGE('',*,*,#5175,.T.);
#2941=ORIENTED_EDGE('',*,*,#5180,.T.);
#2942=ORIENTED_EDGE('',*,*,#5181,.F.);
#2943=ORIENTED_EDGE('',*,*,#5182,.F.);
#2944=ORIENTED_EDGE('',*,*,#5178,.T.);
#2945=ORIENTED_EDGE('',*,*,#5183,.T.);
#2946=ORIENTED_EDGE('',*,*,#5184,.F.);
#2947=ORIENTED_EDGE('',*,*,#5185,.F.);
#2948=ORIENTED_EDGE('',*,*,#5181,.T.);
#2949=ORIENTED_EDGE('',*,*,#5186,.T.);
#2950=ORIENTED_EDGE('',*,*,#5187,.F.);
#2951=ORIENTED_EDGE('',*,*,#5188,.F.);
#2952=ORIENTED_EDGE('',*,*,#5184,.T.);
#2953=ORIENTED_EDGE('',*,*,#5189,.T.);
#2954=ORIENTED_EDGE('',*,*,#5190,.F.);
#2955=ORIENTED_EDGE('',*,*,#5191,.F.);
#2956=ORIENTED_EDGE('',*,*,#5187,.T.);
#2957=ORIENTED_EDGE('',*,*,#5192,.T.);
#2958=ORIENTED_EDGE('',*,*,#5193,.F.);
#2959=ORIENTED_EDGE('',*,*,#5194,.F.);
#2960=ORIENTED_EDGE('',*,*,#5190,.T.);
#2961=ORIENTED_EDGE('',*,*,#5195,.T.);
#2962=ORIENTED_EDGE('',*,*,#5196,.F.);
#2963=ORIENTED_EDGE('',*,*,#5197,.F.);
#2964=ORIENTED_EDGE('',*,*,#5193,.T.);
#2965=ORIENTED_EDGE('',*,*,#5198,.T.);
#2966=ORIENTED_EDGE('',*,*,#5199,.F.);
#2967=ORIENTED_EDGE('',*,*,#5200,.F.);
#2968=ORIENTED_EDGE('',*,*,#5196,.T.);
#2969=ORIENTED_EDGE('',*,*,#5201,.T.);
#2970=ORIENTED_EDGE('',*,*,#5202,.F.);
#2971=ORIENTED_EDGE('',*,*,#5203,.F.);
#2972=ORIENTED_EDGE('',*,*,#5199,.T.);
#2973=ORIENTED_EDGE('',*,*,#5204,.T.);
#2974=ORIENTED_EDGE('',*,*,#5205,.F.);
#2975=ORIENTED_EDGE('',*,*,#5206,.F.);
#2976=ORIENTED_EDGE('',*,*,#5202,.T.);
#2977=ORIENTED_EDGE('',*,*,#5207,.T.);
#2978=ORIENTED_EDGE('',*,*,#5208,.F.);
#2979=ORIENTED_EDGE('',*,*,#5209,.F.);
#2980=ORIENTED_EDGE('',*,*,#5205,.T.);
#2981=ORIENTED_EDGE('',*,*,#5210,.T.);
#2982=ORIENTED_EDGE('',*,*,#5211,.F.);
#2983=ORIENTED_EDGE('',*,*,#5212,.F.);
#2984=ORIENTED_EDGE('',*,*,#5208,.T.);
#2985=ORIENTED_EDGE('',*,*,#5213,.T.);
#2986=ORIENTED_EDGE('',*,*,#5214,.F.);
#2987=ORIENTED_EDGE('',*,*,#5215,.F.);
#2988=ORIENTED_EDGE('',*,*,#5211,.T.);
#2989=ORIENTED_EDGE('',*,*,#5216,.T.);
#2990=ORIENTED_EDGE('',*,*,#5217,.F.);
#2991=ORIENTED_EDGE('',*,*,#5218,.F.);
#2992=ORIENTED_EDGE('',*,*,#5214,.T.);
#2993=ORIENTED_EDGE('',*,*,#5219,.T.);
#2994=ORIENTED_EDGE('',*,*,#5220,.F.);
#2995=ORIENTED_EDGE('',*,*,#5221,.F.);
#2996=ORIENTED_EDGE('',*,*,#5217,.T.);
#2997=ORIENTED_EDGE('',*,*,#5222,.T.);
#2998=ORIENTED_EDGE('',*,*,#5223,.F.);
#2999=ORIENTED_EDGE('',*,*,#5224,.F.);
#3000=ORIENTED_EDGE('',*,*,#5220,.T.);
#3001=ORIENTED_EDGE('',*,*,#5225,.T.);
#3002=ORIENTED_EDGE('',*,*,#5226,.F.);
#3003=ORIENTED_EDGE('',*,*,#5227,.F.);
#3004=ORIENTED_EDGE('',*,*,#5223,.T.);
#3005=ORIENTED_EDGE('',*,*,#5228,.T.);
#3006=ORIENTED_EDGE('',*,*,#5229,.F.);
#3007=ORIENTED_EDGE('',*,*,#5230,.F.);
#3008=ORIENTED_EDGE('',*,*,#5226,.T.);
#3009=ORIENTED_EDGE('',*,*,#5231,.T.);
#3010=ORIENTED_EDGE('',*,*,#5232,.F.);
#3011=ORIENTED_EDGE('',*,*,#5233,.F.);
#3012=ORIENTED_EDGE('',*,*,#5229,.T.);
#3013=ORIENTED_EDGE('',*,*,#5234,.T.);
#3014=ORIENTED_EDGE('',*,*,#5235,.F.);
#3015=ORIENTED_EDGE('',*,*,#5236,.F.);
#3016=ORIENTED_EDGE('',*,*,#5232,.T.);
#3017=ORIENTED_EDGE('',*,*,#5237,.T.);
#3018=ORIENTED_EDGE('',*,*,#5238,.F.);
#3019=ORIENTED_EDGE('',*,*,#5239,.F.);
#3020=ORIENTED_EDGE('',*,*,#5235,.T.);
#3021=ORIENTED_EDGE('',*,*,#5240,.T.);
#3022=ORIENTED_EDGE('',*,*,#5241,.F.);
#3023=ORIENTED_EDGE('',*,*,#5242,.F.);
#3024=ORIENTED_EDGE('',*,*,#5238,.T.);
#3025=ORIENTED_EDGE('',*,*,#5243,.T.);
#3026=ORIENTED_EDGE('',*,*,#5244,.F.);
#3027=ORIENTED_EDGE('',*,*,#5245,.F.);
#3028=ORIENTED_EDGE('',*,*,#5241,.T.);
#3029=ORIENTED_EDGE('',*,*,#5246,.T.);
#3030=ORIENTED_EDGE('',*,*,#5247,.F.);
#3031=ORIENTED_EDGE('',*,*,#5248,.F.);
#3032=ORIENTED_EDGE('',*,*,#5244,.T.);
#3033=ORIENTED_EDGE('',*,*,#5249,.T.);
#3034=ORIENTED_EDGE('',*,*,#5250,.F.);
#3035=ORIENTED_EDGE('',*,*,#5251,.F.);
#3036=ORIENTED_EDGE('',*,*,#5247,.T.);
#3037=ORIENTED_EDGE('',*,*,#5252,.T.);
#3038=ORIENTED_EDGE('',*,*,#5253,.F.);
#3039=ORIENTED_EDGE('',*,*,#5254,.F.);
#3040=ORIENTED_EDGE('',*,*,#5250,.T.);
#3041=ORIENTED_EDGE('',*,*,#5255,.T.);
#3042=ORIENTED_EDGE('',*,*,#5256,.F.);
#3043=ORIENTED_EDGE('',*,*,#5257,.F.);
#3044=ORIENTED_EDGE('',*,*,#5253,.T.);
#3045=ORIENTED_EDGE('',*,*,#5258,.T.);
#3046=ORIENTED_EDGE('',*,*,#5259,.F.);
#3047=ORIENTED_EDGE('',*,*,#5260,.F.);
#3048=ORIENTED_EDGE('',*,*,#5256,.T.);
#3049=ORIENTED_EDGE('',*,*,#5261,.T.);
#3050=ORIENTED_EDGE('',*,*,#5262,.F.);
#3051=ORIENTED_EDGE('',*,*,#5263,.F.);
#3052=ORIENTED_EDGE('',*,*,#5259,.T.);
#3053=ORIENTED_EDGE('',*,*,#5264,.T.);
#3054=ORIENTED_EDGE('',*,*,#5265,.F.);
#3055=ORIENTED_EDGE('',*,*,#5266,.F.);
#3056=ORIENTED_EDGE('',*,*,#5262,.T.);
#3057=ORIENTED_EDGE('',*,*,#5267,.T.);
#3058=ORIENTED_EDGE('',*,*,#5268,.F.);
#3059=ORIENTED_EDGE('',*,*,#5269,.F.);
#3060=ORIENTED_EDGE('',*,*,#5265,.T.);
#3061=ORIENTED_EDGE('',*,*,#5270,.T.);
#3062=ORIENTED_EDGE('',*,*,#5271,.F.);
#3063=ORIENTED_EDGE('',*,*,#5272,.F.);
#3064=ORIENTED_EDGE('',*,*,#5268,.T.);
#3065=ORIENTED_EDGE('',*,*,#5273,.T.);
#3066=ORIENTED_EDGE('',*,*,#5274,.F.);
#3067=ORIENTED_EDGE('',*,*,#5275,.F.);
#3068=ORIENTED_EDGE('',*,*,#5271,.T.);
#3069=ORIENTED_EDGE('',*,*,#5276,.T.);
#3070=ORIENTED_EDGE('',*,*,#5277,.F.);
#3071=ORIENTED_EDGE('',*,*,#5278,.F.);
#3072=ORIENTED_EDGE('',*,*,#5274,.T.);
#3073=ORIENTED_EDGE('',*,*,#5279,.T.);
#3074=ORIENTED_EDGE('',*,*,#5280,.F.);
#3075=ORIENTED_EDGE('',*,*,#5281,.F.);
#3076=ORIENTED_EDGE('',*,*,#5277,.T.);
#3077=ORIENTED_EDGE('',*,*,#5282,.T.);
#3078=ORIENTED_EDGE('',*,*,#5283,.F.);
#3079=ORIENTED_EDGE('',*,*,#5284,.F.);
#3080=ORIENTED_EDGE('',*,*,#5280,.T.);
#3081=ORIENTED_EDGE('',*,*,#5285,.T.);
#3082=ORIENTED_EDGE('',*,*,#5286,.F.);
#3083=ORIENTED_EDGE('',*,*,#5287,.F.);
#3084=ORIENTED_EDGE('',*,*,#5283,.T.);
#3085=ORIENTED_EDGE('',*,*,#5288,.T.);
#3086=ORIENTED_EDGE('',*,*,#5289,.F.);
#3087=ORIENTED_EDGE('',*,*,#5290,.F.);
#3088=ORIENTED_EDGE('',*,*,#5286,.T.);
#3089=ORIENTED_EDGE('',*,*,#5291,.T.);
#3090=ORIENTED_EDGE('',*,*,#5292,.F.);
#3091=ORIENTED_EDGE('',*,*,#5293,.F.);
#3092=ORIENTED_EDGE('',*,*,#5289,.T.);
#3093=ORIENTED_EDGE('',*,*,#5294,.T.);
#3094=ORIENTED_EDGE('',*,*,#5295,.F.);
#3095=ORIENTED_EDGE('',*,*,#5296,.F.);
#3096=ORIENTED_EDGE('',*,*,#5292,.T.);
#3097=ORIENTED_EDGE('',*,*,#5297,.T.);
#3098=ORIENTED_EDGE('',*,*,#5298,.F.);
#3099=ORIENTED_EDGE('',*,*,#5299,.F.);
#3100=ORIENTED_EDGE('',*,*,#5295,.T.);
#3101=ORIENTED_EDGE('',*,*,#5300,.T.);
#3102=ORIENTED_EDGE('',*,*,#5301,.F.);
#3103=ORIENTED_EDGE('',*,*,#5302,.F.);
#3104=ORIENTED_EDGE('',*,*,#5298,.T.);
#3105=ORIENTED_EDGE('',*,*,#5303,.T.);
#3106=ORIENTED_EDGE('',*,*,#5304,.F.);
#3107=ORIENTED_EDGE('',*,*,#5305,.F.);
#3108=ORIENTED_EDGE('',*,*,#5301,.T.);
#3109=ORIENTED_EDGE('',*,*,#5306,.T.);
#3110=ORIENTED_EDGE('',*,*,#5307,.F.);
#3111=ORIENTED_EDGE('',*,*,#5308,.F.);
#3112=ORIENTED_EDGE('',*,*,#5304,.T.);
#3113=ORIENTED_EDGE('',*,*,#5309,.T.);
#3114=ORIENTED_EDGE('',*,*,#5310,.F.);
#3115=ORIENTED_EDGE('',*,*,#5311,.F.);
#3116=ORIENTED_EDGE('',*,*,#5307,.T.);
#3117=ORIENTED_EDGE('',*,*,#5312,.T.);
#3118=ORIENTED_EDGE('',*,*,#5313,.F.);
#3119=ORIENTED_EDGE('',*,*,#5314,.F.);
#3120=ORIENTED_EDGE('',*,*,#5310,.T.);
#3121=ORIENTED_EDGE('',*,*,#5315,.T.);
#3122=ORIENTED_EDGE('',*,*,#5316,.F.);
#3123=ORIENTED_EDGE('',*,*,#5317,.F.);
#3124=ORIENTED_EDGE('',*,*,#5313,.T.);
#3125=ORIENTED_EDGE('',*,*,#5318,.T.);
#3126=ORIENTED_EDGE('',*,*,#5319,.F.);
#3127=ORIENTED_EDGE('',*,*,#5320,.F.);
#3128=ORIENTED_EDGE('',*,*,#5316,.T.);
#3129=ORIENTED_EDGE('',*,*,#5321,.T.);
#3130=ORIENTED_EDGE('',*,*,#5322,.F.);
#3131=ORIENTED_EDGE('',*,*,#5323,.F.);
#3132=ORIENTED_EDGE('',*,*,#5319,.T.);
#3133=ORIENTED_EDGE('',*,*,#5324,.T.);
#3134=ORIENTED_EDGE('',*,*,#5325,.F.);
#3135=ORIENTED_EDGE('',*,*,#5326,.F.);
#3136=ORIENTED_EDGE('',*,*,#5322,.T.);
#3137=ORIENTED_EDGE('',*,*,#5327,.T.);
#3138=ORIENTED_EDGE('',*,*,#5328,.F.);
#3139=ORIENTED_EDGE('',*,*,#5329,.F.);
#3140=ORIENTED_EDGE('',*,*,#5325,.T.);
#3141=ORIENTED_EDGE('',*,*,#5330,.T.);
#3142=ORIENTED_EDGE('',*,*,#5331,.F.);
#3143=ORIENTED_EDGE('',*,*,#5332,.F.);
#3144=ORIENTED_EDGE('',*,*,#5328,.T.);
#3145=ORIENTED_EDGE('',*,*,#5333,.T.);
#3146=ORIENTED_EDGE('',*,*,#5334,.F.);
#3147=ORIENTED_EDGE('',*,*,#5335,.F.);
#3148=ORIENTED_EDGE('',*,*,#5331,.T.);
#3149=ORIENTED_EDGE('',*,*,#5336,.T.);
#3150=ORIENTED_EDGE('',*,*,#5337,.F.);
#3151=ORIENTED_EDGE('',*,*,#5338,.F.);
#3152=ORIENTED_EDGE('',*,*,#5334,.T.);
#3153=ORIENTED_EDGE('',*,*,#5339,.T.);
#3154=ORIENTED_EDGE('',*,*,#5340,.F.);
#3155=ORIENTED_EDGE('',*,*,#5341,.F.);
#3156=ORIENTED_EDGE('',*,*,#5337,.T.);
#3157=ORIENTED_EDGE('',*,*,#5342,.T.);
#3158=ORIENTED_EDGE('',*,*,#5343,.F.);
#3159=ORIENTED_EDGE('',*,*,#5344,.F.);
#3160=ORIENTED_EDGE('',*,*,#5340,.T.);
#3161=ORIENTED_EDGE('',*,*,#5345,.T.);
#3162=ORIENTED_EDGE('',*,*,#5346,.F.);
#3163=ORIENTED_EDGE('',*,*,#5347,.F.);
#3164=ORIENTED_EDGE('',*,*,#5343,.T.);
#3165=ORIENTED_EDGE('',*,*,#5348,.T.);
#3166=ORIENTED_EDGE('',*,*,#5349,.F.);
#3167=ORIENTED_EDGE('',*,*,#5350,.F.);
#3168=ORIENTED_EDGE('',*,*,#5346,.T.);
#3169=ORIENTED_EDGE('',*,*,#5351,.T.);
#3170=ORIENTED_EDGE('',*,*,#5352,.F.);
#3171=ORIENTED_EDGE('',*,*,#5353,.F.);
#3172=ORIENTED_EDGE('',*,*,#5349,.T.);
#3173=ORIENTED_EDGE('',*,*,#5354,.T.);
#3174=ORIENTED_EDGE('',*,*,#5355,.F.);
#3175=ORIENTED_EDGE('',*,*,#5356,.F.);
#3176=ORIENTED_EDGE('',*,*,#5352,.T.);
#3177=ORIENTED_EDGE('',*,*,#5357,.T.);
#3178=ORIENTED_EDGE('',*,*,#5358,.F.);
#3179=ORIENTED_EDGE('',*,*,#5359,.F.);
#3180=ORIENTED_EDGE('',*,*,#5355,.T.);
#3181=ORIENTED_EDGE('',*,*,#5360,.T.);
#3182=ORIENTED_EDGE('',*,*,#5361,.F.);
#3183=ORIENTED_EDGE('',*,*,#5362,.F.);
#3184=ORIENTED_EDGE('',*,*,#5358,.T.);
#3185=ORIENTED_EDGE('',*,*,#5363,.T.);
#3186=ORIENTED_EDGE('',*,*,#5364,.F.);
#3187=ORIENTED_EDGE('',*,*,#5365,.F.);
#3188=ORIENTED_EDGE('',*,*,#5361,.T.);
#3189=ORIENTED_EDGE('',*,*,#5366,.T.);
#3190=ORIENTED_EDGE('',*,*,#5367,.F.);
#3191=ORIENTED_EDGE('',*,*,#5368,.F.);
#3192=ORIENTED_EDGE('',*,*,#5364,.T.);
#3193=ORIENTED_EDGE('',*,*,#5369,.T.);
#3194=ORIENTED_EDGE('',*,*,#5370,.F.);
#3195=ORIENTED_EDGE('',*,*,#5371,.F.);
#3196=ORIENTED_EDGE('',*,*,#5367,.T.);
#3197=ORIENTED_EDGE('',*,*,#5372,.T.);
#3198=ORIENTED_EDGE('',*,*,#5373,.F.);
#3199=ORIENTED_EDGE('',*,*,#5374,.F.);
#3200=ORIENTED_EDGE('',*,*,#5370,.T.);
#3201=ORIENTED_EDGE('',*,*,#5375,.T.);
#3202=ORIENTED_EDGE('',*,*,#5376,.F.);
#3203=ORIENTED_EDGE('',*,*,#5377,.F.);
#3204=ORIENTED_EDGE('',*,*,#5373,.T.);
#3205=ORIENTED_EDGE('',*,*,#5378,.T.);
#3206=ORIENTED_EDGE('',*,*,#5379,.F.);
#3207=ORIENTED_EDGE('',*,*,#5380,.F.);
#3208=ORIENTED_EDGE('',*,*,#5376,.T.);
#3209=ORIENTED_EDGE('',*,*,#5381,.T.);
#3210=ORIENTED_EDGE('',*,*,#5382,.F.);
#3211=ORIENTED_EDGE('',*,*,#5383,.F.);
#3212=ORIENTED_EDGE('',*,*,#5379,.T.);
#3213=ORIENTED_EDGE('',*,*,#5384,.T.);
#3214=ORIENTED_EDGE('',*,*,#5385,.F.);
#3215=ORIENTED_EDGE('',*,*,#5386,.F.);
#3216=ORIENTED_EDGE('',*,*,#5382,.T.);
#3217=ORIENTED_EDGE('',*,*,#5387,.T.);
#3218=ORIENTED_EDGE('',*,*,#5388,.F.);
#3219=ORIENTED_EDGE('',*,*,#5389,.F.);
#3220=ORIENTED_EDGE('',*,*,#5385,.T.);
#3221=ORIENTED_EDGE('',*,*,#5390,.T.);
#3222=ORIENTED_EDGE('',*,*,#5391,.F.);
#3223=ORIENTED_EDGE('',*,*,#5392,.F.);
#3224=ORIENTED_EDGE('',*,*,#5388,.T.);
#3225=ORIENTED_EDGE('',*,*,#5393,.T.);
#3226=ORIENTED_EDGE('',*,*,#5394,.F.);
#3227=ORIENTED_EDGE('',*,*,#5395,.F.);
#3228=ORIENTED_EDGE('',*,*,#5391,.T.);
#3229=ORIENTED_EDGE('',*,*,#5396,.T.);
#3230=ORIENTED_EDGE('',*,*,#5397,.F.);
#3231=ORIENTED_EDGE('',*,*,#5398,.F.);
#3232=ORIENTED_EDGE('',*,*,#5394,.T.);
#3233=ORIENTED_EDGE('',*,*,#5399,.T.);
#3234=ORIENTED_EDGE('',*,*,#5400,.F.);
#3235=ORIENTED_EDGE('',*,*,#5401,.F.);
#3236=ORIENTED_EDGE('',*,*,#5397,.T.);
#3237=ORIENTED_EDGE('',*,*,#5402,.T.);
#3238=ORIENTED_EDGE('',*,*,#5403,.F.);
#3239=ORIENTED_EDGE('',*,*,#5404,.F.);
#3240=ORIENTED_EDGE('',*,*,#5400,.T.);
#3241=ORIENTED_EDGE('',*,*,#5405,.T.);
#3242=ORIENTED_EDGE('',*,*,#5406,.F.);
#3243=ORIENTED_EDGE('',*,*,#5407,.F.);
#3244=ORIENTED_EDGE('',*,*,#5403,.T.);
#3245=ORIENTED_EDGE('',*,*,#5408,.T.);
#3246=ORIENTED_EDGE('',*,*,#5409,.F.);
#3247=ORIENTED_EDGE('',*,*,#5410,.F.);
#3248=ORIENTED_EDGE('',*,*,#5406,.T.);
#3249=ORIENTED_EDGE('',*,*,#5411,.T.);
#3250=ORIENTED_EDGE('',*,*,#5412,.F.);
#3251=ORIENTED_EDGE('',*,*,#5413,.F.);
#3252=ORIENTED_EDGE('',*,*,#5409,.T.);
#3253=ORIENTED_EDGE('',*,*,#5414,.T.);
#3254=ORIENTED_EDGE('',*,*,#5415,.F.);
#3255=ORIENTED_EDGE('',*,*,#5416,.F.);
#3256=ORIENTED_EDGE('',*,*,#5412,.T.);
#3257=ORIENTED_EDGE('',*,*,#5417,.T.);
#3258=ORIENTED_EDGE('',*,*,#5418,.F.);
#3259=ORIENTED_EDGE('',*,*,#5419,.F.);
#3260=ORIENTED_EDGE('',*,*,#5415,.T.);
#3261=ORIENTED_EDGE('',*,*,#5420,.T.);
#3262=ORIENTED_EDGE('',*,*,#5421,.F.);
#3263=ORIENTED_EDGE('',*,*,#5422,.F.);
#3264=ORIENTED_EDGE('',*,*,#5418,.T.);
#3265=ORIENTED_EDGE('',*,*,#5423,.T.);
#3266=ORIENTED_EDGE('',*,*,#5424,.F.);
#3267=ORIENTED_EDGE('',*,*,#5425,.F.);
#3268=ORIENTED_EDGE('',*,*,#5421,.T.);
#3269=ORIENTED_EDGE('',*,*,#5426,.T.);
#3270=ORIENTED_EDGE('',*,*,#5427,.F.);
#3271=ORIENTED_EDGE('',*,*,#5428,.F.);
#3272=ORIENTED_EDGE('',*,*,#5424,.T.);
#3273=ORIENTED_EDGE('',*,*,#5429,.T.);
#3274=ORIENTED_EDGE('',*,*,#5430,.F.);
#3275=ORIENTED_EDGE('',*,*,#5431,.F.);
#3276=ORIENTED_EDGE('',*,*,#5427,.T.);
#3277=ORIENTED_EDGE('',*,*,#5432,.T.);
#3278=ORIENTED_EDGE('',*,*,#5433,.F.);
#3279=ORIENTED_EDGE('',*,*,#5434,.F.);
#3280=ORIENTED_EDGE('',*,*,#5430,.T.);
#3281=ORIENTED_EDGE('',*,*,#5435,.T.);
#3282=ORIENTED_EDGE('',*,*,#5436,.F.);
#3283=ORIENTED_EDGE('',*,*,#5437,.F.);
#3284=ORIENTED_EDGE('',*,*,#5433,.T.);
#3285=ORIENTED_EDGE('',*,*,#5438,.T.);
#3286=ORIENTED_EDGE('',*,*,#5439,.F.);
#3287=ORIENTED_EDGE('',*,*,#5440,.F.);
#3288=ORIENTED_EDGE('',*,*,#5436,.T.);
#3289=ORIENTED_EDGE('',*,*,#5441,.T.);
#3290=ORIENTED_EDGE('',*,*,#5442,.F.);
#3291=ORIENTED_EDGE('',*,*,#5443,.F.);
#3292=ORIENTED_EDGE('',*,*,#5439,.T.);
#3293=ORIENTED_EDGE('',*,*,#5444,.T.);
#3294=ORIENTED_EDGE('',*,*,#5445,.F.);
#3295=ORIENTED_EDGE('',*,*,#5446,.F.);
#3296=ORIENTED_EDGE('',*,*,#5442,.T.);
#3297=ORIENTED_EDGE('',*,*,#5447,.T.);
#3298=ORIENTED_EDGE('',*,*,#5448,.F.);
#3299=ORIENTED_EDGE('',*,*,#5449,.F.);
#3300=ORIENTED_EDGE('',*,*,#5445,.T.);
#3301=ORIENTED_EDGE('',*,*,#5450,.T.);
#3302=ORIENTED_EDGE('',*,*,#5451,.F.);
#3303=ORIENTED_EDGE('',*,*,#5452,.F.);
#3304=ORIENTED_EDGE('',*,*,#5448,.T.);
#3305=ORIENTED_EDGE('',*,*,#5453,.T.);
#3306=ORIENTED_EDGE('',*,*,#5454,.F.);
#3307=ORIENTED_EDGE('',*,*,#5455,.F.);
#3308=ORIENTED_EDGE('',*,*,#5451,.T.);
#3309=ORIENTED_EDGE('',*,*,#5456,.T.);
#3310=ORIENTED_EDGE('',*,*,#5457,.F.);
#3311=ORIENTED_EDGE('',*,*,#5458,.F.);
#3312=ORIENTED_EDGE('',*,*,#5454,.T.);
#3313=ORIENTED_EDGE('',*,*,#5459,.T.);
#3314=ORIENTED_EDGE('',*,*,#5460,.F.);
#3315=ORIENTED_EDGE('',*,*,#5461,.F.);
#3316=ORIENTED_EDGE('',*,*,#5457,.T.);
#3317=ORIENTED_EDGE('',*,*,#5462,.T.);
#3318=ORIENTED_EDGE('',*,*,#5463,.F.);
#3319=ORIENTED_EDGE('',*,*,#5464,.F.);
#3320=ORIENTED_EDGE('',*,*,#5460,.T.);
#3321=ORIENTED_EDGE('',*,*,#5465,.T.);
#3322=ORIENTED_EDGE('',*,*,#5466,.F.);
#3323=ORIENTED_EDGE('',*,*,#5467,.F.);
#3324=ORIENTED_EDGE('',*,*,#5463,.T.);
#3325=ORIENTED_EDGE('',*,*,#5468,.T.);
#3326=ORIENTED_EDGE('',*,*,#5469,.F.);
#3327=ORIENTED_EDGE('',*,*,#5470,.F.);
#3328=ORIENTED_EDGE('',*,*,#5466,.T.);
#3329=ORIENTED_EDGE('',*,*,#5471,.T.);
#3330=ORIENTED_EDGE('',*,*,#5472,.F.);
#3331=ORIENTED_EDGE('',*,*,#5473,.F.);
#3332=ORIENTED_EDGE('',*,*,#5469,.T.);
#3333=ORIENTED_EDGE('',*,*,#5474,.T.);
#3334=ORIENTED_EDGE('',*,*,#5475,.F.);
#3335=ORIENTED_EDGE('',*,*,#5476,.F.);
#3336=ORIENTED_EDGE('',*,*,#5472,.T.);
#3337=ORIENTED_EDGE('',*,*,#5477,.T.);
#3338=ORIENTED_EDGE('',*,*,#5478,.F.);
#3339=ORIENTED_EDGE('',*,*,#5479,.F.);
#3340=ORIENTED_EDGE('',*,*,#5475,.T.);
#3341=ORIENTED_EDGE('',*,*,#5480,.T.);
#3342=ORIENTED_EDGE('',*,*,#5481,.F.);
#3343=ORIENTED_EDGE('',*,*,#5482,.F.);
#3344=ORIENTED_EDGE('',*,*,#5478,.T.);
#3345=ORIENTED_EDGE('',*,*,#5483,.T.);
#3346=ORIENTED_EDGE('',*,*,#5484,.F.);
#3347=ORIENTED_EDGE('',*,*,#5485,.F.);
#3348=ORIENTED_EDGE('',*,*,#5481,.T.);
#3349=ORIENTED_EDGE('',*,*,#5486,.T.);
#3350=ORIENTED_EDGE('',*,*,#5487,.F.);
#3351=ORIENTED_EDGE('',*,*,#5488,.F.);
#3352=ORIENTED_EDGE('',*,*,#5484,.T.);
#3353=ORIENTED_EDGE('',*,*,#5489,.T.);
#3354=ORIENTED_EDGE('',*,*,#5490,.F.);
#3355=ORIENTED_EDGE('',*,*,#5491,.F.);
#3356=ORIENTED_EDGE('',*,*,#5487,.T.);
#3357=ORIENTED_EDGE('',*,*,#5492,.T.);
#3358=ORIENTED_EDGE('',*,*,#5493,.F.);
#3359=ORIENTED_EDGE('',*,*,#5494,.F.);
#3360=ORIENTED_EDGE('',*,*,#5490,.T.);
#3361=ORIENTED_EDGE('',*,*,#5495,.T.);
#3362=ORIENTED_EDGE('',*,*,#5496,.F.);
#3363=ORIENTED_EDGE('',*,*,#5497,.F.);
#3364=ORIENTED_EDGE('',*,*,#5493,.T.);
#3365=ORIENTED_EDGE('',*,*,#5498,.T.);
#3366=ORIENTED_EDGE('',*,*,#5499,.F.);
#3367=ORIENTED_EDGE('',*,*,#5500,.F.);
#3368=ORIENTED_EDGE('',*,*,#5496,.T.);
#3369=ORIENTED_EDGE('',*,*,#5501,.T.);
#3370=ORIENTED_EDGE('',*,*,#5502,.F.);
#3371=ORIENTED_EDGE('',*,*,#5503,.F.);
#3372=ORIENTED_EDGE('',*,*,#5499,.T.);
#3373=ORIENTED_EDGE('',*,*,#5504,.T.);
#3374=ORIENTED_EDGE('',*,*,#5505,.F.);
#3375=ORIENTED_EDGE('',*,*,#5506,.F.);
#3376=ORIENTED_EDGE('',*,*,#5502,.T.);
#3377=ORIENTED_EDGE('',*,*,#5507,.T.);
#3378=ORIENTED_EDGE('',*,*,#5508,.F.);
#3379=ORIENTED_EDGE('',*,*,#5509,.F.);
#3380=ORIENTED_EDGE('',*,*,#5505,.T.);
#3381=ORIENTED_EDGE('',*,*,#5510,.T.);
#3382=ORIENTED_EDGE('',*,*,#5511,.F.);
#3383=ORIENTED_EDGE('',*,*,#5512,.F.);
#3384=ORIENTED_EDGE('',*,*,#5508,.T.);
#3385=ORIENTED_EDGE('',*,*,#5513,.T.);
#3386=ORIENTED_EDGE('',*,*,#5514,.F.);
#3387=ORIENTED_EDGE('',*,*,#5515,.F.);
#3388=ORIENTED_EDGE('',*,*,#5511,.T.);
#3389=ORIENTED_EDGE('',*,*,#5516,.T.);
#3390=ORIENTED_EDGE('',*,*,#5517,.F.);
#3391=ORIENTED_EDGE('',*,*,#5518,.F.);
#3392=ORIENTED_EDGE('',*,*,#5514,.T.);
#3393=ORIENTED_EDGE('',*,*,#5519,.T.);
#3394=ORIENTED_EDGE('',*,*,#5520,.F.);
#3395=ORIENTED_EDGE('',*,*,#5521,.F.);
#3396=ORIENTED_EDGE('',*,*,#5517,.T.);
#3397=ORIENTED_EDGE('',*,*,#5522,.T.);
#3398=ORIENTED_EDGE('',*,*,#5523,.F.);
#3399=ORIENTED_EDGE('',*,*,#5524,.F.);
#3400=ORIENTED_EDGE('',*,*,#5520,.T.);
#3401=ORIENTED_EDGE('',*,*,#5525,.T.);
#3402=ORIENTED_EDGE('',*,*,#5526,.F.);
#3403=ORIENTED_EDGE('',*,*,#5527,.F.);
#3404=ORIENTED_EDGE('',*,*,#5523,.T.);
#3405=ORIENTED_EDGE('',*,*,#5528,.T.);
#3406=ORIENTED_EDGE('',*,*,#5529,.F.);
#3407=ORIENTED_EDGE('',*,*,#5530,.F.);
#3408=ORIENTED_EDGE('',*,*,#5526,.T.);
#3409=ORIENTED_EDGE('',*,*,#5531,.T.);
#3410=ORIENTED_EDGE('',*,*,#5532,.F.);
#3411=ORIENTED_EDGE('',*,*,#5533,.F.);
#3412=ORIENTED_EDGE('',*,*,#5529,.T.);
#3413=ORIENTED_EDGE('',*,*,#5534,.T.);
#3414=ORIENTED_EDGE('',*,*,#5535,.F.);
#3415=ORIENTED_EDGE('',*,*,#5536,.F.);
#3416=ORIENTED_EDGE('',*,*,#5532,.T.);
#3417=ORIENTED_EDGE('',*,*,#5537,.T.);
#3418=ORIENTED_EDGE('',*,*,#5538,.F.);
#3419=ORIENTED_EDGE('',*,*,#5539,.F.);
#3420=ORIENTED_EDGE('',*,*,#5535,.T.);
#3421=ORIENTED_EDGE('',*,*,#5540,.T.);
#3422=ORIENTED_EDGE('',*,*,#5541,.F.);
#3423=ORIENTED_EDGE('',*,*,#5542,.F.);
#3424=ORIENTED_EDGE('',*,*,#5538,.T.);
#3425=ORIENTED_EDGE('',*,*,#5543,.T.);
#3426=ORIENTED_EDGE('',*,*,#5544,.F.);
#3427=ORIENTED_EDGE('',*,*,#5545,.F.);
#3428=ORIENTED_EDGE('',*,*,#5541,.T.);
#3429=ORIENTED_EDGE('',*,*,#5546,.T.);
#3430=ORIENTED_EDGE('',*,*,#5547,.F.);
#3431=ORIENTED_EDGE('',*,*,#5548,.F.);
#3432=ORIENTED_EDGE('',*,*,#5544,.T.);
#3433=ORIENTED_EDGE('',*,*,#5549,.T.);
#3434=ORIENTED_EDGE('',*,*,#5550,.F.);
#3435=ORIENTED_EDGE('',*,*,#5551,.F.);
#3436=ORIENTED_EDGE('',*,*,#5547,.T.);
#3437=ORIENTED_EDGE('',*,*,#5552,.T.);
#3438=ORIENTED_EDGE('',*,*,#5553,.F.);
#3439=ORIENTED_EDGE('',*,*,#5554,.F.);
#3440=ORIENTED_EDGE('',*,*,#5550,.T.);
#3441=ORIENTED_EDGE('',*,*,#5555,.T.);
#3442=ORIENTED_EDGE('',*,*,#5556,.F.);
#3443=ORIENTED_EDGE('',*,*,#5557,.F.);
#3444=ORIENTED_EDGE('',*,*,#5553,.T.);
#3445=ORIENTED_EDGE('',*,*,#5558,.T.);
#3446=ORIENTED_EDGE('',*,*,#5559,.F.);
#3447=ORIENTED_EDGE('',*,*,#5560,.F.);
#3448=ORIENTED_EDGE('',*,*,#5556,.T.);
#3449=ORIENTED_EDGE('',*,*,#5561,.T.);
#3450=ORIENTED_EDGE('',*,*,#5562,.F.);
#3451=ORIENTED_EDGE('',*,*,#5563,.F.);
#3452=ORIENTED_EDGE('',*,*,#5559,.T.);
#3453=ORIENTED_EDGE('',*,*,#5564,.T.);
#3454=ORIENTED_EDGE('',*,*,#5565,.F.);
#3455=ORIENTED_EDGE('',*,*,#5566,.F.);
#3456=ORIENTED_EDGE('',*,*,#5562,.T.);
#3457=ORIENTED_EDGE('',*,*,#5567,.T.);
#3458=ORIENTED_EDGE('',*,*,#5568,.F.);
#3459=ORIENTED_EDGE('',*,*,#5569,.F.);
#3460=ORIENTED_EDGE('',*,*,#5565,.T.);
#3461=ORIENTED_EDGE('',*,*,#5570,.T.);
#3462=ORIENTED_EDGE('',*,*,#5571,.F.);
#3463=ORIENTED_EDGE('',*,*,#5572,.F.);
#3464=ORIENTED_EDGE('',*,*,#5568,.T.);
#3465=ORIENTED_EDGE('',*,*,#5573,.T.);
#3466=ORIENTED_EDGE('',*,*,#5574,.F.);
#3467=ORIENTED_EDGE('',*,*,#5575,.F.);
#3468=ORIENTED_EDGE('',*,*,#5571,.T.);
#3469=ORIENTED_EDGE('',*,*,#5576,.T.);
#3470=ORIENTED_EDGE('',*,*,#5577,.F.);
#3471=ORIENTED_EDGE('',*,*,#5578,.F.);
#3472=ORIENTED_EDGE('',*,*,#5574,.T.);
#3473=ORIENTED_EDGE('',*,*,#5579,.T.);
#3474=ORIENTED_EDGE('',*,*,#5580,.F.);
#3475=ORIENTED_EDGE('',*,*,#5581,.F.);
#3476=ORIENTED_EDGE('',*,*,#5577,.T.);
#3477=ORIENTED_EDGE('',*,*,#5582,.T.);
#3478=ORIENTED_EDGE('',*,*,#5583,.F.);
#3479=ORIENTED_EDGE('',*,*,#5584,.F.);
#3480=ORIENTED_EDGE('',*,*,#5580,.T.);
#3481=ORIENTED_EDGE('',*,*,#5585,.T.);
#3482=ORIENTED_EDGE('',*,*,#5586,.F.);
#3483=ORIENTED_EDGE('',*,*,#5587,.F.);
#3484=ORIENTED_EDGE('',*,*,#5583,.T.);
#3485=ORIENTED_EDGE('',*,*,#5588,.T.);
#3486=ORIENTED_EDGE('',*,*,#5589,.F.);
#3487=ORIENTED_EDGE('',*,*,#5590,.F.);
#3488=ORIENTED_EDGE('',*,*,#5586,.T.);
#3489=ORIENTED_EDGE('',*,*,#5591,.T.);
#3490=ORIENTED_EDGE('',*,*,#5592,.F.);
#3491=ORIENTED_EDGE('',*,*,#5593,.F.);
#3492=ORIENTED_EDGE('',*,*,#5589,.T.);
#3493=ORIENTED_EDGE('',*,*,#5594,.T.);
#3494=ORIENTED_EDGE('',*,*,#5595,.F.);
#3495=ORIENTED_EDGE('',*,*,#5596,.F.);
#3496=ORIENTED_EDGE('',*,*,#5592,.T.);
#3497=ORIENTED_EDGE('',*,*,#5597,.T.);
#3498=ORIENTED_EDGE('',*,*,#5598,.F.);
#3499=ORIENTED_EDGE('',*,*,#5599,.F.);
#3500=ORIENTED_EDGE('',*,*,#5595,.T.);
#3501=ORIENTED_EDGE('',*,*,#5600,.T.);
#3502=ORIENTED_EDGE('',*,*,#5601,.F.);
#3503=ORIENTED_EDGE('',*,*,#5602,.F.);
#3504=ORIENTED_EDGE('',*,*,#5598,.T.);
#3505=ORIENTED_EDGE('',*,*,#5603,.T.);
#3506=ORIENTED_EDGE('',*,*,#5604,.F.);
#3507=ORIENTED_EDGE('',*,*,#5605,.F.);
#3508=ORIENTED_EDGE('',*,*,#5601,.T.);
#3509=ORIENTED_EDGE('',*,*,#5606,.T.);
#3510=ORIENTED_EDGE('',*,*,#5607,.F.);
#3511=ORIENTED_EDGE('',*,*,#5608,.F.);
#3512=ORIENTED_EDGE('',*,*,#5604,.T.);
#3513=ORIENTED_EDGE('',*,*,#5609,.T.);
#3514=ORIENTED_EDGE('',*,*,#5610,.F.);
#3515=ORIENTED_EDGE('',*,*,#5611,.F.);
#3516=ORIENTED_EDGE('',*,*,#5607,.T.);
#3517=ORIENTED_EDGE('',*,*,#5612,.T.);
#3518=ORIENTED_EDGE('',*,*,#5613,.F.);
#3519=ORIENTED_EDGE('',*,*,#5614,.F.);
#3520=ORIENTED_EDGE('',*,*,#5610,.T.);
#3521=ORIENTED_EDGE('',*,*,#5615,.T.);
#3522=ORIENTED_EDGE('',*,*,#5616,.F.);
#3523=ORIENTED_EDGE('',*,*,#5617,.F.);
#3524=ORIENTED_EDGE('',*,*,#5613,.T.);
#3525=ORIENTED_EDGE('',*,*,#5618,.T.);
#3526=ORIENTED_EDGE('',*,*,#5619,.F.);
#3527=ORIENTED_EDGE('',*,*,#5620,.F.);
#3528=ORIENTED_EDGE('',*,*,#5616,.T.);
#3529=ORIENTED_EDGE('',*,*,#5621,.T.);
#3530=ORIENTED_EDGE('',*,*,#5622,.F.);
#3531=ORIENTED_EDGE('',*,*,#5623,.F.);
#3532=ORIENTED_EDGE('',*,*,#5619,.T.);
#3533=ORIENTED_EDGE('',*,*,#5624,.T.);
#3534=ORIENTED_EDGE('',*,*,#5625,.F.);
#3535=ORIENTED_EDGE('',*,*,#5626,.F.);
#3536=ORIENTED_EDGE('',*,*,#5622,.T.);
#3537=ORIENTED_EDGE('',*,*,#5627,.T.);
#3538=ORIENTED_EDGE('',*,*,#5628,.F.);
#3539=ORIENTED_EDGE('',*,*,#5629,.F.);
#3540=ORIENTED_EDGE('',*,*,#5625,.T.);
#3541=ORIENTED_EDGE('',*,*,#5630,.T.);
#3542=ORIENTED_EDGE('',*,*,#5631,.F.);
#3543=ORIENTED_EDGE('',*,*,#5632,.F.);
#3544=ORIENTED_EDGE('',*,*,#5628,.T.);
#3545=ORIENTED_EDGE('',*,*,#5633,.T.);
#3546=ORIENTED_EDGE('',*,*,#5634,.F.);
#3547=ORIENTED_EDGE('',*,*,#5635,.F.);
#3548=ORIENTED_EDGE('',*,*,#5631,.T.);
#3549=ORIENTED_EDGE('',*,*,#5636,.T.);
#3550=ORIENTED_EDGE('',*,*,#5637,.F.);
#3551=ORIENTED_EDGE('',*,*,#5638,.F.);
#3552=ORIENTED_EDGE('',*,*,#5634,.T.);
#3553=ORIENTED_EDGE('',*,*,#5639,.T.);
#3554=ORIENTED_EDGE('',*,*,#5640,.F.);
#3555=ORIENTED_EDGE('',*,*,#5641,.F.);
#3556=ORIENTED_EDGE('',*,*,#5637,.T.);
#3557=ORIENTED_EDGE('',*,*,#5642,.T.);
#3558=ORIENTED_EDGE('',*,*,#5643,.F.);
#3559=ORIENTED_EDGE('',*,*,#5644,.F.);
#3560=ORIENTED_EDGE('',*,*,#5640,.T.);
#3561=ORIENTED_EDGE('',*,*,#5645,.T.);
#3562=ORIENTED_EDGE('',*,*,#5646,.F.);
#3563=ORIENTED_EDGE('',*,*,#5647,.F.);
#3564=ORIENTED_EDGE('',*,*,#5643,.T.);
#3565=ORIENTED_EDGE('',*,*,#5648,.T.);
#3566=ORIENTED_EDGE('',*,*,#5649,.F.);
#3567=ORIENTED_EDGE('',*,*,#5650,.F.);
#3568=ORIENTED_EDGE('',*,*,#5646,.T.);
#3569=ORIENTED_EDGE('',*,*,#5651,.T.);
#3570=ORIENTED_EDGE('',*,*,#5652,.F.);
#3571=ORIENTED_EDGE('',*,*,#5653,.F.);
#3572=ORIENTED_EDGE('',*,*,#5649,.T.);
#3573=ORIENTED_EDGE('',*,*,#5654,.T.);
#3574=ORIENTED_EDGE('',*,*,#5655,.F.);
#3575=ORIENTED_EDGE('',*,*,#5656,.F.);
#3576=ORIENTED_EDGE('',*,*,#5652,.T.);
#3577=ORIENTED_EDGE('',*,*,#5657,.T.);
#3578=ORIENTED_EDGE('',*,*,#5658,.F.);
#3579=ORIENTED_EDGE('',*,*,#5659,.F.);
#3580=ORIENTED_EDGE('',*,*,#5655,.T.);
#3581=ORIENTED_EDGE('',*,*,#5660,.T.);
#3582=ORIENTED_EDGE('',*,*,#5661,.F.);
#3583=ORIENTED_EDGE('',*,*,#5662,.F.);
#3584=ORIENTED_EDGE('',*,*,#5658,.T.);
#3585=ORIENTED_EDGE('',*,*,#5663,.T.);
#3586=ORIENTED_EDGE('',*,*,#5664,.F.);
#3587=ORIENTED_EDGE('',*,*,#5665,.F.);
#3588=ORIENTED_EDGE('',*,*,#5661,.T.);
#3589=ORIENTED_EDGE('',*,*,#5666,.T.);
#3590=ORIENTED_EDGE('',*,*,#5667,.F.);
#3591=ORIENTED_EDGE('',*,*,#5668,.F.);
#3592=ORIENTED_EDGE('',*,*,#5664,.T.);
#3593=ORIENTED_EDGE('',*,*,#5669,.T.);
#3594=ORIENTED_EDGE('',*,*,#5670,.F.);
#3595=ORIENTED_EDGE('',*,*,#5671,.F.);
#3596=ORIENTED_EDGE('',*,*,#5667,.T.);
#3597=ORIENTED_EDGE('',*,*,#5672,.T.);
#3598=ORIENTED_EDGE('',*,*,#5673,.F.);
#3599=ORIENTED_EDGE('',*,*,#5674,.F.);
#3600=ORIENTED_EDGE('',*,*,#5670,.T.);
#3601=ORIENTED_EDGE('',*,*,#5675,.T.);
#3602=ORIENTED_EDGE('',*,*,#5676,.F.);
#3603=ORIENTED_EDGE('',*,*,#5677,.F.);
#3604=ORIENTED_EDGE('',*,*,#5673,.T.);
#3605=ORIENTED_EDGE('',*,*,#5678,.T.);
#3606=ORIENTED_EDGE('',*,*,#5679,.F.);
#3607=ORIENTED_EDGE('',*,*,#5680,.F.);
#3608=ORIENTED_EDGE('',*,*,#5676,.T.);
#3609=ORIENTED_EDGE('',*,*,#5681,.T.);
#3610=ORIENTED_EDGE('',*,*,#5682,.F.);
#3611=ORIENTED_EDGE('',*,*,#5683,.F.);
#3612=ORIENTED_EDGE('',*,*,#5679,.T.);
#3613=ORIENTED_EDGE('',*,*,#5684,.T.);
#3614=ORIENTED_EDGE('',*,*,#5685,.F.);
#3615=ORIENTED_EDGE('',*,*,#5686,.F.);
#3616=ORIENTED_EDGE('',*,*,#5682,.T.);
#3617=ORIENTED_EDGE('',*,*,#5687,.T.);
#3618=ORIENTED_EDGE('',*,*,#5688,.F.);
#3619=ORIENTED_EDGE('',*,*,#5689,.F.);
#3620=ORIENTED_EDGE('',*,*,#5685,.T.);
#3621=ORIENTED_EDGE('',*,*,#5690,.T.);
#3622=ORIENTED_EDGE('',*,*,#5691,.F.);
#3623=ORIENTED_EDGE('',*,*,#5692,.F.);
#3624=ORIENTED_EDGE('',*,*,#5688,.T.);
#3625=ORIENTED_EDGE('',*,*,#5693,.T.);
#3626=ORIENTED_EDGE('',*,*,#5694,.F.);
#3627=ORIENTED_EDGE('',*,*,#5695,.F.);
#3628=ORIENTED_EDGE('',*,*,#5691,.T.);
#3629=ORIENTED_EDGE('',*,*,#5696,.T.);
#3630=ORIENTED_EDGE('',*,*,#5697,.F.);
#3631=ORIENTED_EDGE('',*,*,#5698,.F.);
#3632=ORIENTED_EDGE('',*,*,#5694,.T.);
#3633=ORIENTED_EDGE('',*,*,#5699,.T.);
#3634=ORIENTED_EDGE('',*,*,#5700,.F.);
#3635=ORIENTED_EDGE('',*,*,#5701,.F.);
#3636=ORIENTED_EDGE('',*,*,#5697,.T.);
#3637=ORIENTED_EDGE('',*,*,#5702,.T.);
#3638=ORIENTED_EDGE('',*,*,#5703,.F.);
#3639=ORIENTED_EDGE('',*,*,#5704,.F.);
#3640=ORIENTED_EDGE('',*,*,#5700,.T.);
#3641=ORIENTED_EDGE('',*,*,#5705,.T.);
#3642=ORIENTED_EDGE('',*,*,#5706,.F.);
#3643=ORIENTED_EDGE('',*,*,#5707,.F.);
#3644=ORIENTED_EDGE('',*,*,#5703,.T.);
#3645=ORIENTED_EDGE('',*,*,#5708,.T.);
#3646=ORIENTED_EDGE('',*,*,#5709,.F.);
#3647=ORIENTED_EDGE('',*,*,#5710,.F.);
#3648=ORIENTED_EDGE('',*,*,#5706,.T.);
#3649=ORIENTED_EDGE('',*,*,#5711,.T.);
#3650=ORIENTED_EDGE('',*,*,#5712,.F.);
#3651=ORIENTED_EDGE('',*,*,#5713,.F.);
#3652=ORIENTED_EDGE('',*,*,#5709,.T.);
#3653=ORIENTED_EDGE('',*,*,#5714,.T.);
#3654=ORIENTED_EDGE('',*,*,#5715,.F.);
#3655=ORIENTED_EDGE('',*,*,#5716,.F.);
#3656=ORIENTED_EDGE('',*,*,#5712,.T.);
#3657=ORIENTED_EDGE('',*,*,#5717,.T.);
#3658=ORIENTED_EDGE('',*,*,#5718,.F.);
#3659=ORIENTED_EDGE('',*,*,#5719,.F.);
#3660=ORIENTED_EDGE('',*,*,#5715,.T.);
#3661=ORIENTED_EDGE('',*,*,#5720,.T.);
#3662=ORIENTED_EDGE('',*,*,#5721,.F.);
#3663=ORIENTED_EDGE('',*,*,#5722,.F.);
#3664=ORIENTED_EDGE('',*,*,#5718,.T.);
#3665=ORIENTED_EDGE('',*,*,#5723,.T.);
#3666=ORIENTED_EDGE('',*,*,#5724,.F.);
#3667=ORIENTED_EDGE('',*,*,#5725,.F.);
#3668=ORIENTED_EDGE('',*,*,#5721,.T.);
#3669=ORIENTED_EDGE('',*,*,#5726,.T.);
#3670=ORIENTED_EDGE('',*,*,#5727,.F.);
#3671=ORIENTED_EDGE('',*,*,#5728,.F.);
#3672=ORIENTED_EDGE('',*,*,#5724,.T.);
#3673=ORIENTED_EDGE('',*,*,#5729,.T.);
#3674=ORIENTED_EDGE('',*,*,#5730,.F.);
#3675=ORIENTED_EDGE('',*,*,#5731,.F.);
#3676=ORIENTED_EDGE('',*,*,#5727,.T.);
#3677=ORIENTED_EDGE('',*,*,#5732,.T.);
#3678=ORIENTED_EDGE('',*,*,#5733,.F.);
#3679=ORIENTED_EDGE('',*,*,#5734,.F.);
#3680=ORIENTED_EDGE('',*,*,#5730,.T.);
#3681=ORIENTED_EDGE('',*,*,#5735,.T.);
#3682=ORIENTED_EDGE('',*,*,#5736,.F.);
#3683=ORIENTED_EDGE('',*,*,#5737,.F.);
#3684=ORIENTED_EDGE('',*,*,#5733,.T.);
#3685=ORIENTED_EDGE('',*,*,#5738,.T.);
#3686=ORIENTED_EDGE('',*,*,#5739,.F.);
#3687=ORIENTED_EDGE('',*,*,#5740,.F.);
#3688=ORIENTED_EDGE('',*,*,#5736,.T.);
#3689=ORIENTED_EDGE('',*,*,#5741,.T.);
#3690=ORIENTED_EDGE('',*,*,#5742,.F.);
#3691=ORIENTED_EDGE('',*,*,#5743,.F.);
#3692=ORIENTED_EDGE('',*,*,#5739,.T.);
#3693=ORIENTED_EDGE('',*,*,#5744,.T.);
#3694=ORIENTED_EDGE('',*,*,#5745,.F.);
#3695=ORIENTED_EDGE('',*,*,#5746,.F.);
#3696=ORIENTED_EDGE('',*,*,#5742,.T.);
#3697=ORIENTED_EDGE('',*,*,#5747,.T.);
#3698=ORIENTED_EDGE('',*,*,#5748,.F.);
#3699=ORIENTED_EDGE('',*,*,#5749,.F.);
#3700=ORIENTED_EDGE('',*,*,#5745,.T.);
#3701=ORIENTED_EDGE('',*,*,#5750,.T.);
#3702=ORIENTED_EDGE('',*,*,#5751,.F.);
#3703=ORIENTED_EDGE('',*,*,#5752,.F.);
#3704=ORIENTED_EDGE('',*,*,#5748,.T.);
#3705=ORIENTED_EDGE('',*,*,#5753,.T.);
#3706=ORIENTED_EDGE('',*,*,#5754,.F.);
#3707=ORIENTED_EDGE('',*,*,#5755,.F.);
#3708=ORIENTED_EDGE('',*,*,#5751,.T.);
#3709=ORIENTED_EDGE('',*,*,#5756,.T.);
#3710=ORIENTED_EDGE('',*,*,#5757,.F.);
#3711=ORIENTED_EDGE('',*,*,#5758,.F.);
#3712=ORIENTED_EDGE('',*,*,#5754,.T.);
#3713=ORIENTED_EDGE('',*,*,#5759,.T.);
#3714=ORIENTED_EDGE('',*,*,#5760,.F.);
#3715=ORIENTED_EDGE('',*,*,#5761,.F.);
#3716=ORIENTED_EDGE('',*,*,#5757,.T.);
#3717=ORIENTED_EDGE('',*,*,#5762,.T.);
#3718=ORIENTED_EDGE('',*,*,#5763,.F.);
#3719=ORIENTED_EDGE('',*,*,#5764,.F.);
#3720=ORIENTED_EDGE('',*,*,#5760,.T.);
#3721=ORIENTED_EDGE('',*,*,#5765,.T.);
#3722=ORIENTED_EDGE('',*,*,#5766,.F.);
#3723=ORIENTED_EDGE('',*,*,#5767,.F.);
#3724=ORIENTED_EDGE('',*,*,#5763,.T.);
#3725=ORIENTED_EDGE('',*,*,#5768,.T.);
#3726=ORIENTED_EDGE('',*,*,#5769,.F.);
#3727=ORIENTED_EDGE('',*,*,#5770,.F.);
#3728=ORIENTED_EDGE('',*,*,#5766,.T.);
#3729=ORIENTED_EDGE('',*,*,#5771,.T.);
#3730=ORIENTED_EDGE('',*,*,#5772,.F.);
#3731=ORIENTED_EDGE('',*,*,#5773,.F.);
#3732=ORIENTED_EDGE('',*,*,#5769,.T.);
#3733=ORIENTED_EDGE('',*,*,#5774,.T.);
#3734=ORIENTED_EDGE('',*,*,#5775,.F.);
#3735=ORIENTED_EDGE('',*,*,#5776,.F.);
#3736=ORIENTED_EDGE('',*,*,#5772,.T.);
#3737=ORIENTED_EDGE('',*,*,#5777,.T.);
#3738=ORIENTED_EDGE('',*,*,#5778,.F.);
#3739=ORIENTED_EDGE('',*,*,#5779,.F.);
#3740=ORIENTED_EDGE('',*,*,#5775,.T.);
#3741=ORIENTED_EDGE('',*,*,#5780,.T.);
#3742=ORIENTED_EDGE('',*,*,#5781,.F.);
#3743=ORIENTED_EDGE('',*,*,#5782,.F.);
#3744=ORIENTED_EDGE('',*,*,#5778,.T.);
#3745=ORIENTED_EDGE('',*,*,#5783,.T.);
#3746=ORIENTED_EDGE('',*,*,#5784,.F.);
#3747=ORIENTED_EDGE('',*,*,#5785,.F.);
#3748=ORIENTED_EDGE('',*,*,#5781,.T.);
#3749=ORIENTED_EDGE('',*,*,#5786,.T.);
#3750=ORIENTED_EDGE('',*,*,#5787,.F.);
#3751=ORIENTED_EDGE('',*,*,#5788,.F.);
#3752=ORIENTED_EDGE('',*,*,#5784,.T.);
#3753=ORIENTED_EDGE('',*,*,#5789,.T.);
#3754=ORIENTED_EDGE('',*,*,#5790,.F.);
#3755=ORIENTED_EDGE('',*,*,#5791,.F.);
#3756=ORIENTED_EDGE('',*,*,#5787,.T.);
#3757=ORIENTED_EDGE('',*,*,#5792,.T.);
#3758=ORIENTED_EDGE('',*,*,#5793,.F.);
#3759=ORIENTED_EDGE('',*,*,#5794,.F.);
#3760=ORIENTED_EDGE('',*,*,#5790,.T.);
#3761=ORIENTED_EDGE('',*,*,#5795,.T.);
#3762=ORIENTED_EDGE('',*,*,#5796,.F.);
#3763=ORIENTED_EDGE('',*,*,#5797,.F.);
#3764=ORIENTED_EDGE('',*,*,#5793,.T.);
#3765=ORIENTED_EDGE('',*,*,#5798,.T.);
#3766=ORIENTED_EDGE('',*,*,#5799,.F.);
#3767=ORIENTED_EDGE('',*,*,#5800,.F.);
#3768=ORIENTED_EDGE('',*,*,#5796,.T.);
#3769=ORIENTED_EDGE('',*,*,#5801,.T.);
#3770=ORIENTED_EDGE('',*,*,#5802,.F.);
#3771=ORIENTED_EDGE('',*,*,#5803,.F.);
#3772=ORIENTED_EDGE('',*,*,#5799,.T.);
#3773=ORIENTED_EDGE('',*,*,#5804,.T.);
#3774=ORIENTED_EDGE('',*,*,#5805,.F.);
#3775=ORIENTED_EDGE('',*,*,#5806,.F.);
#3776=ORIENTED_EDGE('',*,*,#5802,.T.);
#3777=ORIENTED_EDGE('',*,*,#5807,.T.);
#3778=ORIENTED_EDGE('',*,*,#5808,.F.);
#3779=ORIENTED_EDGE('',*,*,#5809,.F.);
#3780=ORIENTED_EDGE('',*,*,#5805,.T.);
#3781=ORIENTED_EDGE('',*,*,#5810,.T.);
#3782=ORIENTED_EDGE('',*,*,#5811,.F.);
#3783=ORIENTED_EDGE('',*,*,#5812,.F.);
#3784=ORIENTED_EDGE('',*,*,#5808,.T.);
#3785=ORIENTED_EDGE('',*,*,#5813,.T.);
#3786=ORIENTED_EDGE('',*,*,#5814,.F.);
#3787=ORIENTED_EDGE('',*,*,#5815,.F.);
#3788=ORIENTED_EDGE('',*,*,#5811,.T.);
#3789=ORIENTED_EDGE('',*,*,#5816,.T.);
#3790=ORIENTED_EDGE('',*,*,#5817,.F.);
#3791=ORIENTED_EDGE('',*,*,#5818,.F.);
#3792=ORIENTED_EDGE('',*,*,#5814,.T.);
#3793=ORIENTED_EDGE('',*,*,#5819,.T.);
#3794=ORIENTED_EDGE('',*,*,#5820,.F.);
#3795=ORIENTED_EDGE('',*,*,#5821,.F.);
#3796=ORIENTED_EDGE('',*,*,#5817,.T.);
#3797=ORIENTED_EDGE('',*,*,#5822,.T.);
#3798=ORIENTED_EDGE('',*,*,#5823,.F.);
#3799=ORIENTED_EDGE('',*,*,#5824,.F.);
#3800=ORIENTED_EDGE('',*,*,#5820,.T.);
#3801=ORIENTED_EDGE('',*,*,#5825,.T.);
#3802=ORIENTED_EDGE('',*,*,#5826,.F.);
#3803=ORIENTED_EDGE('',*,*,#5827,.F.);
#3804=ORIENTED_EDGE('',*,*,#5823,.T.);
#3805=ORIENTED_EDGE('',*,*,#5828,.T.);
#3806=ORIENTED_EDGE('',*,*,#5829,.F.);
#3807=ORIENTED_EDGE('',*,*,#5830,.F.);
#3808=ORIENTED_EDGE('',*,*,#5826,.T.);
#3809=ORIENTED_EDGE('',*,*,#5831,.T.);
#3810=ORIENTED_EDGE('',*,*,#5832,.F.);
#3811=ORIENTED_EDGE('',*,*,#5833,.F.);
#3812=ORIENTED_EDGE('',*,*,#5829,.T.);
#3813=ORIENTED_EDGE('',*,*,#5834,.T.);
#3814=ORIENTED_EDGE('',*,*,#5835,.F.);
#3815=ORIENTED_EDGE('',*,*,#5836,.F.);
#3816=ORIENTED_EDGE('',*,*,#5832,.T.);
#3817=ORIENTED_EDGE('',*,*,#5837,.T.);
#3818=ORIENTED_EDGE('',*,*,#5838,.F.);
#3819=ORIENTED_EDGE('',*,*,#5839,.F.);
#3820=ORIENTED_EDGE('',*,*,#5835,.T.);
#3821=ORIENTED_EDGE('',*,*,#5840,.T.);
#3822=ORIENTED_EDGE('',*,*,#5841,.F.);
#3823=ORIENTED_EDGE('',*,*,#5842,.F.);
#3824=ORIENTED_EDGE('',*,*,#5838,.T.);
#3825=ORIENTED_EDGE('',*,*,#5843,.T.);
#3826=ORIENTED_EDGE('',*,*,#5844,.F.);
#3827=ORIENTED_EDGE('',*,*,#5845,.F.);
#3828=ORIENTED_EDGE('',*,*,#5841,.T.);
#3829=ORIENTED_EDGE('',*,*,#5846,.T.);
#3830=ORIENTED_EDGE('',*,*,#5847,.F.);
#3831=ORIENTED_EDGE('',*,*,#5848,.F.);
#3832=ORIENTED_EDGE('',*,*,#5844,.T.);
#3833=ORIENTED_EDGE('',*,*,#5849,.T.);
#3834=ORIENTED_EDGE('',*,*,#5850,.F.);
#3835=ORIENTED_EDGE('',*,*,#5851,.F.);
#3836=ORIENTED_EDGE('',*,*,#5847,.T.);
#3837=ORIENTED_EDGE('',*,*,#5852,.T.);
#3838=ORIENTED_EDGE('',*,*,#5853,.F.);
#3839=ORIENTED_EDGE('',*,*,#5854,.F.);
#3840=ORIENTED_EDGE('',*,*,#5850,.T.);
#3841=ORIENTED_EDGE('',*,*,#5855,.T.);
#3842=ORIENTED_EDGE('',*,*,#5856,.F.);
#3843=ORIENTED_EDGE('',*,*,#5857,.F.);
#3844=ORIENTED_EDGE('',*,*,#5853,.T.);
#3845=ORIENTED_EDGE('',*,*,#5858,.T.);
#3846=ORIENTED_EDGE('',*,*,#5859,.F.);
#3847=ORIENTED_EDGE('',*,*,#5860,.F.);
#3848=ORIENTED_EDGE('',*,*,#5856,.T.);
#3849=ORIENTED_EDGE('',*,*,#5861,.T.);
#3850=ORIENTED_EDGE('',*,*,#5862,.F.);
#3851=ORIENTED_EDGE('',*,*,#5863,.F.);
#3852=ORIENTED_EDGE('',*,*,#5859,.T.);
#3853=ORIENTED_EDGE('',*,*,#5864,.T.);
#3854=ORIENTED_EDGE('',*,*,#5865,.F.);
#3855=ORIENTED_EDGE('',*,*,#5866,.F.);
#3856=ORIENTED_EDGE('',*,*,#5862,.T.);
#3857=ORIENTED_EDGE('',*,*,#5867,.T.);
#3858=ORIENTED_EDGE('',*,*,#5868,.F.);
#3859=ORIENTED_EDGE('',*,*,#5869,.F.);
#3860=ORIENTED_EDGE('',*,*,#5865,.T.);
#3861=ORIENTED_EDGE('',*,*,#5870,.T.);
#3862=ORIENTED_EDGE('',*,*,#5871,.F.);
#3863=ORIENTED_EDGE('',*,*,#5872,.F.);
#3864=ORIENTED_EDGE('',*,*,#5868,.T.);
#3865=ORIENTED_EDGE('',*,*,#5873,.T.);
#3866=ORIENTED_EDGE('',*,*,#5874,.F.);
#3867=ORIENTED_EDGE('',*,*,#5875,.F.);
#3868=ORIENTED_EDGE('',*,*,#5871,.T.);
#3869=ORIENTED_EDGE('',*,*,#5876,.T.);
#3870=ORIENTED_EDGE('',*,*,#5877,.F.);
#3871=ORIENTED_EDGE('',*,*,#5878,.F.);
#3872=ORIENTED_EDGE('',*,*,#5874,.T.);
#3873=ORIENTED_EDGE('',*,*,#5879,.T.);
#3874=ORIENTED_EDGE('',*,*,#5880,.F.);
#3875=ORIENTED_EDGE('',*,*,#5881,.F.);
#3876=ORIENTED_EDGE('',*,*,#5877,.T.);
#3877=ORIENTED_EDGE('',*,*,#5882,.T.);
#3878=ORIENTED_EDGE('',*,*,#5883,.F.);
#3879=ORIENTED_EDGE('',*,*,#5884,.F.);
#3880=ORIENTED_EDGE('',*,*,#5880,.T.);
#3881=ORIENTED_EDGE('',*,*,#5885,.T.);
#3882=ORIENTED_EDGE('',*,*,#5886,.F.);
#3883=ORIENTED_EDGE('',*,*,#5887,.F.);
#3884=ORIENTED_EDGE('',*,*,#5883,.T.);
#3885=ORIENTED_EDGE('',*,*,#5888,.T.);
#3886=ORIENTED_EDGE('',*,*,#5889,.F.);
#3887=ORIENTED_EDGE('',*,*,#5890,.F.);
#3888=ORIENTED_EDGE('',*,*,#5886,.T.);
#3889=ORIENTED_EDGE('',*,*,#5891,.T.);
#3890=ORIENTED_EDGE('',*,*,#5892,.F.);
#3891=ORIENTED_EDGE('',*,*,#5893,.F.);
#3892=ORIENTED_EDGE('',*,*,#5889,.T.);
#3893=ORIENTED_EDGE('',*,*,#5894,.T.);
#3894=ORIENTED_EDGE('',*,*,#5895,.F.);
#3895=ORIENTED_EDGE('',*,*,#5896,.F.);
#3896=ORIENTED_EDGE('',*,*,#5892,.T.);
#3897=ORIENTED_EDGE('',*,*,#5897,.T.);
#3898=ORIENTED_EDGE('',*,*,#5898,.F.);
#3899=ORIENTED_EDGE('',*,*,#5899,.F.);
#3900=ORIENTED_EDGE('',*,*,#5895,.T.);
#3901=ORIENTED_EDGE('',*,*,#5900,.T.);
#3902=ORIENTED_EDGE('',*,*,#5901,.F.);
#3903=ORIENTED_EDGE('',*,*,#5902,.F.);
#3904=ORIENTED_EDGE('',*,*,#5898,.T.);
#3905=ORIENTED_EDGE('',*,*,#5903,.T.);
#3906=ORIENTED_EDGE('',*,*,#5904,.F.);
#3907=ORIENTED_EDGE('',*,*,#5905,.F.);
#3908=ORIENTED_EDGE('',*,*,#5901,.T.);
#3909=ORIENTED_EDGE('',*,*,#5906,.T.);
#3910=ORIENTED_EDGE('',*,*,#5907,.F.);
#3911=ORIENTED_EDGE('',*,*,#5908,.F.);
#3912=ORIENTED_EDGE('',*,*,#5904,.T.);
#3913=ORIENTED_EDGE('',*,*,#5909,.T.);
#3914=ORIENTED_EDGE('',*,*,#5910,.F.);
#3915=ORIENTED_EDGE('',*,*,#5911,.F.);
#3916=ORIENTED_EDGE('',*,*,#5907,.T.);
#3917=ORIENTED_EDGE('',*,*,#5912,.T.);
#3918=ORIENTED_EDGE('',*,*,#5913,.F.);
#3919=ORIENTED_EDGE('',*,*,#5914,.F.);
#3920=ORIENTED_EDGE('',*,*,#5910,.T.);
#3921=ORIENTED_EDGE('',*,*,#5915,.T.);
#3922=ORIENTED_EDGE('',*,*,#5916,.F.);
#3923=ORIENTED_EDGE('',*,*,#5917,.F.);
#3924=ORIENTED_EDGE('',*,*,#5913,.T.);
#3925=ORIENTED_EDGE('',*,*,#5918,.T.);
#3926=ORIENTED_EDGE('',*,*,#5919,.F.);
#3927=ORIENTED_EDGE('',*,*,#5920,.F.);
#3928=ORIENTED_EDGE('',*,*,#5916,.T.);
#3929=ORIENTED_EDGE('',*,*,#5921,.T.);
#3930=ORIENTED_EDGE('',*,*,#5922,.F.);
#3931=ORIENTED_EDGE('',*,*,#5923,.F.);
#3932=ORIENTED_EDGE('',*,*,#5919,.T.);
#3933=ORIENTED_EDGE('',*,*,#5924,.T.);
#3934=ORIENTED_EDGE('',*,*,#5925,.F.);
#3935=ORIENTED_EDGE('',*,*,#5926,.F.);
#3936=ORIENTED_EDGE('',*,*,#5922,.T.);
#3937=ORIENTED_EDGE('',*,*,#5927,.T.);
#3938=ORIENTED_EDGE('',*,*,#5928,.F.);
#3939=ORIENTED_EDGE('',*,*,#5929,.F.);
#3940=ORIENTED_EDGE('',*,*,#5925,.T.);
#3941=ORIENTED_EDGE('',*,*,#5930,.T.);
#3942=ORIENTED_EDGE('',*,*,#5931,.F.);
#3943=ORIENTED_EDGE('',*,*,#5932,.F.);
#3944=ORIENTED_EDGE('',*,*,#5928,.T.);
#3945=ORIENTED_EDGE('',*,*,#5933,.T.);
#3946=ORIENTED_EDGE('',*,*,#5934,.F.);
#3947=ORIENTED_EDGE('',*,*,#5935,.F.);
#3948=ORIENTED_EDGE('',*,*,#5931,.T.);
#3949=ORIENTED_EDGE('',*,*,#5936,.T.);
#3950=ORIENTED_EDGE('',*,*,#5937,.F.);
#3951=ORIENTED_EDGE('',*,*,#5938,.F.);
#3952=ORIENTED_EDGE('',*,*,#5934,.T.);
#3953=ORIENTED_EDGE('',*,*,#5939,.T.);
#3954=ORIENTED_EDGE('',*,*,#5940,.F.);
#3955=ORIENTED_EDGE('',*,*,#5941,.F.);
#3956=ORIENTED_EDGE('',*,*,#5937,.T.);
#3957=ORIENTED_EDGE('',*,*,#5942,.T.);
#3958=ORIENTED_EDGE('',*,*,#5943,.F.);
#3959=ORIENTED_EDGE('',*,*,#5944,.F.);
#3960=ORIENTED_EDGE('',*,*,#5940,.T.);
#3961=ORIENTED_EDGE('',*,*,#5945,.T.);
#3962=ORIENTED_EDGE('',*,*,#5946,.F.);
#3963=ORIENTED_EDGE('',*,*,#5947,.F.);
#3964=ORIENTED_EDGE('',*,*,#5943,.T.);
#3965=ORIENTED_EDGE('',*,*,#5948,.T.);
#3966=ORIENTED_EDGE('',*,*,#5949,.F.);
#3967=ORIENTED_EDGE('',*,*,#5950,.F.);
#3968=ORIENTED_EDGE('',*,*,#5946,.T.);
#3969=ORIENTED_EDGE('',*,*,#5951,.T.);
#3970=ORIENTED_EDGE('',*,*,#5952,.F.);
#3971=ORIENTED_EDGE('',*,*,#5953,.F.);
#3972=ORIENTED_EDGE('',*,*,#5949,.T.);
#3973=ORIENTED_EDGE('',*,*,#5954,.T.);
#3974=ORIENTED_EDGE('',*,*,#5955,.F.);
#3975=ORIENTED_EDGE('',*,*,#5956,.F.);
#3976=ORIENTED_EDGE('',*,*,#5952,.T.);
#3977=ORIENTED_EDGE('',*,*,#5957,.T.);
#3978=ORIENTED_EDGE('',*,*,#5958,.F.);
#3979=ORIENTED_EDGE('',*,*,#5959,.F.);
#3980=ORIENTED_EDGE('',*,*,#5955,.T.);
#3981=ORIENTED_EDGE('',*,*,#5960,.T.);
#3982=ORIENTED_EDGE('',*,*,#5961,.F.);
#3983=ORIENTED_EDGE('',*,*,#5962,.F.);
#3984=ORIENTED_EDGE('',*,*,#5958,.T.);
#3985=ORIENTED_EDGE('',*,*,#5963,.T.);
#3986=ORIENTED_EDGE('',*,*,#5964,.F.);
#3987=ORIENTED_EDGE('',*,*,#5965,.F.);
#3988=ORIENTED_EDGE('',*,*,#5961,.T.);
#3989=ORIENTED_EDGE('',*,*,#5966,.T.);
#3990=ORIENTED_EDGE('',*,*,#5967,.F.);
#3991=ORIENTED_EDGE('',*,*,#5968,.F.);
#3992=ORIENTED_EDGE('',*,*,#5964,.T.);
#3993=ORIENTED_EDGE('',*,*,#5969,.T.);
#3994=ORIENTED_EDGE('',*,*,#5970,.F.);
#3995=ORIENTED_EDGE('',*,*,#5971,.F.);
#3996=ORIENTED_EDGE('',*,*,#5967,.T.);
#3997=ORIENTED_EDGE('',*,*,#5972,.T.);
#3998=ORIENTED_EDGE('',*,*,#5973,.F.);
#3999=ORIENTED_EDGE('',*,*,#5974,.F.);
#4000=ORIENTED_EDGE('',*,*,#5970,.T.);
#4001=ORIENTED_EDGE('',*,*,#5975,.T.);
#4002=ORIENTED_EDGE('',*,*,#5976,.F.);
#4003=ORIENTED_EDGE('',*,*,#5977,.F.);
#4004=ORIENTED_EDGE('',*,*,#5973,.T.);
#4005=ORIENTED_EDGE('',*,*,#5978,.T.);
#4006=ORIENTED_EDGE('',*,*,#5979,.F.);
#4007=ORIENTED_EDGE('',*,*,#5980,.F.);
#4008=ORIENTED_EDGE('',*,*,#5976,.T.);
#4009=ORIENTED_EDGE('',*,*,#5981,.T.);
#4010=ORIENTED_EDGE('',*,*,#5982,.F.);
#4011=ORIENTED_EDGE('',*,*,#5983,.F.);
#4012=ORIENTED_EDGE('',*,*,#5979,.T.);
#4013=ORIENTED_EDGE('',*,*,#5984,.T.);
#4014=ORIENTED_EDGE('',*,*,#5985,.F.);
#4015=ORIENTED_EDGE('',*,*,#5986,.F.);
#4016=ORIENTED_EDGE('',*,*,#5982,.T.);
#4017=ORIENTED_EDGE('',*,*,#5987,.T.);
#4018=ORIENTED_EDGE('',*,*,#5988,.F.);
#4019=ORIENTED_EDGE('',*,*,#5989,.F.);
#4020=ORIENTED_EDGE('',*,*,#5985,.T.);
#4021=ORIENTED_EDGE('',*,*,#5990,.T.);
#4022=ORIENTED_EDGE('',*,*,#5991,.F.);
#4023=ORIENTED_EDGE('',*,*,#5992,.F.);
#4024=ORIENTED_EDGE('',*,*,#5988,.T.);
#4025=ORIENTED_EDGE('',*,*,#5993,.T.);
#4026=ORIENTED_EDGE('',*,*,#5994,.F.);
#4027=ORIENTED_EDGE('',*,*,#5995,.F.);
#4028=ORIENTED_EDGE('',*,*,#5991,.T.);
#4029=ORIENTED_EDGE('',*,*,#5996,.T.);
#4030=ORIENTED_EDGE('',*,*,#5997,.F.);
#4031=ORIENTED_EDGE('',*,*,#5998,.F.);
#4032=ORIENTED_EDGE('',*,*,#5994,.T.);
#4033=ORIENTED_EDGE('',*,*,#5999,.T.);
#4034=ORIENTED_EDGE('',*,*,#6000,.F.);
#4035=ORIENTED_EDGE('',*,*,#6001,.F.);
#4036=ORIENTED_EDGE('',*,*,#5997,.T.);
#4037=ORIENTED_EDGE('',*,*,#6002,.T.);
#4038=ORIENTED_EDGE('',*,*,#6003,.F.);
#4039=ORIENTED_EDGE('',*,*,#6004,.F.);
#4040=ORIENTED_EDGE('',*,*,#6000,.T.);
#4041=ORIENTED_EDGE('',*,*,#6005,.T.);
#4042=ORIENTED_EDGE('',*,*,#6006,.F.);
#4043=ORIENTED_EDGE('',*,*,#6007,.F.);
#4044=ORIENTED_EDGE('',*,*,#6003,.T.);
#4045=ORIENTED_EDGE('',*,*,#6008,.T.);
#4046=ORIENTED_EDGE('',*,*,#6009,.F.);
#4047=ORIENTED_EDGE('',*,*,#6010,.F.);
#4048=ORIENTED_EDGE('',*,*,#6006,.T.);
#4049=ORIENTED_EDGE('',*,*,#6011,.T.);
#4050=ORIENTED_EDGE('',*,*,#6012,.F.);
#4051=ORIENTED_EDGE('',*,*,#6013,.F.);
#4052=ORIENTED_EDGE('',*,*,#6009,.T.);
#4053=ORIENTED_EDGE('',*,*,#6014,.T.);
#4054=ORIENTED_EDGE('',*,*,#6015,.F.);
#4055=ORIENTED_EDGE('',*,*,#6016,.F.);
#4056=ORIENTED_EDGE('',*,*,#6012,.T.);
#4057=ORIENTED_EDGE('',*,*,#6017,.T.);
#4058=ORIENTED_EDGE('',*,*,#6018,.F.);
#4059=ORIENTED_EDGE('',*,*,#6019,.F.);
#4060=ORIENTED_EDGE('',*,*,#6015,.T.);
#4061=ORIENTED_EDGE('',*,*,#6020,.T.);
#4062=ORIENTED_EDGE('',*,*,#6021,.F.);
#4063=ORIENTED_EDGE('',*,*,#6022,.F.);
#4064=ORIENTED_EDGE('',*,*,#6018,.T.);
#4065=ORIENTED_EDGE('',*,*,#6023,.T.);
#4066=ORIENTED_EDGE('',*,*,#6024,.F.);
#4067=ORIENTED_EDGE('',*,*,#6025,.F.);
#4068=ORIENTED_EDGE('',*,*,#6021,.T.);
#4069=ORIENTED_EDGE('',*,*,#6026,.T.);
#4070=ORIENTED_EDGE('',*,*,#6027,.F.);
#4071=ORIENTED_EDGE('',*,*,#6028,.F.);
#4072=ORIENTED_EDGE('',*,*,#6024,.T.);
#4073=ORIENTED_EDGE('',*,*,#6029,.T.);
#4074=ORIENTED_EDGE('',*,*,#6030,.F.);
#4075=ORIENTED_EDGE('',*,*,#6031,.F.);
#4076=ORIENTED_EDGE('',*,*,#6027,.T.);
#4077=ORIENTED_EDGE('',*,*,#6032,.T.);
#4078=ORIENTED_EDGE('',*,*,#6033,.F.);
#4079=ORIENTED_EDGE('',*,*,#6034,.F.);
#4080=ORIENTED_EDGE('',*,*,#6030,.T.);
#4081=ORIENTED_EDGE('',*,*,#6035,.T.);
#4082=ORIENTED_EDGE('',*,*,#6036,.F.);
#4083=ORIENTED_EDGE('',*,*,#6037,.F.);
#4084=ORIENTED_EDGE('',*,*,#6033,.T.);
#4085=ORIENTED_EDGE('',*,*,#6038,.T.);
#4086=ORIENTED_EDGE('',*,*,#6039,.F.);
#4087=ORIENTED_EDGE('',*,*,#6040,.F.);
#4088=ORIENTED_EDGE('',*,*,#6036,.T.);
#4089=ORIENTED_EDGE('',*,*,#6041,.T.);
#4090=ORIENTED_EDGE('',*,*,#6042,.F.);
#4091=ORIENTED_EDGE('',*,*,#6043,.F.);
#4092=ORIENTED_EDGE('',*,*,#6039,.T.);
#4093=ORIENTED_EDGE('',*,*,#6044,.T.);
#4094=ORIENTED_EDGE('',*,*,#6045,.F.);
#4095=ORIENTED_EDGE('',*,*,#6046,.F.);
#4096=ORIENTED_EDGE('',*,*,#6042,.T.);
#4097=ORIENTED_EDGE('',*,*,#6047,.T.);
#4098=ORIENTED_EDGE('',*,*,#6048,.F.);
#4099=ORIENTED_EDGE('',*,*,#6049,.F.);
#4100=ORIENTED_EDGE('',*,*,#6045,.T.);
#4101=ORIENTED_EDGE('',*,*,#6050,.T.);
#4102=ORIENTED_EDGE('',*,*,#6051,.F.);
#4103=ORIENTED_EDGE('',*,*,#6052,.F.);
#4104=ORIENTED_EDGE('',*,*,#6048,.T.);
#4105=ORIENTED_EDGE('',*,*,#6053,.T.);
#4106=ORIENTED_EDGE('',*,*,#6054,.F.);
#4107=ORIENTED_EDGE('',*,*,#6055,.F.);
#4108=ORIENTED_EDGE('',*,*,#6051,.T.);
#4109=ORIENTED_EDGE('',*,*,#6056,.T.);
#4110=ORIENTED_EDGE('',*,*,#6057,.F.);
#4111=ORIENTED_EDGE('',*,*,#6058,.F.);
#4112=ORIENTED_EDGE('',*,*,#6054,.T.);
#4113=ORIENTED_EDGE('',*,*,#6059,.T.);
#4114=ORIENTED_EDGE('',*,*,#6060,.F.);
#4115=ORIENTED_EDGE('',*,*,#6061,.F.);
#4116=ORIENTED_EDGE('',*,*,#6057,.T.);
#4117=ORIENTED_EDGE('',*,*,#6062,.T.);
#4118=ORIENTED_EDGE('',*,*,#6063,.F.);
#4119=ORIENTED_EDGE('',*,*,#6064,.F.);
#4120=ORIENTED_EDGE('',*,*,#6060,.T.);
#4121=ORIENTED_EDGE('',*,*,#6065,.T.);
#4122=ORIENTED_EDGE('',*,*,#6066,.F.);
#4123=ORIENTED_EDGE('',*,*,#6067,.F.);
#4124=ORIENTED_EDGE('',*,*,#6063,.T.);
#4125=ORIENTED_EDGE('',*,*,#6068,.T.);
#4126=ORIENTED_EDGE('',*,*,#6069,.F.);
#4127=ORIENTED_EDGE('',*,*,#6070,.F.);
#4128=ORIENTED_EDGE('',*,*,#6066,.T.);
#4129=ORIENTED_EDGE('',*,*,#6071,.T.);
#4130=ORIENTED_EDGE('',*,*,#6072,.F.);
#4131=ORIENTED_EDGE('',*,*,#6073,.F.);
#4132=ORIENTED_EDGE('',*,*,#6069,.T.);
#4133=ORIENTED_EDGE('',*,*,#6074,.T.);
#4134=ORIENTED_EDGE('',*,*,#6075,.F.);
#4135=ORIENTED_EDGE('',*,*,#6076,.F.);
#4136=ORIENTED_EDGE('',*,*,#6072,.T.);
#4137=ORIENTED_EDGE('',*,*,#6077,.T.);
#4138=ORIENTED_EDGE('',*,*,#6078,.F.);
#4139=ORIENTED_EDGE('',*,*,#6079,.F.);
#4140=ORIENTED_EDGE('',*,*,#6075,.T.);
#4141=ORIENTED_EDGE('',*,*,#6080,.T.);
#4142=ORIENTED_EDGE('',*,*,#6081,.F.);
#4143=ORIENTED_EDGE('',*,*,#6082,.F.);
#4144=ORIENTED_EDGE('',*,*,#6078,.T.);
#4145=ORIENTED_EDGE('',*,*,#6083,.T.);
#4146=ORIENTED_EDGE('',*,*,#6084,.F.);
#4147=ORIENTED_EDGE('',*,*,#6085,.F.);
#4148=ORIENTED_EDGE('',*,*,#6081,.T.);
#4149=ORIENTED_EDGE('',*,*,#6086,.T.);
#4150=ORIENTED_EDGE('',*,*,#6087,.F.);
#4151=ORIENTED_EDGE('',*,*,#6088,.F.);
#4152=ORIENTED_EDGE('',*,*,#6084,.T.);
#4153=ORIENTED_EDGE('',*,*,#6089,.T.);
#4154=ORIENTED_EDGE('',*,*,#6090,.F.);
#4155=ORIENTED_EDGE('',*,*,#6091,.F.);
#4156=ORIENTED_EDGE('',*,*,#6087,.T.);
#4157=ORIENTED_EDGE('',*,*,#6092,.T.);
#4158=ORIENTED_EDGE('',*,*,#6093,.F.);
#4159=ORIENTED_EDGE('',*,*,#6094,.F.);
#4160=ORIENTED_EDGE('',*,*,#6090,.T.);
#4161=ORIENTED_EDGE('',*,*,#6095,.T.);
#4162=ORIENTED_EDGE('',*,*,#6096,.F.);
#4163=ORIENTED_EDGE('',*,*,#6097,.F.);
#4164=ORIENTED_EDGE('',*,*,#6093,.T.);
#4165=ORIENTED_EDGE('',*,*,#6098,.T.);
#4166=ORIENTED_EDGE('',*,*,#6099,.F.);
#4167=ORIENTED_EDGE('',*,*,#6100,.F.);
#4168=ORIENTED_EDGE('',*,*,#6096,.T.);
#4169=ORIENTED_EDGE('',*,*,#6101,.T.);
#4170=ORIENTED_EDGE('',*,*,#6102,.F.);
#4171=ORIENTED_EDGE('',*,*,#6103,.F.);
#4172=ORIENTED_EDGE('',*,*,#6099,.T.);
#4173=ORIENTED_EDGE('',*,*,#6104,.T.);
#4174=ORIENTED_EDGE('',*,*,#6105,.F.);
#4175=ORIENTED_EDGE('',*,*,#6106,.F.);
#4176=ORIENTED_EDGE('',*,*,#6102,.T.);
#4177=ORIENTED_EDGE('',*,*,#6107,.T.);
#4178=ORIENTED_EDGE('',*,*,#6108,.F.);
#4179=ORIENTED_EDGE('',*,*,#6109,.F.);
#4180=ORIENTED_EDGE('',*,*,#6105,.T.);
#4181=ORIENTED_EDGE('',*,*,#6110,.T.);
#4182=ORIENTED_EDGE('',*,*,#6111,.F.);
#4183=ORIENTED_EDGE('',*,*,#6112,.F.);
#4184=ORIENTED_EDGE('',*,*,#6108,.T.);
#4185=ORIENTED_EDGE('',*,*,#6113,.T.);
#4186=ORIENTED_EDGE('',*,*,#6114,.F.);
#4187=ORIENTED_EDGE('',*,*,#6115,.F.);
#4188=ORIENTED_EDGE('',*,*,#6111,.T.);
#4189=ORIENTED_EDGE('',*,*,#6116,.T.);
#4190=ORIENTED_EDGE('',*,*,#6117,.F.);
#4191=ORIENTED_EDGE('',*,*,#6118,.F.);
#4192=ORIENTED_EDGE('',*,*,#6114,.T.);
#4193=ORIENTED_EDGE('',*,*,#6119,.T.);
#4194=ORIENTED_EDGE('',*,*,#6120,.F.);
#4195=ORIENTED_EDGE('',*,*,#6121,.F.);
#4196=ORIENTED_EDGE('',*,*,#6117,.T.);
#4197=ORIENTED_EDGE('',*,*,#6122,.T.);
#4198=ORIENTED_EDGE('',*,*,#6123,.F.);
#4199=ORIENTED_EDGE('',*,*,#6124,.F.);
#4200=ORIENTED_EDGE('',*,*,#6120,.T.);
#4201=ORIENTED_EDGE('',*,*,#6125,.T.);
#4202=ORIENTED_EDGE('',*,*,#6126,.F.);
#4203=ORIENTED_EDGE('',*,*,#6127,.F.);
#4204=ORIENTED_EDGE('',*,*,#6123,.T.);
#4205=ORIENTED_EDGE('',*,*,#6128,.T.);
#4206=ORIENTED_EDGE('',*,*,#6129,.F.);
#4207=ORIENTED_EDGE('',*,*,#6130,.F.);
#4208=ORIENTED_EDGE('',*,*,#6126,.T.);
#4209=ORIENTED_EDGE('',*,*,#6131,.T.);
#4210=ORIENTED_EDGE('',*,*,#6132,.F.);
#4211=ORIENTED_EDGE('',*,*,#6133,.F.);
#4212=ORIENTED_EDGE('',*,*,#6129,.T.);
#4213=ORIENTED_EDGE('',*,*,#6134,.T.);
#4214=ORIENTED_EDGE('',*,*,#6135,.F.);
#4215=ORIENTED_EDGE('',*,*,#6136,.F.);
#4216=ORIENTED_EDGE('',*,*,#6132,.T.);
#4217=ORIENTED_EDGE('',*,*,#6137,.T.);
#4218=ORIENTED_EDGE('',*,*,#5002,.F.);
#4219=ORIENTED_EDGE('',*,*,#6138,.F.);
#4220=ORIENTED_EDGE('',*,*,#6135,.T.);
#4221=ORIENTED_EDGE('',*,*,#4996,.F.);
#4222=ORIENTED_EDGE('',*,*,#4994,.F.);
#4223=ORIENTED_EDGE('',*,*,#4992,.F.);
#4224=ORIENTED_EDGE('',*,*,#4990,.F.);
#4225=ORIENTED_EDGE('',*,*,#4988,.F.);
#4226=ORIENTED_EDGE('',*,*,#5001,.T.);
#4227=ORIENTED_EDGE('',*,*,#5005,.T.);
#4228=ORIENTED_EDGE('',*,*,#5008,.T.);
#4229=ORIENTED_EDGE('',*,*,#5011,.T.);
#4230=ORIENTED_EDGE('',*,*,#5014,.T.);
#4231=ORIENTED_EDGE('',*,*,#5017,.T.);
#4232=ORIENTED_EDGE('',*,*,#5020,.T.);
#4233=ORIENTED_EDGE('',*,*,#5023,.T.);
#4234=ORIENTED_EDGE('',*,*,#5026,.T.);
#4235=ORIENTED_EDGE('',*,*,#5029,.T.);
#4236=ORIENTED_EDGE('',*,*,#5032,.T.);
#4237=ORIENTED_EDGE('',*,*,#5035,.T.);
#4238=ORIENTED_EDGE('',*,*,#5038,.T.);
#4239=ORIENTED_EDGE('',*,*,#5041,.T.);
#4240=ORIENTED_EDGE('',*,*,#5044,.T.);
#4241=ORIENTED_EDGE('',*,*,#5047,.T.);
#4242=ORIENTED_EDGE('',*,*,#5050,.T.);
#4243=ORIENTED_EDGE('',*,*,#5053,.T.);
#4244=ORIENTED_EDGE('',*,*,#5056,.T.);
#4245=ORIENTED_EDGE('',*,*,#5059,.T.);
#4246=ORIENTED_EDGE('',*,*,#5062,.T.);
#4247=ORIENTED_EDGE('',*,*,#5065,.T.);
#4248=ORIENTED_EDGE('',*,*,#5068,.T.);
#4249=ORIENTED_EDGE('',*,*,#5071,.T.);
#4250=ORIENTED_EDGE('',*,*,#5074,.T.);
#4251=ORIENTED_EDGE('',*,*,#5077,.T.);
#4252=ORIENTED_EDGE('',*,*,#5080,.T.);
#4253=ORIENTED_EDGE('',*,*,#5083,.T.);
#4254=ORIENTED_EDGE('',*,*,#5086,.T.);
#4255=ORIENTED_EDGE('',*,*,#5089,.T.);
#4256=ORIENTED_EDGE('',*,*,#5092,.T.);
#4257=ORIENTED_EDGE('',*,*,#5095,.T.);
#4258=ORIENTED_EDGE('',*,*,#5098,.T.);
#4259=ORIENTED_EDGE('',*,*,#5101,.T.);
#4260=ORIENTED_EDGE('',*,*,#5104,.T.);
#4261=ORIENTED_EDGE('',*,*,#5107,.T.);
#4262=ORIENTED_EDGE('',*,*,#5110,.T.);
#4263=ORIENTED_EDGE('',*,*,#5113,.T.);
#4264=ORIENTED_EDGE('',*,*,#5116,.T.);
#4265=ORIENTED_EDGE('',*,*,#5119,.T.);
#4266=ORIENTED_EDGE('',*,*,#5122,.T.);
#4267=ORIENTED_EDGE('',*,*,#5125,.T.);
#4268=ORIENTED_EDGE('',*,*,#5128,.T.);
#4269=ORIENTED_EDGE('',*,*,#5131,.T.);
#4270=ORIENTED_EDGE('',*,*,#5134,.T.);
#4271=ORIENTED_EDGE('',*,*,#5137,.T.);
#4272=ORIENTED_EDGE('',*,*,#5140,.T.);
#4273=ORIENTED_EDGE('',*,*,#5143,.T.);
#4274=ORIENTED_EDGE('',*,*,#5146,.T.);
#4275=ORIENTED_EDGE('',*,*,#5149,.T.);
#4276=ORIENTED_EDGE('',*,*,#5152,.T.);
#4277=ORIENTED_EDGE('',*,*,#5155,.T.);
#4278=ORIENTED_EDGE('',*,*,#5158,.T.);
#4279=ORIENTED_EDGE('',*,*,#5161,.T.);
#4280=ORIENTED_EDGE('',*,*,#5164,.T.);
#4281=ORIENTED_EDGE('',*,*,#5167,.T.);
#4282=ORIENTED_EDGE('',*,*,#5170,.T.);
#4283=ORIENTED_EDGE('',*,*,#5173,.T.);
#4284=ORIENTED_EDGE('',*,*,#5176,.T.);
#4285=ORIENTED_EDGE('',*,*,#5179,.T.);
#4286=ORIENTED_EDGE('',*,*,#5182,.T.);
#4287=ORIENTED_EDGE('',*,*,#5185,.T.);
#4288=ORIENTED_EDGE('',*,*,#5188,.T.);
#4289=ORIENTED_EDGE('',*,*,#5191,.T.);
#4290=ORIENTED_EDGE('',*,*,#5194,.T.);
#4291=ORIENTED_EDGE('',*,*,#5197,.T.);
#4292=ORIENTED_EDGE('',*,*,#5200,.T.);
#4293=ORIENTED_EDGE('',*,*,#5203,.T.);
#4294=ORIENTED_EDGE('',*,*,#5206,.T.);
#4295=ORIENTED_EDGE('',*,*,#5209,.T.);
#4296=ORIENTED_EDGE('',*,*,#5212,.T.);
#4297=ORIENTED_EDGE('',*,*,#5215,.T.);
#4298=ORIENTED_EDGE('',*,*,#5218,.T.);
#4299=ORIENTED_EDGE('',*,*,#5221,.T.);
#4300=ORIENTED_EDGE('',*,*,#5224,.T.);
#4301=ORIENTED_EDGE('',*,*,#5227,.T.);
#4302=ORIENTED_EDGE('',*,*,#5230,.T.);
#4303=ORIENTED_EDGE('',*,*,#5233,.T.);
#4304=ORIENTED_EDGE('',*,*,#5236,.T.);
#4305=ORIENTED_EDGE('',*,*,#5239,.T.);
#4306=ORIENTED_EDGE('',*,*,#5242,.T.);
#4307=ORIENTED_EDGE('',*,*,#5245,.T.);
#4308=ORIENTED_EDGE('',*,*,#5248,.T.);
#4309=ORIENTED_EDGE('',*,*,#5251,.T.);
#4310=ORIENTED_EDGE('',*,*,#5254,.T.);
#4311=ORIENTED_EDGE('',*,*,#5257,.T.);
#4312=ORIENTED_EDGE('',*,*,#5260,.T.);
#4313=ORIENTED_EDGE('',*,*,#5263,.T.);
#4314=ORIENTED_EDGE('',*,*,#5266,.T.);
#4315=ORIENTED_EDGE('',*,*,#5269,.T.);
#4316=ORIENTED_EDGE('',*,*,#5272,.T.);
#4317=ORIENTED_EDGE('',*,*,#5275,.T.);
#4318=ORIENTED_EDGE('',*,*,#5278,.T.);
#4319=ORIENTED_EDGE('',*,*,#5281,.T.);
#4320=ORIENTED_EDGE('',*,*,#5284,.T.);
#4321=ORIENTED_EDGE('',*,*,#5287,.T.);
#4322=ORIENTED_EDGE('',*,*,#5290,.T.);
#4323=ORIENTED_EDGE('',*,*,#5293,.T.);
#4324=ORIENTED_EDGE('',*,*,#5296,.T.);
#4325=ORIENTED_EDGE('',*,*,#5299,.T.);
#4326=ORIENTED_EDGE('',*,*,#5302,.T.);
#4327=ORIENTED_EDGE('',*,*,#5305,.T.);
#4328=ORIENTED_EDGE('',*,*,#5308,.T.);
#4329=ORIENTED_EDGE('',*,*,#5311,.T.);
#4330=ORIENTED_EDGE('',*,*,#5314,.T.);
#4331=ORIENTED_EDGE('',*,*,#5317,.T.);
#4332=ORIENTED_EDGE('',*,*,#5320,.T.);
#4333=ORIENTED_EDGE('',*,*,#5323,.T.);
#4334=ORIENTED_EDGE('',*,*,#5326,.T.);
#4335=ORIENTED_EDGE('',*,*,#5329,.T.);
#4336=ORIENTED_EDGE('',*,*,#5332,.T.);
#4337=ORIENTED_EDGE('',*,*,#5335,.T.);
#4338=ORIENTED_EDGE('',*,*,#5338,.T.);
#4339=ORIENTED_EDGE('',*,*,#5341,.T.);
#4340=ORIENTED_EDGE('',*,*,#5344,.T.);
#4341=ORIENTED_EDGE('',*,*,#5347,.T.);
#4342=ORIENTED_EDGE('',*,*,#5350,.T.);
#4343=ORIENTED_EDGE('',*,*,#5353,.T.);
#4344=ORIENTED_EDGE('',*,*,#5356,.T.);
#4345=ORIENTED_EDGE('',*,*,#5359,.T.);
#4346=ORIENTED_EDGE('',*,*,#5362,.T.);
#4347=ORIENTED_EDGE('',*,*,#5365,.T.);
#4348=ORIENTED_EDGE('',*,*,#5368,.T.);
#4349=ORIENTED_EDGE('',*,*,#5371,.T.);
#4350=ORIENTED_EDGE('',*,*,#5374,.T.);
#4351=ORIENTED_EDGE('',*,*,#5377,.T.);
#4352=ORIENTED_EDGE('',*,*,#5380,.T.);
#4353=ORIENTED_EDGE('',*,*,#5383,.T.);
#4354=ORIENTED_EDGE('',*,*,#5386,.T.);
#4355=ORIENTED_EDGE('',*,*,#5389,.T.);
#4356=ORIENTED_EDGE('',*,*,#5392,.T.);
#4357=ORIENTED_EDGE('',*,*,#5395,.T.);
#4358=ORIENTED_EDGE('',*,*,#5398,.T.);
#4359=ORIENTED_EDGE('',*,*,#5401,.T.);
#4360=ORIENTED_EDGE('',*,*,#5404,.T.);
#4361=ORIENTED_EDGE('',*,*,#5407,.T.);
#4362=ORIENTED_EDGE('',*,*,#5410,.T.);
#4363=ORIENTED_EDGE('',*,*,#5413,.T.);
#4364=ORIENTED_EDGE('',*,*,#5416,.T.);
#4365=ORIENTED_EDGE('',*,*,#5419,.T.);
#4366=ORIENTED_EDGE('',*,*,#5422,.T.);
#4367=ORIENTED_EDGE('',*,*,#5425,.T.);
#4368=ORIENTED_EDGE('',*,*,#5428,.T.);
#4369=ORIENTED_EDGE('',*,*,#5431,.T.);
#4370=ORIENTED_EDGE('',*,*,#5434,.T.);
#4371=ORIENTED_EDGE('',*,*,#5437,.T.);
#4372=ORIENTED_EDGE('',*,*,#5440,.T.);
#4373=ORIENTED_EDGE('',*,*,#5443,.T.);
#4374=ORIENTED_EDGE('',*,*,#5446,.T.);
#4375=ORIENTED_EDGE('',*,*,#5449,.T.);
#4376=ORIENTED_EDGE('',*,*,#5452,.T.);
#4377=ORIENTED_EDGE('',*,*,#5455,.T.);
#4378=ORIENTED_EDGE('',*,*,#5458,.T.);
#4379=ORIENTED_EDGE('',*,*,#5461,.T.);
#4380=ORIENTED_EDGE('',*,*,#5464,.T.);
#4381=ORIENTED_EDGE('',*,*,#5467,.T.);
#4382=ORIENTED_EDGE('',*,*,#5470,.T.);
#4383=ORIENTED_EDGE('',*,*,#5473,.T.);
#4384=ORIENTED_EDGE('',*,*,#5476,.T.);
#4385=ORIENTED_EDGE('',*,*,#5479,.T.);
#4386=ORIENTED_EDGE('',*,*,#5482,.T.);
#4387=ORIENTED_EDGE('',*,*,#5485,.T.);
#4388=ORIENTED_EDGE('',*,*,#5488,.T.);
#4389=ORIENTED_EDGE('',*,*,#5491,.T.);
#4390=ORIENTED_EDGE('',*,*,#5494,.T.);
#4391=ORIENTED_EDGE('',*,*,#5497,.T.);
#4392=ORIENTED_EDGE('',*,*,#5500,.T.);
#4393=ORIENTED_EDGE('',*,*,#5503,.T.);
#4394=ORIENTED_EDGE('',*,*,#5506,.T.);
#4395=ORIENTED_EDGE('',*,*,#5509,.T.);
#4396=ORIENTED_EDGE('',*,*,#5512,.T.);
#4397=ORIENTED_EDGE('',*,*,#5515,.T.);
#4398=ORIENTED_EDGE('',*,*,#5518,.T.);
#4399=ORIENTED_EDGE('',*,*,#5521,.T.);
#4400=ORIENTED_EDGE('',*,*,#5524,.T.);
#4401=ORIENTED_EDGE('',*,*,#5527,.T.);
#4402=ORIENTED_EDGE('',*,*,#5530,.T.);
#4403=ORIENTED_EDGE('',*,*,#5533,.T.);
#4404=ORIENTED_EDGE('',*,*,#5536,.T.);
#4405=ORIENTED_EDGE('',*,*,#5539,.T.);
#4406=ORIENTED_EDGE('',*,*,#5542,.T.);
#4407=ORIENTED_EDGE('',*,*,#5545,.T.);
#4408=ORIENTED_EDGE('',*,*,#5548,.T.);
#4409=ORIENTED_EDGE('',*,*,#5551,.T.);
#4410=ORIENTED_EDGE('',*,*,#5554,.T.);
#4411=ORIENTED_EDGE('',*,*,#5557,.T.);
#4412=ORIENTED_EDGE('',*,*,#5560,.T.);
#4413=ORIENTED_EDGE('',*,*,#5563,.T.);
#4414=ORIENTED_EDGE('',*,*,#5566,.T.);
#4415=ORIENTED_EDGE('',*,*,#5569,.T.);
#4416=ORIENTED_EDGE('',*,*,#5572,.T.);
#4417=ORIENTED_EDGE('',*,*,#5575,.T.);
#4418=ORIENTED_EDGE('',*,*,#5578,.T.);
#4419=ORIENTED_EDGE('',*,*,#5581,.T.);
#4420=ORIENTED_EDGE('',*,*,#5584,.T.);
#4421=ORIENTED_EDGE('',*,*,#5587,.T.);
#4422=ORIENTED_EDGE('',*,*,#5590,.T.);
#4423=ORIENTED_EDGE('',*,*,#5593,.T.);
#4424=ORIENTED_EDGE('',*,*,#5596,.T.);
#4425=ORIENTED_EDGE('',*,*,#5599,.T.);
#4426=ORIENTED_EDGE('',*,*,#5602,.T.);
#4427=ORIENTED_EDGE('',*,*,#5605,.T.);
#4428=ORIENTED_EDGE('',*,*,#5608,.T.);
#4429=ORIENTED_EDGE('',*,*,#5611,.T.);
#4430=ORIENTED_EDGE('',*,*,#5614,.T.);
#4431=ORIENTED_EDGE('',*,*,#5617,.T.);
#4432=ORIENTED_EDGE('',*,*,#5620,.T.);
#4433=ORIENTED_EDGE('',*,*,#5623,.T.);
#4434=ORIENTED_EDGE('',*,*,#5626,.T.);
#4435=ORIENTED_EDGE('',*,*,#5629,.T.);
#4436=ORIENTED_EDGE('',*,*,#5632,.T.);
#4437=ORIENTED_EDGE('',*,*,#5635,.T.);
#4438=ORIENTED_EDGE('',*,*,#5638,.T.);
#4439=ORIENTED_EDGE('',*,*,#5641,.T.);
#4440=ORIENTED_EDGE('',*,*,#5644,.T.);
#4441=ORIENTED_EDGE('',*,*,#5647,.T.);
#4442=ORIENTED_EDGE('',*,*,#5650,.T.);
#4443=ORIENTED_EDGE('',*,*,#5653,.T.);
#4444=ORIENTED_EDGE('',*,*,#5656,.T.);
#4445=ORIENTED_EDGE('',*,*,#5659,.T.);
#4446=ORIENTED_EDGE('',*,*,#5662,.T.);
#4447=ORIENTED_EDGE('',*,*,#5665,.T.);
#4448=ORIENTED_EDGE('',*,*,#5668,.T.);
#4449=ORIENTED_EDGE('',*,*,#5671,.T.);
#4450=ORIENTED_EDGE('',*,*,#5674,.T.);
#4451=ORIENTED_EDGE('',*,*,#5677,.T.);
#4452=ORIENTED_EDGE('',*,*,#5680,.T.);
#4453=ORIENTED_EDGE('',*,*,#5683,.T.);
#4454=ORIENTED_EDGE('',*,*,#5686,.T.);
#4455=ORIENTED_EDGE('',*,*,#5689,.T.);
#4456=ORIENTED_EDGE('',*,*,#5692,.T.);
#4457=ORIENTED_EDGE('',*,*,#5695,.T.);
#4458=ORIENTED_EDGE('',*,*,#5698,.T.);
#4459=ORIENTED_EDGE('',*,*,#5701,.T.);
#4460=ORIENTED_EDGE('',*,*,#5704,.T.);
#4461=ORIENTED_EDGE('',*,*,#5707,.T.);
#4462=ORIENTED_EDGE('',*,*,#5710,.T.);
#4463=ORIENTED_EDGE('',*,*,#5713,.T.);
#4464=ORIENTED_EDGE('',*,*,#5716,.T.);
#4465=ORIENTED_EDGE('',*,*,#5719,.T.);
#4466=ORIENTED_EDGE('',*,*,#5722,.T.);
#4467=ORIENTED_EDGE('',*,*,#5725,.T.);
#4468=ORIENTED_EDGE('',*,*,#5728,.T.);
#4469=ORIENTED_EDGE('',*,*,#5731,.T.);
#4470=ORIENTED_EDGE('',*,*,#5734,.T.);
#4471=ORIENTED_EDGE('',*,*,#5737,.T.);
#4472=ORIENTED_EDGE('',*,*,#5740,.T.);
#4473=ORIENTED_EDGE('',*,*,#5743,.T.);
#4474=ORIENTED_EDGE('',*,*,#5746,.T.);
#4475=ORIENTED_EDGE('',*,*,#5749,.T.);
#4476=ORIENTED_EDGE('',*,*,#5752,.T.);
#4477=ORIENTED_EDGE('',*,*,#5755,.T.);
#4478=ORIENTED_EDGE('',*,*,#5758,.T.);
#4479=ORIENTED_EDGE('',*,*,#5761,.T.);
#4480=ORIENTED_EDGE('',*,*,#5764,.T.);
#4481=ORIENTED_EDGE('',*,*,#5767,.T.);
#4482=ORIENTED_EDGE('',*,*,#5770,.T.);
#4483=ORIENTED_EDGE('',*,*,#5773,.T.);
#4484=ORIENTED_EDGE('',*,*,#5776,.T.);
#4485=ORIENTED_EDGE('',*,*,#5779,.T.);
#4486=ORIENTED_EDGE('',*,*,#5782,.T.);
#4487=ORIENTED_EDGE('',*,*,#5785,.T.);
#4488=ORIENTED_EDGE('',*,*,#5788,.T.);
#4489=ORIENTED_EDGE('',*,*,#5791,.T.);
#4490=ORIENTED_EDGE('',*,*,#5794,.T.);
#4491=ORIENTED_EDGE('',*,*,#5797,.T.);
#4492=ORIENTED_EDGE('',*,*,#5800,.T.);
#4493=ORIENTED_EDGE('',*,*,#5803,.T.);
#4494=ORIENTED_EDGE('',*,*,#5806,.T.);
#4495=ORIENTED_EDGE('',*,*,#5809,.T.);
#4496=ORIENTED_EDGE('',*,*,#5812,.T.);
#4497=ORIENTED_EDGE('',*,*,#5815,.T.);
#4498=ORIENTED_EDGE('',*,*,#5818,.T.);
#4499=ORIENTED_EDGE('',*,*,#5821,.T.);
#4500=ORIENTED_EDGE('',*,*,#5824,.T.);
#4501=ORIENTED_EDGE('',*,*,#5827,.T.);
#4502=ORIENTED_EDGE('',*,*,#5830,.T.);
#4503=ORIENTED_EDGE('',*,*,#5833,.T.);
#4504=ORIENTED_EDGE('',*,*,#5836,.T.);
#4505=ORIENTED_EDGE('',*,*,#5839,.T.);
#4506=ORIENTED_EDGE('',*,*,#5842,.T.);
#4507=ORIENTED_EDGE('',*,*,#5845,.T.);
#4508=ORIENTED_EDGE('',*,*,#5848,.T.);
#4509=ORIENTED_EDGE('',*,*,#5851,.T.);
#4510=ORIENTED_EDGE('',*,*,#5854,.T.);
#4511=ORIENTED_EDGE('',*,*,#5857,.T.);
#4512=ORIENTED_EDGE('',*,*,#5860,.T.);
#4513=ORIENTED_EDGE('',*,*,#5863,.T.);
#4514=ORIENTED_EDGE('',*,*,#5866,.T.);
#4515=ORIENTED_EDGE('',*,*,#5869,.T.);
#4516=ORIENTED_EDGE('',*,*,#5872,.T.);
#4517=ORIENTED_EDGE('',*,*,#5875,.T.);
#4518=ORIENTED_EDGE('',*,*,#5878,.T.);
#4519=ORIENTED_EDGE('',*,*,#5881,.T.);
#4520=ORIENTED_EDGE('',*,*,#5884,.T.);
#4521=ORIENTED_EDGE('',*,*,#5887,.T.);
#4522=ORIENTED_EDGE('',*,*,#5890,.T.);
#4523=ORIENTED_EDGE('',*,*,#5893,.T.);
#4524=ORIENTED_EDGE('',*,*,#5896,.T.);
#4525=ORIENTED_EDGE('',*,*,#5899,.T.);
#4526=ORIENTED_EDGE('',*,*,#5902,.T.);
#4527=ORIENTED_EDGE('',*,*,#5905,.T.);
#4528=ORIENTED_EDGE('',*,*,#5908,.T.);
#4529=ORIENTED_EDGE('',*,*,#5911,.T.);
#4530=ORIENTED_EDGE('',*,*,#5914,.T.);
#4531=ORIENTED_EDGE('',*,*,#5917,.T.);
#4532=ORIENTED_EDGE('',*,*,#5920,.T.);
#4533=ORIENTED_EDGE('',*,*,#5923,.T.);
#4534=ORIENTED_EDGE('',*,*,#5926,.T.);
#4535=ORIENTED_EDGE('',*,*,#5929,.T.);
#4536=ORIENTED_EDGE('',*,*,#5932,.T.);
#4537=ORIENTED_EDGE('',*,*,#5935,.T.);
#4538=ORIENTED_EDGE('',*,*,#5938,.T.);
#4539=ORIENTED_EDGE('',*,*,#5941,.T.);
#4540=ORIENTED_EDGE('',*,*,#5944,.T.);
#4541=ORIENTED_EDGE('',*,*,#5947,.T.);
#4542=ORIENTED_EDGE('',*,*,#5950,.T.);
#4543=ORIENTED_EDGE('',*,*,#5953,.T.);
#4544=ORIENTED_EDGE('',*,*,#5956,.T.);
#4545=ORIENTED_EDGE('',*,*,#5959,.T.);
#4546=ORIENTED_EDGE('',*,*,#5962,.T.);
#4547=ORIENTED_EDGE('',*,*,#5965,.T.);
#4548=ORIENTED_EDGE('',*,*,#5968,.T.);
#4549=ORIENTED_EDGE('',*,*,#5971,.T.);
#4550=ORIENTED_EDGE('',*,*,#5974,.T.);
#4551=ORIENTED_EDGE('',*,*,#5977,.T.);
#4552=ORIENTED_EDGE('',*,*,#5980,.T.);
#4553=ORIENTED_EDGE('',*,*,#5983,.T.);
#4554=ORIENTED_EDGE('',*,*,#5986,.T.);
#4555=ORIENTED_EDGE('',*,*,#5989,.T.);
#4556=ORIENTED_EDGE('',*,*,#5992,.T.);
#4557=ORIENTED_EDGE('',*,*,#5995,.T.);
#4558=ORIENTED_EDGE('',*,*,#5998,.T.);
#4559=ORIENTED_EDGE('',*,*,#6001,.T.);
#4560=ORIENTED_EDGE('',*,*,#6004,.T.);
#4561=ORIENTED_EDGE('',*,*,#6007,.T.);
#4562=ORIENTED_EDGE('',*,*,#6010,.T.);
#4563=ORIENTED_EDGE('',*,*,#6013,.T.);
#4564=ORIENTED_EDGE('',*,*,#6016,.T.);
#4565=ORIENTED_EDGE('',*,*,#6019,.T.);
#4566=ORIENTED_EDGE('',*,*,#6022,.T.);
#4567=ORIENTED_EDGE('',*,*,#6025,.T.);
#4568=ORIENTED_EDGE('',*,*,#6028,.T.);
#4569=ORIENTED_EDGE('',*,*,#6031,.T.);
#4570=ORIENTED_EDGE('',*,*,#6034,.T.);
#4571=ORIENTED_EDGE('',*,*,#6037,.T.);
#4572=ORIENTED_EDGE('',*,*,#6040,.T.);
#4573=ORIENTED_EDGE('',*,*,#6043,.T.);
#4574=ORIENTED_EDGE('',*,*,#6046,.T.);
#4575=ORIENTED_EDGE('',*,*,#6049,.T.);
#4576=ORIENTED_EDGE('',*,*,#6052,.T.);
#4577=ORIENTED_EDGE('',*,*,#6055,.T.);
#4578=ORIENTED_EDGE('',*,*,#6058,.T.);
#4579=ORIENTED_EDGE('',*,*,#6061,.T.);
#4580=ORIENTED_EDGE('',*,*,#6064,.T.);
#4581=ORIENTED_EDGE('',*,*,#6067,.T.);
#4582=ORIENTED_EDGE('',*,*,#6070,.T.);
#4583=ORIENTED_EDGE('',*,*,#6073,.T.);
#4584=ORIENTED_EDGE('',*,*,#6076,.T.);
#4585=ORIENTED_EDGE('',*,*,#6079,.T.);
#4586=ORIENTED_EDGE('',*,*,#6082,.T.);
#4587=ORIENTED_EDGE('',*,*,#6085,.T.);
#4588=ORIENTED_EDGE('',*,*,#6088,.T.);
#4589=ORIENTED_EDGE('',*,*,#6091,.T.);
#4590=ORIENTED_EDGE('',*,*,#6094,.T.);
#4591=ORIENTED_EDGE('',*,*,#6097,.T.);
#4592=ORIENTED_EDGE('',*,*,#6100,.T.);
#4593=ORIENTED_EDGE('',*,*,#6103,.T.);
#4594=ORIENTED_EDGE('',*,*,#6106,.T.);
#4595=ORIENTED_EDGE('',*,*,#6109,.T.);
#4596=ORIENTED_EDGE('',*,*,#6112,.T.);
#4597=ORIENTED_EDGE('',*,*,#6115,.T.);
#4598=ORIENTED_EDGE('',*,*,#6118,.T.);
#4599=ORIENTED_EDGE('',*,*,#6121,.T.);
#4600=ORIENTED_EDGE('',*,*,#6124,.T.);
#4601=ORIENTED_EDGE('',*,*,#6127,.T.);
#4602=ORIENTED_EDGE('',*,*,#6130,.T.);
#4603=ORIENTED_EDGE('',*,*,#6133,.T.);
#4604=ORIENTED_EDGE('',*,*,#6136,.T.);
#4605=ORIENTED_EDGE('',*,*,#6138,.T.);
#4606=ORIENTED_EDGE('',*,*,#4997,.T.);
#4607=ORIENTED_EDGE('',*,*,#4999,.F.);
#4608=ORIENTED_EDGE('',*,*,#6137,.F.);
#4609=ORIENTED_EDGE('',*,*,#6134,.F.);
#4610=ORIENTED_EDGE('',*,*,#6131,.F.);
#4611=ORIENTED_EDGE('',*,*,#6128,.F.);
#4612=ORIENTED_EDGE('',*,*,#6125,.F.);
#4613=ORIENTED_EDGE('',*,*,#6122,.F.);
#4614=ORIENTED_EDGE('',*,*,#6119,.F.);
#4615=ORIENTED_EDGE('',*,*,#6116,.F.);
#4616=ORIENTED_EDGE('',*,*,#6113,.F.);
#4617=ORIENTED_EDGE('',*,*,#6110,.F.);
#4618=ORIENTED_EDGE('',*,*,#6107,.F.);
#4619=ORIENTED_EDGE('',*,*,#6104,.F.);
#4620=ORIENTED_EDGE('',*,*,#6101,.F.);
#4621=ORIENTED_EDGE('',*,*,#6098,.F.);
#4622=ORIENTED_EDGE('',*,*,#6095,.F.);
#4623=ORIENTED_EDGE('',*,*,#6092,.F.);
#4624=ORIENTED_EDGE('',*,*,#6089,.F.);
#4625=ORIENTED_EDGE('',*,*,#6086,.F.);
#4626=ORIENTED_EDGE('',*,*,#6083,.F.);
#4627=ORIENTED_EDGE('',*,*,#6080,.F.);
#4628=ORIENTED_EDGE('',*,*,#6077,.F.);
#4629=ORIENTED_EDGE('',*,*,#6074,.F.);
#4630=ORIENTED_EDGE('',*,*,#6071,.F.);
#4631=ORIENTED_EDGE('',*,*,#6068,.F.);
#4632=ORIENTED_EDGE('',*,*,#6065,.F.);
#4633=ORIENTED_EDGE('',*,*,#6062,.F.);
#4634=ORIENTED_EDGE('',*,*,#6059,.F.);
#4635=ORIENTED_EDGE('',*,*,#6056,.F.);
#4636=ORIENTED_EDGE('',*,*,#6053,.F.);
#4637=ORIENTED_EDGE('',*,*,#6050,.F.);
#4638=ORIENTED_EDGE('',*,*,#6047,.F.);
#4639=ORIENTED_EDGE('',*,*,#6044,.F.);
#4640=ORIENTED_EDGE('',*,*,#6041,.F.);
#4641=ORIENTED_EDGE('',*,*,#6038,.F.);
#4642=ORIENTED_EDGE('',*,*,#6035,.F.);
#4643=ORIENTED_EDGE('',*,*,#6032,.F.);
#4644=ORIENTED_EDGE('',*,*,#6029,.F.);
#4645=ORIENTED_EDGE('',*,*,#6026,.F.);
#4646=ORIENTED_EDGE('',*,*,#6023,.F.);
#4647=ORIENTED_EDGE('',*,*,#6020,.F.);
#4648=ORIENTED_EDGE('',*,*,#6017,.F.);
#4649=ORIENTED_EDGE('',*,*,#6014,.F.);
#4650=ORIENTED_EDGE('',*,*,#6011,.F.);
#4651=ORIENTED_EDGE('',*,*,#6008,.F.);
#4652=ORIENTED_EDGE('',*,*,#6005,.F.);
#4653=ORIENTED_EDGE('',*,*,#6002,.F.);
#4654=ORIENTED_EDGE('',*,*,#5999,.F.);
#4655=ORIENTED_EDGE('',*,*,#5996,.F.);
#4656=ORIENTED_EDGE('',*,*,#5993,.F.);
#4657=ORIENTED_EDGE('',*,*,#5990,.F.);
#4658=ORIENTED_EDGE('',*,*,#5987,.F.);
#4659=ORIENTED_EDGE('',*,*,#5984,.F.);
#4660=ORIENTED_EDGE('',*,*,#5981,.F.);
#4661=ORIENTED_EDGE('',*,*,#5978,.F.);
#4662=ORIENTED_EDGE('',*,*,#5975,.F.);
#4663=ORIENTED_EDGE('',*,*,#5972,.F.);
#4664=ORIENTED_EDGE('',*,*,#5969,.F.);
#4665=ORIENTED_EDGE('',*,*,#5966,.F.);
#4666=ORIENTED_EDGE('',*,*,#5963,.F.);
#4667=ORIENTED_EDGE('',*,*,#5960,.F.);
#4668=ORIENTED_EDGE('',*,*,#5957,.F.);
#4669=ORIENTED_EDGE('',*,*,#5954,.F.);
#4670=ORIENTED_EDGE('',*,*,#5951,.F.);
#4671=ORIENTED_EDGE('',*,*,#5948,.F.);
#4672=ORIENTED_EDGE('',*,*,#5945,.F.);
#4673=ORIENTED_EDGE('',*,*,#5942,.F.);
#4674=ORIENTED_EDGE('',*,*,#5939,.F.);
#4675=ORIENTED_EDGE('',*,*,#5936,.F.);
#4676=ORIENTED_EDGE('',*,*,#5933,.F.);
#4677=ORIENTED_EDGE('',*,*,#5930,.F.);
#4678=ORIENTED_EDGE('',*,*,#5927,.F.);
#4679=ORIENTED_EDGE('',*,*,#5924,.F.);
#4680=ORIENTED_EDGE('',*,*,#5921,.F.);
#4681=ORIENTED_EDGE('',*,*,#5918,.F.);
#4682=ORIENTED_EDGE('',*,*,#5915,.F.);
#4683=ORIENTED_EDGE('',*,*,#5912,.F.);
#4684=ORIENTED_EDGE('',*,*,#5909,.F.);
#4685=ORIENTED_EDGE('',*,*,#5906,.F.);
#4686=ORIENTED_EDGE('',*,*,#5903,.F.);
#4687=ORIENTED_EDGE('',*,*,#5900,.F.);
#4688=ORIENTED_EDGE('',*,*,#5897,.F.);
#4689=ORIENTED_EDGE('',*,*,#5894,.F.);
#4690=ORIENTED_EDGE('',*,*,#5891,.F.);
#4691=ORIENTED_EDGE('',*,*,#5888,.F.);
#4692=ORIENTED_EDGE('',*,*,#5885,.F.);
#4693=ORIENTED_EDGE('',*,*,#5882,.F.);
#4694=ORIENTED_EDGE('',*,*,#5879,.F.);
#4695=ORIENTED_EDGE('',*,*,#5876,.F.);
#4696=ORIENTED_EDGE('',*,*,#5873,.F.);
#4697=ORIENTED_EDGE('',*,*,#5870,.F.);
#4698=ORIENTED_EDGE('',*,*,#5867,.F.);
#4699=ORIENTED_EDGE('',*,*,#5864,.F.);
#4700=ORIENTED_EDGE('',*,*,#5861,.F.);
#4701=ORIENTED_EDGE('',*,*,#5858,.F.);
#4702=ORIENTED_EDGE('',*,*,#5855,.F.);
#4703=ORIENTED_EDGE('',*,*,#5852,.F.);
#4704=ORIENTED_EDGE('',*,*,#5849,.F.);
#4705=ORIENTED_EDGE('',*,*,#5846,.F.);
#4706=ORIENTED_EDGE('',*,*,#5843,.F.);
#4707=ORIENTED_EDGE('',*,*,#5840,.F.);
#4708=ORIENTED_EDGE('',*,*,#5837,.F.);
#4709=ORIENTED_EDGE('',*,*,#5834,.F.);
#4710=ORIENTED_EDGE('',*,*,#5831,.F.);
#4711=ORIENTED_EDGE('',*,*,#5828,.F.);
#4712=ORIENTED_EDGE('',*,*,#5825,.F.);
#4713=ORIENTED_EDGE('',*,*,#5822,.F.);
#4714=ORIENTED_EDGE('',*,*,#5819,.F.);
#4715=ORIENTED_EDGE('',*,*,#5816,.F.);
#4716=ORIENTED_EDGE('',*,*,#5813,.F.);
#4717=ORIENTED_EDGE('',*,*,#5810,.F.);
#4718=ORIENTED_EDGE('',*,*,#5807,.F.);
#4719=ORIENTED_EDGE('',*,*,#5804,.F.);
#4720=ORIENTED_EDGE('',*,*,#5801,.F.);
#4721=ORIENTED_EDGE('',*,*,#5798,.F.);
#4722=ORIENTED_EDGE('',*,*,#5795,.F.);
#4723=ORIENTED_EDGE('',*,*,#5792,.F.);
#4724=ORIENTED_EDGE('',*,*,#5789,.F.);
#4725=ORIENTED_EDGE('',*,*,#5786,.F.);
#4726=ORIENTED_EDGE('',*,*,#5783,.F.);
#4727=ORIENTED_EDGE('',*,*,#5780,.F.);
#4728=ORIENTED_EDGE('',*,*,#5777,.F.);
#4729=ORIENTED_EDGE('',*,*,#5774,.F.);
#4730=ORIENTED_EDGE('',*,*,#5771,.F.);
#4731=ORIENTED_EDGE('',*,*,#5768,.F.);
#4732=ORIENTED_EDGE('',*,*,#5765,.F.);
#4733=ORIENTED_EDGE('',*,*,#5762,.F.);
#4734=ORIENTED_EDGE('',*,*,#5759,.F.);
#4735=ORIENTED_EDGE('',*,*,#5756,.F.);
#4736=ORIENTED_EDGE('',*,*,#5753,.F.);
#4737=ORIENTED_EDGE('',*,*,#5750,.F.);
#4738=ORIENTED_EDGE('',*,*,#5747,.F.);
#4739=ORIENTED_EDGE('',*,*,#5744,.F.);
#4740=ORIENTED_EDGE('',*,*,#5741,.F.);
#4741=ORIENTED_EDGE('',*,*,#5738,.F.);
#4742=ORIENTED_EDGE('',*,*,#5735,.F.);
#4743=ORIENTED_EDGE('',*,*,#5732,.F.);
#4744=ORIENTED_EDGE('',*,*,#5729,.F.);
#4745=ORIENTED_EDGE('',*,*,#5726,.F.);
#4746=ORIENTED_EDGE('',*,*,#5723,.F.);
#4747=ORIENTED_EDGE('',*,*,#5720,.F.);
#4748=ORIENTED_EDGE('',*,*,#5717,.F.);
#4749=ORIENTED_EDGE('',*,*,#5714,.F.);
#4750=ORIENTED_EDGE('',*,*,#5711,.F.);
#4751=ORIENTED_EDGE('',*,*,#5708,.F.);
#4752=ORIENTED_EDGE('',*,*,#5705,.F.);
#4753=ORIENTED_EDGE('',*,*,#5702,.F.);
#4754=ORIENTED_EDGE('',*,*,#5699,.F.);
#4755=ORIENTED_EDGE('',*,*,#5696,.F.);
#4756=ORIENTED_EDGE('',*,*,#5693,.F.);
#4757=ORIENTED_EDGE('',*,*,#5690,.F.);
#4758=ORIENTED_EDGE('',*,*,#5687,.F.);
#4759=ORIENTED_EDGE('',*,*,#5684,.F.);
#4760=ORIENTED_EDGE('',*,*,#5681,.F.);
#4761=ORIENTED_EDGE('',*,*,#5678,.F.);
#4762=ORIENTED_EDGE('',*,*,#5675,.F.);
#4763=ORIENTED_EDGE('',*,*,#5672,.F.);
#4764=ORIENTED_EDGE('',*,*,#5669,.F.);
#4765=ORIENTED_EDGE('',*,*,#5666,.F.);
#4766=ORIENTED_EDGE('',*,*,#5663,.F.);
#4767=ORIENTED_EDGE('',*,*,#5660,.F.);
#4768=ORIENTED_EDGE('',*,*,#5657,.F.);
#4769=ORIENTED_EDGE('',*,*,#5654,.F.);
#4770=ORIENTED_EDGE('',*,*,#5651,.F.);
#4771=ORIENTED_EDGE('',*,*,#5648,.F.);
#4772=ORIENTED_EDGE('',*,*,#5645,.F.);
#4773=ORIENTED_EDGE('',*,*,#5642,.F.);
#4774=ORIENTED_EDGE('',*,*,#5639,.F.);
#4775=ORIENTED_EDGE('',*,*,#5636,.F.);
#4776=ORIENTED_EDGE('',*,*,#5633,.F.);
#4777=ORIENTED_EDGE('',*,*,#5630,.F.);
#4778=ORIENTED_EDGE('',*,*,#5627,.F.);
#4779=ORIENTED_EDGE('',*,*,#5624,.F.);
#4780=ORIENTED_EDGE('',*,*,#5621,.F.);
#4781=ORIENTED_EDGE('',*,*,#5618,.F.);
#4782=ORIENTED_EDGE('',*,*,#5615,.F.);
#4783=ORIENTED_EDGE('',*,*,#5612,.F.);
#4784=ORIENTED_EDGE('',*,*,#5609,.F.);
#4785=ORIENTED_EDGE('',*,*,#5606,.F.);
#4786=ORIENTED_EDGE('',*,*,#5603,.F.);
#4787=ORIENTED_EDGE('',*,*,#5600,.F.);
#4788=ORIENTED_EDGE('',*,*,#5597,.F.);
#4789=ORIENTED_EDGE('',*,*,#5594,.F.);
#4790=ORIENTED_EDGE('',*,*,#5591,.F.);
#4791=ORIENTED_EDGE('',*,*,#5588,.F.);
#4792=ORIENTED_EDGE('',*,*,#5585,.F.);
#4793=ORIENTED_EDGE('',*,*,#5582,.F.);
#4794=ORIENTED_EDGE('',*,*,#5579,.F.);
#4795=ORIENTED_EDGE('',*,*,#5576,.F.);
#4796=ORIENTED_EDGE('',*,*,#5573,.F.);
#4797=ORIENTED_EDGE('',*,*,#5570,.F.);
#4798=ORIENTED_EDGE('',*,*,#5567,.F.);
#4799=ORIENTED_EDGE('',*,*,#5564,.F.);
#4800=ORIENTED_EDGE('',*,*,#5561,.F.);
#4801=ORIENTED_EDGE('',*,*,#5558,.F.);
#4802=ORIENTED_EDGE('',*,*,#5555,.F.);
#4803=ORIENTED_EDGE('',*,*,#5552,.F.);
#4804=ORIENTED_EDGE('',*,*,#5549,.F.);
#4805=ORIENTED_EDGE('',*,*,#5546,.F.);
#4806=ORIENTED_EDGE('',*,*,#5543,.F.);
#4807=ORIENTED_EDGE('',*,*,#5540,.F.);
#4808=ORIENTED_EDGE('',*,*,#5537,.F.);
#4809=ORIENTED_EDGE('',*,*,#5534,.F.);
#4810=ORIENTED_EDGE('',*,*,#5531,.F.);
#4811=ORIENTED_EDGE('',*,*,#5528,.F.);
#4812=ORIENTED_EDGE('',*,*,#5525,.F.);
#4813=ORIENTED_EDGE('',*,*,#5522,.F.);
#4814=ORIENTED_EDGE('',*,*,#5519,.F.);
#4815=ORIENTED_EDGE('',*,*,#5516,.F.);
#4816=ORIENTED_EDGE('',*,*,#5513,.F.);
#4817=ORIENTED_EDGE('',*,*,#5510,.F.);
#4818=ORIENTED_EDGE('',*,*,#5507,.F.);
#4819=ORIENTED_EDGE('',*,*,#5504,.F.);
#4820=ORIENTED_EDGE('',*,*,#5501,.F.);
#4821=ORIENTED_EDGE('',*,*,#5498,.F.);
#4822=ORIENTED_EDGE('',*,*,#5495,.F.);
#4823=ORIENTED_EDGE('',*,*,#5492,.F.);
#4824=ORIENTED_EDGE('',*,*,#5489,.F.);
#4825=ORIENTED_EDGE('',*,*,#5486,.F.);
#4826=ORIENTED_EDGE('',*,*,#5483,.F.);
#4827=ORIENTED_EDGE('',*,*,#5480,.F.);
#4828=ORIENTED_EDGE('',*,*,#5477,.F.);
#4829=ORIENTED_EDGE('',*,*,#5474,.F.);
#4830=ORIENTED_EDGE('',*,*,#5471,.F.);
#4831=ORIENTED_EDGE('',*,*,#5468,.F.);
#4832=ORIENTED_EDGE('',*,*,#5465,.F.);
#4833=ORIENTED_EDGE('',*,*,#5462,.F.);
#4834=ORIENTED_EDGE('',*,*,#5459,.F.);
#4835=ORIENTED_EDGE('',*,*,#5456,.F.);
#4836=ORIENTED_EDGE('',*,*,#5453,.F.);
#4837=ORIENTED_EDGE('',*,*,#5450,.F.);
#4838=ORIENTED_EDGE('',*,*,#5447,.F.);
#4839=ORIENTED_EDGE('',*,*,#5444,.F.);
#4840=ORIENTED_EDGE('',*,*,#5441,.F.);
#4841=ORIENTED_EDGE('',*,*,#5438,.F.);
#4842=ORIENTED_EDGE('',*,*,#5435,.F.);
#4843=ORIENTED_EDGE('',*,*,#5432,.F.);
#4844=ORIENTED_EDGE('',*,*,#5429,.F.);
#4845=ORIENTED_EDGE('',*,*,#5426,.F.);
#4846=ORIENTED_EDGE('',*,*,#5423,.F.);
#4847=ORIENTED_EDGE('',*,*,#5420,.F.);
#4848=ORIENTED_EDGE('',*,*,#5417,.F.);
#4849=ORIENTED_EDGE('',*,*,#5414,.F.);
#4850=ORIENTED_EDGE('',*,*,#5411,.F.);
#4851=ORIENTED_EDGE('',*,*,#5408,.F.);
#4852=ORIENTED_EDGE('',*,*,#5405,.F.);
#4853=ORIENTED_EDGE('',*,*,#5402,.F.);
#4854=ORIENTED_EDGE('',*,*,#5399,.F.);
#4855=ORIENTED_EDGE('',*,*,#5396,.F.);
#4856=ORIENTED_EDGE('',*,*,#5393,.F.);
#4857=ORIENTED_EDGE('',*,*,#5390,.F.);
#4858=ORIENTED_EDGE('',*,*,#5387,.F.);
#4859=ORIENTED_EDGE('',*,*,#5384,.F.);
#4860=ORIENTED_EDGE('',*,*,#5381,.F.);
#4861=ORIENTED_EDGE('',*,*,#5378,.F.);
#4862=ORIENTED_EDGE('',*,*,#5375,.F.);
#4863=ORIENTED_EDGE('',*,*,#5372,.F.);
#4864=ORIENTED_EDGE('',*,*,#5369,.F.);
#4865=ORIENTED_EDGE('',*,*,#5366,.F.);
#4866=ORIENTED_EDGE('',*,*,#5363,.F.);
#4867=ORIENTED_EDGE('',*,*,#5360,.F.);
#4868=ORIENTED_EDGE('',*,*,#5357,.F.);
#4869=ORIENTED_EDGE('',*,*,#5354,.F.);
#4870=ORIENTED_EDGE('',*,*,#5351,.F.);
#4871=ORIENTED_EDGE('',*,*,#5348,.F.);
#4872=ORIENTED_EDGE('',*,*,#5345,.F.);
#4873=ORIENTED_EDGE('',*,*,#5342,.F.);
#4874=ORIENTED_EDGE('',*,*,#5339,.F.);
#4875=ORIENTED_EDGE('',*,*,#5336,.F.);
#4876=ORIENTED_EDGE('',*,*,#5333,.F.);
#4877=ORIENTED_EDGE('',*,*,#5330,.F.);
#4878=ORIENTED_EDGE('',*,*,#5327,.F.);
#4879=ORIENTED_EDGE('',*,*,#5324,.F.);
#4880=ORIENTED_EDGE('',*,*,#5321,.F.);
#4881=ORIENTED_EDGE('',*,*,#5318,.F.);
#4882=ORIENTED_EDGE('',*,*,#5315,.F.);
#4883=ORIENTED_EDGE('',*,*,#5312,.F.);
#4884=ORIENTED_EDGE('',*,*,#5309,.F.);
#4885=ORIENTED_EDGE('',*,*,#5306,.F.);
#4886=ORIENTED_EDGE('',*,*,#5303,.F.);
#4887=ORIENTED_EDGE('',*,*,#5300,.F.);
#4888=ORIENTED_EDGE('',*,*,#5297,.F.);
#4889=ORIENTED_EDGE('',*,*,#5294,.F.);
#4890=ORIENTED_EDGE('',*,*,#5291,.F.);
#4891=ORIENTED_EDGE('',*,*,#5288,.F.);
#4892=ORIENTED_EDGE('',*,*,#5285,.F.);
#4893=ORIENTED_EDGE('',*,*,#5282,.F.);
#4894=ORIENTED_EDGE('',*,*,#5279,.F.);
#4895=ORIENTED_EDGE('',*,*,#5276,.F.);
#4896=ORIENTED_EDGE('',*,*,#5273,.F.);
#4897=ORIENTED_EDGE('',*,*,#5270,.F.);
#4898=ORIENTED_EDGE('',*,*,#5267,.F.);
#4899=ORIENTED_EDGE('',*,*,#5264,.F.);
#4900=ORIENTED_EDGE('',*,*,#5261,.F.);
#4901=ORIENTED_EDGE('',*,*,#5258,.F.);
#4902=ORIENTED_EDGE('',*,*,#5255,.F.);
#4903=ORIENTED_EDGE('',*,*,#5252,.F.);
#4904=ORIENTED_EDGE('',*,*,#5249,.F.);
#4905=ORIENTED_EDGE('',*,*,#5246,.F.);
#4906=ORIENTED_EDGE('',*,*,#5243,.F.);
#4907=ORIENTED_EDGE('',*,*,#5240,.F.);
#4908=ORIENTED_EDGE('',*,*,#5237,.F.);
#4909=ORIENTED_EDGE('',*,*,#5234,.F.);
#4910=ORIENTED_EDGE('',*,*,#5231,.F.);
#4911=ORIENTED_EDGE('',*,*,#5228,.F.);
#4912=ORIENTED_EDGE('',*,*,#5225,.F.);
#4913=ORIENTED_EDGE('',*,*,#5222,.F.);
#4914=ORIENTED_EDGE('',*,*,#5219,.F.);
#4915=ORIENTED_EDGE('',*,*,#5216,.F.);
#4916=ORIENTED_EDGE('',*,*,#5213,.F.);
#4917=ORIENTED_EDGE('',*,*,#5210,.F.);
#4918=ORIENTED_EDGE('',*,*,#5207,.F.);
#4919=ORIENTED_EDGE('',*,*,#5204,.F.);
#4920=ORIENTED_EDGE('',*,*,#5201,.F.);
#4921=ORIENTED_EDGE('',*,*,#5198,.F.);
#4922=ORIENTED_EDGE('',*,*,#5195,.F.);
#4923=ORIENTED_EDGE('',*,*,#5192,.F.);
#4924=ORIENTED_EDGE('',*,*,#5189,.F.);
#4925=ORIENTED_EDGE('',*,*,#5186,.F.);
#4926=ORIENTED_EDGE('',*,*,#5183,.F.);
#4927=ORIENTED_EDGE('',*,*,#5180,.F.);
#4928=ORIENTED_EDGE('',*,*,#5177,.F.);
#4929=ORIENTED_EDGE('',*,*,#5174,.F.);
#4930=ORIENTED_EDGE('',*,*,#5171,.F.);
#4931=ORIENTED_EDGE('',*,*,#5168,.F.);
#4932=ORIENTED_EDGE('',*,*,#5165,.F.);
#4933=ORIENTED_EDGE('',*,*,#5162,.F.);
#4934=ORIENTED_EDGE('',*,*,#5159,.F.);
#4935=ORIENTED_EDGE('',*,*,#5156,.F.);
#4936=ORIENTED_EDGE('',*,*,#5153,.F.);
#4937=ORIENTED_EDGE('',*,*,#5150,.F.);
#4938=ORIENTED_EDGE('',*,*,#5147,.F.);
#4939=ORIENTED_EDGE('',*,*,#5144,.F.);
#4940=ORIENTED_EDGE('',*,*,#5141,.F.);
#4941=ORIENTED_EDGE('',*,*,#5138,.F.);
#4942=ORIENTED_EDGE('',*,*,#5135,.F.);
#4943=ORIENTED_EDGE('',*,*,#5132,.F.);
#4944=ORIENTED_EDGE('',*,*,#5129,.F.);
#4945=ORIENTED_EDGE('',*,*,#5126,.F.);
#4946=ORIENTED_EDGE('',*,*,#5123,.F.);
#4947=ORIENTED_EDGE('',*,*,#5120,.F.);
#4948=ORIENTED_EDGE('',*,*,#5117,.F.);
#4949=ORIENTED_EDGE('',*,*,#5114,.F.);
#4950=ORIENTED_EDGE('',*,*,#5111,.F.);
#4951=ORIENTED_EDGE('',*,*,#5108,.F.);
#4952=ORIENTED_EDGE('',*,*,#5105,.F.);
#4953=ORIENTED_EDGE('',*,*,#5102,.F.);
#4954=ORIENTED_EDGE('',*,*,#5099,.F.);
#4955=ORIENTED_EDGE('',*,*,#5096,.F.);
#4956=ORIENTED_EDGE('',*,*,#5093,.F.);
#4957=ORIENTED_EDGE('',*,*,#5090,.F.);
#4958=ORIENTED_EDGE('',*,*,#5087,.F.);
#4959=ORIENTED_EDGE('',*,*,#5084,.F.);
#4960=ORIENTED_EDGE('',*,*,#5081,.F.);
#4961=ORIENTED_EDGE('',*,*,#5078,.F.);
#4962=ORIENTED_EDGE('',*,*,#5075,.F.);
#4963=ORIENTED_EDGE('',*,*,#5072,.F.);
#4964=ORIENTED_EDGE('',*,*,#5069,.F.);
#4965=ORIENTED_EDGE('',*,*,#5066,.F.);
#4966=ORIENTED_EDGE('',*,*,#5063,.F.);
#4967=ORIENTED_EDGE('',*,*,#5060,.F.);
#4968=ORIENTED_EDGE('',*,*,#5057,.F.);
#4969=ORIENTED_EDGE('',*,*,#5054,.F.);
#4970=ORIENTED_EDGE('',*,*,#5051,.F.);
#4971=ORIENTED_EDGE('',*,*,#5048,.F.);
#4972=ORIENTED_EDGE('',*,*,#5045,.F.);
#4973=ORIENTED_EDGE('',*,*,#5042,.F.);
#4974=ORIENTED_EDGE('',*,*,#5039,.F.);
#4975=ORIENTED_EDGE('',*,*,#5036,.F.);
#4976=ORIENTED_EDGE('',*,*,#5033,.F.);
#4977=ORIENTED_EDGE('',*,*,#5030,.F.);
#4978=ORIENTED_EDGE('',*,*,#5027,.F.);
#4979=ORIENTED_EDGE('',*,*,#5024,.F.);
#4980=ORIENTED_EDGE('',*,*,#5021,.F.);
#4981=ORIENTED_EDGE('',*,*,#5018,.F.);
#4982=ORIENTED_EDGE('',*,*,#5015,.F.);
#4983=ORIENTED_EDGE('',*,*,#5012,.F.);
#4984=ORIENTED_EDGE('',*,*,#5009,.F.);
#4985=ORIENTED_EDGE('',*,*,#5006,.F.);
#4986=ORIENTED_EDGE('',*,*,#5003,.F.);
#4987=EDGE_CURVE('',#6139,#6139,#6911,.T.);
#4988=EDGE_CURVE('',#6140,#6140,#6912,.T.);
#4989=EDGE_CURVE('',#6141,#6141,#6913,.T.);
#4990=EDGE_CURVE('',#6142,#6142,#6914,.T.);
#4991=EDGE_CURVE('',#6143,#6143,#6915,.T.);
#4992=EDGE_CURVE('',#6144,#6144,#6916,.T.);
#4993=EDGE_CURVE('',#6145,#6145,#6917,.T.);
#4994=EDGE_CURVE('',#6146,#6146,#6918,.T.);
#4995=EDGE_CURVE('',#6147,#6147,#6919,.T.);
#4996=EDGE_CURVE('',#6148,#6148,#6920,.T.);
#4997=EDGE_CURVE('',#6149,#6149,#6921,.T.);
#4998=EDGE_CURVE('',#6150,#6150,#6922,.T.);
#4999=EDGE_CURVE('',#6151,#6152,#20,.T.);
#5000=EDGE_CURVE('',#6153,#6152,#21,.T.);
#5001=EDGE_CURVE('',#6154,#6153,#22,.T.);
#5002=EDGE_CURVE('',#6154,#6151,#23,.T.);
#5003=EDGE_CURVE('',#6152,#6155,#24,.T.);
#5004=EDGE_CURVE('',#6156,#6155,#25,.T.);
#5005=EDGE_CURVE('',#6153,#6156,#26,.T.);
#5006=EDGE_CURVE('',#6155,#6157,#27,.T.);
#5007=EDGE_CURVE('',#6158,#6157,#28,.T.);
#5008=EDGE_CURVE('',#6156,#6158,#29,.T.);
#5009=EDGE_CURVE('',#6157,#6159,#30,.T.);
#5010=EDGE_CURVE('',#6160,#6159,#31,.T.);
#5011=EDGE_CURVE('',#6158,#6160,#32,.T.);
#5012=EDGE_CURVE('',#6159,#6161,#33,.T.);
#5013=EDGE_CURVE('',#6162,#6161,#34,.T.);
#5014=EDGE_CURVE('',#6160,#6162,#35,.T.);
#5015=EDGE_CURVE('',#6161,#6163,#36,.T.);
#5016=EDGE_CURVE('',#6164,#6163,#37,.T.);
#5017=EDGE_CURVE('',#6162,#6164,#38,.T.);
#5018=EDGE_CURVE('',#6163,#6165,#39,.T.);
#5019=EDGE_CURVE('',#6166,#6165,#40,.T.);
#5020=EDGE_CURVE('',#6164,#6166,#41,.T.);
#5021=EDGE_CURVE('',#6165,#6167,#42,.T.);
#5022=EDGE_CURVE('',#6168,#6167,#43,.T.);
#5023=EDGE_CURVE('',#6166,#6168,#44,.T.);
#5024=EDGE_CURVE('',#6167,#6169,#45,.T.);
#5025=EDGE_CURVE('',#6170,#6169,#46,.T.);
#5026=EDGE_CURVE('',#6168,#6170,#47,.T.);
#5027=EDGE_CURVE('',#6169,#6171,#48,.T.);
#5028=EDGE_CURVE('',#6172,#6171,#49,.T.);
#5029=EDGE_CURVE('',#6170,#6172,#50,.T.);
#5030=EDGE_CURVE('',#6171,#6173,#51,.T.);
#5031=EDGE_CURVE('',#6174,#6173,#52,.T.);
#5032=EDGE_CURVE('',#6172,#6174,#53,.T.);
#5033=EDGE_CURVE('',#6173,#6175,#54,.T.);
#5034=EDGE_CURVE('',#6176,#6175,#55,.T.);
#5035=EDGE_CURVE('',#6174,#6176,#56,.T.);
#5036=EDGE_CURVE('',#6175,#6177,#57,.T.);
#5037=EDGE_CURVE('',#6178,#6177,#58,.T.);
#5038=EDGE_CURVE('',#6176,#6178,#59,.T.);
#5039=EDGE_CURVE('',#6177,#6179,#60,.T.);
#5040=EDGE_CURVE('',#6180,#6179,#61,.T.);
#5041=EDGE_CURVE('',#6178,#6180,#62,.T.);
#5042=EDGE_CURVE('',#6179,#6181,#63,.T.);
#5043=EDGE_CURVE('',#6182,#6181,#64,.T.);
#5044=EDGE_CURVE('',#6180,#6182,#65,.T.);
#5045=EDGE_CURVE('',#6181,#6183,#66,.T.);
#5046=EDGE_CURVE('',#6184,#6183,#67,.T.);
#5047=EDGE_CURVE('',#6182,#6184,#68,.T.);
#5048=EDGE_CURVE('',#6183,#6185,#69,.T.);
#5049=EDGE_CURVE('',#6186,#6185,#70,.T.);
#5050=EDGE_CURVE('',#6184,#6186,#71,.T.);
#5051=EDGE_CURVE('',#6185,#6187,#72,.T.);
#5052=EDGE_CURVE('',#6188,#6187,#73,.T.);
#5053=EDGE_CURVE('',#6186,#6188,#74,.T.);
#5054=EDGE_CURVE('',#6187,#6189,#75,.T.);
#5055=EDGE_CURVE('',#6190,#6189,#76,.T.);
#5056=EDGE_CURVE('',#6188,#6190,#77,.T.);
#5057=EDGE_CURVE('',#6189,#6191,#78,.T.);
#5058=EDGE_CURVE('',#6192,#6191,#79,.T.);
#5059=EDGE_CURVE('',#6190,#6192,#80,.T.);
#5060=EDGE_CURVE('',#6191,#6193,#81,.T.);
#5061=EDGE_CURVE('',#6194,#6193,#82,.T.);
#5062=EDGE_CURVE('',#6192,#6194,#83,.T.);
#5063=EDGE_CURVE('',#6193,#6195,#84,.T.);
#5064=EDGE_CURVE('',#6196,#6195,#85,.T.);
#5065=EDGE_CURVE('',#6194,#6196,#86,.T.);
#5066=EDGE_CURVE('',#6195,#6197,#87,.T.);
#5067=EDGE_CURVE('',#6198,#6197,#88,.T.);
#5068=EDGE_CURVE('',#6196,#6198,#89,.T.);
#5069=EDGE_CURVE('',#6197,#6199,#90,.T.);
#5070=EDGE_CURVE('',#6200,#6199,#91,.T.);
#5071=EDGE_CURVE('',#6198,#6200,#92,.T.);
#5072=EDGE_CURVE('',#6199,#6201,#93,.T.);
#5073=EDGE_CURVE('',#6202,#6201,#94,.T.);
#5074=EDGE_CURVE('',#6200,#6202,#95,.T.);
#5075=EDGE_CURVE('',#6201,#6203,#96,.T.);
#5076=EDGE_CURVE('',#6204,#6203,#97,.T.);
#5077=EDGE_CURVE('',#6202,#6204,#98,.T.);
#5078=EDGE_CURVE('',#6203,#6205,#99,.T.);
#5079=EDGE_CURVE('',#6206,#6205,#100,.T.);
#5080=EDGE_CURVE('',#6204,#6206,#101,.T.);
#5081=EDGE_CURVE('',#6205,#6207,#102,.T.);
#5082=EDGE_CURVE('',#6208,#6207,#103,.T.);
#5083=EDGE_CURVE('',#6206,#6208,#104,.T.);
#5084=EDGE_CURVE('',#6207,#6209,#105,.T.);
#5085=EDGE_CURVE('',#6210,#6209,#106,.T.);
#5086=EDGE_CURVE('',#6208,#6210,#107,.T.);
#5087=EDGE_CURVE('',#6209,#6211,#108,.T.);
#5088=EDGE_CURVE('',#6212,#6211,#109,.T.);
#5089=EDGE_CURVE('',#6210,#6212,#110,.T.);
#5090=EDGE_CURVE('',#6211,#6213,#111,.T.);
#5091=EDGE_CURVE('',#6214,#6213,#112,.T.);
#5092=EDGE_CURVE('',#6212,#6214,#113,.T.);
#5093=EDGE_CURVE('',#6213,#6215,#114,.T.);
#5094=EDGE_CURVE('',#6216,#6215,#115,.T.);
#5095=EDGE_CURVE('',#6214,#6216,#116,.T.);
#5096=EDGE_CURVE('',#6215,#6217,#117,.T.);
#5097=EDGE_CURVE('',#6218,#6217,#118,.T.);
#5098=EDGE_CURVE('',#6216,#6218,#119,.T.);
#5099=EDGE_CURVE('',#6217,#6219,#120,.T.);
#5100=EDGE_CURVE('',#6220,#6219,#121,.T.);
#5101=EDGE_CURVE('',#6218,#6220,#122,.T.);
#5102=EDGE_CURVE('',#6219,#6221,#123,.T.);
#5103=EDGE_CURVE('',#6222,#6221,#124,.T.);
#5104=EDGE_CURVE('',#6220,#6222,#125,.T.);
#5105=EDGE_CURVE('',#6221,#6223,#126,.T.);
#5106=EDGE_CURVE('',#6224,#6223,#127,.T.);
#5107=EDGE_CURVE('',#6222,#6224,#128,.T.);
#5108=EDGE_CURVE('',#6223,#6225,#129,.T.);
#5109=EDGE_CURVE('',#6226,#6225,#130,.T.);
#5110=EDGE_CURVE('',#6224,#6226,#131,.T.);
#5111=EDGE_CURVE('',#6225,#6227,#132,.T.);
#5112=EDGE_CURVE('',#6228,#6227,#133,.T.);
#5113=EDGE_CURVE('',#6226,#6228,#134,.T.);
#5114=EDGE_CURVE('',#6227,#6229,#135,.T.);
#5115=EDGE_CURVE('',#6230,#6229,#136,.T.);
#5116=EDGE_CURVE('',#6228,#6230,#137,.T.);
#5117=EDGE_CURVE('',#6229,#6231,#138,.T.);
#5118=EDGE_CURVE('',#6232,#6231,#139,.T.);
#5119=EDGE_CURVE('',#6230,#6232,#140,.T.);
#5120=EDGE_CURVE('',#6231,#6233,#141,.T.);
#5121=EDGE_CURVE('',#6234,#6233,#142,.T.);
#5122=EDGE_CURVE('',#6232,#6234,#143,.T.);
#5123=EDGE_CURVE('',#6233,#6235,#144,.T.);
#5124=EDGE_CURVE('',#6236,#6235,#145,.T.);
#5125=EDGE_CURVE('',#6234,#6236,#146,.T.);
#5126=EDGE_CURVE('',#6235,#6237,#147,.T.);
#5127=EDGE_CURVE('',#6238,#6237,#148,.T.);
#5128=EDGE_CURVE('',#6236,#6238,#149,.T.);
#5129=EDGE_CURVE('',#6237,#6239,#150,.T.);
#5130=EDGE_CURVE('',#6240,#6239,#151,.T.);
#5131=EDGE_CURVE('',#6238,#6240,#152,.T.);
#5132=EDGE_CURVE('',#6239,#6241,#153,.T.);
#5133=EDGE_CURVE('',#6242,#6241,#154,.T.);
#5134=EDGE_CURVE('',#6240,#6242,#155,.T.);
#5135=EDGE_CURVE('',#6241,#6243,#156,.T.);
#5136=EDGE_CURVE('',#6244,#6243,#157,.T.);
#5137=EDGE_CURVE('',#6242,#6244,#158,.T.);
#5138=EDGE_CURVE('',#6243,#6245,#159,.T.);
#5139=EDGE_CURVE('',#6246,#6245,#160,.T.);
#5140=EDGE_CURVE('',#6244,#6246,#161,.T.);
#5141=EDGE_CURVE('',#6245,#6247,#162,.T.);
#5142=EDGE_CURVE('',#6248,#6247,#163,.T.);
#5143=EDGE_CURVE('',#6246,#6248,#164,.T.);
#5144=EDGE_CURVE('',#6247,#6249,#165,.T.);
#5145=EDGE_CURVE('',#6250,#6249,#166,.T.);
#5146=EDGE_CURVE('',#6248,#6250,#167,.T.);
#5147=EDGE_CURVE('',#6249,#6251,#168,.T.);
#5148=EDGE_CURVE('',#6252,#6251,#169,.T.);
#5149=EDGE_CURVE('',#6250,#6252,#170,.T.);
#5150=EDGE_CURVE('',#6251,#6253,#171,.T.);
#5151=EDGE_CURVE('',#6254,#6253,#172,.T.);
#5152=EDGE_CURVE('',#6252,#6254,#173,.T.);
#5153=EDGE_CURVE('',#6253,#6255,#174,.T.);
#5154=EDGE_CURVE('',#6256,#6255,#175,.T.);
#5155=EDGE_CURVE('',#6254,#6256,#176,.T.);
#5156=EDGE_CURVE('',#6255,#6257,#177,.T.);
#5157=EDGE_CURVE('',#6258,#6257,#178,.T.);
#5158=EDGE_CURVE('',#6256,#6258,#179,.T.);
#5159=EDGE_CURVE('',#6257,#6259,#180,.T.);
#5160=EDGE_CURVE('',#6260,#6259,#181,.T.);
#5161=EDGE_CURVE('',#6258,#6260,#182,.T.);
#5162=EDGE_CURVE('',#6259,#6261,#183,.T.);
#5163=EDGE_CURVE('',#6262,#6261,#184,.T.);
#5164=EDGE_CURVE('',#6260,#6262,#185,.T.);
#5165=EDGE_CURVE('',#6261,#6263,#186,.T.);
#5166=EDGE_CURVE('',#6264,#6263,#187,.T.);
#5167=EDGE_CURVE('',#6262,#6264,#188,.T.);
#5168=EDGE_CURVE('',#6263,#6265,#189,.T.);
#5169=EDGE_CURVE('',#6266,#6265,#190,.T.);
#5170=EDGE_CURVE('',#6264,#6266,#191,.T.);
#5171=EDGE_CURVE('',#6265,#6267,#192,.T.);
#5172=EDGE_CURVE('',#6268,#6267,#193,.T.);
#5173=EDGE_CURVE('',#6266,#6268,#194,.T.);
#5174=EDGE_CURVE('',#6267,#6269,#195,.T.);
#5175=EDGE_CURVE('',#6270,#6269,#196,.T.);
#5176=EDGE_CURVE('',#6268,#6270,#197,.T.);
#5177=EDGE_CURVE('',#6269,#6271,#198,.T.);
#5178=EDGE_CURVE('',#6272,#6271,#199,.T.);
#5179=EDGE_CURVE('',#6270,#6272,#200,.T.);
#5180=EDGE_CURVE('',#6271,#6273,#201,.T.);
#5181=EDGE_CURVE('',#6274,#6273,#202,.T.);
#5182=EDGE_CURVE('',#6272,#6274,#203,.T.);
#5183=EDGE_CURVE('',#6273,#6275,#204,.T.);
#5184=EDGE_CURVE('',#6276,#6275,#205,.T.);
#5185=EDGE_CURVE('',#6274,#6276,#206,.T.);
#5186=EDGE_CURVE('',#6275,#6277,#207,.T.);
#5187=EDGE_CURVE('',#6278,#6277,#208,.T.);
#5188=EDGE_CURVE('',#6276,#6278,#209,.T.);
#5189=EDGE_CURVE('',#6277,#6279,#210,.T.);
#5190=EDGE_CURVE('',#6280,#6279,#211,.T.);
#5191=EDGE_CURVE('',#6278,#6280,#212,.T.);
#5192=EDGE_CURVE('',#6279,#6281,#213,.T.);
#5193=EDGE_CURVE('',#6282,#6281,#214,.T.);
#5194=EDGE_CURVE('',#6280,#6282,#215,.T.);
#5195=EDGE_CURVE('',#6281,#6283,#216,.T.);
#5196=EDGE_CURVE('',#6284,#6283,#217,.T.);
#5197=EDGE_CURVE('',#6282,#6284,#218,.T.);
#5198=EDGE_CURVE('',#6283,#6285,#219,.T.);
#5199=EDGE_CURVE('',#6286,#6285,#220,.T.);
#5200=EDGE_CURVE('',#6284,#6286,#221,.T.);
#5201=EDGE_CURVE('',#6285,#6287,#222,.T.);
#5202=EDGE_CURVE('',#6288,#6287,#223,.T.);
#5203=EDGE_CURVE('',#6286,#6288,#224,.T.);
#5204=EDGE_CURVE('',#6287,#6289,#225,.T.);
#5205=EDGE_CURVE('',#6290,#6289,#226,.T.);
#5206=EDGE_CURVE('',#6288,#6290,#227,.T.);
#5207=EDGE_CURVE('',#6289,#6291,#228,.T.);
#5208=EDGE_CURVE('',#6292,#6291,#229,.T.);
#5209=EDGE_CURVE('',#6290,#6292,#230,.T.);
#5210=EDGE_CURVE('',#6291,#6293,#231,.T.);
#5211=EDGE_CURVE('',#6294,#6293,#232,.T.);
#5212=EDGE_CURVE('',#6292,#6294,#233,.T.);
#5213=EDGE_CURVE('',#6293,#6295,#234,.T.);
#5214=EDGE_CURVE('',#6296,#6295,#235,.T.);
#5215=EDGE_CURVE('',#6294,#6296,#236,.T.);
#5216=EDGE_CURVE('',#6295,#6297,#237,.T.);
#5217=EDGE_CURVE('',#6298,#6297,#238,.T.);
#5218=EDGE_CURVE('',#6296,#6298,#239,.T.);
#5219=EDGE_CURVE('',#6297,#6299,#240,.T.);
#5220=EDGE_CURVE('',#6300,#6299,#241,.T.);
#5221=EDGE_CURVE('',#6298,#6300,#242,.T.);
#5222=EDGE_CURVE('',#6299,#6301,#243,.T.);
#5223=EDGE_CURVE('',#6302,#6301,#244,.T.);
#5224=EDGE_CURVE('',#6300,#6302,#245,.T.);
#5225=EDGE_CURVE('',#6301,#6303,#246,.T.);
#5226=EDGE_CURVE('',#6304,#6303,#247,.T.);
#5227=EDGE_CURVE('',#6302,#6304,#248,.T.);
#5228=EDGE_CURVE('',#6303,#6305,#249,.T.);
#5229=EDGE_CURVE('',#6306,#6305,#250,.T.);
#5230=EDGE_CURVE('',#6304,#6306,#251,.T.);
#5231=EDGE_CURVE('',#6305,#6307,#252,.T.);
#5232=EDGE_CURVE('',#6308,#6307,#253,.T.);
#5233=EDGE_CURVE('',#6306,#6308,#254,.T.);
#5234=EDGE_CURVE('',#6307,#6309,#255,.T.);
#5235=EDGE_CURVE('',#6310,#6309,#256,.T.);
#5236=EDGE_CURVE('',#6308,#6310,#257,.T.);
#5237=EDGE_CURVE('',#6309,#6311,#258,.T.);
#5238=EDGE_CURVE('',#6312,#6311,#259,.T.);
#5239=EDGE_CURVE('',#6310,#6312,#260,.T.);
#5240=EDGE_CURVE('',#6311,#6313,#261,.T.);
#5241=EDGE_CURVE('',#6314,#6313,#262,.T.);
#5242=EDGE_CURVE('',#6312,#6314,#263,.T.);
#5243=EDGE_CURVE('',#6313,#6315,#264,.T.);
#5244=EDGE_CURVE('',#6316,#6315,#265,.T.);
#5245=EDGE_CURVE('',#6314,#6316,#266,.T.);
#5246=EDGE_CURVE('',#6315,#6317,#267,.T.);
#5247=EDGE_CURVE('',#6318,#6317,#268,.T.);
#5248=EDGE_CURVE('',#6316,#6318,#269,.T.);
#5249=EDGE_CURVE('',#6317,#6319,#270,.T.);
#5250=EDGE_CURVE('',#6320,#6319,#271,.T.);
#5251=EDGE_CURVE('',#6318,#6320,#272,.T.);
#5252=EDGE_CURVE('',#6319,#6321,#273,.T.);
#5253=EDGE_CURVE('',#6322,#6321,#274,.T.);
#5254=EDGE_CURVE('',#6320,#6322,#275,.T.);
#5255=EDGE_CURVE('',#6321,#6323,#276,.T.);
#5256=EDGE_CURVE('',#6324,#6323,#277,.T.);
#5257=EDGE_CURVE('',#6322,#6324,#278,.T.);
#5258=EDGE_CURVE('',#6323,#6325,#279,.T.);
#5259=EDGE_CURVE('',#6326,#6325,#280,.T.);
#5260=EDGE_CURVE('',#6324,#6326,#281,.T.);
#5261=EDGE_CURVE('',#6325,#6327,#282,.T.);
#5262=EDGE_CURVE('',#6328,#6327,#283,.T.);
#5263=EDGE_CURVE('',#6326,#6328,#284,.T.);
#5264=EDGE_CURVE('',#6327,#6329,#285,.T.);
#5265=EDGE_CURVE('',#6330,#6329,#286,.T.);
#5266=EDGE_CURVE('',#6328,#6330,#287,.T.);
#5267=EDGE_CURVE('',#6329,#6331,#288,.T.);
#5268=EDGE_CURVE('',#6332,#6331,#289,.T.);
#5269=EDGE_CURVE('',#6330,#6332,#290,.T.);
#5270=EDGE_CURVE('',#6331,#6333,#291,.T.);
#5271=EDGE_CURVE('',#6334,#6333,#292,.T.);
#5272=EDGE_CURVE('',#6332,#6334,#293,.T.);
#5273=EDGE_CURVE('',#6333,#6335,#294,.T.);
#5274=EDGE_CURVE('',#6336,#6335,#295,.T.);
#5275=EDGE_CURVE('',#6334,#6336,#296,.T.);
#5276=EDGE_CURVE('',#6335,#6337,#297,.T.);
#5277=EDGE_CURVE('',#6338,#6337,#298,.T.);
#5278=EDGE_CURVE('',#6336,#6338,#299,.T.);
#5279=EDGE_CURVE('',#6337,#6339,#300,.T.);
#5280=EDGE_CURVE('',#6340,#6339,#301,.T.);
#5281=EDGE_CURVE('',#6338,#6340,#302,.T.);
#5282=EDGE_CURVE('',#6339,#6341,#303,.T.);
#5283=EDGE_CURVE('',#6342,#6341,#304,.T.);
#5284=EDGE_CURVE('',#6340,#6342,#305,.T.);
#5285=EDGE_CURVE('',#6341,#6343,#306,.T.);
#5286=EDGE_CURVE('',#6344,#6343,#307,.T.);
#5287=EDGE_CURVE('',#6342,#6344,#308,.T.);
#5288=EDGE_CURVE('',#6343,#6345,#309,.T.);
#5289=EDGE_CURVE('',#6346,#6345,#310,.T.);
#5290=EDGE_CURVE('',#6344,#6346,#311,.T.);
#5291=EDGE_CURVE('',#6345,#6347,#312,.T.);
#5292=EDGE_CURVE('',#6348,#6347,#313,.T.);
#5293=EDGE_CURVE('',#6346,#6348,#314,.T.);
#5294=EDGE_CURVE('',#6347,#6349,#315,.T.);
#5295=EDGE_CURVE('',#6350,#6349,#316,.T.);
#5296=EDGE_CURVE('',#6348,#6350,#317,.T.);
#5297=EDGE_CURVE('',#6349,#6351,#318,.T.);
#5298=EDGE_CURVE('',#6352,#6351,#319,.T.);
#5299=EDGE_CURVE('',#6350,#6352,#320,.T.);
#5300=EDGE_CURVE('',#6351,#6353,#321,.T.);
#5301=EDGE_CURVE('',#6354,#6353,#322,.T.);
#5302=EDGE_CURVE('',#6352,#6354,#323,.T.);
#5303=EDGE_CURVE('',#6353,#6355,#324,.T.);
#5304=EDGE_CURVE('',#6356,#6355,#325,.T.);
#5305=EDGE_CURVE('',#6354,#6356,#326,.T.);
#5306=EDGE_CURVE('',#6355,#6357,#327,.T.);
#5307=EDGE_CURVE('',#6358,#6357,#328,.T.);
#5308=EDGE_CURVE('',#6356,#6358,#329,.T.);
#5309=EDGE_CURVE('',#6357,#6359,#330,.T.);
#5310=EDGE_CURVE('',#6360,#6359,#331,.T.);
#5311=EDGE_CURVE('',#6358,#6360,#332,.T.);
#5312=EDGE_CURVE('',#6359,#6361,#333,.T.);
#5313=EDGE_CURVE('',#6362,#6361,#334,.T.);
#5314=EDGE_CURVE('',#6360,#6362,#335,.T.);
#5315=EDGE_CURVE('',#6361,#6363,#336,.T.);
#5316=EDGE_CURVE('',#6364,#6363,#337,.T.);
#5317=EDGE_CURVE('',#6362,#6364,#338,.T.);
#5318=EDGE_CURVE('',#6363,#6365,#339,.T.);
#5319=EDGE_CURVE('',#6366,#6365,#340,.T.);
#5320=EDGE_CURVE('',#6364,#6366,#341,.T.);
#5321=EDGE_CURVE('',#6365,#6367,#342,.T.);
#5322=EDGE_CURVE('',#6368,#6367,#343,.T.);
#5323=EDGE_CURVE('',#6366,#6368,#344,.T.);
#5324=EDGE_CURVE('',#6367,#6369,#345,.T.);
#5325=EDGE_CURVE('',#6370,#6369,#346,.T.);
#5326=EDGE_CURVE('',#6368,#6370,#347,.T.);
#5327=EDGE_CURVE('',#6369,#6371,#348,.T.);
#5328=EDGE_CURVE('',#6372,#6371,#349,.T.);
#5329=EDGE_CURVE('',#6370,#6372,#350,.T.);
#5330=EDGE_CURVE('',#6371,#6373,#351,.T.);
#5331=EDGE_CURVE('',#6374,#6373,#352,.T.);
#5332=EDGE_CURVE('',#6372,#6374,#353,.T.);
#5333=EDGE_CURVE('',#6373,#6375,#354,.T.);
#5334=EDGE_CURVE('',#6376,#6375,#355,.T.);
#5335=EDGE_CURVE('',#6374,#6376,#356,.T.);
#5336=EDGE_CURVE('',#6375,#6377,#357,.T.);
#5337=EDGE_CURVE('',#6378,#6377,#358,.T.);
#5338=EDGE_CURVE('',#6376,#6378,#359,.T.);
#5339=EDGE_CURVE('',#6377,#6379,#360,.T.);
#5340=EDGE_CURVE('',#6380,#6379,#361,.T.);
#5341=EDGE_CURVE('',#6378,#6380,#362,.T.);
#5342=EDGE_CURVE('',#6379,#6381,#363,.T.);
#5343=EDGE_CURVE('',#6382,#6381,#364,.T.);
#5344=EDGE_CURVE('',#6380,#6382,#365,.T.);
#5345=EDGE_CURVE('',#6381,#6383,#366,.T.);
#5346=EDGE_CURVE('',#6384,#6383,#367,.T.);
#5347=EDGE_CURVE('',#6382,#6384,#368,.T.);
#5348=EDGE_CURVE('',#6383,#6385,#369,.T.);
#5349=EDGE_CURVE('',#6386,#6385,#370,.T.);
#5350=EDGE_CURVE('',#6384,#6386,#371,.T.);
#5351=EDGE_CURVE('',#6385,#6387,#372,.T.);
#5352=EDGE_CURVE('',#6388,#6387,#373,.T.);
#5353=EDGE_CURVE('',#6386,#6388,#374,.T.);
#5354=EDGE_CURVE('',#6387,#6389,#375,.T.);
#5355=EDGE_CURVE('',#6390,#6389,#376,.T.);
#5356=EDGE_CURVE('',#6388,#6390,#377,.T.);
#5357=EDGE_CURVE('',#6389,#6391,#378,.T.);
#5358=EDGE_CURVE('',#6392,#6391,#379,.T.);
#5359=EDGE_CURVE('',#6390,#6392,#380,.T.);
#5360=EDGE_CURVE('',#6391,#6393,#381,.T.);
#5361=EDGE_CURVE('',#6394,#6393,#382,.T.);
#5362=EDGE_CURVE('',#6392,#6394,#383,.T.);
#5363=EDGE_CURVE('',#6393,#6395,#384,.T.);
#5364=EDGE_CURVE('',#6396,#6395,#385,.T.);
#5365=EDGE_CURVE('',#6394,#6396,#386,.T.);
#5366=EDGE_CURVE('',#6395,#6397,#387,.T.);
#5367=EDGE_CURVE('',#6398,#6397,#388,.T.);
#5368=EDGE_CURVE('',#6396,#6398,#389,.T.);
#5369=EDGE_CURVE('',#6397,#6399,#390,.T.);
#5370=EDGE_CURVE('',#6400,#6399,#391,.T.);
#5371=EDGE_CURVE('',#6398,#6400,#392,.T.);
#5372=EDGE_CURVE('',#6399,#6401,#393,.T.);
#5373=EDGE_CURVE('',#6402,#6401,#394,.T.);
#5374=EDGE_CURVE('',#6400,#6402,#395,.T.);
#5375=EDGE_CURVE('',#6401,#6403,#396,.T.);
#5376=EDGE_CURVE('',#6404,#6403,#397,.T.);
#5377=EDGE_CURVE('',#6402,#6404,#398,.T.);
#5378=EDGE_CURVE('',#6403,#6405,#399,.T.);
#5379=EDGE_CURVE('',#6406,#6405,#400,.T.);
#5380=EDGE_CURVE('',#6404,#6406,#401,.T.);
#5381=EDGE_CURVE('',#6405,#6407,#402,.T.);
#5382=EDGE_CURVE('',#6408,#6407,#403,.T.);
#5383=EDGE_CURVE('',#6406,#6408,#404,.T.);
#5384=EDGE_CURVE('',#6407,#6409,#405,.T.);
#5385=EDGE_CURVE('',#6410,#6409,#406,.T.);
#5386=EDGE_CURVE('',#6408,#6410,#407,.T.);
#5387=EDGE_CURVE('',#6409,#6411,#408,.T.);
#5388=EDGE_CURVE('',#6412,#6411,#409,.T.);
#5389=EDGE_CURVE('',#6410,#6412,#410,.T.);
#5390=EDGE_CURVE('',#6411,#6413,#411,.T.);
#5391=EDGE_CURVE('',#6414,#6413,#412,.T.);
#5392=EDGE_CURVE('',#6412,#6414,#413,.T.);
#5393=EDGE_CURVE('',#6413,#6415,#414,.T.);
#5394=EDGE_CURVE('',#6416,#6415,#415,.T.);
#5395=EDGE_CURVE('',#6414,#6416,#416,.T.);
#5396=EDGE_CURVE('',#6415,#6417,#417,.T.);
#5397=EDGE_CURVE('',#6418,#6417,#418,.T.);
#5398=EDGE_CURVE('',#6416,#6418,#419,.T.);
#5399=EDGE_CURVE('',#6417,#6419,#420,.T.);
#5400=EDGE_CURVE('',#6420,#6419,#421,.T.);
#5401=EDGE_CURVE('',#6418,#6420,#422,.T.);
#5402=EDGE_CURVE('',#6419,#6421,#423,.T.);
#5403=EDGE_CURVE('',#6422,#6421,#424,.T.);
#5404=EDGE_CURVE('',#6420,#6422,#425,.T.);
#5405=EDGE_CURVE('',#6421,#6423,#426,.T.);
#5406=EDGE_CURVE('',#6424,#6423,#427,.T.);
#5407=EDGE_CURVE('',#6422,#6424,#428,.T.);
#5408=EDGE_CURVE('',#6423,#6425,#429,.T.);
#5409=EDGE_CURVE('',#6426,#6425,#430,.T.);
#5410=EDGE_CURVE('',#6424,#6426,#431,.T.);
#5411=EDGE_CURVE('',#6425,#6427,#432,.T.);
#5412=EDGE_CURVE('',#6428,#6427,#433,.T.);
#5413=EDGE_CURVE('',#6426,#6428,#434,.T.);
#5414=EDGE_CURVE('',#6427,#6429,#435,.T.);
#5415=EDGE_CURVE('',#6430,#6429,#436,.T.);
#5416=EDGE_CURVE('',#6428,#6430,#437,.T.);
#5417=EDGE_CURVE('',#6429,#6431,#438,.T.);
#5418=EDGE_CURVE('',#6432,#6431,#439,.T.);
#5419=EDGE_CURVE('',#6430,#6432,#440,.T.);
#5420=EDGE_CURVE('',#6431,#6433,#441,.T.);
#5421=EDGE_CURVE('',#6434,#6433,#442,.T.);
#5422=EDGE_CURVE('',#6432,#6434,#443,.T.);
#5423=EDGE_CURVE('',#6433,#6435,#444,.T.);
#5424=EDGE_CURVE('',#6436,#6435,#445,.T.);
#5425=EDGE_CURVE('',#6434,#6436,#446,.T.);
#5426=EDGE_CURVE('',#6435,#6437,#447,.T.);
#5427=EDGE_CURVE('',#6438,#6437,#448,.T.);
#5428=EDGE_CURVE('',#6436,#6438,#449,.T.);
#5429=EDGE_CURVE('',#6437,#6439,#450,.T.);
#5430=EDGE_CURVE('',#6440,#6439,#451,.T.);
#5431=EDGE_CURVE('',#6438,#6440,#452,.T.);
#5432=EDGE_CURVE('',#6439,#6441,#453,.T.);
#5433=EDGE_CURVE('',#6442,#6441,#454,.T.);
#5434=EDGE_CURVE('',#6440,#6442,#455,.T.);
#5435=EDGE_CURVE('',#6441,#6443,#456,.T.);
#5436=EDGE_CURVE('',#6444,#6443,#457,.T.);
#5437=EDGE_CURVE('',#6442,#6444,#458,.T.);
#5438=EDGE_CURVE('',#6443,#6445,#459,.T.);
#5439=EDGE_CURVE('',#6446,#6445,#460,.T.);
#5440=EDGE_CURVE('',#6444,#6446,#461,.T.);
#5441=EDGE_CURVE('',#6445,#6447,#462,.T.);
#5442=EDGE_CURVE('',#6448,#6447,#463,.T.);
#5443=EDGE_CURVE('',#6446,#6448,#464,.T.);
#5444=EDGE_CURVE('',#6447,#6449,#465,.T.);
#5445=EDGE_CURVE('',#6450,#6449,#466,.T.);
#5446=EDGE_CURVE('',#6448,#6450,#467,.T.);
#5447=EDGE_CURVE('',#6449,#6451,#468,.T.);
#5448=EDGE_CURVE('',#6452,#6451,#469,.T.);
#5449=EDGE_CURVE('',#6450,#6452,#470,.T.);
#5450=EDGE_CURVE('',#6451,#6453,#471,.T.);
#5451=EDGE_CURVE('',#6454,#6453,#472,.T.);
#5452=EDGE_CURVE('',#6452,#6454,#473,.T.);
#5453=EDGE_CURVE('',#6453,#6455,#474,.T.);
#5454=EDGE_CURVE('',#6456,#6455,#475,.T.);
#5455=EDGE_CURVE('',#6454,#6456,#476,.T.);
#5456=EDGE_CURVE('',#6455,#6457,#477,.T.);
#5457=EDGE_CURVE('',#6458,#6457,#478,.T.);
#5458=EDGE_CURVE('',#6456,#6458,#479,.T.);
#5459=EDGE_CURVE('',#6457,#6459,#480,.T.);
#5460=EDGE_CURVE('',#6460,#6459,#481,.T.);
#5461=EDGE_CURVE('',#6458,#6460,#482,.T.);
#5462=EDGE_CURVE('',#6459,#6461,#483,.T.);
#5463=EDGE_CURVE('',#6462,#6461,#484,.T.);
#5464=EDGE_CURVE('',#6460,#6462,#485,.T.);
#5465=EDGE_CURVE('',#6461,#6463,#486,.T.);
#5466=EDGE_CURVE('',#6464,#6463,#487,.T.);
#5467=EDGE_CURVE('',#6462,#6464,#488,.T.);
#5468=EDGE_CURVE('',#6463,#6465,#489,.T.);
#5469=EDGE_CURVE('',#6466,#6465,#490,.T.);
#5470=EDGE_CURVE('',#6464,#6466,#491,.T.);
#5471=EDGE_CURVE('',#6465,#6467,#492,.T.);
#5472=EDGE_CURVE('',#6468,#6467,#493,.T.);
#5473=EDGE_CURVE('',#6466,#6468,#494,.T.);
#5474=EDGE_CURVE('',#6467,#6469,#495,.T.);
#5475=EDGE_CURVE('',#6470,#6469,#496,.T.);
#5476=EDGE_CURVE('',#6468,#6470,#497,.T.);
#5477=EDGE_CURVE('',#6469,#6471,#498,.T.);
#5478=EDGE_CURVE('',#6472,#6471,#499,.T.);
#5479=EDGE_CURVE('',#6470,#6472,#500,.T.);
#5480=EDGE_CURVE('',#6471,#6473,#501,.T.);
#5481=EDGE_CURVE('',#6474,#6473,#502,.T.);
#5482=EDGE_CURVE('',#6472,#6474,#503,.T.);
#5483=EDGE_CURVE('',#6473,#6475,#504,.T.);
#5484=EDGE_CURVE('',#6476,#6475,#505,.T.);
#5485=EDGE_CURVE('',#6474,#6476,#506,.T.);
#5486=EDGE_CURVE('',#6475,#6477,#507,.T.);
#5487=EDGE_CURVE('',#6478,#6477,#508,.T.);
#5488=EDGE_CURVE('',#6476,#6478,#509,.T.);
#5489=EDGE_CURVE('',#6477,#6479,#510,.T.);
#5490=EDGE_CURVE('',#6480,#6479,#511,.T.);
#5491=EDGE_CURVE('',#6478,#6480,#512,.T.);
#5492=EDGE_CURVE('',#6479,#6481,#513,.T.);
#5493=EDGE_CURVE('',#6482,#6481,#514,.T.);
#5494=EDGE_CURVE('',#6480,#6482,#515,.T.);
#5495=EDGE_CURVE('',#6481,#6483,#516,.T.);
#5496=EDGE_CURVE('',#6484,#6483,#517,.T.);
#5497=EDGE_CURVE('',#6482,#6484,#518,.T.);
#5498=EDGE_CURVE('',#6483,#6485,#519,.T.);
#5499=EDGE_CURVE('',#6486,#6485,#520,.T.);
#5500=EDGE_CURVE('',#6484,#6486,#521,.T.);
#5501=EDGE_CURVE('',#6485,#6487,#522,.T.);
#5502=EDGE_CURVE('',#6488,#6487,#523,.T.);
#5503=EDGE_CURVE('',#6486,#6488,#524,.T.);
#5504=EDGE_CURVE('',#6487,#6489,#525,.T.);
#5505=EDGE_CURVE('',#6490,#6489,#526,.T.);
#5506=EDGE_CURVE('',#6488,#6490,#527,.T.);
#5507=EDGE_CURVE('',#6489,#6491,#528,.T.);
#5508=EDGE_CURVE('',#6492,#6491,#529,.T.);
#5509=EDGE_CURVE('',#6490,#6492,#530,.T.);
#5510=EDGE_CURVE('',#6491,#6493,#531,.T.);
#5511=EDGE_CURVE('',#6494,#6493,#532,.T.);
#5512=EDGE_CURVE('',#6492,#6494,#533,.T.);
#5513=EDGE_CURVE('',#6493,#6495,#534,.T.);
#5514=EDGE_CURVE('',#6496,#6495,#535,.T.);
#5515=EDGE_CURVE('',#6494,#6496,#536,.T.);
#5516=EDGE_CURVE('',#6495,#6497,#537,.T.);
#5517=EDGE_CURVE('',#6498,#6497,#538,.T.);
#5518=EDGE_CURVE('',#6496,#6498,#539,.T.);
#5519=EDGE_CURVE('',#6497,#6499,#540,.T.);
#5520=EDGE_CURVE('',#6500,#6499,#541,.T.);
#5521=EDGE_CURVE('',#6498,#6500,#542,.T.);
#5522=EDGE_CURVE('',#6499,#6501,#543,.T.);
#5523=EDGE_CURVE('',#6502,#6501,#544,.T.);
#5524=EDGE_CURVE('',#6500,#6502,#545,.T.);
#5525=EDGE_CURVE('',#6501,#6503,#546,.T.);
#5526=EDGE_CURVE('',#6504,#6503,#547,.T.);
#5527=EDGE_CURVE('',#6502,#6504,#548,.T.);
#5528=EDGE_CURVE('',#6503,#6505,#549,.T.);
#5529=EDGE_CURVE('',#6506,#6505,#550,.T.);
#5530=EDGE_CURVE('',#6504,#6506,#551,.T.);
#5531=EDGE_CURVE('',#6505,#6507,#552,.T.);
#5532=EDGE_CURVE('',#6508,#6507,#553,.T.);
#5533=EDGE_CURVE('',#6506,#6508,#554,.T.);
#5534=EDGE_CURVE('',#6507,#6509,#555,.T.);
#5535=EDGE_CURVE('',#6510,#6509,#556,.T.);
#5536=EDGE_CURVE('',#6508,#6510,#557,.T.);
#5537=EDGE_CURVE('',#6509,#6511,#558,.T.);
#5538=EDGE_CURVE('',#6512,#6511,#559,.T.);
#5539=EDGE_CURVE('',#6510,#6512,#560,.T.);
#5540=EDGE_CURVE('',#6511,#6513,#561,.T.);
#5541=EDGE_CURVE('',#6514,#6513,#562,.T.);
#5542=EDGE_CURVE('',#6512,#6514,#563,.T.);
#5543=EDGE_CURVE('',#6513,#6515,#564,.T.);
#5544=EDGE_CURVE('',#6516,#6515,#565,.T.);
#5545=EDGE_CURVE('',#6514,#6516,#566,.T.);
#5546=EDGE_CURVE('',#6515,#6517,#567,.T.);
#5547=EDGE_CURVE('',#6518,#6517,#568,.T.);
#5548=EDGE_CURVE('',#6516,#6518,#569,.T.);
#5549=EDGE_CURVE('',#6517,#6519,#570,.T.);
#5550=EDGE_CURVE('',#6520,#6519,#571,.T.);
#5551=EDGE_CURVE('',#6518,#6520,#572,.T.);
#5552=EDGE_CURVE('',#6519,#6521,#573,.T.);
#5553=EDGE_CURVE('',#6522,#6521,#574,.T.);
#5554=EDGE_CURVE('',#6520,#6522,#575,.T.);
#5555=EDGE_CURVE('',#6521,#6523,#576,.T.);
#5556=EDGE_CURVE('',#6524,#6523,#577,.T.);
#5557=EDGE_CURVE('',#6522,#6524,#578,.T.);
#5558=EDGE_CURVE('',#6523,#6525,#579,.T.);
#5559=EDGE_CURVE('',#6526,#6525,#580,.T.);
#5560=EDGE_CURVE('',#6524,#6526,#581,.T.);
#5561=EDGE_CURVE('',#6525,#6527,#582,.T.);
#5562=EDGE_CURVE('',#6528,#6527,#583,.T.);
#5563=EDGE_CURVE('',#6526,#6528,#584,.T.);
#5564=EDGE_CURVE('',#6527,#6529,#585,.T.);
#5565=EDGE_CURVE('',#6530,#6529,#586,.T.);
#5566=EDGE_CURVE('',#6528,#6530,#587,.T.);
#5567=EDGE_CURVE('',#6529,#6531,#588,.T.);
#5568=EDGE_CURVE('',#6532,#6531,#589,.T.);
#5569=EDGE_CURVE('',#6530,#6532,#590,.T.);
#5570=EDGE_CURVE('',#6531,#6533,#591,.T.);
#5571=EDGE_CURVE('',#6534,#6533,#592,.T.);
#5572=EDGE_CURVE('',#6532,#6534,#593,.T.);
#5573=EDGE_CURVE('',#6533,#6535,#594,.T.);
#5574=EDGE_CURVE('',#6536,#6535,#595,.T.);
#5575=EDGE_CURVE('',#6534,#6536,#596,.T.);
#5576=EDGE_CURVE('',#6535,#6537,#597,.T.);
#5577=EDGE_CURVE('',#6538,#6537,#598,.T.);
#5578=EDGE_CURVE('',#6536,#6538,#599,.T.);
#5579=EDGE_CURVE('',#6537,#6539,#600,.T.);
#5580=EDGE_CURVE('',#6540,#6539,#601,.T.);
#5581=EDGE_CURVE('',#6538,#6540,#602,.T.);
#5582=EDGE_CURVE('',#6539,#6541,#603,.T.);
#5583=EDGE_CURVE('',#6542,#6541,#604,.T.);
#5584=EDGE_CURVE('',#6540,#6542,#605,.T.);
#5585=EDGE_CURVE('',#6541,#6543,#606,.T.);
#5586=EDGE_CURVE('',#6544,#6543,#607,.T.);
#5587=EDGE_CURVE('',#6542,#6544,#608,.T.);
#5588=EDGE_CURVE('',#6543,#6545,#609,.T.);
#5589=EDGE_CURVE('',#6546,#6545,#610,.T.);
#5590=EDGE_CURVE('',#6544,#6546,#611,.T.);
#5591=EDGE_CURVE('',#6545,#6547,#612,.T.);
#5592=EDGE_CURVE('',#6548,#6547,#613,.T.);
#5593=EDGE_CURVE('',#6546,#6548,#614,.T.);
#5594=EDGE_CURVE('',#6547,#6549,#615,.T.);
#5595=EDGE_CURVE('',#6550,#6549,#616,.T.);
#5596=EDGE_CURVE('',#6548,#6550,#617,.T.);
#5597=EDGE_CURVE('',#6549,#6551,#618,.T.);
#5598=EDGE_CURVE('',#6552,#6551,#619,.T.);
#5599=EDGE_CURVE('',#6550,#6552,#620,.T.);
#5600=EDGE_CURVE('',#6551,#6553,#621,.T.);
#5601=EDGE_CURVE('',#6554,#6553,#622,.T.);
#5602=EDGE_CURVE('',#6552,#6554,#623,.T.);
#5603=EDGE_CURVE('',#6553,#6555,#624,.T.);
#5604=EDGE_CURVE('',#6556,#6555,#625,.T.);
#5605=EDGE_CURVE('',#6554,#6556,#626,.T.);
#5606=EDGE_CURVE('',#6555,#6557,#627,.T.);
#5607=EDGE_CURVE('',#6558,#6557,#628,.T.);
#5608=EDGE_CURVE('',#6556,#6558,#629,.T.);
#5609=EDGE_CURVE('',#6557,#6559,#630,.T.);
#5610=EDGE_CURVE('',#6560,#6559,#631,.T.);
#5611=EDGE_CURVE('',#6558,#6560,#632,.T.);
#5612=EDGE_CURVE('',#6559,#6561,#633,.T.);
#5613=EDGE_CURVE('',#6562,#6561,#634,.T.);
#5614=EDGE_CURVE('',#6560,#6562,#635,.T.);
#5615=EDGE_CURVE('',#6561,#6563,#636,.T.);
#5616=EDGE_CURVE('',#6564,#6563,#637,.T.);
#5617=EDGE_CURVE('',#6562,#6564,#638,.T.);
#5618=EDGE_CURVE('',#6563,#6565,#639,.T.);
#5619=EDGE_CURVE('',#6566,#6565,#640,.T.);
#5620=EDGE_CURVE('',#6564,#6566,#641,.T.);
#5621=EDGE_CURVE('',#6565,#6567,#642,.T.);
#5622=EDGE_CURVE('',#6568,#6567,#643,.T.);
#5623=EDGE_CURVE('',#6566,#6568,#644,.T.);
#5624=EDGE_CURVE('',#6567,#6569,#645,.T.);
#5625=EDGE_CURVE('',#6570,#6569,#646,.T.);
#5626=EDGE_CURVE('',#6568,#6570,#647,.T.);
#5627=EDGE_CURVE('',#6569,#6571,#648,.T.);
#5628=EDGE_CURVE('',#6572,#6571,#649,.T.);
#5629=EDGE_CURVE('',#6570,#6572,#650,.T.);
#5630=EDGE_CURVE('',#6571,#6573,#651,.T.);
#5631=EDGE_CURVE('',#6574,#6573,#652,.T.);
#5632=EDGE_CURVE('',#6572,#6574,#653,.T.);
#5633=EDGE_CURVE('',#6573,#6575,#654,.T.);
#5634=EDGE_CURVE('',#6576,#6575,#655,.T.);
#5635=EDGE_CURVE('',#6574,#6576,#656,.T.);
#5636=EDGE_CURVE('',#6575,#6577,#657,.T.);
#5637=EDGE_CURVE('',#6578,#6577,#658,.T.);
#5638=EDGE_CURVE('',#6576,#6578,#659,.T.);
#5639=EDGE_CURVE('',#6577,#6579,#660,.T.);
#5640=EDGE_CURVE('',#6580,#6579,#661,.T.);
#5641=EDGE_CURVE('',#6578,#6580,#662,.T.);
#5642=EDGE_CURVE('',#6579,#6581,#663,.T.);
#5643=EDGE_CURVE('',#6582,#6581,#664,.T.);
#5644=EDGE_CURVE('',#6580,#6582,#665,.T.);
#5645=EDGE_CURVE('',#6581,#6583,#666,.T.);
#5646=EDGE_CURVE('',#6584,#6583,#667,.T.);
#5647=EDGE_CURVE('',#6582,#6584,#668,.T.);
#5648=EDGE_CURVE('',#6583,#6585,#669,.T.);
#5649=EDGE_CURVE('',#6586,#6585,#670,.T.);
#5650=EDGE_CURVE('',#6584,#6586,#671,.T.);
#5651=EDGE_CURVE('',#6585,#6587,#672,.T.);
#5652=EDGE_CURVE('',#6588,#6587,#673,.T.);
#5653=EDGE_CURVE('',#6586,#6588,#674,.T.);
#5654=EDGE_CURVE('',#6587,#6589,#675,.T.);
#5655=EDGE_CURVE('',#6590,#6589,#676,.T.);
#5656=EDGE_CURVE('',#6588,#6590,#677,.T.);
#5657=EDGE_CURVE('',#6589,#6591,#678,.T.);
#5658=EDGE_CURVE('',#6592,#6591,#679,.T.);
#5659=EDGE_CURVE('',#6590,#6592,#680,.T.);
#5660=EDGE_CURVE('',#6591,#6593,#681,.T.);
#5661=EDGE_CURVE('',#6594,#6593,#682,.T.);
#5662=EDGE_CURVE('',#6592,#6594,#683,.T.);
#5663=EDGE_CURVE('',#6593,#6595,#684,.T.);
#5664=EDGE_CURVE('',#6596,#6595,#685,.T.);
#5665=EDGE_CURVE('',#6594,#6596,#686,.T.);
#5666=EDGE_CURVE('',#6595,#6597,#687,.T.);
#5667=EDGE_CURVE('',#6598,#6597,#688,.T.);
#5668=EDGE_CURVE('',#6596,#6598,#689,.T.);
#5669=EDGE_CURVE('',#6597,#6599,#690,.T.);
#5670=EDGE_CURVE('',#6600,#6599,#691,.T.);
#5671=EDGE_CURVE('',#6598,#6600,#692,.T.);
#5672=EDGE_CURVE('',#6599,#6601,#693,.T.);
#5673=EDGE_CURVE('',#6602,#6601,#694,.T.);
#5674=EDGE_CURVE('',#6600,#6602,#695,.T.);
#5675=EDGE_CURVE('',#6601,#6603,#696,.T.);
#5676=EDGE_CURVE('',#6604,#6603,#697,.T.);
#5677=EDGE_CURVE('',#6602,#6604,#698,.T.);
#5678=EDGE_CURVE('',#6603,#6605,#699,.T.);
#5679=EDGE_CURVE('',#6606,#6605,#700,.T.);
#5680=EDGE_CURVE('',#6604,#6606,#701,.T.);
#5681=EDGE_CURVE('',#6605,#6607,#702,.T.);
#5682=EDGE_CURVE('',#6608,#6607,#703,.T.);
#5683=EDGE_CURVE('',#6606,#6608,#704,.T.);
#5684=EDGE_CURVE('',#6607,#6609,#705,.T.);
#5685=EDGE_CURVE('',#6610,#6609,#706,.T.);
#5686=EDGE_CURVE('',#6608,#6610,#707,.T.);
#5687=EDGE_CURVE('',#6609,#6611,#708,.T.);
#5688=EDGE_CURVE('',#6612,#6611,#709,.T.);
#5689=EDGE_CURVE('',#6610,#6612,#710,.T.);
#5690=EDGE_CURVE('',#6611,#6613,#711,.T.);
#5691=EDGE_CURVE('',#6614,#6613,#712,.T.);
#5692=EDGE_CURVE('',#6612,#6614,#713,.T.);
#5693=EDGE_CURVE('',#6613,#6615,#714,.T.);
#5694=EDGE_CURVE('',#6616,#6615,#715,.T.);
#5695=EDGE_CURVE('',#6614,#6616,#716,.T.);
#5696=EDGE_CURVE('',#6615,#6617,#717,.T.);
#5697=EDGE_CURVE('',#6618,#6617,#718,.T.);
#5698=EDGE_CURVE('',#6616,#6618,#719,.T.);
#5699=EDGE_CURVE('',#6617,#6619,#720,.T.);
#5700=EDGE_CURVE('',#6620,#6619,#721,.T.);
#5701=EDGE_CURVE('',#6618,#6620,#722,.T.);
#5702=EDGE_CURVE('',#6619,#6621,#723,.T.);
#5703=EDGE_CURVE('',#6622,#6621,#724,.T.);
#5704=EDGE_CURVE('',#6620,#6622,#725,.T.);
#5705=EDGE_CURVE('',#6621,#6623,#726,.T.);
#5706=EDGE_CURVE('',#6624,#6623,#727,.T.);
#5707=EDGE_CURVE('',#6622,#6624,#728,.T.);
#5708=EDGE_CURVE('',#6623,#6625,#729,.T.);
#5709=EDGE_CURVE('',#6626,#6625,#730,.T.);
#5710=EDGE_CURVE('',#6624,#6626,#731,.T.);
#5711=EDGE_CURVE('',#6625,#6627,#732,.T.);
#5712=EDGE_CURVE('',#6628,#6627,#733,.T.);
#5713=EDGE_CURVE('',#6626,#6628,#734,.T.);
#5714=EDGE_CURVE('',#6627,#6629,#735,.T.);
#5715=EDGE_CURVE('',#6630,#6629,#736,.T.);
#5716=EDGE_CURVE('',#6628,#6630,#737,.T.);
#5717=EDGE_CURVE('',#6629,#6631,#738,.T.);
#5718=EDGE_CURVE('',#6632,#6631,#739,.T.);
#5719=EDGE_CURVE('',#6630,#6632,#740,.T.);
#5720=EDGE_CURVE('',#6631,#6633,#741,.T.);
#5721=EDGE_CURVE('',#6634,#6633,#742,.T.);
#5722=EDGE_CURVE('',#6632,#6634,#743,.T.);
#5723=EDGE_CURVE('',#6633,#6635,#744,.T.);
#5724=EDGE_CURVE('',#6636,#6635,#745,.T.);
#5725=EDGE_CURVE('',#6634,#6636,#746,.T.);
#5726=EDGE_CURVE('',#6635,#6637,#747,.T.);
#5727=EDGE_CURVE('',#6638,#6637,#748,.T.);
#5728=EDGE_CURVE('',#6636,#6638,#749,.T.);
#5729=EDGE_CURVE('',#6637,#6639,#750,.T.);
#5730=EDGE_CURVE('',#6640,#6639,#751,.T.);
#5731=EDGE_CURVE('',#6638,#6640,#752,.T.);
#5732=EDGE_CURVE('',#6639,#6641,#753,.T.);
#5733=EDGE_CURVE('',#6642,#6641,#754,.T.);
#5734=EDGE_CURVE('',#6640,#6642,#755,.T.);
#5735=EDGE_CURVE('',#6641,#6643,#756,.T.);
#5736=EDGE_CURVE('',#6644,#6643,#757,.T.);
#5737=EDGE_CURVE('',#6642,#6644,#758,.T.);
#5738=EDGE_CURVE('',#6643,#6645,#759,.T.);
#5739=EDGE_CURVE('',#6646,#6645,#760,.T.);
#5740=EDGE_CURVE('',#6644,#6646,#761,.T.);
#5741=EDGE_CURVE('',#6645,#6647,#762,.T.);
#5742=EDGE_CURVE('',#6648,#6647,#763,.T.);
#5743=EDGE_CURVE('',#6646,#6648,#764,.T.);
#5744=EDGE_CURVE('',#6647,#6649,#765,.T.);
#5745=EDGE_CURVE('',#6650,#6649,#766,.T.);
#5746=EDGE_CURVE('',#6648,#6650,#767,.T.);
#5747=EDGE_CURVE('',#6649,#6651,#768,.T.);
#5748=EDGE_CURVE('',#6652,#6651,#769,.T.);
#5749=EDGE_CURVE('',#6650,#6652,#770,.T.);
#5750=EDGE_CURVE('',#6651,#6653,#771,.T.);
#5751=EDGE_CURVE('',#6654,#6653,#772,.T.);
#5752=EDGE_CURVE('',#6652,#6654,#773,.T.);
#5753=EDGE_CURVE('',#6653,#6655,#774,.T.);
#5754=EDGE_CURVE('',#6656,#6655,#775,.T.);
#5755=EDGE_CURVE('',#6654,#6656,#776,.T.);
#5756=EDGE_CURVE('',#6655,#6657,#777,.T.);
#5757=EDGE_CURVE('',#6658,#6657,#778,.T.);
#5758=EDGE_CURVE('',#6656,#6658,#779,.T.);
#5759=EDGE_CURVE('',#6657,#6659,#780,.T.);
#5760=EDGE_CURVE('',#6660,#6659,#781,.T.);
#5761=EDGE_CURVE('',#6658,#6660,#782,.T.);
#5762=EDGE_CURVE('',#6659,#6661,#783,.T.);
#5763=EDGE_CURVE('',#6662,#6661,#784,.T.);
#5764=EDGE_CURVE('',#6660,#6662,#785,.T.);
#5765=EDGE_CURVE('',#6661,#6663,#786,.T.);
#5766=EDGE_CURVE('',#6664,#6663,#787,.T.);
#5767=EDGE_CURVE('',#6662,#6664,#788,.T.);
#5768=EDGE_CURVE('',#6663,#6665,#789,.T.);
#5769=EDGE_CURVE('',#6666,#6665,#790,.T.);
#5770=EDGE_CURVE('',#6664,#6666,#791,.T.);
#5771=EDGE_CURVE('',#6665,#6667,#792,.T.);
#5772=EDGE_CURVE('',#6668,#6667,#793,.T.);
#5773=EDGE_CURVE('',#6666,#6668,#794,.T.);
#5774=EDGE_CURVE('',#6667,#6669,#795,.T.);
#5775=EDGE_CURVE('',#6670,#6669,#796,.T.);
#5776=EDGE_CURVE('',#6668,#6670,#797,.T.);
#5777=EDGE_CURVE('',#6669,#6671,#798,.T.);
#5778=EDGE_CURVE('',#6672,#6671,#799,.T.);
#5779=EDGE_CURVE('',#6670,#6672,#800,.T.);
#5780=EDGE_CURVE('',#6671,#6673,#801,.T.);
#5781=EDGE_CURVE('',#6674,#6673,#802,.T.);
#5782=EDGE_CURVE('',#6672,#6674,#803,.T.);
#5783=EDGE_CURVE('',#6673,#6675,#804,.T.);
#5784=EDGE_CURVE('',#6676,#6675,#805,.T.);
#5785=EDGE_CURVE('',#6674,#6676,#806,.T.);
#5786=EDGE_CURVE('',#6675,#6677,#807,.T.);
#5787=EDGE_CURVE('',#6678,#6677,#808,.T.);
#5788=EDGE_CURVE('',#6676,#6678,#809,.T.);
#5789=EDGE_CURVE('',#6677,#6679,#810,.T.);
#5790=EDGE_CURVE('',#6680,#6679,#811,.T.);
#5791=EDGE_CURVE('',#6678,#6680,#812,.T.);
#5792=EDGE_CURVE('',#6679,#6681,#813,.T.);
#5793=EDGE_CURVE('',#6682,#6681,#814,.T.);
#5794=EDGE_CURVE('',#6680,#6682,#815,.T.);
#5795=EDGE_CURVE('',#6681,#6683,#816,.T.);
#5796=EDGE_CURVE('',#6684,#6683,#817,.T.);
#5797=EDGE_CURVE('',#6682,#6684,#818,.T.);
#5798=EDGE_CURVE('',#6683,#6685,#819,.T.);
#5799=EDGE_CURVE('',#6686,#6685,#820,.T.);
#5800=EDGE_CURVE('',#6684,#6686,#821,.T.);
#5801=EDGE_CURVE('',#6685,#6687,#822,.T.);
#5802=EDGE_CURVE('',#6688,#6687,#823,.T.);
#5803=EDGE_CURVE('',#6686,#6688,#824,.T.);
#5804=EDGE_CURVE('',#6687,#6689,#825,.T.);
#5805=EDGE_CURVE('',#6690,#6689,#826,.T.);
#5806=EDGE_CURVE('',#6688,#6690,#827,.T.);
#5807=EDGE_CURVE('',#6689,#6691,#828,.T.);
#5808=EDGE_CURVE('',#6692,#6691,#829,.T.);
#5809=EDGE_CURVE('',#6690,#6692,#830,.T.);
#5810=EDGE_CURVE('',#6691,#6693,#831,.T.);
#5811=EDGE_CURVE('',#6694,#6693,#832,.T.);
#5812=EDGE_CURVE('',#6692,#6694,#833,.T.);
#5813=EDGE_CURVE('',#6693,#6695,#834,.T.);
#5814=EDGE_CURVE('',#6696,#6695,#835,.T.);
#5815=EDGE_CURVE('',#6694,#6696,#836,.T.);
#5816=EDGE_CURVE('',#6695,#6697,#837,.T.);
#5817=EDGE_CURVE('',#6698,#6697,#838,.T.);
#5818=EDGE_CURVE('',#6696,#6698,#839,.T.);
#5819=EDGE_CURVE('',#6697,#6699,#840,.T.);
#5820=EDGE_CURVE('',#6700,#6699,#841,.T.);
#5821=EDGE_CURVE('',#6698,#6700,#842,.T.);
#5822=EDGE_CURVE('',#6699,#6701,#843,.T.);
#5823=EDGE_CURVE('',#6702,#6701,#844,.T.);
#5824=EDGE_CURVE('',#6700,#6702,#845,.T.);
#5825=EDGE_CURVE('',#6701,#6703,#846,.T.);
#5826=EDGE_CURVE('',#6704,#6703,#847,.T.);
#5827=EDGE_CURVE('',#6702,#6704,#848,.T.);
#5828=EDGE_CURVE('',#6703,#6705,#849,.T.);
#5829=EDGE_CURVE('',#6706,#6705,#850,.T.);
#5830=EDGE_CURVE('',#6704,#6706,#851,.T.);
#5831=EDGE_CURVE('',#6705,#6707,#852,.T.);
#5832=EDGE_CURVE('',#6708,#6707,#853,.T.);
#5833=EDGE_CURVE('',#6706,#6708,#854,.T.);
#5834=EDGE_CURVE('',#6707,#6709,#855,.T.);
#5835=EDGE_CURVE('',#6710,#6709,#856,.T.);
#5836=EDGE_CURVE('',#6708,#6710,#857,.T.);
#5837=EDGE_CURVE('',#6709,#6711,#858,.T.);
#5838=EDGE_CURVE('',#6712,#6711,#859,.T.);
#5839=EDGE_CURVE('',#6710,#6712,#860,.T.);
#5840=EDGE_CURVE('',#6711,#6713,#861,.T.);
#5841=EDGE_CURVE('',#6714,#6713,#862,.T.);
#5842=EDGE_CURVE('',#6712,#6714,#863,.T.);
#5843=EDGE_CURVE('',#6713,#6715,#864,.T.);
#5844=EDGE_CURVE('',#6716,#6715,#865,.T.);
#5845=EDGE_CURVE('',#6714,#6716,#866,.T.);
#5846=EDGE_CURVE('',#6715,#6717,#867,.T.);
#5847=EDGE_CURVE('',#6718,#6717,#868,.T.);
#5848=EDGE_CURVE('',#6716,#6718,#869,.T.);
#5849=EDGE_CURVE('',#6717,#6719,#870,.T.);
#5850=EDGE_CURVE('',#6720,#6719,#871,.T.);
#5851=EDGE_CURVE('',#6718,#6720,#872,.T.);
#5852=EDGE_CURVE('',#6719,#6721,#873,.T.);
#5853=EDGE_CURVE('',#6722,#6721,#874,.T.);
#5854=EDGE_CURVE('',#6720,#6722,#875,.T.);
#5855=EDGE_CURVE('',#6721,#6723,#876,.T.);
#5856=EDGE_CURVE('',#6724,#6723,#877,.T.);
#5857=EDGE_CURVE('',#6722,#6724,#878,.T.);
#5858=EDGE_CURVE('',#6723,#6725,#879,.T.);
#5859=EDGE_CURVE('',#6726,#6725,#880,.T.);
#5860=EDGE_CURVE('',#6724,#6726,#881,.T.);
#5861=EDGE_CURVE('',#6725,#6727,#882,.T.);
#5862=EDGE_CURVE('',#6728,#6727,#883,.T.);
#5863=EDGE_CURVE('',#6726,#6728,#884,.T.);
#5864=EDGE_CURVE('',#6727,#6729,#885,.T.);
#5865=EDGE_CURVE('',#6730,#6729,#886,.T.);
#5866=EDGE_CURVE('',#6728,#6730,#887,.T.);
#5867=EDGE_CURVE('',#6729,#6731,#888,.T.);
#5868=EDGE_CURVE('',#6732,#6731,#889,.T.);
#5869=EDGE_CURVE('',#6730,#6732,#890,.T.);
#5870=EDGE_CURVE('',#6731,#6733,#891,.T.);
#5871=EDGE_CURVE('',#6734,#6733,#892,.T.);
#5872=EDGE_CURVE('',#6732,#6734,#893,.T.);
#5873=EDGE_CURVE('',#6733,#6735,#894,.T.);
#5874=EDGE_CURVE('',#6736,#6735,#895,.T.);
#5875=EDGE_CURVE('',#6734,#6736,#896,.T.);
#5876=EDGE_CURVE('',#6735,#6737,#897,.T.);
#5877=EDGE_CURVE('',#6738,#6737,#898,.T.);
#5878=EDGE_CURVE('',#6736,#6738,#899,.T.);
#5879=EDGE_CURVE('',#6737,#6739,#900,.T.);
#5880=EDGE_CURVE('',#6740,#6739,#901,.T.);
#5881=EDGE_CURVE('',#6738,#6740,#902,.T.);
#5882=EDGE_CURVE('',#6739,#6741,#903,.T.);
#5883=EDGE_CURVE('',#6742,#6741,#904,.T.);
#5884=EDGE_CURVE('',#6740,#6742,#905,.T.);
#5885=EDGE_CURVE('',#6741,#6743,#906,.T.);
#5886=EDGE_CURVE('',#6744,#6743,#907,.T.);
#5887=EDGE_CURVE('',#6742,#6744,#908,.T.);
#5888=EDGE_CURVE('',#6743,#6745,#909,.T.);
#5889=EDGE_CURVE('',#6746,#6745,#910,.T.);
#5890=EDGE_CURVE('',#6744,#6746,#911,.T.);
#5891=EDGE_CURVE('',#6745,#6747,#912,.T.);
#5892=EDGE_CURVE('',#6748,#6747,#913,.T.);
#5893=EDGE_CURVE('',#6746,#6748,#914,.T.);
#5894=EDGE_CURVE('',#6747,#6749,#915,.T.);
#5895=EDGE_CURVE('',#6750,#6749,#916,.T.);
#5896=EDGE_CURVE('',#6748,#6750,#917,.T.);
#5897=EDGE_CURVE('',#6749,#6751,#918,.T.);
#5898=EDGE_CURVE('',#6752,#6751,#919,.T.);
#5899=EDGE_CURVE('',#6750,#6752,#920,.T.);
#5900=EDGE_CURVE('',#6751,#6753,#921,.T.);
#5901=EDGE_CURVE('',#6754,#6753,#922,.T.);
#5902=EDGE_CURVE('',#6752,#6754,#923,.T.);
#5903=EDGE_CURVE('',#6753,#6755,#924,.T.);
#5904=EDGE_CURVE('',#6756,#6755,#925,.T.);
#5905=EDGE_CURVE('',#6754,#6756,#926,.T.);
#5906=EDGE_CURVE('',#6755,#6757,#927,.T.);
#5907=EDGE_CURVE('',#6758,#6757,#928,.T.);
#5908=EDGE_CURVE('',#6756,#6758,#929,.T.);
#5909=EDGE_CURVE('',#6757,#6759,#930,.T.);
#5910=EDGE_CURVE('',#6760,#6759,#931,.T.);
#5911=EDGE_CURVE('',#6758,#6760,#932,.T.);
#5912=EDGE_CURVE('',#6759,#6761,#933,.T.);
#5913=EDGE_CURVE('',#6762,#6761,#934,.T.);
#5914=EDGE_CURVE('',#6760,#6762,#935,.T.);
#5915=EDGE_CURVE('',#6761,#6763,#936,.T.);
#5916=EDGE_CURVE('',#6764,#6763,#937,.T.);
#5917=EDGE_CURVE('',#6762,#6764,#938,.T.);
#5918=EDGE_CURVE('',#6763,#6765,#939,.T.);
#5919=EDGE_CURVE('',#6766,#6765,#940,.T.);
#5920=EDGE_CURVE('',#6764,#6766,#941,.T.);
#5921=EDGE_CURVE('',#6765,#6767,#942,.T.);
#5922=EDGE_CURVE('',#6768,#6767,#943,.T.);
#5923=EDGE_CURVE('',#6766,#6768,#944,.T.);
#5924=EDGE_CURVE('',#6767,#6769,#945,.T.);
#5925=EDGE_CURVE('',#6770,#6769,#946,.T.);
#5926=EDGE_CURVE('',#6768,#6770,#947,.T.);
#5927=EDGE_CURVE('',#6769,#6771,#948,.T.);
#5928=EDGE_CURVE('',#6772,#6771,#949,.T.);
#5929=EDGE_CURVE('',#6770,#6772,#950,.T.);
#5930=EDGE_CURVE('',#6771,#6773,#951,.T.);
#5931=EDGE_CURVE('',#6774,#6773,#952,.T.);
#5932=EDGE_CURVE('',#6772,#6774,#953,.T.);
#5933=EDGE_CURVE('',#6773,#6775,#954,.T.);
#5934=EDGE_CURVE('',#6776,#6775,#955,.T.);
#5935=EDGE_CURVE('',#6774,#6776,#956,.T.);
#5936=EDGE_CURVE('',#6775,#6777,#957,.T.);
#5937=EDGE_CURVE('',#6778,#6777,#958,.T.);
#5938=EDGE_CURVE('',#6776,#6778,#959,.T.);
#5939=EDGE_CURVE('',#6777,#6779,#960,.T.);
#5940=EDGE_CURVE('',#6780,#6779,#961,.T.);
#5941=EDGE_CURVE('',#6778,#6780,#962,.T.);
#5942=EDGE_CURVE('',#6779,#6781,#963,.T.);
#5943=EDGE_CURVE('',#6782,#6781,#964,.T.);
#5944=EDGE_CURVE('',#6780,#6782,#965,.T.);
#5945=EDGE_CURVE('',#6781,#6783,#966,.T.);
#5946=EDGE_CURVE('',#6784,#6783,#967,.T.);
#5947=EDGE_CURVE('',#6782,#6784,#968,.T.);
#5948=EDGE_CURVE('',#6783,#6785,#969,.T.);
#5949=EDGE_CURVE('',#6786,#6785,#970,.T.);
#5950=EDGE_CURVE('',#6784,#6786,#971,.T.);
#5951=EDGE_CURVE('',#6785,#6787,#972,.T.);
#5952=EDGE_CURVE('',#6788,#6787,#973,.T.);
#5953=EDGE_CURVE('',#6786,#6788,#974,.T.);
#5954=EDGE_CURVE('',#6787,#6789,#975,.T.);
#5955=EDGE_CURVE('',#6790,#6789,#976,.T.);
#5956=EDGE_CURVE('',#6788,#6790,#977,.T.);
#5957=EDGE_CURVE('',#6789,#6791,#978,.T.);
#5958=EDGE_CURVE('',#6792,#6791,#979,.T.);
#5959=EDGE_CURVE('',#6790,#6792,#980,.T.);
#5960=EDGE_CURVE('',#6791,#6793,#981,.T.);
#5961=EDGE_CURVE('',#6794,#6793,#982,.T.);
#5962=EDGE_CURVE('',#6792,#6794,#983,.T.);
#5963=EDGE_CURVE('',#6793,#6795,#984,.T.);
#5964=EDGE_CURVE('',#6796,#6795,#985,.T.);
#5965=EDGE_CURVE('',#6794,#6796,#986,.T.);
#5966=EDGE_CURVE('',#6795,#6797,#987,.T.);
#5967=EDGE_CURVE('',#6798,#6797,#988,.T.);
#5968=EDGE_CURVE('',#6796,#6798,#989,.T.);
#5969=EDGE_CURVE('',#6797,#6799,#990,.T.);
#5970=EDGE_CURVE('',#6800,#6799,#991,.T.);
#5971=EDGE_CURVE('',#6798,#6800,#992,.T.);
#5972=EDGE_CURVE('',#6799,#6801,#993,.T.);
#5973=EDGE_CURVE('',#6802,#6801,#994,.T.);
#5974=EDGE_CURVE('',#6800,#6802,#995,.T.);
#5975=EDGE_CURVE('',#6801,#6803,#996,.T.);
#5976=EDGE_CURVE('',#6804,#6803,#997,.T.);
#5977=EDGE_CURVE('',#6802,#6804,#998,.T.);
#5978=EDGE_CURVE('',#6803,#6805,#999,.T.);
#5979=EDGE_CURVE('',#6806,#6805,#1000,.T.);
#5980=EDGE_CURVE('',#6804,#6806,#1001,.T.);
#5981=EDGE_CURVE('',#6805,#6807,#1002,.T.);
#5982=EDGE_CURVE('',#6808,#6807,#1003,.T.);
#5983=EDGE_CURVE('',#6806,#6808,#1004,.T.);
#5984=EDGE_CURVE('',#6807,#6809,#1005,.T.);
#5985=EDGE_CURVE('',#6810,#6809,#1006,.T.);
#5986=EDGE_CURVE('',#6808,#6810,#1007,.T.);
#5987=EDGE_CURVE('',#6809,#6811,#1008,.T.);
#5988=EDGE_CURVE('',#6812,#6811,#1009,.T.);
#5989=EDGE_CURVE('',#6810,#6812,#1010,.T.);
#5990=EDGE_CURVE('',#6811,#6813,#1011,.T.);
#5991=EDGE_CURVE('',#6814,#6813,#1012,.T.);
#5992=EDGE_CURVE('',#6812,#6814,#1013,.T.);
#5993=EDGE_CURVE('',#6813,#6815,#1014,.T.);
#5994=EDGE_CURVE('',#6816,#6815,#1015,.T.);
#5995=EDGE_CURVE('',#6814,#6816,#1016,.T.);
#5996=EDGE_CURVE('',#6815,#6817,#1017,.T.);
#5997=EDGE_CURVE('',#6818,#6817,#1018,.T.);
#5998=EDGE_CURVE('',#6816,#6818,#1019,.T.);
#5999=EDGE_CURVE('',#6817,#6819,#1020,.T.);
#6000=EDGE_CURVE('',#6820,#6819,#1021,.T.);
#6001=EDGE_CURVE('',#6818,#6820,#1022,.T.);
#6002=EDGE_CURVE('',#6819,#6821,#1023,.T.);
#6003=EDGE_CURVE('',#6822,#6821,#1024,.T.);
#6004=EDGE_CURVE('',#6820,#6822,#1025,.T.);
#6005=EDGE_CURVE('',#6821,#6823,#1026,.T.);
#6006=EDGE_CURVE('',#6824,#6823,#1027,.T.);
#6007=EDGE_CURVE('',#6822,#6824,#1028,.T.);
#6008=EDGE_CURVE('',#6823,#6825,#1029,.T.);
#6009=EDGE_CURVE('',#6826,#6825,#1030,.T.);
#6010=EDGE_CURVE('',#6824,#6826,#1031,.T.);
#6011=EDGE_CURVE('',#6825,#6827,#1032,.T.);
#6012=EDGE_CURVE('',#6828,#6827,#1033,.T.);
#6013=EDGE_CURVE('',#6826,#6828,#1034,.T.);
#6014=EDGE_CURVE('',#6827,#6829,#1035,.T.);
#6015=EDGE_CURVE('',#6830,#6829,#1036,.T.);
#6016=EDGE_CURVE('',#6828,#6830,#1037,.T.);
#6017=EDGE_CURVE('',#6829,#6831,#1038,.T.);
#6018=EDGE_CURVE('',#6832,#6831,#1039,.T.);
#6019=EDGE_CURVE('',#6830,#6832,#1040,.T.);
#6020=EDGE_CURVE('',#6831,#6833,#1041,.T.);
#6021=EDGE_CURVE('',#6834,#6833,#1042,.T.);
#6022=EDGE_CURVE('',#6832,#6834,#1043,.T.);
#6023=EDGE_CURVE('',#6833,#6835,#1044,.T.);
#6024=EDGE_CURVE('',#6836,#6835,#1045,.T.);
#6025=EDGE_CURVE('',#6834,#6836,#1046,.T.);
#6026=EDGE_CURVE('',#6835,#6837,#1047,.T.);
#6027=EDGE_CURVE('',#6838,#6837,#1048,.T.);
#6028=EDGE_CURVE('',#6836,#6838,#1049,.T.);
#6029=EDGE_CURVE('',#6837,#6839,#1050,.T.);
#6030=EDGE_CURVE('',#6840,#6839,#1051,.T.);
#6031=EDGE_CURVE('',#6838,#6840,#1052,.T.);
#6032=EDGE_CURVE('',#6839,#6841,#1053,.T.);
#6033=EDGE_CURVE('',#6842,#6841,#1054,.T.);
#6034=EDGE_CURVE('',#6840,#6842,#1055,.T.);
#6035=EDGE_CURVE('',#6841,#6843,#1056,.T.);
#6036=EDGE_CURVE('',#6844,#6843,#1057,.T.);
#6037=EDGE_CURVE('',#6842,#6844,#1058,.T.);
#6038=EDGE_CURVE('',#6843,#6845,#1059,.T.);
#6039=EDGE_CURVE('',#6846,#6845,#1060,.T.);
#6040=EDGE_CURVE('',#6844,#6846,#1061,.T.);
#6041=EDGE_CURVE('',#6845,#6847,#1062,.T.);
#6042=EDGE_CURVE('',#6848,#6847,#1063,.T.);
#6043=EDGE_CURVE('',#6846,#6848,#1064,.T.);
#6044=EDGE_CURVE('',#6847,#6849,#1065,.T.);
#6045=EDGE_CURVE('',#6850,#6849,#1066,.T.);
#6046=EDGE_CURVE('',#6848,#6850,#1067,.T.);
#6047=EDGE_CURVE('',#6849,#6851,#1068,.T.);
#6048=EDGE_CURVE('',#6852,#6851,#1069,.T.);
#6049=EDGE_CURVE('',#6850,#6852,#1070,.T.);
#6050=EDGE_CURVE('',#6851,#6853,#1071,.T.);
#6051=EDGE_CURVE('',#6854,#6853,#1072,.T.);
#6052=EDGE_CURVE('',#6852,#6854,#1073,.T.);
#6053=EDGE_CURVE('',#6853,#6855,#1074,.T.);
#6054=EDGE_CURVE('',#6856,#6855,#1075,.T.);
#6055=EDGE_CURVE('',#6854,#6856,#1076,.T.);
#6056=EDGE_CURVE('',#6855,#6857,#1077,.T.);
#6057=EDGE_CURVE('',#6858,#6857,#1078,.T.);
#6058=EDGE_CURVE('',#6856,#6858,#1079,.T.);
#6059=EDGE_CURVE('',#6857,#6859,#1080,.T.);
#6060=EDGE_CURVE('',#6860,#6859,#1081,.T.);
#6061=EDGE_CURVE('',#6858,#6860,#1082,.T.);
#6062=EDGE_CURVE('',#6859,#6861,#1083,.T.);
#6063=EDGE_CURVE('',#6862,#6861,#1084,.T.);
#6064=EDGE_CURVE('',#6860,#6862,#1085,.T.);
#6065=EDGE_CURVE('',#6861,#6863,#1086,.T.);
#6066=EDGE_CURVE('',#6864,#6863,#1087,.T.);
#6067=EDGE_CURVE('',#6862,#6864,#1088,.T.);
#6068=EDGE_CURVE('',#6863,#6865,#1089,.T.);
#6069=EDGE_CURVE('',#6866,#6865,#1090,.T.);
#6070=EDGE_CURVE('',#6864,#6866,#1091,.T.);
#6071=EDGE_CURVE('',#6865,#6867,#1092,.T.);
#6072=EDGE_CURVE('',#6868,#6867,#1093,.T.);
#6073=EDGE_CURVE('',#6866,#6868,#1094,.T.);
#6074=EDGE_CURVE('',#6867,#6869,#1095,.T.);
#6075=EDGE_CURVE('',#6870,#6869,#1096,.T.);
#6076=EDGE_CURVE('',#6868,#6870,#1097,.T.);
#6077=EDGE_CURVE('',#6869,#6871,#1098,.T.);
#6078=EDGE_CURVE('',#6872,#6871,#1099,.T.);
#6079=EDGE_CURVE('',#6870,#6872,#1100,.T.);
#6080=EDGE_CURVE('',#6871,#6873,#1101,.T.);
#6081=EDGE_CURVE('',#6874,#6873,#1102,.T.);
#6082=EDGE_CURVE('',#6872,#6874,#1103,.T.);
#6083=EDGE_CURVE('',#6873,#6875,#1104,.T.);
#6084=EDGE_CURVE('',#6876,#6875,#1105,.T.);
#6085=EDGE_CURVE('',#6874,#6876,#1106,.T.);
#6086=EDGE_CURVE('',#6875,#6877,#1107,.T.);
#6087=EDGE_CURVE('',#6878,#6877,#1108,.T.);
#6088=EDGE_CURVE('',#6876,#6878,#1109,.T.);
#6089=EDGE_CURVE('',#6877,#6879,#1110,.T.);
#6090=EDGE_CURVE('',#6880,#6879,#1111,.T.);
#6091=EDGE_CURVE('',#6878,#6880,#1112,.T.);
#6092=EDGE_CURVE('',#6879,#6881,#1113,.T.);
#6093=EDGE_CURVE('',#6882,#6881,#1114,.T.);
#6094=EDGE_CURVE('',#6880,#6882,#1115,.T.);
#6095=EDGE_CURVE('',#6881,#6883,#1116,.T.);
#6096=EDGE_CURVE('',#6884,#6883,#1117,.T.);
#6097=EDGE_CURVE('',#6882,#6884,#1118,.T.);
#6098=EDGE_CURVE('',#6883,#6885,#1119,.T.);
#6099=EDGE_CURVE('',#6886,#6885,#1120,.T.);
#6100=EDGE_CURVE('',#6884,#6886,#1121,.T.);
#6101=EDGE_CURVE('',#6885,#6887,#1122,.T.);
#6102=EDGE_CURVE('',#6888,#6887,#1123,.T.);
#6103=EDGE_CURVE('',#6886,#6888,#1124,.T.);
#6104=EDGE_CURVE('',#6887,#6889,#1125,.T.);
#6105=EDGE_CURVE('',#6890,#6889,#1126,.T.);
#6106=EDGE_CURVE('',#6888,#6890,#1127,.T.);
#6107=EDGE_CURVE('',#6889,#6891,#1128,.T.);
#6108=EDGE_CURVE('',#6892,#6891,#1129,.T.);
#6109=EDGE_CURVE('',#6890,#6892,#1130,.T.);
#6110=EDGE_CURVE('',#6891,#6893,#1131,.T.);
#6111=EDGE_CURVE('',#6894,#6893,#1132,.T.);
#6112=EDGE_CURVE('',#6892,#6894,#1133,.T.);
#6113=EDGE_CURVE('',#6893,#6895,#1134,.T.);
#6114=EDGE_CURVE('',#6896,#6895,#1135,.T.);
#6115=EDGE_CURVE('',#6894,#6896,#1136,.T.);
#6116=EDGE_CURVE('',#6895,#6897,#1137,.T.);
#6117=EDGE_CURVE('',#6898,#6897,#1138,.T.);
#6118=EDGE_CURVE('',#6896,#6898,#1139,.T.);
#6119=EDGE_CURVE('',#6897,#6899,#1140,.T.);
#6120=EDGE_CURVE('',#6900,#6899,#1141,.T.);
#6121=EDGE_CURVE('',#6898,#6900,#1142,.T.);
#6122=EDGE_CURVE('',#6899,#6901,#1143,.T.);
#6123=EDGE_CURVE('',#6902,#6901,#1144,.T.);
#6124=EDGE_CURVE('',#6900,#6902,#1145,.T.);
#6125=EDGE_CURVE('',#6901,#6903,#1146,.T.);
#6126=EDGE_CURVE('',#6904,#6903,#1147,.T.);
#6127=EDGE_CURVE('',#6902,#6904,#1148,.T.);
#6128=EDGE_CURVE('',#6903,#6905,#1149,.T.);
#6129=EDGE_CURVE('',#6906,#6905,#1150,.T.);
#6130=EDGE_CURVE('',#6904,#6906,#1151,.T.);
#6131=EDGE_CURVE('',#6905,#6907,#1152,.T.);
#6132=EDGE_CURVE('',#6908,#6907,#1153,.T.);
#6133=EDGE_CURVE('',#6906,#6908,#1154,.T.);
#6134=EDGE_CURVE('',#6907,#6909,#1155,.T.);
#6135=EDGE_CURVE('',#6910,#6909,#1156,.T.);
#6136=EDGE_CURVE('',#6908,#6910,#1157,.T.);
#6137=EDGE_CURVE('',#6909,#6151,#1158,.T.);
#6138=EDGE_CURVE('',#6910,#6154,#1159,.T.);
#6139=VERTEX_POINT('',#10491);
#6140=VERTEX_POINT('',#10493);
#6141=VERTEX_POINT('',#10496);
#6142=VERTEX_POINT('',#10498);
#6143=VERTEX_POINT('',#10501);
#6144=VERTEX_POINT('',#10503);
#6145=VERTEX_POINT('',#10506);
#6146=VERTEX_POINT('',#10508);
#6147=VERTEX_POINT('',#10511);
#6148=VERTEX_POINT('',#10513);
#6149=VERTEX_POINT('',#10516);
#6150=VERTEX_POINT('',#10518);
#6151=VERTEX_POINT('',#10522);
#6152=VERTEX_POINT('',#10523);
#6153=VERTEX_POINT('',#10525);
#6154=VERTEX_POINT('',#10527);
#6155=VERTEX_POINT('',#10531);
#6156=VERTEX_POINT('',#10533);
#6157=VERTEX_POINT('',#10537);
#6158=VERTEX_POINT('',#10539);
#6159=VERTEX_POINT('',#10543);
#6160=VERTEX_POINT('',#10545);
#6161=VERTEX_POINT('',#10549);
#6162=VERTEX_POINT('',#10551);
#6163=VERTEX_POINT('',#10555);
#6164=VERTEX_POINT('',#10557);
#6165=VERTEX_POINT('',#10561);
#6166=VERTEX_POINT('',#10563);
#6167=VERTEX_POINT('',#10567);
#6168=VERTEX_POINT('',#10569);
#6169=VERTEX_POINT('',#10573);
#6170=VERTEX_POINT('',#10575);
#6171=VERTEX_POINT('',#10579);
#6172=VERTEX_POINT('',#10581);
#6173=VERTEX_POINT('',#10585);
#6174=VERTEX_POINT('',#10587);
#6175=VERTEX_POINT('',#10591);
#6176=VERTEX_POINT('',#10593);
#6177=VERTEX_POINT('',#10597);
#6178=VERTEX_POINT('',#10599);
#6179=VERTEX_POINT('',#10603);
#6180=VERTEX_POINT('',#10605);
#6181=VERTEX_POINT('',#10609);
#6182=VERTEX_POINT('',#10611);
#6183=VERTEX_POINT('',#10615);
#6184=VERTEX_POINT('',#10617);
#6185=VERTEX_POINT('',#10621);
#6186=VERTEX_POINT('',#10623);
#6187=VERTEX_POINT('',#10627);
#6188=VERTEX_POINT('',#10629);
#6189=VERTEX_POINT('',#10633);
#6190=VERTEX_POINT('',#10635);
#6191=VERTEX_POINT('',#10639);
#6192=VERTEX_POINT('',#10641);
#6193=VERTEX_POINT('',#10645);
#6194=VERTEX_POINT('',#10647);
#6195=VERTEX_POINT('',#10651);
#6196=VERTEX_POINT('',#10653);
#6197=VERTEX_POINT('',#10657);
#6198=VERTEX_POINT('',#10659);
#6199=VERTEX_POINT('',#10663);
#6200=VERTEX_POINT('',#10665);
#6201=VERTEX_POINT('',#10669);
#6202=VERTEX_POINT('',#10671);
#6203=VERTEX_POINT('',#10675);
#6204=VERTEX_POINT('',#10677);
#6205=VERTEX_POINT('',#10681);
#6206=VERTEX_POINT('',#10683);
#6207=VERTEX_POINT('',#10687);
#6208=VERTEX_POINT('',#10689);
#6209=VERTEX_POINT('',#10693);
#6210=VERTEX_POINT('',#10695);
#6211=VERTEX_POINT('',#10699);
#6212=VERTEX_POINT('',#10701);
#6213=VERTEX_POINT('',#10705);
#6214=VERTEX_POINT('',#10707);
#6215=VERTEX_POINT('',#10711);
#6216=VERTEX_POINT('',#10713);
#6217=VERTEX_POINT('',#10717);
#6218=VERTEX_POINT('',#10719);
#6219=VERTEX_POINT('',#10723);
#6220=VERTEX_POINT('',#10725);
#6221=VERTEX_POINT('',#10729);
#6222=VERTEX_POINT('',#10731);
#6223=VERTEX_POINT('',#10735);
#6224=VERTEX_POINT('',#10737);
#6225=VERTEX_POINT('',#10741);
#6226=VERTEX_POINT('',#10743);
#6227=VERTEX_POINT('',#10747);
#6228=VERTEX_POINT('',#10749);
#6229=VERTEX_POINT('',#10753);
#6230=VERTEX_POINT('',#10755);
#6231=VERTEX_POINT('',#10759);
#6232=VERTEX_POINT('',#10761);
#6233=VERTEX_POINT('',#10765);
#6234=VERTEX_POINT('',#10767);
#6235=VERTEX_POINT('',#10771);
#6236=VERTEX_POINT('',#10773);
#6237=VERTEX_POINT('',#10777);
#6238=VERTEX_POINT('',#10779);
#6239=VERTEX_POINT('',#10783);
#6240=VERTEX_POINT('',#10785);
#6241=VERTEX_POINT('',#10789);
#6242=VERTEX_POINT('',#10791);
#6243=VERTEX_POINT('',#10795);
#6244=VERTEX_POINT('',#10797);
#6245=VERTEX_POINT('',#10801);
#6246=VERTEX_POINT('',#10803);
#6247=VERTEX_POINT('',#10807);
#6248=VERTEX_POINT('',#10809);
#6249=VERTEX_POINT('',#10813);
#6250=VERTEX_POINT('',#10815);
#6251=VERTEX_POINT('',#10819);
#6252=VERTEX_POINT('',#10821);
#6253=VERTEX_POINT('',#10825);
#6254=VERTEX_POINT('',#10827);
#6255=VERTEX_POINT('',#10831);
#6256=VERTEX_POINT('',#10833);
#6257=VERTEX_POINT('',#10837);
#6258=VERTEX_POINT('',#10839);
#6259=VERTEX_POINT('',#10843);
#6260=VERTEX_POINT('',#10845);
#6261=VERTEX_POINT('',#10849);
#6262=VERTEX_POINT('',#10851);
#6263=VERTEX_POINT('',#10855);
#6264=VERTEX_POINT('',#10857);
#6265=VERTEX_POINT('',#10861);
#6266=VERTEX_POINT('',#10863);
#6267=VERTEX_POINT('',#10867);
#6268=VERTEX_POINT('',#10869);
#6269=VERTEX_POINT('',#10873);
#6270=VERTEX_POINT('',#10875);
#6271=VERTEX_POINT('',#10879);
#6272=VERTEX_POINT('',#10881);
#6273=VERTEX_POINT('',#10885);
#6274=VERTEX_POINT('',#10887);
#6275=VERTEX_POINT('',#10891);
#6276=VERTEX_POINT('',#10893);
#6277=VERTEX_POINT('',#10897);
#6278=VERTEX_POINT('',#10899);
#6279=VERTEX_POINT('',#10903);
#6280=VERTEX_POINT('',#10905);
#6281=VERTEX_POINT('',#10909);
#6282=VERTEX_POINT('',#10911);
#6283=VERTEX_POINT('',#10915);
#6284=VERTEX_POINT('',#10917);
#6285=VERTEX_POINT('',#10921);
#6286=VERTEX_POINT('',#10923);
#6287=VERTEX_POINT('',#10927);
#6288=VERTEX_POINT('',#10929);
#6289=VERTEX_POINT('',#10933);
#6290=VERTEX_POINT('',#10935);
#6291=VERTEX_POINT('',#10939);
#6292=VERTEX_POINT('',#10941);
#6293=VERTEX_POINT('',#10945);
#6294=VERTEX_POINT('',#10947);
#6295=VERTEX_POINT('',#10951);
#6296=VERTEX_POINT('',#10953);
#6297=VERTEX_POINT('',#10957);
#6298=VERTEX_POINT('',#10959);
#6299=VERTEX_POINT('',#10963);
#6300=VERTEX_POINT('',#10965);
#6301=VERTEX_POINT('',#10969);
#6302=VERTEX_POINT('',#10971);
#6303=VERTEX_POINT('',#10975);
#6304=VERTEX_POINT('',#10977);
#6305=VERTEX_POINT('',#10981);
#6306=VERTEX_POINT('',#10983);
#6307=VERTEX_POINT('',#10987);
#6308=VERTEX_POINT('',#10989);
#6309=VERTEX_POINT('',#10993);
#6310=VERTEX_POINT('',#10995);
#6311=VERTEX_POINT('',#10999);
#6312=VERTEX_POINT('',#11001);
#6313=VERTEX_POINT('',#11005);
#6314=VERTEX_POINT('',#11007);
#6315=VERTEX_POINT('',#11011);
#6316=VERTEX_POINT('',#11013);
#6317=VERTEX_POINT('',#11017);
#6318=VERTEX_POINT('',#11019);
#6319=VERTEX_POINT('',#11023);
#6320=VERTEX_POINT('',#11025);
#6321=VERTEX_POINT('',#11029);
#6322=VERTEX_POINT('',#11031);
#6323=VERTEX_POINT('',#11035);
#6324=VERTEX_POINT('',#11037);
#6325=VERTEX_POINT('',#11041);
#6326=VERTEX_POINT('',#11043);
#6327=VERTEX_POINT('',#11047);
#6328=VERTEX_POINT('',#11049);
#6329=VERTEX_POINT('',#11053);
#6330=VERTEX_POINT('',#11055);
#6331=VERTEX_POINT('',#11059);
#6332=VERTEX_POINT('',#11061);
#6333=VERTEX_POINT('',#11065);
#6334=VERTEX_POINT('',#11067);
#6335=VERTEX_POINT('',#11071);
#6336=VERTEX_POINT('',#11073);
#6337=VERTEX_POINT('',#11077);
#6338=VERTEX_POINT('',#11079);
#6339=VERTEX_POINT('',#11083);
#6340=VERTEX_POINT('',#11085);
#6341=VERTEX_POINT('',#11089);
#6342=VERTEX_POINT('',#11091);
#6343=VERTEX_POINT('',#11095);
#6344=VERTEX_POINT('',#11097);
#6345=VERTEX_POINT('',#11101);
#6346=VERTEX_POINT('',#11103);
#6347=VERTEX_POINT('',#11107);
#6348=VERTEX_POINT('',#11109);
#6349=VERTEX_POINT('',#11113);
#6350=VERTEX_POINT('',#11115);
#6351=VERTEX_POINT('',#11119);
#6352=VERTEX_POINT('',#11121);
#6353=VERTEX_POINT('',#11125);
#6354=VERTEX_POINT('',#11127);
#6355=VERTEX_POINT('',#11131);
#6356=VERTEX_POINT('',#11133);
#6357=VERTEX_POINT('',#11137);
#6358=VERTEX_POINT('',#11139);
#6359=VERTEX_POINT('',#11143);
#6360=VERTEX_POINT('',#11145);
#6361=VERTEX_POINT('',#11149);
#6362=VERTEX_POINT('',#11151);
#6363=VERTEX_POINT('',#11155);
#6364=VERTEX_POINT('',#11157);
#6365=VERTEX_POINT('',#11161);
#6366=VERTEX_POINT('',#11163);
#6367=VERTEX_POINT('',#11167);
#6368=VERTEX_POINT('',#11169);
#6369=VERTEX_POINT('',#11173);
#6370=VERTEX_POINT('',#11175);
#6371=VERTEX_POINT('',#11179);
#6372=VERTEX_POINT('',#11181);
#6373=VERTEX_POINT('',#11185);
#6374=VERTEX_POINT('',#11187);
#6375=VERTEX_POINT('',#11191);
#6376=VERTEX_POINT('',#11193);
#6377=VERTEX_POINT('',#11197);
#6378=VERTEX_POINT('',#11199);
#6379=VERTEX_POINT('',#11203);
#6380=VERTEX_POINT('',#11205);
#6381=VERTEX_POINT('',#11209);
#6382=VERTEX_POINT('',#11211);
#6383=VERTEX_POINT('',#11215);
#6384=VERTEX_POINT('',#11217);
#6385=VERTEX_POINT('',#11221);
#6386=VERTEX_POINT('',#11223);
#6387=VERTEX_POINT('',#11227);
#6388=VERTEX_POINT('',#11229);
#6389=VERTEX_POINT('',#11233);
#6390=VERTEX_POINT('',#11235);
#6391=VERTEX_POINT('',#11239);
#6392=VERTEX_POINT('',#11241);
#6393=VERTEX_POINT('',#11245);
#6394=VERTEX_POINT('',#11247);
#6395=VERTEX_POINT('',#11251);
#6396=VERTEX_POINT('',#11253);
#6397=VERTEX_POINT('',#11257);
#6398=VERTEX_POINT('',#11259);
#6399=VERTEX_POINT('',#11263);
#6400=VERTEX_POINT('',#11265);
#6401=VERTEX_POINT('',#11269);
#6402=VERTEX_POINT('',#11271);
#6403=VERTEX_POINT('',#11275);
#6404=VERTEX_POINT('',#11277);
#6405=VERTEX_POINT('',#11281);
#6406=VERTEX_POINT('',#11283);
#6407=VERTEX_POINT('',#11287);
#6408=VERTEX_POINT('',#11289);
#6409=VERTEX_POINT('',#11293);
#6410=VERTEX_POINT('',#11295);
#6411=VERTEX_POINT('',#11299);
#6412=VERTEX_POINT('',#11301);
#6413=VERTEX_POINT('',#11305);
#6414=VERTEX_POINT('',#11307);
#6415=VERTEX_POINT('',#11311);
#6416=VERTEX_POINT('',#11313);
#6417=VERTEX_POINT('',#11317);
#6418=VERTEX_POINT('',#11319);
#6419=VERTEX_POINT('',#11323);
#6420=VERTEX_POINT('',#11325);
#6421=VERTEX_POINT('',#11329);
#6422=VERTEX_POINT('',#11331);
#6423=VERTEX_POINT('',#11335);
#6424=VERTEX_POINT('',#11337);
#6425=VERTEX_POINT('',#11341);
#6426=VERTEX_POINT('',#11343);
#6427=VERTEX_POINT('',#11347);
#6428=VERTEX_POINT('',#11349);
#6429=VERTEX_POINT('',#11353);
#6430=VERTEX_POINT('',#11355);
#6431=VERTEX_POINT('',#11359);
#6432=VERTEX_POINT('',#11361);
#6433=VERTEX_POINT('',#11365);
#6434=VERTEX_POINT('',#11367);
#6435=VERTEX_POINT('',#11371);
#6436=VERTEX_POINT('',#11373);
#6437=VERTEX_POINT('',#11377);
#6438=VERTEX_POINT('',#11379);
#6439=VERTEX_POINT('',#11383);
#6440=VERTEX_POINT('',#11385);
#6441=VERTEX_POINT('',#11389);
#6442=VERTEX_POINT('',#11391);
#6443=VERTEX_POINT('',#11395);
#6444=VERTEX_POINT('',#11397);
#6445=VERTEX_POINT('',#11401);
#6446=VERTEX_POINT('',#11403);
#6447=VERTEX_POINT('',#11407);
#6448=VERTEX_POINT('',#11409);
#6449=VERTEX_POINT('',#11413);
#6450=VERTEX_POINT('',#11415);
#6451=VERTEX_POINT('',#11419);
#6452=VERTEX_POINT('',#11421);
#6453=VERTEX_POINT('',#11425);
#6454=VERTEX_POINT('',#11427);
#6455=VERTEX_POINT('',#11431);
#6456=VERTEX_POINT('',#11433);
#6457=VERTEX_POINT('',#11437);
#6458=VERTEX_POINT('',#11439);
#6459=VERTEX_POINT('',#11443);
#6460=VERTEX_POINT('',#11445);
#6461=VERTEX_POINT('',#11449);
#6462=VERTEX_POINT('',#11451);
#6463=VERTEX_POINT('',#11455);
#6464=VERTEX_POINT('',#11457);
#6465=VERTEX_POINT('',#11461);
#6466=VERTEX_POINT('',#11463);
#6467=VERTEX_POINT('',#11467);
#6468=VERTEX_POINT('',#11469);
#6469=VERTEX_POINT('',#11473);
#6470=VERTEX_POINT('',#11475);
#6471=VERTEX_POINT('',#11479);
#6472=VERTEX_POINT('',#11481);
#6473=VERTEX_POINT('',#11485);
#6474=VERTEX_POINT('',#11487);
#6475=VERTEX_POINT('',#11491);
#6476=VERTEX_POINT('',#11493);
#6477=VERTEX_POINT('',#11497);
#6478=VERTEX_POINT('',#11499);
#6479=VERTEX_POINT('',#11503);
#6480=VERTEX_POINT('',#11505);
#6481=VERTEX_POINT('',#11509);
#6482=VERTEX_POINT('',#11511);
#6483=VERTEX_POINT('',#11515);
#6484=VERTEX_POINT('',#11517);
#6485=VERTEX_POINT('',#11521);
#6486=VERTEX_POINT('',#11523);
#6487=VERTEX_POINT('',#11527);
#6488=VERTEX_POINT('',#11529);
#6489=VERTEX_POINT('',#11533);
#6490=VERTEX_POINT('',#11535);
#6491=VERTEX_POINT('',#11539);
#6492=VERTEX_POINT('',#11541);
#6493=VERTEX_POINT('',#11545);
#6494=VERTEX_POINT('',#11547);
#6495=VERTEX_POINT('',#11551);
#6496=VERTEX_POINT('',#11553);
#6497=VERTEX_POINT('',#11557);
#6498=VERTEX_POINT('',#11559);
#6499=VERTEX_POINT('',#11563);
#6500=VERTEX_POINT('',#11565);
#6501=VERTEX_POINT('',#11569);
#6502=VERTEX_POINT('',#11571);
#6503=VERTEX_POINT('',#11575);
#6504=VERTEX_POINT('',#11577);
#6505=VERTEX_POINT('',#11581);
#6506=VERTEX_POINT('',#11583);
#6507=VERTEX_POINT('',#11587);
#6508=VERTEX_POINT('',#11589);
#6509=VERTEX_POINT('',#11593);
#6510=VERTEX_POINT('',#11595);
#6511=VERTEX_POINT('',#11599);
#6512=VERTEX_POINT('',#11601);
#6513=VERTEX_POINT('',#11605);
#6514=VERTEX_POINT('',#11607);
#6515=VERTEX_POINT('',#11611);
#6516=VERTEX_POINT('',#11613);
#6517=VERTEX_POINT('',#11617);
#6518=VERTEX_POINT('',#11619);
#6519=VERTEX_POINT('',#11623);
#6520=VERTEX_POINT('',#11625);
#6521=VERTEX_POINT('',#11629);
#6522=VERTEX_POINT('',#11631);
#6523=VERTEX_POINT('',#11635);
#6524=VERTEX_POINT('',#11637);
#6525=VERTEX_POINT('',#11641);
#6526=VERTEX_POINT('',#11643);
#6527=VERTEX_POINT('',#11647);
#6528=VERTEX_POINT('',#11649);
#6529=VERTEX_POINT('',#11653);
#6530=VERTEX_POINT('',#11655);
#6531=VERTEX_POINT('',#11659);
#6532=VERTEX_POINT('',#11661);
#6533=VERTEX_POINT('',#11665);
#6534=VERTEX_POINT('',#11667);
#6535=VERTEX_POINT('',#11671);
#6536=VERTEX_POINT('',#11673);
#6537=VERTEX_POINT('',#11677);
#6538=VERTEX_POINT('',#11679);
#6539=VERTEX_POINT('',#11683);
#6540=VERTEX_POINT('',#11685);
#6541=VERTEX_POINT('',#11689);
#6542=VERTEX_POINT('',#11691);
#6543=VERTEX_POINT('',#11695);
#6544=VERTEX_POINT('',#11697);
#6545=VERTEX_POINT('',#11701);
#6546=VERTEX_POINT('',#11703);
#6547=VERTEX_POINT('',#11707);
#6548=VERTEX_POINT('',#11709);
#6549=VERTEX_POINT('',#11713);
#6550=VERTEX_POINT('',#11715);
#6551=VERTEX_POINT('',#11719);
#6552=VERTEX_POINT('',#11721);
#6553=VERTEX_POINT('',#11725);
#6554=VERTEX_POINT('',#11727);
#6555=VERTEX_POINT('',#11731);
#6556=VERTEX_POINT('',#11733);
#6557=VERTEX_POINT('',#11737);
#6558=VERTEX_POINT('',#11739);
#6559=VERTEX_POINT('',#11743);
#6560=VERTEX_POINT('',#11745);
#6561=VERTEX_POINT('',#11749);
#6562=VERTEX_POINT('',#11751);
#6563=VERTEX_POINT('',#11755);
#6564=VERTEX_POINT('',#11757);
#6565=VERTEX_POINT('',#11761);
#6566=VERTEX_POINT('',#11763);
#6567=VERTEX_POINT('',#11767);
#6568=VERTEX_POINT('',#11769);
#6569=VERTEX_POINT('',#11773);
#6570=VERTEX_POINT('',#11775);
#6571=VERTEX_POINT('',#11779);
#6572=VERTEX_POINT('',#11781);
#6573=VERTEX_POINT('',#11785);
#6574=VERTEX_POINT('',#11787);
#6575=VERTEX_POINT('',#11791);
#6576=VERTEX_POINT('',#11793);
#6577=VERTEX_POINT('',#11797);
#6578=VERTEX_POINT('',#11799);
#6579=VERTEX_POINT('',#11803);
#6580=VERTEX_POINT('',#11805);
#6581=VERTEX_POINT('',#11809);
#6582=VERTEX_POINT('',#11811);
#6583=VERTEX_POINT('',#11815);
#6584=VERTEX_POINT('',#11817);
#6585=VERTEX_POINT('',#11821);
#6586=VERTEX_POINT('',#11823);
#6587=VERTEX_POINT('',#11827);
#6588=VERTEX_POINT('',#11829);
#6589=VERTEX_POINT('',#11833);
#6590=VERTEX_POINT('',#11835);
#6591=VERTEX_POINT('',#11839);
#6592=VERTEX_POINT('',#11841);
#6593=VERTEX_POINT('',#11845);
#6594=VERTEX_POINT('',#11847);
#6595=VERTEX_POINT('',#11851);
#6596=VERTEX_POINT('',#11853);
#6597=VERTEX_POINT('',#11857);
#6598=VERTEX_POINT('',#11859);
#6599=VERTEX_POINT('',#11863);
#6600=VERTEX_POINT('',#11865);
#6601=VERTEX_POINT('',#11869);
#6602=VERTEX_POINT('',#11871);
#6603=VERTEX_POINT('',#11875);
#6604=VERTEX_POINT('',#11877);
#6605=VERTEX_POINT('',#11881);
#6606=VERTEX_POINT('',#11883);
#6607=VERTEX_POINT('',#11887);
#6608=VERTEX_POINT('',#11889);
#6609=VERTEX_POINT('',#11893);
#6610=VERTEX_POINT('',#11895);
#6611=VERTEX_POINT('',#11899);
#6612=VERTEX_POINT('',#11901);
#6613=VERTEX_POINT('',#11905);
#6614=VERTEX_POINT('',#11907);
#6615=VERTEX_POINT('',#11911);
#6616=VERTEX_POINT('',#11913);
#6617=VERTEX_POINT('',#11917);
#6618=VERTEX_POINT('',#11919);
#6619=VERTEX_POINT('',#11923);
#6620=VERTEX_POINT('',#11925);
#6621=VERTEX_POINT('',#11929);
#6622=VERTEX_POINT('',#11931);
#6623=VERTEX_POINT('',#11935);
#6624=VERTEX_POINT('',#11937);
#6625=VERTEX_POINT('',#11941);
#6626=VERTEX_POINT('',#11943);
#6627=VERTEX_POINT('',#11947);
#6628=VERTEX_POINT('',#11949);
#6629=VERTEX_POINT('',#11953);
#6630=VERTEX_POINT('',#11955);
#6631=VERTEX_POINT('',#11959);
#6632=VERTEX_POINT('',#11961);
#6633=VERTEX_POINT('',#11965);
#6634=VERTEX_POINT('',#11967);
#6635=VERTEX_POINT('',#11971);
#6636=VERTEX_POINT('',#11973);
#6637=VERTEX_POINT('',#11977);
#6638=VERTEX_POINT('',#11979);
#6639=VERTEX_POINT('',#11983);
#6640=VERTEX_POINT('',#11985);
#6641=VERTEX_POINT('',#11989);
#6642=VERTEX_POINT('',#11991);
#6643=VERTEX_POINT('',#11995);
#6644=VERTEX_POINT('',#11997);
#6645=VERTEX_POINT('',#12001);
#6646=VERTEX_POINT('',#12003);
#6647=VERTEX_POINT('',#12007);
#6648=VERTEX_POINT('',#12009);
#6649=VERTEX_POINT('',#12013);
#6650=VERTEX_POINT('',#12015);
#6651=VERTEX_POINT('',#12019);
#6652=VERTEX_POINT('',#12021);
#6653=VERTEX_POINT('',#12025);
#6654=VERTEX_POINT('',#12027);
#6655=VERTEX_POINT('',#12031);
#6656=VERTEX_POINT('',#12033);
#6657=VERTEX_POINT('',#12037);
#6658=VERTEX_POINT('',#12039);
#6659=VERTEX_POINT('',#12043);
#6660=VERTEX_POINT('',#12045);
#6661=VERTEX_POINT('',#12049);
#6662=VERTEX_POINT('',#12051);
#6663=VERTEX_POINT('',#12055);
#6664=VERTEX_POINT('',#12057);
#6665=VERTEX_POINT('',#12061);
#6666=VERTEX_POINT('',#12063);
#6667=VERTEX_POINT('',#12067);
#6668=VERTEX_POINT('',#12069);
#6669=VERTEX_POINT('',#12073);
#6670=VERTEX_POINT('',#12075);
#6671=VERTEX_POINT('',#12079);
#6672=VERTEX_POINT('',#12081);
#6673=VERTEX_POINT('',#12085);
#6674=VERTEX_POINT('',#12087);
#6675=VERTEX_POINT('',#12091);
#6676=VERTEX_POINT('',#12093);
#6677=VERTEX_POINT('',#12097);
#6678=VERTEX_POINT('',#12099);
#6679=VERTEX_POINT('',#12103);
#6680=VERTEX_POINT('',#12105);
#6681=VERTEX_POINT('',#12109);
#6682=VERTEX_POINT('',#12111);
#6683=VERTEX_POINT('',#12115);
#6684=VERTEX_POINT('',#12117);
#6685=VERTEX_POINT('',#12121);
#6686=VERTEX_POINT('',#12123);
#6687=VERTEX_POINT('',#12127);
#6688=VERTEX_POINT('',#12129);
#6689=VERTEX_POINT('',#12133);
#6690=VERTEX_POINT('',#12135);
#6691=VERTEX_POINT('',#12139);
#6692=VERTEX_POINT('',#12141);
#6693=VERTEX_POINT('',#12145);
#6694=VERTEX_POINT('',#12147);
#6695=VERTEX_POINT('',#12151);
#6696=VERTEX_POINT('',#12153);
#6697=VERTEX_POINT('',#12157);
#6698=VERTEX_POINT('',#12159);
#6699=VERTEX_POINT('',#12163);
#6700=VERTEX_POINT('',#12165);
#6701=VERTEX_POINT('',#12169);
#6702=VERTEX_POINT('',#12171);
#6703=VERTEX_POINT('',#12175);
#6704=VERTEX_POINT('',#12177);
#6705=VERTEX_POINT('',#12181);
#6706=VERTEX_POINT('',#12183);
#6707=VERTEX_POINT('',#12187);
#6708=VERTEX_POINT('',#12189);
#6709=VERTEX_POINT('',#12193);
#6710=VERTEX_POINT('',#12195);
#6711=VERTEX_POINT('',#12199);
#6712=VERTEX_POINT('',#12201);
#6713=VERTEX_POINT('',#12205);
#6714=VERTEX_POINT('',#12207);
#6715=VERTEX_POINT('',#12211);
#6716=VERTEX_POINT('',#12213);
#6717=VERTEX_POINT('',#12217);
#6718=VERTEX_POINT('',#12219);
#6719=VERTEX_POINT('',#12223);
#6720=VERTEX_POINT('',#12225);
#6721=VERTEX_POINT('',#12229);
#6722=VERTEX_POINT('',#12231);
#6723=VERTEX_POINT('',#12235);
#6724=VERTEX_POINT('',#12237);
#6725=VERTEX_POINT('',#12241);
#6726=VERTEX_POINT('',#12243);
#6727=VERTEX_POINT('',#12247);
#6728=VERTEX_POINT('',#12249);
#6729=VERTEX_POINT('',#12253);
#6730=VERTEX_POINT('',#12255);
#6731=VERTEX_POINT('',#12259);
#6732=VERTEX_POINT('',#12261);
#6733=VERTEX_POINT('',#12265);
#6734=VERTEX_POINT('',#12267);
#6735=VERTEX_POINT('',#12271);
#6736=VERTEX_POINT('',#12273);
#6737=VERTEX_POINT('',#12277);
#6738=VERTEX_POINT('',#12279);
#6739=VERTEX_POINT('',#12283);
#6740=VERTEX_POINT('',#12285);
#6741=VERTEX_POINT('',#12289);
#6742=VERTEX_POINT('',#12291);
#6743=VERTEX_POINT('',#12295);
#6744=VERTEX_POINT('',#12297);
#6745=VERTEX_POINT('',#12301);
#6746=VERTEX_POINT('',#12303);
#6747=VERTEX_POINT('',#12307);
#6748=VERTEX_POINT('',#12309);
#6749=VERTEX_POINT('',#12313);
#6750=VERTEX_POINT('',#12315);
#6751=VERTEX_POINT('',#12319);
#6752=VERTEX_POINT('',#12321);
#6753=VERTEX_POINT('',#12325);
#6754=VERTEX_POINT('',#12327);
#6755=VERTEX_POINT('',#12331);
#6756=VERTEX_POINT('',#12333);
#6757=VERTEX_POINT('',#12337);
#6758=VERTEX_POINT('',#12339);
#6759=VERTEX_POINT('',#12343);
#6760=VERTEX_POINT('',#12345);
#6761=VERTEX_POINT('',#12349);
#6762=VERTEX_POINT('',#12351);
#6763=VERTEX_POINT('',#12355);
#6764=VERTEX_POINT('',#12357);
#6765=VERTEX_POINT('',#12361);
#6766=VERTEX_POINT('',#12363);
#6767=VERTEX_POINT('',#12367);
#6768=VERTEX_POINT('',#12369);
#6769=VERTEX_POINT('',#12373);
#6770=VERTEX_POINT('',#12375);
#6771=VERTEX_POINT('',#12379);
#6772=VERTEX_POINT('',#12381);
#6773=VERTEX_POINT('',#12385);
#6774=VERTEX_POINT('',#12387);
#6775=VERTEX_POINT('',#12391);
#6776=VERTEX_POINT('',#12393);
#6777=VERTEX_POINT('',#12397);
#6778=VERTEX_POINT('',#12399);
#6779=VERTEX_POINT('',#12403);
#6780=VERTEX_POINT('',#12405);
#6781=VERTEX_POINT('',#12409);
#6782=VERTEX_POINT('',#12411);
#6783=VERTEX_POINT('',#12415);
#6784=VERTEX_POINT('',#12417);
#6785=VERTEX_POINT('',#12421);
#6786=VERTEX_POINT('',#12423);
#6787=VERTEX_POINT('',#12427);
#6788=VERTEX_POINT('',#12429);
#6789=VERTEX_POINT('',#12433);
#6790=VERTEX_POINT('',#12435);
#6791=VERTEX_POINT('',#12439);
#6792=VERTEX_POINT('',#12441);
#6793=VERTEX_POINT('',#12445);
#6794=VERTEX_POINT('',#12447);
#6795=VERTEX_POINT('',#12451);
#6796=VERTEX_POINT('',#12453);
#6797=VERTEX_POINT('',#12457);
#6798=VERTEX_POINT('',#12459);
#6799=VERTEX_POINT('',#12463);
#6800=VERTEX_POINT('',#12465);
#6801=VERTEX_POINT('',#12469);
#6802=VERTEX_POINT('',#12471);
#6803=VERTEX_POINT('',#12475);
#6804=VERTEX_POINT('',#12477);
#6805=VERTEX_POINT('',#12481);
#6806=VERTEX_POINT('',#12483);
#6807=VERTEX_POINT('',#12487);
#6808=VERTEX_POINT('',#12489);
#6809=VERTEX_POINT('',#12493);
#6810=VERTEX_POINT('',#12495);
#6811=VERTEX_POINT('',#12499);
#6812=VERTEX_POINT('',#12501);
#6813=VERTEX_POINT('',#12505);
#6814=VERTEX_POINT('',#12507);
#6815=VERTEX_POINT('',#12511);
#6816=VERTEX_POINT('',#12513);
#6817=VERTEX_POINT('',#12517);
#6818=VERTEX_POINT('',#12519);
#6819=VERTEX_POINT('',#12523);
#6820=VERTEX_POINT('',#12525);
#6821=VERTEX_POINT('',#12529);
#6822=VERTEX_POINT('',#12531);
#6823=VERTEX_POINT('',#12535);
#6824=VERTEX_POINT('',#12537);
#6825=VERTEX_POINT('',#12541);
#6826=VERTEX_POINT('',#12543);
#6827=VERTEX_POINT('',#12547);
#6828=VERTEX_POINT('',#12549);
#6829=VERTEX_POINT('',#12553);
#6830=VERTEX_POINT('',#12555);
#6831=VERTEX_POINT('',#12559);
#6832=VERTEX_POINT('',#12561);
#6833=VERTEX_POINT('',#12565);
#6834=VERTEX_POINT('',#12567);
#6835=VERTEX_POINT('',#12571);
#6836=VERTEX_POINT('',#12573);
#6837=VERTEX_POINT('',#12577);
#6838=VERTEX_POINT('',#12579);
#6839=VERTEX_POINT('',#12583);
#6840=VERTEX_POINT('',#12585);
#6841=VERTEX_POINT('',#12589);
#6842=VERTEX_POINT('',#12591);
#6843=VERTEX_POINT('',#12595);
#6844=VERTEX_POINT('',#12597);
#6845=VERTEX_POINT('',#12601);
#6846=VERTEX_POINT('',#12603);
#6847=VERTEX_POINT('',#12607);
#6848=VERTEX_POINT('',#12609);
#6849=VERTEX_POINT('',#12613);
#6850=VERTEX_POINT('',#12615);
#6851=VERTEX_POINT('',#12619);
#6852=VERTEX_POINT('',#12621);
#6853=VERTEX_POINT('',#12625);
#6854=VERTEX_POINT('',#12627);
#6855=VERTEX_POINT('',#12631);
#6856=VERTEX_POINT('',#12633);
#6857=VERTEX_POINT('',#12637);
#6858=VERTEX_POINT('',#12639);
#6859=VERTEX_POINT('',#12643);
#6860=VERTEX_POINT('',#12645);
#6861=VERTEX_POINT('',#12649);
#6862=VERTEX_POINT('',#12651);
#6863=VERTEX_POINT('',#12655);
#6864=VERTEX_POINT('',#12657);
#6865=VERTEX_POINT('',#12661);
#6866=VERTEX_POINT('',#12663);
#6867=VERTEX_POINT('',#12667);
#6868=VERTEX_POINT('',#12669);
#6869=VERTEX_POINT('',#12673);
#6870=VERTEX_POINT('',#12675);
#6871=VERTEX_POINT('',#12679);
#6872=VERTEX_POINT('',#12681);
#6873=VERTEX_POINT('',#12685);
#6874=VERTEX_POINT('',#12687);
#6875=VERTEX_POINT('',#12691);
#6876=VERTEX_POINT('',#12693);
#6877=VERTEX_POINT('',#12697);
#6878=VERTEX_POINT('',#12699);
#6879=VERTEX_POINT('',#12703);
#6880=VERTEX_POINT('',#12705);
#6881=VERTEX_POINT('',#12709);
#6882=VERTEX_POINT('',#12711);
#6883=VERTEX_POINT('',#12715);
#6884=VERTEX_POINT('',#12717);
#6885=VERTEX_POINT('',#12721);
#6886=VERTEX_POINT('',#12723);
#6887=VERTEX_POINT('',#12727);
#6888=VERTEX_POINT('',#12729);
#6889=VERTEX_POINT('',#12733);
#6890=VERTEX_POINT('',#12735);
#6891=VERTEX_POINT('',#12739);
#6892=VERTEX_POINT('',#12741);
#6893=VERTEX_POINT('',#12745);
#6894=VERTEX_POINT('',#12747);
#6895=VERTEX_POINT('',#12751);
#6896=VERTEX_POINT('',#12753);
#6897=VERTEX_POINT('',#12757);
#6898=VERTEX_POINT('',#12759);
#6899=VERTEX_POINT('',#12763);
#6900=VERTEX_POINT('',#12765);
#6901=VERTEX_POINT('',#12769);
#6902=VERTEX_POINT('',#12771);
#6903=VERTEX_POINT('',#12775);
#6904=VERTEX_POINT('',#12777);
#6905=VERTEX_POINT('',#12781);
#6906=VERTEX_POINT('',#12783);
#6907=VERTEX_POINT('',#12787);
#6908=VERTEX_POINT('',#12789);
#6909=VERTEX_POINT('',#12793);
#6910=VERTEX_POINT('',#12795);
#6911=CIRCLE('',#8144,4.);
#6912=CIRCLE('',#8145,4.);
#6913=CIRCLE('',#8147,1.15);
#6914=CIRCLE('',#8148,1.15);
#6915=CIRCLE('',#8150,1.15);
#6916=CIRCLE('',#8151,1.15);
#6917=CIRCLE('',#8153,1.15);
#6918=CIRCLE('',#8154,1.15);
#6919=CIRCLE('',#8156,1.15);
#6920=CIRCLE('',#8157,1.15);
#6921=CIRCLE('',#8159,12.);
#6922=CIRCLE('',#8160,12.);
#6923=EDGE_LOOP('',(#2683));
#6924=EDGE_LOOP('',(#2684));
#6925=EDGE_LOOP('',(#2685));
#6926=EDGE_LOOP('',(#2686));
#6927=EDGE_LOOP('',(#2687));
#6928=EDGE_LOOP('',(#2688));
#6929=EDGE_LOOP('',(#2689));
#6930=EDGE_LOOP('',(#2690));
#6931=EDGE_LOOP('',(#2691));
#6932=EDGE_LOOP('',(#2692));
#6933=EDGE_LOOP('',(#2693));
#6934=EDGE_LOOP('',(#2694));
#6935=EDGE_LOOP('',(#2695));
#6936=EDGE_LOOP('',(#2696));
#6937=EDGE_LOOP('',(#2697));
#6938=EDGE_LOOP('',(#2698));
#6939=EDGE_LOOP('',(#2699));
#6940=EDGE_LOOP('',(#2700));
#6941=EDGE_LOOP('',(#2701,#2702,#2703,#2704));
#6942=EDGE_LOOP('',(#2705,#2706,#2707,#2708));
#6943=EDGE_LOOP('',(#2709,#2710,#2711,#2712));
#6944=EDGE_LOOP('',(#2713,#2714,#2715,#2716));
#6945=EDGE_LOOP('',(#2717,#2718,#2719,#2720));
#6946=EDGE_LOOP('',(#2721,#2722,#2723,#2724));
#6947=EDGE_LOOP('',(#2725,#2726,#2727,#2728));
#6948=EDGE_LOOP('',(#2729,#2730,#2731,#2732));
#6949=EDGE_LOOP('',(#2733,#2734,#2735,#2736));
#6950=EDGE_LOOP('',(#2737,#2738,#2739,#2740));
#6951=EDGE_LOOP('',(#2741,#2742,#2743,#2744));
#6952=EDGE_LOOP('',(#2745,#2746,#2747,#2748));
#6953=EDGE_LOOP('',(#2749,#2750,#2751,#2752));
#6954=EDGE_LOOP('',(#2753,#2754,#2755,#2756));
#6955=EDGE_LOOP('',(#2757,#2758,#2759,#2760));
#6956=EDGE_LOOP('',(#2761,#2762,#2763,#2764));
#6957=EDGE_LOOP('',(#2765,#2766,#2767,#2768));
#6958=EDGE_LOOP('',(#2769,#2770,#2771,#2772));
#6959=EDGE_LOOP('',(#2773,#2774,#2775,#2776));
#6960=EDGE_LOOP('',(#2777,#2778,#2779,#2780));
#6961=EDGE_LOOP('',(#2781,#2782,#2783,#2784));
#6962=EDGE_LOOP('',(#2785,#2786,#2787,#2788));
#6963=EDGE_LOOP('',(#2789,#2790,#2791,#2792));
#6964=EDGE_LOOP('',(#2793,#2794,#2795,#2796));
#6965=EDGE_LOOP('',(#2797,#2798,#2799,#2800));
#6966=EDGE_LOOP('',(#2801,#2802,#2803,#2804));
#6967=EDGE_LOOP('',(#2805,#2806,#2807,#2808));
#6968=EDGE_LOOP('',(#2809,#2810,#2811,#2812));
#6969=EDGE_LOOP('',(#2813,#2814,#2815,#2816));
#6970=EDGE_LOOP('',(#2817,#2818,#2819,#2820));
#6971=EDGE_LOOP('',(#2821,#2822,#2823,#2824));
#6972=EDGE_LOOP('',(#2825,#2826,#2827,#2828));
#6973=EDGE_LOOP('',(#2829,#2830,#2831,#2832));
#6974=EDGE_LOOP('',(#2833,#2834,#2835,#2836));
#6975=EDGE_LOOP('',(#2837,#2838,#2839,#2840));
#6976=EDGE_LOOP('',(#2841,#2842,#2843,#2844));
#6977=EDGE_LOOP('',(#2845,#2846,#2847,#2848));
#6978=EDGE_LOOP('',(#2849,#2850,#2851,#2852));
#6979=EDGE_LOOP('',(#2853,#2854,#2855,#2856));
#6980=EDGE_LOOP('',(#2857,#2858,#2859,#2860));
#6981=EDGE_LOOP('',(#2861,#2862,#2863,#2864));
#6982=EDGE_LOOP('',(#2865,#2866,#2867,#2868));
#6983=EDGE_LOOP('',(#2869,#2870,#2871,#2872));
#6984=EDGE_LOOP('',(#2873,#2874,#2875,#2876));
#6985=EDGE_LOOP('',(#2877,#2878,#2879,#2880));
#6986=EDGE_LOOP('',(#2881,#2882,#2883,#2884));
#6987=EDGE_LOOP('',(#2885,#2886,#2887,#2888));
#6988=EDGE_LOOP('',(#2889,#2890,#2891,#2892));
#6989=EDGE_LOOP('',(#2893,#2894,#2895,#2896));
#6990=EDGE_LOOP('',(#2897,#2898,#2899,#2900));
#6991=EDGE_LOOP('',(#2901,#2902,#2903,#2904));
#6992=EDGE_LOOP('',(#2905,#2906,#2907,#2908));
#6993=EDGE_LOOP('',(#2909,#2910,#2911,#2912));
#6994=EDGE_LOOP('',(#2913,#2914,#2915,#2916));
#6995=EDGE_LOOP('',(#2917,#2918,#2919,#2920));
#6996=EDGE_LOOP('',(#2921,#2922,#2923,#2924));
#6997=EDGE_LOOP('',(#2925,#2926,#2927,#2928));
#6998=EDGE_LOOP('',(#2929,#2930,#2931,#2932));
#6999=EDGE_LOOP('',(#2933,#2934,#2935,#2936));
#7000=EDGE_LOOP('',(#2937,#2938,#2939,#2940));
#7001=EDGE_LOOP('',(#2941,#2942,#2943,#2944));
#7002=EDGE_LOOP('',(#2945,#2946,#2947,#2948));
#7003=EDGE_LOOP('',(#2949,#2950,#2951,#2952));
#7004=EDGE_LOOP('',(#2953,#2954,#2955,#2956));
#7005=EDGE_LOOP('',(#2957,#2958,#2959,#2960));
#7006=EDGE_LOOP('',(#2961,#2962,#2963,#2964));
#7007=EDGE_LOOP('',(#2965,#2966,#2967,#2968));
#7008=EDGE_LOOP('',(#2969,#2970,#2971,#2972));
#7009=EDGE_LOOP('',(#2973,#2974,#2975,#2976));
#7010=EDGE_LOOP('',(#2977,#2978,#2979,#2980));
#7011=EDGE_LOOP('',(#2981,#2982,#2983,#2984));
#7012=EDGE_LOOP('',(#2985,#2986,#2987,#2988));
#7013=EDGE_LOOP('',(#2989,#2990,#2991,#2992));
#7014=EDGE_LOOP('',(#2993,#2994,#2995,#2996));
#7015=EDGE_LOOP('',(#2997,#2998,#2999,#3000));
#7016=EDGE_LOOP('',(#3001,#3002,#3003,#3004));
#7017=EDGE_LOOP('',(#3005,#3006,#3007,#3008));
#7018=EDGE_LOOP('',(#3009,#3010,#3011,#3012));
#7019=EDGE_LOOP('',(#3013,#3014,#3015,#3016));
#7020=EDGE_LOOP('',(#3017,#3018,#3019,#3020));
#7021=EDGE_LOOP('',(#3021,#3022,#3023,#3024));
#7022=EDGE_LOOP('',(#3025,#3026,#3027,#3028));
#7023=EDGE_LOOP('',(#3029,#3030,#3031,#3032));
#7024=EDGE_LOOP('',(#3033,#3034,#3035,#3036));
#7025=EDGE_LOOP('',(#3037,#3038,#3039,#3040));
#7026=EDGE_LOOP('',(#3041,#3042,#3043,#3044));
#7027=EDGE_LOOP('',(#3045,#3046,#3047,#3048));
#7028=EDGE_LOOP('',(#3049,#3050,#3051,#3052));
#7029=EDGE_LOOP('',(#3053,#3054,#3055,#3056));
#7030=EDGE_LOOP('',(#3057,#3058,#3059,#3060));
#7031=EDGE_LOOP('',(#3061,#3062,#3063,#3064));
#7032=EDGE_LOOP('',(#3065,#3066,#3067,#3068));
#7033=EDGE_LOOP('',(#3069,#3070,#3071,#3072));
#7034=EDGE_LOOP('',(#3073,#3074,#3075,#3076));
#7035=EDGE_LOOP('',(#3077,#3078,#3079,#3080));
#7036=EDGE_LOOP('',(#3081,#3082,#3083,#3084));
#7037=EDGE_LOOP('',(#3085,#3086,#3087,#3088));
#7038=EDGE_LOOP('',(#3089,#3090,#3091,#3092));
#7039=EDGE_LOOP('',(#3093,#3094,#3095,#3096));
#7040=EDGE_LOOP('',(#3097,#3098,#3099,#3100));
#7041=EDGE_LOOP('',(#3101,#3102,#3103,#3104));
#7042=EDGE_LOOP('',(#3105,#3106,#3107,#3108));
#7043=EDGE_LOOP('',(#3109,#3110,#3111,#3112));
#7044=EDGE_LOOP('',(#3113,#3114,#3115,#3116));
#7045=EDGE_LOOP('',(#3117,#3118,#3119,#3120));
#7046=EDGE_LOOP('',(#3121,#3122,#3123,#3124));
#7047=EDGE_LOOP('',(#3125,#3126,#3127,#3128));
#7048=EDGE_LOOP('',(#3129,#3130,#3131,#3132));
#7049=EDGE_LOOP('',(#3133,#3134,#3135,#3136));
#7050=EDGE_LOOP('',(#3137,#3138,#3139,#3140));
#7051=EDGE_LOOP('',(#3141,#3142,#3143,#3144));
#7052=EDGE_LOOP('',(#3145,#3146,#3147,#3148));
#7053=EDGE_LOOP('',(#3149,#3150,#3151,#3152));
#7054=EDGE_LOOP('',(#3153,#3154,#3155,#3156));
#7055=EDGE_LOOP('',(#3157,#3158,#3159,#3160));
#7056=EDGE_LOOP('',(#3161,#3162,#3163,#3164));
#7057=EDGE_LOOP('',(#3165,#3166,#3167,#3168));
#7058=EDGE_LOOP('',(#3169,#3170,#3171,#3172));
#7059=EDGE_LOOP('',(#3173,#3174,#3175,#3176));
#7060=EDGE_LOOP('',(#3177,#3178,#3179,#3180));
#7061=EDGE_LOOP('',(#3181,#3182,#3183,#3184));
#7062=EDGE_LOOP('',(#3185,#3186,#3187,#3188));
#7063=EDGE_LOOP('',(#3189,#3190,#3191,#3192));
#7064=EDGE_LOOP('',(#3193,#3194,#3195,#3196));
#7065=EDGE_LOOP('',(#3197,#3198,#3199,#3200));
#7066=EDGE_LOOP('',(#3201,#3202,#3203,#3204));
#7067=EDGE_LOOP('',(#3205,#3206,#3207,#3208));
#7068=EDGE_LOOP('',(#3209,#3210,#3211,#3212));
#7069=EDGE_LOOP('',(#3213,#3214,#3215,#3216));
#7070=EDGE_LOOP('',(#3217,#3218,#3219,#3220));
#7071=EDGE_LOOP('',(#3221,#3222,#3223,#3224));
#7072=EDGE_LOOP('',(#3225,#3226,#3227,#3228));
#7073=EDGE_LOOP('',(#3229,#3230,#3231,#3232));
#7074=EDGE_LOOP('',(#3233,#3234,#3235,#3236));
#7075=EDGE_LOOP('',(#3237,#3238,#3239,#3240));
#7076=EDGE_LOOP('',(#3241,#3242,#3243,#3244));
#7077=EDGE_LOOP('',(#3245,#3246,#3247,#3248));
#7078=EDGE_LOOP('',(#3249,#3250,#3251,#3252));
#7079=EDGE_LOOP('',(#3253,#3254,#3255,#3256));
#7080=EDGE_LOOP('',(#3257,#3258,#3259,#3260));
#7081=EDGE_LOOP('',(#3261,#3262,#3263,#3264));
#7082=EDGE_LOOP('',(#3265,#3266,#3267,#3268));
#7083=EDGE_LOOP('',(#3269,#3270,#3271,#3272));
#7084=EDGE_LOOP('',(#3273,#3274,#3275,#3276));
#7085=EDGE_LOOP('',(#3277,#3278,#3279,#3280));
#7086=EDGE_LOOP('',(#3281,#3282,#3283,#3284));
#7087=EDGE_LOOP('',(#3285,#3286,#3287,#3288));
#7088=EDGE_LOOP('',(#3289,#3290,#3291,#3292));
#7089=EDGE_LOOP('',(#3293,#3294,#3295,#3296));
#7090=EDGE_LOOP('',(#3297,#3298,#3299,#3300));
#7091=EDGE_LOOP('',(#3301,#3302,#3303,#3304));
#7092=EDGE_LOOP('',(#3305,#3306,#3307,#3308));
#7093=EDGE_LOOP('',(#3309,#3310,#3311,#3312));
#7094=EDGE_LOOP('',(#3313,#3314,#3315,#3316));
#7095=EDGE_LOOP('',(#3317,#3318,#3319,#3320));
#7096=EDGE_LOOP('',(#3321,#3322,#3323,#3324));
#7097=EDGE_LOOP('',(#3325,#3326,#3327,#3328));
#7098=EDGE_LOOP('',(#3329,#3330,#3331,#3332));
#7099=EDGE_LOOP('',(#3333,#3334,#3335,#3336));
#7100=EDGE_LOOP('',(#3337,#3338,#3339,#3340));
#7101=EDGE_LOOP('',(#3341,#3342,#3343,#3344));
#7102=EDGE_LOOP('',(#3345,#3346,#3347,#3348));
#7103=EDGE_LOOP('',(#3349,#3350,#3351,#3352));
#7104=EDGE_LOOP('',(#3353,#3354,#3355,#3356));
#7105=EDGE_LOOP('',(#3357,#3358,#3359,#3360));
#7106=EDGE_LOOP('',(#3361,#3362,#3363,#3364));
#7107=EDGE_LOOP('',(#3365,#3366,#3367,#3368));
#7108=EDGE_LOOP('',(#3369,#3370,#3371,#3372));
#7109=EDGE_LOOP('',(#3373,#3374,#3375,#3376));
#7110=EDGE_LOOP('',(#3377,#3378,#3379,#3380));
#7111=EDGE_LOOP('',(#3381,#3382,#3383,#3384));
#7112=EDGE_LOOP('',(#3385,#3386,#3387,#3388));
#7113=EDGE_LOOP('',(#3389,#3390,#3391,#3392));
#7114=EDGE_LOOP('',(#3393,#3394,#3395,#3396));
#7115=EDGE_LOOP('',(#3397,#3398,#3399,#3400));
#7116=EDGE_LOOP('',(#3401,#3402,#3403,#3404));
#7117=EDGE_LOOP('',(#3405,#3406,#3407,#3408));
#7118=EDGE_LOOP('',(#3409,#3410,#3411,#3412));
#7119=EDGE_LOOP('',(#3413,#3414,#3415,#3416));
#7120=EDGE_LOOP('',(#3417,#3418,#3419,#3420));
#7121=EDGE_LOOP('',(#3421,#3422,#3423,#3424));
#7122=EDGE_LOOP('',(#3425,#3426,#3427,#3428));
#7123=EDGE_LOOP('',(#3429,#3430,#3431,#3432));
#7124=EDGE_LOOP('',(#3433,#3434,#3435,#3436));
#7125=EDGE_LOOP('',(#3437,#3438,#3439,#3440));
#7126=EDGE_LOOP('',(#3441,#3442,#3443,#3444));
#7127=EDGE_LOOP('',(#3445,#3446,#3447,#3448));
#7128=EDGE_LOOP('',(#3449,#3450,#3451,#3452));
#7129=EDGE_LOOP('',(#3453,#3454,#3455,#3456));
#7130=EDGE_LOOP('',(#3457,#3458,#3459,#3460));
#7131=EDGE_LOOP('',(#3461,#3462,#3463,#3464));
#7132=EDGE_LOOP('',(#3465,#3466,#3467,#3468));
#7133=EDGE_LOOP('',(#3469,#3470,#3471,#3472));
#7134=EDGE_LOOP('',(#3473,#3474,#3475,#3476));
#7135=EDGE_LOOP('',(#3477,#3478,#3479,#3480));
#7136=EDGE_LOOP('',(#3481,#3482,#3483,#3484));
#7137=EDGE_LOOP('',(#3485,#3486,#3487,#3488));
#7138=EDGE_LOOP('',(#3489,#3490,#3491,#3492));
#7139=EDGE_LOOP('',(#3493,#3494,#3495,#3496));
#7140=EDGE_LOOP('',(#3497,#3498,#3499,#3500));
#7141=EDGE_LOOP('',(#3501,#3502,#3503,#3504));
#7142=EDGE_LOOP('',(#3505,#3506,#3507,#3508));
#7143=EDGE_LOOP('',(#3509,#3510,#3511,#3512));
#7144=EDGE_LOOP('',(#3513,#3514,#3515,#3516));
#7145=EDGE_LOOP('',(#3517,#3518,#3519,#3520));
#7146=EDGE_LOOP('',(#3521,#3522,#3523,#3524));
#7147=EDGE_LOOP('',(#3525,#3526,#3527,#3528));
#7148=EDGE_LOOP('',(#3529,#3530,#3531,#3532));
#7149=EDGE_LOOP('',(#3533,#3534,#3535,#3536));
#7150=EDGE_LOOP('',(#3537,#3538,#3539,#3540));
#7151=EDGE_LOOP('',(#3541,#3542,#3543,#3544));
#7152=EDGE_LOOP('',(#3545,#3546,#3547,#3548));
#7153=EDGE_LOOP('',(#3549,#3550,#3551,#3552));
#7154=EDGE_LOOP('',(#3553,#3554,#3555,#3556));
#7155=EDGE_LOOP('',(#3557,#3558,#3559,#3560));
#7156=EDGE_LOOP('',(#3561,#3562,#3563,#3564));
#7157=EDGE_LOOP('',(#3565,#3566,#3567,#3568));
#7158=EDGE_LOOP('',(#3569,#3570,#3571,#3572));
#7159=EDGE_LOOP('',(#3573,#3574,#3575,#3576));
#7160=EDGE_LOOP('',(#3577,#3578,#3579,#3580));
#7161=EDGE_LOOP('',(#3581,#3582,#3583,#3584));
#7162=EDGE_LOOP('',(#3585,#3586,#3587,#3588));
#7163=EDGE_LOOP('',(#3589,#3590,#3591,#3592));
#7164=EDGE_LOOP('',(#3593,#3594,#3595,#3596));
#7165=EDGE_LOOP('',(#3597,#3598,#3599,#3600));
#7166=EDGE_LOOP('',(#3601,#3602,#3603,#3604));
#7167=EDGE_LOOP('',(#3605,#3606,#3607,#3608));
#7168=EDGE_LOOP('',(#3609,#3610,#3611,#3612));
#7169=EDGE_LOOP('',(#3613,#3614,#3615,#3616));
#7170=EDGE_LOOP('',(#3617,#3618,#3619,#3620));
#7171=EDGE_LOOP('',(#3621,#3622,#3623,#3624));
#7172=EDGE_LOOP('',(#3625,#3626,#3627,#3628));
#7173=EDGE_LOOP('',(#3629,#3630,#3631,#3632));
#7174=EDGE_LOOP('',(#3633,#3634,#3635,#3636));
#7175=EDGE_LOOP('',(#3637,#3638,#3639,#3640));
#7176=EDGE_LOOP('',(#3641,#3642,#3643,#3644));
#7177=EDGE_LOOP('',(#3645,#3646,#3647,#3648));
#7178=EDGE_LOOP('',(#3649,#3650,#3651,#3652));
#7179=EDGE_LOOP('',(#3653,#3654,#3655,#3656));
#7180=EDGE_LOOP('',(#3657,#3658,#3659,#3660));
#7181=EDGE_LOOP('',(#3661,#3662,#3663,#3664));
#7182=EDGE_LOOP('',(#3665,#3666,#3667,#3668));
#7183=EDGE_LOOP('',(#3669,#3670,#3671,#3672));
#7184=EDGE_LOOP('',(#3673,#3674,#3675,#3676));
#7185=EDGE_LOOP('',(#3677,#3678,#3679,#3680));
#7186=EDGE_LOOP('',(#3681,#3682,#3683,#3684));
#7187=EDGE_LOOP('',(#3685,#3686,#3687,#3688));
#7188=EDGE_LOOP('',(#3689,#3690,#3691,#3692));
#7189=EDGE_LOOP('',(#3693,#3694,#3695,#3696));
#7190=EDGE_LOOP('',(#3697,#3698,#3699,#3700));
#7191=EDGE_LOOP('',(#3701,#3702,#3703,#3704));
#7192=EDGE_LOOP('',(#3705,#3706,#3707,#3708));
#7193=EDGE_LOOP('',(#3709,#3710,#3711,#3712));
#7194=EDGE_LOOP('',(#3713,#3714,#3715,#3716));
#7195=EDGE_LOOP('',(#3717,#3718,#3719,#3720));
#7196=EDGE_LOOP('',(#3721,#3722,#3723,#3724));
#7197=EDGE_LOOP('',(#3725,#3726,#3727,#3728));
#7198=EDGE_LOOP('',(#3729,#3730,#3731,#3732));
#7199=EDGE_LOOP('',(#3733,#3734,#3735,#3736));
#7200=EDGE_LOOP('',(#3737,#3738,#3739,#3740));
#7201=EDGE_LOOP('',(#3741,#3742,#3743,#3744));
#7202=EDGE_LOOP('',(#3745,#3746,#3747,#3748));
#7203=EDGE_LOOP('',(#3749,#3750,#3751,#3752));
#7204=EDGE_LOOP('',(#3753,#3754,#3755,#3756));
#7205=EDGE_LOOP('',(#3757,#3758,#3759,#3760));
#7206=EDGE_LOOP('',(#3761,#3762,#3763,#3764));
#7207=EDGE_LOOP('',(#3765,#3766,#3767,#3768));
#7208=EDGE_LOOP('',(#3769,#3770,#3771,#3772));
#7209=EDGE_LOOP('',(#3773,#3774,#3775,#3776));
#7210=EDGE_LOOP('',(#3777,#3778,#3779,#3780));
#7211=EDGE_LOOP('',(#3781,#3782,#3783,#3784));
#7212=EDGE_LOOP('',(#3785,#3786,#3787,#3788));
#7213=EDGE_LOOP('',(#3789,#3790,#3791,#3792));
#7214=EDGE_LOOP('',(#3793,#3794,#3795,#3796));
#7215=EDGE_LOOP('',(#3797,#3798,#3799,#3800));
#7216=EDGE_LOOP('',(#3801,#3802,#3803,#3804));
#7217=EDGE_LOOP('',(#3805,#3806,#3807,#3808));
#7218=EDGE_LOOP('',(#3809,#3810,#3811,#3812));
#7219=EDGE_LOOP('',(#3813,#3814,#3815,#3816));
#7220=EDGE_LOOP('',(#3817,#3818,#3819,#3820));
#7221=EDGE_LOOP('',(#3821,#3822,#3823,#3824));
#7222=EDGE_LOOP('',(#3825,#3826,#3827,#3828));
#7223=EDGE_LOOP('',(#3829,#3830,#3831,#3832));
#7224=EDGE_LOOP('',(#3833,#3834,#3835,#3836));
#7225=EDGE_LOOP('',(#3837,#3838,#3839,#3840));
#7226=EDGE_LOOP('',(#3841,#3842,#3843,#3844));
#7227=EDGE_LOOP('',(#3845,#3846,#3847,#3848));
#7228=EDGE_LOOP('',(#3849,#3850,#3851,#3852));
#7229=EDGE_LOOP('',(#3853,#3854,#3855,#3856));
#7230=EDGE_LOOP('',(#3857,#3858,#3859,#3860));
#7231=EDGE_LOOP('',(#3861,#3862,#3863,#3864));
#7232=EDGE_LOOP('',(#3865,#3866,#3867,#3868));
#7233=EDGE_LOOP('',(#3869,#3870,#3871,#3872));
#7234=EDGE_LOOP('',(#3873,#3874,#3875,#3876));
#7235=EDGE_LOOP('',(#3877,#3878,#3879,#3880));
#7236=EDGE_LOOP('',(#3881,#3882,#3883,#3884));
#7237=EDGE_LOOP('',(#3885,#3886,#3887,#3888));
#7238=EDGE_LOOP('',(#3889,#3890,#3891,#3892));
#7239=EDGE_LOOP('',(#3893,#3894,#3895,#3896));
#7240=EDGE_LOOP('',(#3897,#3898,#3899,#3900));
#7241=EDGE_LOOP('',(#3901,#3902,#3903,#3904));
#7242=EDGE_LOOP('',(#3905,#3906,#3907,#3908));
#7243=EDGE_LOOP('',(#3909,#3910,#3911,#3912));
#7244=EDGE_LOOP('',(#3913,#3914,#3915,#3916));
#7245=EDGE_LOOP('',(#3917,#3918,#3919,#3920));
#7246=EDGE_LOOP('',(#3921,#3922,#3923,#3924));
#7247=EDGE_LOOP('',(#3925,#3926,#3927,#3928));
#7248=EDGE_LOOP('',(#3929,#3930,#3931,#3932));
#7249=EDGE_LOOP('',(#3933,#3934,#3935,#3936));
#7250=EDGE_LOOP('',(#3937,#3938,#3939,#3940));
#7251=EDGE_LOOP('',(#3941,#3942,#3943,#3944));
#7252=EDGE_LOOP('',(#3945,#3946,#3947,#3948));
#7253=EDGE_LOOP('',(#3949,#3950,#3951,#3952));
#7254=EDGE_LOOP('',(#3953,#3954,#3955,#3956));
#7255=EDGE_LOOP('',(#3957,#3958,#3959,#3960));
#7256=EDGE_LOOP('',(#3961,#3962,#3963,#3964));
#7257=EDGE_LOOP('',(#3965,#3966,#3967,#3968));
#7258=EDGE_LOOP('',(#3969,#3970,#3971,#3972));
#7259=EDGE_LOOP('',(#3973,#3974,#3975,#3976));
#7260=EDGE_LOOP('',(#3977,#3978,#3979,#3980));
#7261=EDGE_LOOP('',(#3981,#3982,#3983,#3984));
#7262=EDGE_LOOP('',(#3985,#3986,#3987,#3988));
#7263=EDGE_LOOP('',(#3989,#3990,#3991,#3992));
#7264=EDGE_LOOP('',(#3993,#3994,#3995,#3996));
#7265=EDGE_LOOP('',(#3997,#3998,#3999,#4000));
#7266=EDGE_LOOP('',(#4001,#4002,#4003,#4004));
#7267=EDGE_LOOP('',(#4005,#4006,#4007,#4008));
#7268=EDGE_LOOP('',(#4009,#4010,#4011,#4012));
#7269=EDGE_LOOP('',(#4013,#4014,#4015,#4016));
#7270=EDGE_LOOP('',(#4017,#4018,#4019,#4020));
#7271=EDGE_LOOP('',(#4021,#4022,#4023,#4024));
#7272=EDGE_LOOP('',(#4025,#4026,#4027,#4028));
#7273=EDGE_LOOP('',(#4029,#4030,#4031,#4032));
#7274=EDGE_LOOP('',(#4033,#4034,#4035,#4036));
#7275=EDGE_LOOP('',(#4037,#4038,#4039,#4040));
#7276=EDGE_LOOP('',(#4041,#4042,#4043,#4044));
#7277=EDGE_LOOP('',(#4045,#4046,#4047,#4048));
#7278=EDGE_LOOP('',(#4049,#4050,#4051,#4052));
#7279=EDGE_LOOP('',(#4053,#4054,#4055,#4056));
#7280=EDGE_LOOP('',(#4057,#4058,#4059,#4060));
#7281=EDGE_LOOP('',(#4061,#4062,#4063,#4064));
#7282=EDGE_LOOP('',(#4065,#4066,#4067,#4068));
#7283=EDGE_LOOP('',(#4069,#4070,#4071,#4072));
#7284=EDGE_LOOP('',(#4073,#4074,#4075,#4076));
#7285=EDGE_LOOP('',(#4077,#4078,#4079,#4080));
#7286=EDGE_LOOP('',(#4081,#4082,#4083,#4084));
#7287=EDGE_LOOP('',(#4085,#4086,#4087,#4088));
#7288=EDGE_LOOP('',(#4089,#4090,#4091,#4092));
#7289=EDGE_LOOP('',(#4093,#4094,#4095,#4096));
#7290=EDGE_LOOP('',(#4097,#4098,#4099,#4100));
#7291=EDGE_LOOP('',(#4101,#4102,#4103,#4104));
#7292=EDGE_LOOP('',(#4105,#4106,#4107,#4108));
#7293=EDGE_LOOP('',(#4109,#4110,#4111,#4112));
#7294=EDGE_LOOP('',(#4113,#4114,#4115,#4116));
#7295=EDGE_LOOP('',(#4117,#4118,#4119,#4120));
#7296=EDGE_LOOP('',(#4121,#4122,#4123,#4124));
#7297=EDGE_LOOP('',(#4125,#4126,#4127,#4128));
#7298=EDGE_LOOP('',(#4129,#4130,#4131,#4132));
#7299=EDGE_LOOP('',(#4133,#4134,#4135,#4136));
#7300=EDGE_LOOP('',(#4137,#4138,#4139,#4140));
#7301=EDGE_LOOP('',(#4141,#4142,#4143,#4144));
#7302=EDGE_LOOP('',(#4145,#4146,#4147,#4148));
#7303=EDGE_LOOP('',(#4149,#4150,#4151,#4152));
#7304=EDGE_LOOP('',(#4153,#4154,#4155,#4156));
#7305=EDGE_LOOP('',(#4157,#4158,#4159,#4160));
#7306=EDGE_LOOP('',(#4161,#4162,#4163,#4164));
#7307=EDGE_LOOP('',(#4165,#4166,#4167,#4168));
#7308=EDGE_LOOP('',(#4169,#4170,#4171,#4172));
#7309=EDGE_LOOP('',(#4173,#4174,#4175,#4176));
#7310=EDGE_LOOP('',(#4177,#4178,#4179,#4180));
#7311=EDGE_LOOP('',(#4181,#4182,#4183,#4184));
#7312=EDGE_LOOP('',(#4185,#4186,#4187,#4188));
#7313=EDGE_LOOP('',(#4189,#4190,#4191,#4192));
#7314=EDGE_LOOP('',(#4193,#4194,#4195,#4196));
#7315=EDGE_LOOP('',(#4197,#4198,#4199,#4200));
#7316=EDGE_LOOP('',(#4201,#4202,#4203,#4204));
#7317=EDGE_LOOP('',(#4205,#4206,#4207,#4208));
#7318=EDGE_LOOP('',(#4209,#4210,#4211,#4212));
#7319=EDGE_LOOP('',(#4213,#4214,#4215,#4216));
#7320=EDGE_LOOP('',(#4217,#4218,#4219,#4220));
#7321=EDGE_LOOP('',(#4221));
#7322=EDGE_LOOP('',(#4222));
#7323=EDGE_LOOP('',(#4223));
#7324=EDGE_LOOP('',(#4224));
#7325=EDGE_LOOP('',(#4225));
#7326=EDGE_LOOP('',(#4226,#4227,#4228,#4229,#4230,#4231,#4232,#4233,#4234,
#4235,#4236,#4237,#4238,#4239,#4240,#4241,#4242,#4243,#4244,#4245,#4246,
#4247,#4248,#4249,#4250,#4251,#4252,#4253,#4254,#4255,#4256,#4257,#4258,
#4259,#4260,#4261,#4262,#4263,#4264,#4265,#4266,#4267,#4268,#4269,#4270,
#4271,#4272,#4273,#4274,#4275,#4276,#4277,#4278,#4279,#4280,#4281,#4282,
#4283,#4284,#4285,#4286,#4287,#4288,#4289,#4290,#4291,#4292,#4293,#4294,
#4295,#4296,#4297,#4298,#4299,#4300,#4301,#4302,#4303,#4304,#4305,#4306,
#4307,#4308,#4309,#4310,#4311,#4312,#4313,#4314,#4315,#4316,#4317,#4318,
#4319,#4320,#4321,#4322,#4323,#4324,#4325,#4326,#4327,#4328,#4329,#4330,
#4331,#4332,#4333,#4334,#4335,#4336,#4337,#4338,#4339,#4340,#4341,#4342,
#4343,#4344,#4345,#4346,#4347,#4348,#4349,#4350,#4351,#4352,#4353,#4354,
#4355,#4356,#4357,#4358,#4359,#4360,#4361,#4362,#4363,#4364,#4365,#4366,
#4367,#4368,#4369,#4370,#4371,#4372,#4373,#4374,#4375,#4376,#4377,#4378,
#4379,#4380,#4381,#4382,#4383,#4384,#4385,#4386,#4387,#4388,#4389,#4390,
#4391,#4392,#4393,#4394,#4395,#4396,#4397,#4398,#4399,#4400,#4401,#4402,
#4403,#4404,#4405,#4406,#4407,#4408,#4409,#4410,#4411,#4412,#4413,#4414,
#4415,#4416,#4417,#4418,#4419,#4420,#4421,#4422,#4423,#4424,#4425,#4426,
#4427,#4428,#4429,#4430,#4431,#4432,#4433,#4434,#4435,#4436,#4437,#4438,
#4439,#4440,#4441,#4442,#4443,#4444,#4445,#4446,#4447,#4448,#4449,#4450,
#4451,#4452,#4453,#4454,#4455,#4456,#4457,#4458,#4459,#4460,#4461,#4462,
#4463,#4464,#4465,#4466,#4467,#4468,#4469,#4470,#4471,#4472,#4473,#4474,
#4475,#4476,#4477,#4478,#4479,#4480,#4481,#4482,#4483,#4484,#4485,#4486,
#4487,#4488,#4489,#4490,#4491,#4492,#4493,#4494,#4495,#4496,#4497,#4498,
#4499,#4500,#4501,#4502,#4503,#4504,#4505,#4506,#4507,#4508,#4509,#4510,
#4511,#4512,#4513,#4514,#4515,#4516,#4517,#4518,#4519,#4520,#4521,#4522,
#4523,#4524,#4525,#4526,#4527,#4528,#4529,#4530,#4531,#4532,#4533,#4534,
#4535,#4536,#4537,#4538,#4539,#4540,#4541,#4542,#4543,#4544,#4545,#4546,
#4547,#4548,#4549,#4550,#4551,#4552,#4553,#4554,#4555,#4556,#4557,#4558,
#4559,#4560,#4561,#4562,#4563,#4564,#4565,#4566,#4567,#4568,#4569,#4570,
#4571,#4572,#4573,#4574,#4575,#4576,#4577,#4578,#4579,#4580,#4581,#4582,
#4583,#4584,#4585,#4586,#4587,#4588,#4589,#4590,#4591,#4592,#4593,#4594,
#4595,#4596,#4597,#4598,#4599,#4600,#4601,#4602,#4603,#4604,#4605));
#7327=EDGE_LOOP('',(#4606));
#7328=EDGE_LOOP('',(#4607,#4608,#4609,#4610,#4611,#4612,#4613,#4614,#4615,
#4616,#4617,#4618,#4619,#4620,#4621,#4622,#4623,#4624,#4625,#4626,#4627,
#4628,#4629,#4630,#4631,#4632,#4633,#4634,#4635,#4636,#4637,#4638,#4639,
#4640,#4641,#4642,#4643,#4644,#4645,#4646,#4647,#4648,#4649,#4650,#4651,
#4652,#4653,#4654,#4655,#4656,#4657,#4658,#4659,#4660,#4661,#4662,#4663,
#4664,#4665,#4666,#4667,#4668,#4669,#4670,#4671,#4672,#4673,#4674,#4675,
#4676,#4677,#4678,#4679,#4680,#4681,#4682,#4683,#4684,#4685,#4686,#4687,
#4688,#4689,#4690,#4691,#4692,#4693,#4694,#4695,#4696,#4697,#4698,#4699,
#4700,#4701,#4702,#4703,#4704,#4705,#4706,#4707,#4708,#4709,#4710,#4711,
#4712,#4713,#4714,#4715,#4716,#4717,#4718,#4719,#4720,#4721,#4722,#4723,
#4724,#4725,#4726,#4727,#4728,#4729,#4730,#4731,#4732,#4733,#4734,#4735,
#4736,#4737,#4738,#4739,#4740,#4741,#4742,#4743,#4744,#4745,#4746,#4747,
#4748,#4749,#4750,#4751,#4752,#4753,#4754,#4755,#4756,#4757,#4758,#4759,
#4760,#4761,#4762,#4763,#4764,#4765,#4766,#4767,#4768,#4769,#4770,#4771,
#4772,#4773,#4774,#4775,#4776,#4777,#4778,#4779,#4780,#4781,#4782,#4783,
#4784,#4785,#4786,#4787,#4788,#4789,#4790,#4791,#4792,#4793,#4794,#4795,
#4796,#4797,#4798,#4799,#4800,#4801,#4802,#4803,#4804,#4805,#4806,#4807,
#4808,#4809,#4810,#4811,#4812,#4813,#4814,#4815,#4816,#4817,#4818,#4819,
#4820,#4821,#4822,#4823,#4824,#4825,#4826,#4827,#4828,#4829,#4830,#4831,
#4832,#4833,#4834,#4835,#4836,#4837,#4838,#4839,#4840,#4841,#4842,#4843,
#4844,#4845,#4846,#4847,#4848,#4849,#4850,#4851,#4852,#4853,#4854,#4855,
#4856,#4857,#4858,#4859,#4860,#4861,#4862,#4863,#4864,#4865,#4866,#4867,
#4868,#4869,#4870,#4871,#4872,#4873,#4874,#4875,#4876,#4877,#4878,#4879,
#4880,#4881,#4882,#4883,#4884,#4885,#4886,#4887,#4888,#4889,#4890,#4891,
#4892,#4893,#4894,#4895,#4896,#4897,#4898,#4899,#4900,#4901,#4902,#4903,
#4904,#4905,#4906,#4907,#4908,#4909,#4910,#4911,#4912,#4913,#4914,#4915,
#4916,#4917,#4918,#4919,#4920,#4921,#4922,#4923,#4924,#4925,#4926,#4927,
#4928,#4929,#4930,#4931,#4932,#4933,#4934,#4935,#4936,#4937,#4938,#4939,
#4940,#4941,#4942,#4943,#4944,#4945,#4946,#4947,#4948,#4949,#4950,#4951,
#4952,#4953,#4954,#4955,#4956,#4957,#4958,#4959,#4960,#4961,#4962,#4963,
#4964,#4965,#4966,#4967,#4968,#4969,#4970,#4971,#4972,#4973,#4974,#4975,
#4976,#4977,#4978,#4979,#4980,#4981,#4982,#4983,#4984,#4985,#4986));
#7329=FACE_BOUND('',#6923,.T.);
#7330=FACE_BOUND('',#6924,.T.);
#7331=FACE_BOUND('',#6925,.T.);
#7332=FACE_BOUND('',#6926,.T.);
#7333=FACE_BOUND('',#6927,.T.);
#7334=FACE_BOUND('',#6928,.T.);
#7335=FACE_BOUND('',#6929,.T.);
#7336=FACE_BOUND('',#6930,.T.);
#7337=FACE_BOUND('',#6931,.T.);
#7338=FACE_BOUND('',#6932,.T.);
#7339=FACE_BOUND('',#6933,.T.);
#7340=FACE_BOUND('',#6934,.T.);
#7341=FACE_BOUND('',#6935,.T.);
#7342=FACE_BOUND('',#6936,.T.);
#7343=FACE_BOUND('',#6937,.T.);
#7344=FACE_BOUND('',#6938,.T.);
#7345=FACE_BOUND('',#6939,.T.);
#7346=FACE_BOUND('',#6940,.T.);
#7347=FACE_BOUND('',#6941,.T.);
#7348=FACE_BOUND('',#6942,.T.);
#7349=FACE_BOUND('',#6943,.T.);
#7350=FACE_BOUND('',#6944,.T.);
#7351=FACE_BOUND('',#6945,.T.);
#7352=FACE_BOUND('',#6946,.T.);
#7353=FACE_BOUND('',#6947,.T.);
#7354=FACE_BOUND('',#6948,.T.);
#7355=FACE_BOUND('',#6949,.T.);
#7356=FACE_BOUND('',#6950,.T.);
#7357=FACE_BOUND('',#6951,.T.);
#7358=FACE_BOUND('',#6952,.T.);
#7359=FACE_BOUND('',#6953,.T.);
#7360=FACE_BOUND('',#6954,.T.);
#7361=FACE_BOUND('',#6955,.T.);
#7362=FACE_BOUND('',#6956,.T.);
#7363=FACE_BOUND('',#6957,.T.);
#7364=FACE_BOUND('',#6958,.T.);
#7365=FACE_BOUND('',#6959,.T.);
#7366=FACE_BOUND('',#6960,.T.);
#7367=FACE_BOUND('',#6961,.T.);
#7368=FACE_BOUND('',#6962,.T.);
#7369=FACE_BOUND('',#6963,.T.);
#7370=FACE_BOUND('',#6964,.T.);
#7371=FACE_BOUND('',#6965,.T.);
#7372=FACE_BOUND('',#6966,.T.);
#7373=FACE_BOUND('',#6967,.T.);
#7374=FACE_BOUND('',#6968,.T.);
#7375=FACE_BOUND('',#6969,.T.);
#7376=FACE_BOUND('',#6970,.T.);
#7377=FACE_BOUND('',#6971,.T.);
#7378=FACE_BOUND('',#6972,.T.);
#7379=FACE_BOUND('',#6973,.T.);
#7380=FACE_BOUND('',#6974,.T.);
#7381=FACE_BOUND('',#6975,.T.);
#7382=FACE_BOUND('',#6976,.T.);
#7383=FACE_BOUND('',#6977,.T.);
#7384=FACE_BOUND('',#6978,.T.);
#7385=FACE_BOUND('',#6979,.T.);
#7386=FACE_BOUND('',#6980,.T.);
#7387=FACE_BOUND('',#6981,.T.);
#7388=FACE_BOUND('',#6982,.T.);
#7389=FACE_BOUND('',#6983,.T.);
#7390=FACE_BOUND('',#6984,.T.);
#7391=FACE_BOUND('',#6985,.T.);
#7392=FACE_BOUND('',#6986,.T.);
#7393=FACE_BOUND('',#6987,.T.);
#7394=FACE_BOUND('',#6988,.T.);
#7395=FACE_BOUND('',#6989,.T.);
#7396=FACE_BOUND('',#6990,.T.);
#7397=FACE_BOUND('',#6991,.T.);
#7398=FACE_BOUND('',#6992,.T.);
#7399=FACE_BOUND('',#6993,.T.);
#7400=FACE_BOUND('',#6994,.T.);
#7401=FACE_BOUND('',#6995,.T.);
#7402=FACE_BOUND('',#6996,.T.);
#7403=FACE_BOUND('',#6997,.T.);
#7404=FACE_BOUND('',#6998,.T.);
#7405=FACE_BOUND('',#6999,.T.);
#7406=FACE_BOUND('',#7000,.T.);
#7407=FACE_BOUND('',#7001,.T.);
#7408=FACE_BOUND('',#7002,.T.);
#7409=FACE_BOUND('',#7003,.T.);
#7410=FACE_BOUND('',#7004,.T.);
#7411=FACE_BOUND('',#7005,.T.);
#7412=FACE_BOUND('',#7006,.T.);
#7413=FACE_BOUND('',#7007,.T.);
#7414=FACE_BOUND('',#7008,.T.);
#7415=FACE_BOUND('',#7009,.T.);
#7416=FACE_BOUND('',#7010,.T.);
#7417=FACE_BOUND('',#7011,.T.);
#7418=FACE_BOUND('',#7012,.T.);
#7419=FACE_BOUND('',#7013,.T.);
#7420=FACE_BOUND('',#7014,.T.);
#7421=FACE_BOUND('',#7015,.T.);
#7422=FACE_BOUND('',#7016,.T.);
#7423=FACE_BOUND('',#7017,.T.);
#7424=FACE_BOUND('',#7018,.T.);
#7425=FACE_BOUND('',#7019,.T.);
#7426=FACE_BOUND('',#7020,.T.);
#7427=FACE_BOUND('',#7021,.T.);
#7428=FACE_BOUND('',#7022,.T.);
#7429=FACE_BOUND('',#7023,.T.);
#7430=FACE_BOUND('',#7024,.T.);
#7431=FACE_BOUND('',#7025,.T.);
#7432=FACE_BOUND('',#7026,.T.);
#7433=FACE_BOUND('',#7027,.T.);
#7434=FACE_BOUND('',#7028,.T.);
#7435=FACE_BOUND('',#7029,.T.);
#7436=FACE_BOUND('',#7030,.T.);
#7437=FACE_BOUND('',#7031,.T.);
#7438=FACE_BOUND('',#7032,.T.);
#7439=FACE_BOUND('',#7033,.T.);
#7440=FACE_BOUND('',#7034,.T.);
#7441=FACE_BOUND('',#7035,.T.);
#7442=FACE_BOUND('',#7036,.T.);
#7443=FACE_BOUND('',#7037,.T.);
#7444=FACE_BOUND('',#7038,.T.);
#7445=FACE_BOUND('',#7039,.T.);
#7446=FACE_BOUND('',#7040,.T.);
#7447=FACE_BOUND('',#7041,.T.);
#7448=FACE_BOUND('',#7042,.T.);
#7449=FACE_BOUND('',#7043,.T.);
#7450=FACE_BOUND('',#7044,.T.);
#7451=FACE_BOUND('',#7045,.T.);
#7452=FACE_BOUND('',#7046,.T.);
#7453=FACE_BOUND('',#7047,.T.);
#7454=FACE_BOUND('',#7048,.T.);
#7455=FACE_BOUND('',#7049,.T.);
#7456=FACE_BOUND('',#7050,.T.);
#7457=FACE_BOUND('',#7051,.T.);
#7458=FACE_BOUND('',#7052,.T.);
#7459=FACE_BOUND('',#7053,.T.);
#7460=FACE_BOUND('',#7054,.T.);
#7461=FACE_BOUND('',#7055,.T.);
#7462=FACE_BOUND('',#7056,.T.);
#7463=FACE_BOUND('',#7057,.T.);
#7464=FACE_BOUND('',#7058,.T.);
#7465=FACE_BOUND('',#7059,.T.);
#7466=FACE_BOUND('',#7060,.T.);
#7467=FACE_BOUND('',#7061,.T.);
#7468=FACE_BOUND('',#7062,.T.);
#7469=FACE_BOUND('',#7063,.T.);
#7470=FACE_BOUND('',#7064,.T.);
#7471=FACE_BOUND('',#7065,.T.);
#7472=FACE_BOUND('',#7066,.T.);
#7473=FACE_BOUND('',#7067,.T.);
#7474=FACE_BOUND('',#7068,.T.);
#7475=FACE_BOUND('',#7069,.T.);
#7476=FACE_BOUND('',#7070,.T.);
#7477=FACE_BOUND('',#7071,.T.);
#7478=FACE_BOUND('',#7072,.T.);
#7479=FACE_BOUND('',#7073,.T.);
#7480=FACE_BOUND('',#7074,.T.);
#7481=FACE_BOUND('',#7075,.T.);
#7482=FACE_BOUND('',#7076,.T.);
#7483=FACE_BOUND('',#7077,.T.);
#7484=FACE_BOUND('',#7078,.T.);
#7485=FACE_BOUND('',#7079,.T.);
#7486=FACE_BOUND('',#7080,.T.);
#7487=FACE_BOUND('',#7081,.T.);
#7488=FACE_BOUND('',#7082,.T.);
#7489=FACE_BOUND('',#7083,.T.);
#7490=FACE_BOUND('',#7084,.T.);
#7491=FACE_BOUND('',#7085,.T.);
#7492=FACE_BOUND('',#7086,.T.);
#7493=FACE_BOUND('',#7087,.T.);
#7494=FACE_BOUND('',#7088,.T.);
#7495=FACE_BOUND('',#7089,.T.);
#7496=FACE_BOUND('',#7090,.T.);
#7497=FACE_BOUND('',#7091,.T.);
#7498=FACE_BOUND('',#7092,.T.);
#7499=FACE_BOUND('',#7093,.T.);
#7500=FACE_BOUND('',#7094,.T.);
#7501=FACE_BOUND('',#7095,.T.);
#7502=FACE_BOUND('',#7096,.T.);
#7503=FACE_BOUND('',#7097,.T.);
#7504=FACE_BOUND('',#7098,.T.);
#7505=FACE_BOUND('',#7099,.T.);
#7506=FACE_BOUND('',#7100,.T.);
#7507=FACE_BOUND('',#7101,.T.);
#7508=FACE_BOUND('',#7102,.T.);
#7509=FACE_BOUND('',#7103,.T.);
#7510=FACE_BOUND('',#7104,.T.);
#7511=FACE_BOUND('',#7105,.T.);
#7512=FACE_BOUND('',#7106,.T.);
#7513=FACE_BOUND('',#7107,.T.);
#7514=FACE_BOUND('',#7108,.T.);
#7515=FACE_BOUND('',#7109,.T.);
#7516=FACE_BOUND('',#7110,.T.);
#7517=FACE_BOUND('',#7111,.T.);
#7518=FACE_BOUND('',#7112,.T.);
#7519=FACE_BOUND('',#7113,.T.);
#7520=FACE_BOUND('',#7114,.T.);
#7521=FACE_BOUND('',#7115,.T.);
#7522=FACE_BOUND('',#7116,.T.);
#7523=FACE_BOUND('',#7117,.T.);
#7524=FACE_BOUND('',#7118,.T.);
#7525=FACE_BOUND('',#7119,.T.);
#7526=FACE_BOUND('',#7120,.T.);
#7527=FACE_BOUND('',#7121,.T.);
#7528=FACE_BOUND('',#7122,.T.);
#7529=FACE_BOUND('',#7123,.T.);
#7530=FACE_BOUND('',#7124,.T.);
#7531=FACE_BOUND('',#7125,.T.);
#7532=FACE_BOUND('',#7126,.T.);
#7533=FACE_BOUND('',#7127,.T.);
#7534=FACE_BOUND('',#7128,.T.);
#7535=FACE_BOUND('',#7129,.T.);
#7536=FACE_BOUND('',#7130,.T.);
#7537=FACE_BOUND('',#7131,.T.);
#7538=FACE_BOUND('',#7132,.T.);
#7539=FACE_BOUND('',#7133,.T.);
#7540=FACE_BOUND('',#7134,.T.);
#7541=FACE_BOUND('',#7135,.T.);
#7542=FACE_BOUND('',#7136,.T.);
#7543=FACE_BOUND('',#7137,.T.);
#7544=FACE_BOUND('',#7138,.T.);
#7545=FACE_BOUND('',#7139,.T.);
#7546=FACE_BOUND('',#7140,.T.);
#7547=FACE_BOUND('',#7141,.T.);
#7548=FACE_BOUND('',#7142,.T.);
#7549=FACE_BOUND('',#7143,.T.);
#7550=FACE_BOUND('',#7144,.T.);
#7551=FACE_BOUND('',#7145,.T.);
#7552=FACE_BOUND('',#7146,.T.);
#7553=FACE_BOUND('',#7147,.T.);
#7554=FACE_BOUND('',#7148,.T.);
#7555=FACE_BOUND('',#7149,.T.);
#7556=FACE_BOUND('',#7150,.T.);
#7557=FACE_BOUND('',#7151,.T.);
#7558=FACE_BOUND('',#7152,.T.);
#7559=FACE_BOUND('',#7153,.T.);
#7560=FACE_BOUND('',#7154,.T.);
#7561=FACE_BOUND('',#7155,.T.);
#7562=FACE_BOUND('',#7156,.T.);
#7563=FACE_BOUND('',#7157,.T.);
#7564=FACE_BOUND('',#7158,.T.);
#7565=FACE_BOUND('',#7159,.T.);
#7566=FACE_BOUND('',#7160,.T.);
#7567=FACE_BOUND('',#7161,.T.);
#7568=FACE_BOUND('',#7162,.T.);
#7569=FACE_BOUND('',#7163,.T.);
#7570=FACE_BOUND('',#7164,.T.);
#7571=FACE_BOUND('',#7165,.T.);
#7572=FACE_BOUND('',#7166,.T.);
#7573=FACE_BOUND('',#7167,.T.);
#7574=FACE_BOUND('',#7168,.T.);
#7575=FACE_BOUND('',#7169,.T.);
#7576=FACE_BOUND('',#7170,.T.);
#7577=FACE_BOUND('',#7171,.T.);
#7578=FACE_BOUND('',#7172,.T.);
#7579=FACE_BOUND('',#7173,.T.);
#7580=FACE_BOUND('',#7174,.T.);
#7581=FACE_BOUND('',#7175,.T.);
#7582=FACE_BOUND('',#7176,.T.);
#7583=FACE_BOUND('',#7177,.T.);
#7584=FACE_BOUND('',#7178,.T.);
#7585=FACE_BOUND('',#7179,.T.);
#7586=FACE_BOUND('',#7180,.T.);
#7587=FACE_BOUND('',#7181,.T.);
#7588=FACE_BOUND('',#7182,.T.);
#7589=FACE_BOUND('',#7183,.T.);
#7590=FACE_BOUND('',#7184,.T.);
#7591=FACE_BOUND('',#7185,.T.);
#7592=FACE_BOUND('',#7186,.T.);
#7593=FACE_BOUND('',#7187,.T.);
#7594=FACE_BOUND('',#7188,.T.);
#7595=FACE_BOUND('',#7189,.T.);
#7596=FACE_BOUND('',#7190,.T.);
#7597=FACE_BOUND('',#7191,.T.);
#7598=FACE_BOUND('',#7192,.T.);
#7599=FACE_BOUND('',#7193,.T.);
#7600=FACE_BOUND('',#7194,.T.);
#7601=FACE_BOUND('',#7195,.T.);
#7602=FACE_BOUND('',#7196,.T.);
#7603=FACE_BOUND('',#7197,.T.);
#7604=FACE_BOUND('',#7198,.T.);
#7605=FACE_BOUND('',#7199,.T.);
#7606=FACE_BOUND('',#7200,.T.);
#7607=FACE_BOUND('',#7201,.T.);
#7608=FACE_BOUND('',#7202,.T.);
#7609=FACE_BOUND('',#7203,.T.);
#7610=FACE_BOUND('',#7204,.T.);
#7611=FACE_BOUND('',#7205,.T.);
#7612=FACE_BOUND('',#7206,.T.);
#7613=FACE_BOUND('',#7207,.T.);
#7614=FACE_BOUND('',#7208,.T.);
#7615=FACE_BOUND('',#7209,.T.);
#7616=FACE_BOUND('',#7210,.T.);
#7617=FACE_BOUND('',#7211,.T.);
#7618=FACE_BOUND('',#7212,.T.);
#7619=FACE_BOUND('',#7213,.T.);
#7620=FACE_BOUND('',#7214,.T.);
#7621=FACE_BOUND('',#7215,.T.);
#7622=FACE_BOUND('',#7216,.T.);
#7623=FACE_BOUND('',#7217,.T.);
#7624=FACE_BOUND('',#7218,.T.);
#7625=FACE_BOUND('',#7219,.T.);
#7626=FACE_BOUND('',#7220,.T.);
#7627=FACE_BOUND('',#7221,.T.);
#7628=FACE_BOUND('',#7222,.T.);
#7629=FACE_BOUND('',#7223,.T.);
#7630=FACE_BOUND('',#7224,.T.);
#7631=FACE_BOUND('',#7225,.T.);
#7632=FACE_BOUND('',#7226,.T.);
#7633=FACE_BOUND('',#7227,.T.);
#7634=FACE_BOUND('',#7228,.T.);
#7635=FACE_BOUND('',#7229,.T.);
#7636=FACE_BOUND('',#7230,.T.);
#7637=FACE_BOUND('',#7231,.T.);
#7638=FACE_BOUND('',#7232,.T.);
#7639=FACE_BOUND('',#7233,.T.);
#7640=FACE_BOUND('',#7234,.T.);
#7641=FACE_BOUND('',#7235,.T.);
#7642=FACE_BOUND('',#7236,.T.);
#7643=FACE_BOUND('',#7237,.T.);
#7644=FACE_BOUND('',#7238,.T.);
#7645=FACE_BOUND('',#7239,.T.);
#7646=FACE_BOUND('',#7240,.T.);
#7647=FACE_BOUND('',#7241,.T.);
#7648=FACE_BOUND('',#7242,.T.);
#7649=FACE_BOUND('',#7243,.T.);
#7650=FACE_BOUND('',#7244,.T.);
#7651=FACE_BOUND('',#7245,.T.);
#7652=FACE_BOUND('',#7246,.T.);
#7653=FACE_BOUND('',#7247,.T.);
#7654=FACE_BOUND('',#7248,.T.);
#7655=FACE_BOUND('',#7249,.T.);
#7656=FACE_BOUND('',#7250,.T.);
#7657=FACE_BOUND('',#7251,.T.);
#7658=FACE_BOUND('',#7252,.T.);
#7659=FACE_BOUND('',#7253,.T.);
#7660=FACE_BOUND('',#7254,.T.);
#7661=FACE_BOUND('',#7255,.T.);
#7662=FACE_BOUND('',#7256,.T.);
#7663=FACE_BOUND('',#7257,.T.);
#7664=FACE_BOUND('',#7258,.T.);
#7665=FACE_BOUND('',#7259,.T.);
#7666=FACE_BOUND('',#7260,.T.);
#7667=FACE_BOUND('',#7261,.T.);
#7668=FACE_BOUND('',#7262,.T.);
#7669=FACE_BOUND('',#7263,.T.);
#7670=FACE_BOUND('',#7264,.T.);
#7671=FACE_BOUND('',#7265,.T.);
#7672=FACE_BOUND('',#7266,.T.);
#7673=FACE_BOUND('',#7267,.T.);
#7674=FACE_BOUND('',#7268,.T.);
#7675=FACE_BOUND('',#7269,.T.);
#7676=FACE_BOUND('',#7270,.T.);
#7677=FACE_BOUND('',#7271,.T.);
#7678=FACE_BOUND('',#7272,.T.);
#7679=FACE_BOUND('',#7273,.T.);
#7680=FACE_BOUND('',#7274,.T.);
#7681=FACE_BOUND('',#7275,.T.);
#7682=FACE_BOUND('',#7276,.T.);
#7683=FACE_BOUND('',#7277,.T.);
#7684=FACE_BOUND('',#7278,.T.);
#7685=FACE_BOUND('',#7279,.T.);
#7686=FACE_BOUND('',#7280,.T.);
#7687=FACE_BOUND('',#7281,.T.);
#7688=FACE_BOUND('',#7282,.T.);
#7689=FACE_BOUND('',#7283,.T.);
#7690=FACE_BOUND('',#7284,.T.);
#7691=FACE_BOUND('',#7285,.T.);
#7692=FACE_BOUND('',#7286,.T.);
#7693=FACE_BOUND('',#7287,.T.);
#7694=FACE_BOUND('',#7288,.T.);
#7695=FACE_BOUND('',#7289,.T.);
#7696=FACE_BOUND('',#7290,.T.);
#7697=FACE_BOUND('',#7291,.T.);
#7698=FACE_BOUND('',#7292,.T.);
#7699=FACE_BOUND('',#7293,.T.);
#7700=FACE_BOUND('',#7294,.T.);
#7701=FACE_BOUND('',#7295,.T.);
#7702=FACE_BOUND('',#7296,.T.);
#7703=FACE_BOUND('',#7297,.T.);
#7704=FACE_BOUND('',#7298,.T.);
#7705=FACE_BOUND('',#7299,.T.);
#7706=FACE_BOUND('',#7300,.T.);
#7707=FACE_BOUND('',#7301,.T.);
#7708=FACE_BOUND('',#7302,.T.);
#7709=FACE_BOUND('',#7303,.T.);
#7710=FACE_BOUND('',#7304,.T.);
#7711=FACE_BOUND('',#7305,.T.);
#7712=FACE_BOUND('',#7306,.T.);
#7713=FACE_BOUND('',#7307,.T.);
#7714=FACE_BOUND('',#7308,.T.);
#7715=FACE_BOUND('',#7309,.T.);
#7716=FACE_BOUND('',#7310,.T.);
#7717=FACE_BOUND('',#7311,.T.);
#7718=FACE_BOUND('',#7312,.T.);
#7719=FACE_BOUND('',#7313,.T.);
#7720=FACE_BOUND('',#7314,.T.);
#7721=FACE_BOUND('',#7315,.T.);
#7722=FACE_BOUND('',#7316,.T.);
#7723=FACE_BOUND('',#7317,.T.);
#7724=FACE_BOUND('',#7318,.T.);
#7725=FACE_BOUND('',#7319,.T.);
#7726=FACE_BOUND('',#7320,.T.);
#7727=FACE_BOUND('',#7321,.T.);
#7728=FACE_BOUND('',#7322,.T.);
#7729=FACE_BOUND('',#7323,.T.);
#7730=FACE_BOUND('',#7324,.T.);
#7731=FACE_BOUND('',#7325,.T.);
#7732=FACE_BOUND('',#7326,.T.);
#7733=FACE_BOUND('',#7327,.T.);
#7734=FACE_BOUND('',#7328,.T.);
#7735=CYLINDRICAL_SURFACE('',#8143,4.);
#7736=CYLINDRICAL_SURFACE('',#8146,1.15);
#7737=CYLINDRICAL_SURFACE('',#8149,1.15);
#7738=CYLINDRICAL_SURFACE('',#8152,1.15);
#7739=CYLINDRICAL_SURFACE('',#8155,1.15);
#7740=CYLINDRICAL_SURFACE('',#8158,12.);
#7741=ADVANCED_FACE('',(#7329,#7330),#7735,.F.);
#7742=ADVANCED_FACE('',(#7331,#7332),#7736,.F.);
#7743=ADVANCED_FACE('',(#7333,#7334),#7737,.F.);
#7744=ADVANCED_FACE('',(#7335,#7336),#7738,.F.);
#7745=ADVANCED_FACE('',(#7337,#7338),#7739,.F.);
#7746=ADVANCED_FACE('',(#7339,#7340),#7740,.T.);
#7747=ADVANCED_FACE('',(#7341,#7342,#7343,#7344,#7345,#7346),#2300,.F.);
#7748=ADVANCED_FACE('',(#7347),#2301,.F.);
#7749=ADVANCED_FACE('',(#7348),#2302,.F.);
#7750=ADVANCED_FACE('',(#7349),#2303,.F.);
#7751=ADVANCED_FACE('',(#7350),#2304,.F.);
#7752=ADVANCED_FACE('',(#7351),#2305,.F.);
#7753=ADVANCED_FACE('',(#7352),#2306,.F.);
#7754=ADVANCED_FACE('',(#7353),#2307,.F.);
#7755=ADVANCED_FACE('',(#7354),#2308,.F.);
#7756=ADVANCED_FACE('',(#7355),#2309,.F.);
#7757=ADVANCED_FACE('',(#7356),#2310,.F.);
#7758=ADVANCED_FACE('',(#7357),#2311,.F.);
#7759=ADVANCED_FACE('',(#7358),#2312,.F.);
#7760=ADVANCED_FACE('',(#7359),#2313,.F.);
#7761=ADVANCED_FACE('',(#7360),#2314,.F.);
#7762=ADVANCED_FACE('',(#7361),#2315,.F.);
#7763=ADVANCED_FACE('',(#7362),#2316,.F.);
#7764=ADVANCED_FACE('',(#7363),#2317,.F.);
#7765=ADVANCED_FACE('',(#7364),#2318,.F.);
#7766=ADVANCED_FACE('',(#7365),#2319,.F.);
#7767=ADVANCED_FACE('',(#7366),#2320,.F.);
#7768=ADVANCED_FACE('',(#7367),#2321,.F.);
#7769=ADVANCED_FACE('',(#7368),#2322,.F.);
#7770=ADVANCED_FACE('',(#7369),#2323,.F.);
#7771=ADVANCED_FACE('',(#7370),#2324,.F.);
#7772=ADVANCED_FACE('',(#7371),#2325,.F.);
#7773=ADVANCED_FACE('',(#7372),#2326,.F.);
#7774=ADVANCED_FACE('',(#7373),#2327,.F.);
#7775=ADVANCED_FACE('',(#7374),#2328,.F.);
#7776=ADVANCED_FACE('',(#7375),#2329,.F.);
#7777=ADVANCED_FACE('',(#7376),#2330,.F.);
#7778=ADVANCED_FACE('',(#7377),#2331,.F.);
#7779=ADVANCED_FACE('',(#7378),#2332,.F.);
#7780=ADVANCED_FACE('',(#7379),#2333,.F.);
#7781=ADVANCED_FACE('',(#7380),#2334,.F.);
#7782=ADVANCED_FACE('',(#7381),#2335,.F.);
#7783=ADVANCED_FACE('',(#7382),#2336,.F.);
#7784=ADVANCED_FACE('',(#7383),#2337,.F.);
#7785=ADVANCED_FACE('',(#7384),#2338,.F.);
#7786=ADVANCED_FACE('',(#7385),#2339,.F.);
#7787=ADVANCED_FACE('',(#7386),#2340,.F.);
#7788=ADVANCED_FACE('',(#7387),#2341,.F.);
#7789=ADVANCED_FACE('',(#7388),#2342,.F.);
#7790=ADVANCED_FACE('',(#7389),#2343,.F.);
#7791=ADVANCED_FACE('',(#7390),#2344,.F.);
#7792=ADVANCED_FACE('',(#7391),#2345,.F.);
#7793=ADVANCED_FACE('',(#7392),#2346,.F.);
#7794=ADVANCED_FACE('',(#7393),#2347,.F.);
#7795=ADVANCED_FACE('',(#7394),#2348,.F.);
#7796=ADVANCED_FACE('',(#7395),#2349,.F.);
#7797=ADVANCED_FACE('',(#7396),#2350,.F.);
#7798=ADVANCED_FACE('',(#7397),#2351,.F.);
#7799=ADVANCED_FACE('',(#7398),#2352,.F.);
#7800=ADVANCED_FACE('',(#7399),#2353,.F.);
#7801=ADVANCED_FACE('',(#7400),#2354,.F.);
#7802=ADVANCED_FACE('',(#7401),#2355,.F.);
#7803=ADVANCED_FACE('',(#7402),#2356,.F.);
#7804=ADVANCED_FACE('',(#7403),#2357,.F.);
#7805=ADVANCED_FACE('',(#7404),#2358,.F.);
#7806=ADVANCED_FACE('',(#7405),#2359,.F.);
#7807=ADVANCED_FACE('',(#7406),#2360,.F.);
#7808=ADVANCED_FACE('',(#7407),#2361,.F.);
#7809=ADVANCED_FACE('',(#7408),#2362,.F.);
#7810=ADVANCED_FACE('',(#7409),#2363,.F.);
#7811=ADVANCED_FACE('',(#7410),#2364,.F.);
#7812=ADVANCED_FACE('',(#7411),#2365,.F.);
#7813=ADVANCED_FACE('',(#7412),#2366,.F.);
#7814=ADVANCED_FACE('',(#7413),#2367,.F.);
#7815=ADVANCED_FACE('',(#7414),#2368,.F.);
#7816=ADVANCED_FACE('',(#7415),#2369,.F.);
#7817=ADVANCED_FACE('',(#7416),#2370,.F.);
#7818=ADVANCED_FACE('',(#7417),#2371,.F.);
#7819=ADVANCED_FACE('',(#7418),#2372,.F.);
#7820=ADVANCED_FACE('',(#7419),#2373,.F.);
#7821=ADVANCED_FACE('',(#7420),#2374,.F.);
#7822=ADVANCED_FACE('',(#7421),#2375,.F.);
#7823=ADVANCED_FACE('',(#7422),#2376,.F.);
#7824=ADVANCED_FACE('',(#7423),#2377,.F.);
#7825=ADVANCED_FACE('',(#7424),#2378,.F.);
#7826=ADVANCED_FACE('',(#7425),#2379,.F.);
#7827=ADVANCED_FACE('',(#7426),#2380,.F.);
#7828=ADVANCED_FACE('',(#7427),#2381,.F.);
#7829=ADVANCED_FACE('',(#7428),#2382,.F.);
#7830=ADVANCED_FACE('',(#7429),#2383,.F.);
#7831=ADVANCED_FACE('',(#7430),#2384,.F.);
#7832=ADVANCED_FACE('',(#7431),#2385,.F.);
#7833=ADVANCED_FACE('',(#7432),#2386,.F.);
#7834=ADVANCED_FACE('',(#7433),#2387,.F.);
#7835=ADVANCED_FACE('',(#7434),#2388,.F.);
#7836=ADVANCED_FACE('',(#7435),#2389,.F.);
#7837=ADVANCED_FACE('',(#7436),#2390,.F.);
#7838=ADVANCED_FACE('',(#7437),#2391,.F.);
#7839=ADVANCED_FACE('',(#7438),#2392,.F.);
#7840=ADVANCED_FACE('',(#7439),#2393,.F.);
#7841=ADVANCED_FACE('',(#7440),#2394,.F.);
#7842=ADVANCED_FACE('',(#7441),#2395,.F.);
#7843=ADVANCED_FACE('',(#7442),#2396,.F.);
#7844=ADVANCED_FACE('',(#7443),#2397,.F.);
#7845=ADVANCED_FACE('',(#7444),#2398,.F.);
#7846=ADVANCED_FACE('',(#7445),#2399,.F.);
#7847=ADVANCED_FACE('',(#7446),#2400,.F.);
#7848=ADVANCED_FACE('',(#7447),#2401,.F.);
#7849=ADVANCED_FACE('',(#7448),#2402,.F.);
#7850=ADVANCED_FACE('',(#7449),#2403,.F.);
#7851=ADVANCED_FACE('',(#7450),#2404,.F.);
#7852=ADVANCED_FACE('',(#7451),#2405,.F.);
#7853=ADVANCED_FACE('',(#7452),#2406,.F.);
#7854=ADVANCED_FACE('',(#7453),#2407,.F.);
#7855=ADVANCED_FACE('',(#7454),#2408,.F.);
#7856=ADVANCED_FACE('',(#7455),#2409,.F.);
#7857=ADVANCED_FACE('',(#7456),#2410,.F.);
#7858=ADVANCED_FACE('',(#7457),#2411,.F.);
#7859=ADVANCED_FACE('',(#7458),#2412,.F.);
#7860=ADVANCED_FACE('',(#7459),#2413,.F.);
#7861=ADVANCED_FACE('',(#7460),#2414,.F.);
#7862=ADVANCED_FACE('',(#7461),#2415,.F.);
#7863=ADVANCED_FACE('',(#7462),#2416,.F.);
#7864=ADVANCED_FACE('',(#7463),#2417,.F.);
#7865=ADVANCED_FACE('',(#7464),#2418,.F.);
#7866=ADVANCED_FACE('',(#7465),#2419,.F.);
#7867=ADVANCED_FACE('',(#7466),#2420,.F.);
#7868=ADVANCED_FACE('',(#7467),#2421,.F.);
#7869=ADVANCED_FACE('',(#7468),#2422,.F.);
#7870=ADVANCED_FACE('',(#7469),#2423,.F.);
#7871=ADVANCED_FACE('',(#7470),#2424,.F.);
#7872=ADVANCED_FACE('',(#7471),#2425,.F.);
#7873=ADVANCED_FACE('',(#7472),#2426,.F.);
#7874=ADVANCED_FACE('',(#7473),#2427,.F.);
#7875=ADVANCED_FACE('',(#7474),#2428,.F.);
#7876=ADVANCED_FACE('',(#7475),#2429,.F.);
#7877=ADVANCED_FACE('',(#7476),#2430,.F.);
#7878=ADVANCED_FACE('',(#7477),#2431,.F.);
#7879=ADVANCED_FACE('',(#7478),#2432,.F.);
#7880=ADVANCED_FACE('',(#7479),#2433,.F.);
#7881=ADVANCED_FACE('',(#7480),#2434,.F.);
#7882=ADVANCED_FACE('',(#7481),#2435,.F.);
#7883=ADVANCED_FACE('',(#7482),#2436,.F.);
#7884=ADVANCED_FACE('',(#7483),#2437,.F.);
#7885=ADVANCED_FACE('',(#7484),#2438,.F.);
#7886=ADVANCED_FACE('',(#7485),#2439,.F.);
#7887=ADVANCED_FACE('',(#7486),#2440,.F.);
#7888=ADVANCED_FACE('',(#7487),#2441,.F.);
#7889=ADVANCED_FACE('',(#7488),#2442,.F.);
#7890=ADVANCED_FACE('',(#7489),#2443,.F.);
#7891=ADVANCED_FACE('',(#7490),#2444,.F.);
#7892=ADVANCED_FACE('',(#7491),#2445,.F.);
#7893=ADVANCED_FACE('',(#7492),#2446,.F.);
#7894=ADVANCED_FACE('',(#7493),#2447,.F.);
#7895=ADVANCED_FACE('',(#7494),#2448,.F.);
#7896=ADVANCED_FACE('',(#7495),#2449,.F.);
#7897=ADVANCED_FACE('',(#7496),#2450,.F.);
#7898=ADVANCED_FACE('',(#7497),#2451,.F.);
#7899=ADVANCED_FACE('',(#7498),#2452,.F.);
#7900=ADVANCED_FACE('',(#7499),#2453,.F.);
#7901=ADVANCED_FACE('',(#7500),#2454,.F.);
#7902=ADVANCED_FACE('',(#7501),#2455,.F.);
#7903=ADVANCED_FACE('',(#7502),#2456,.F.);
#7904=ADVANCED_FACE('',(#7503),#2457,.F.);
#7905=ADVANCED_FACE('',(#7504),#2458,.F.);
#7906=ADVANCED_FACE('',(#7505),#2459,.F.);
#7907=ADVANCED_FACE('',(#7506),#2460,.F.);
#7908=ADVANCED_FACE('',(#7507),#2461,.F.);
#7909=ADVANCED_FACE('',(#7508),#2462,.F.);
#7910=ADVANCED_FACE('',(#7509),#2463,.F.);
#7911=ADVANCED_FACE('',(#7510),#2464,.F.);
#7912=ADVANCED_FACE('',(#7511),#2465,.F.);
#7913=ADVANCED_FACE('',(#7512),#2466,.F.);
#7914=ADVANCED_FACE('',(#7513),#2467,.F.);
#7915=ADVANCED_FACE('',(#7514),#2468,.F.);
#7916=ADVANCED_FACE('',(#7515),#2469,.F.);
#7917=ADVANCED_FACE('',(#7516),#2470,.F.);
#7918=ADVANCED_FACE('',(#7517),#2471,.F.);
#7919=ADVANCED_FACE('',(#7518),#2472,.F.);
#7920=ADVANCED_FACE('',(#7519),#2473,.F.);
#7921=ADVANCED_FACE('',(#7520),#2474,.F.);
#7922=ADVANCED_FACE('',(#7521),#2475,.F.);
#7923=ADVANCED_FACE('',(#7522),#2476,.F.);
#7924=ADVANCED_FACE('',(#7523),#2477,.F.);
#7925=ADVANCED_FACE('',(#7524),#2478,.F.);
#7926=ADVANCED_FACE('',(#7525),#2479,.F.);
#7927=ADVANCED_FACE('',(#7526),#2480,.F.);
#7928=ADVANCED_FACE('',(#7527),#2481,.F.);
#7929=ADVANCED_FACE('',(#7528),#2482,.F.);
#7930=ADVANCED_FACE('',(#7529),#2483,.F.);
#7931=ADVANCED_FACE('',(#7530),#2484,.F.);
#7932=ADVANCED_FACE('',(#7531),#2485,.F.);
#7933=ADVANCED_FACE('',(#7532),#2486,.F.);
#7934=ADVANCED_FACE('',(#7533),#2487,.F.);
#7935=ADVANCED_FACE('',(#7534),#2488,.F.);
#7936=ADVANCED_FACE('',(#7535),#2489,.F.);
#7937=ADVANCED_FACE('',(#7536),#2490,.F.);
#7938=ADVANCED_FACE('',(#7537),#2491,.F.);
#7939=ADVANCED_FACE('',(#7538),#2492,.F.);
#7940=ADVANCED_FACE('',(#7539),#2493,.F.);
#7941=ADVANCED_FACE('',(#7540),#2494,.F.);
#7942=ADVANCED_FACE('',(#7541),#2495,.F.);
#7943=ADVANCED_FACE('',(#7542),#2496,.F.);
#7944=ADVANCED_FACE('',(#7543),#2497,.F.);
#7945=ADVANCED_FACE('',(#7544),#2498,.F.);
#7946=ADVANCED_FACE('',(#7545),#2499,.F.);
#7947=ADVANCED_FACE('',(#7546),#2500,.F.);
#7948=ADVANCED_FACE('',(#7547),#2501,.F.);
#7949=ADVANCED_FACE('',(#7548),#2502,.F.);
#7950=ADVANCED_FACE('',(#7549),#2503,.F.);
#7951=ADVANCED_FACE('',(#7550),#2504,.F.);
#7952=ADVANCED_FACE('',(#7551),#2505,.F.);
#7953=ADVANCED_FACE('',(#7552),#2506,.F.);
#7954=ADVANCED_FACE('',(#7553),#2507,.F.);
#7955=ADVANCED_FACE('',(#7554),#2508,.F.);
#7956=ADVANCED_FACE('',(#7555),#2509,.F.);
#7957=ADVANCED_FACE('',(#7556),#2510,.F.);
#7958=ADVANCED_FACE('',(#7557),#2511,.F.);
#7959=ADVANCED_FACE('',(#7558),#2512,.F.);
#7960=ADVANCED_FACE('',(#7559),#2513,.F.);
#7961=ADVANCED_FACE('',(#7560),#2514,.F.);
#7962=ADVANCED_FACE('',(#7561),#2515,.F.);
#7963=ADVANCED_FACE('',(#7562),#2516,.F.);
#7964=ADVANCED_FACE('',(#7563),#2517,.F.);
#7965=ADVANCED_FACE('',(#7564),#2518,.F.);
#7966=ADVANCED_FACE('',(#7565),#2519,.F.);
#7967=ADVANCED_FACE('',(#7566),#2520,.F.);
#7968=ADVANCED_FACE('',(#7567),#2521,.F.);
#7969=ADVANCED_FACE('',(#7568),#2522,.F.);
#7970=ADVANCED_FACE('',(#7569),#2523,.F.);
#7971=ADVANCED_FACE('',(#7570),#2524,.F.);
#7972=ADVANCED_FACE('',(#7571),#2525,.F.);
#7973=ADVANCED_FACE('',(#7572),#2526,.F.);
#7974=ADVANCED_FACE('',(#7573),#2527,.F.);
#7975=ADVANCED_FACE('',(#7574),#2528,.F.);
#7976=ADVANCED_FACE('',(#7575),#2529,.F.);
#7977=ADVANCED_FACE('',(#7576),#2530,.F.);
#7978=ADVANCED_FACE('',(#7577),#2531,.F.);
#7979=ADVANCED_FACE('',(#7578),#2532,.F.);
#7980=ADVANCED_FACE('',(#7579),#2533,.F.);
#7981=ADVANCED_FACE('',(#7580),#2534,.F.);
#7982=ADVANCED_FACE('',(#7581),#2535,.F.);
#7983=ADVANCED_FACE('',(#7582),#2536,.F.);
#7984=ADVANCED_FACE('',(#7583),#2537,.F.);
#7985=ADVANCED_FACE('',(#7584),#2538,.F.);
#7986=ADVANCED_FACE('',(#7585),#2539,.F.);
#7987=ADVANCED_FACE('',(#7586),#2540,.F.);
#7988=ADVANCED_FACE('',(#7587),#2541,.F.);
#7989=ADVANCED_FACE('',(#7588),#2542,.F.);
#7990=ADVANCED_FACE('',(#7589),#2543,.F.);
#7991=ADVANCED_FACE('',(#7590),#2544,.F.);
#7992=ADVANCED_FACE('',(#7591),#2545,.F.);
#7993=ADVANCED_FACE('',(#7592),#2546,.F.);
#7994=ADVANCED_FACE('',(#7593),#2547,.F.);
#7995=ADVANCED_FACE('',(#7594),#2548,.F.);
#7996=ADVANCED_FACE('',(#7595),#2549,.F.);
#7997=ADVANCED_FACE('',(#7596),#2550,.F.);
#7998=ADVANCED_FACE('',(#7597),#2551,.F.);
#7999=ADVANCED_FACE('',(#7598),#2552,.F.);
#8000=ADVANCED_FACE('',(#7599),#2553,.F.);
#8001=ADVANCED_FACE('',(#7600),#2554,.F.);
#8002=ADVANCED_FACE('',(#7601),#2555,.F.);
#8003=ADVANCED_FACE('',(#7602),#2556,.F.);
#8004=ADVANCED_FACE('',(#7603),#2557,.F.);
#8005=ADVANCED_FACE('',(#7604),#2558,.F.);
#8006=ADVANCED_FACE('',(#7605),#2559,.F.);
#8007=ADVANCED_FACE('',(#7606),#2560,.F.);
#8008=ADVANCED_FACE('',(#7607),#2561,.F.);
#8009=ADVANCED_FACE('',(#7608),#2562,.F.);
#8010=ADVANCED_FACE('',(#7609),#2563,.F.);
#8011=ADVANCED_FACE('',(#7610),#2564,.F.);
#8012=ADVANCED_FACE('',(#7611),#2565,.F.);
#8013=ADVANCED_FACE('',(#7612),#2566,.F.);
#8014=ADVANCED_FACE('',(#7613),#2567,.F.);
#8015=ADVANCED_FACE('',(#7614),#2568,.F.);
#8016=ADVANCED_FACE('',(#7615),#2569,.F.);
#8017=ADVANCED_FACE('',(#7616),#2570,.F.);
#8018=ADVANCED_FACE('',(#7617),#2571,.F.);
#8019=ADVANCED_FACE('',(#7618),#2572,.F.);
#8020=ADVANCED_FACE('',(#7619),#2573,.F.);
#8021=ADVANCED_FACE('',(#7620),#2574,.F.);
#8022=ADVANCED_FACE('',(#7621),#2575,.F.);
#8023=ADVANCED_FACE('',(#7622),#2576,.F.);
#8024=ADVANCED_FACE('',(#7623),#2577,.F.);
#8025=ADVANCED_FACE('',(#7624),#2578,.F.);
#8026=ADVANCED_FACE('',(#7625),#2579,.F.);
#8027=ADVANCED_FACE('',(#7626),#2580,.F.);
#8028=ADVANCED_FACE('',(#7627),#2581,.F.);
#8029=ADVANCED_FACE('',(#7628),#2582,.F.);
#8030=ADVANCED_FACE('',(#7629),#2583,.F.);
#8031=ADVANCED_FACE('',(#7630),#2584,.F.);
#8032=ADVANCED_FACE('',(#7631),#2585,.F.);
#8033=ADVANCED_FACE('',(#7632),#2586,.F.);
#8034=ADVANCED_FACE('',(#7633),#2587,.F.);
#8035=ADVANCED_FACE('',(#7634),#2588,.F.);
#8036=ADVANCED_FACE('',(#7635),#2589,.F.);
#8037=ADVANCED_FACE('',(#7636),#2590,.F.);
#8038=ADVANCED_FACE('',(#7637),#2591,.F.);
#8039=ADVANCED_FACE('',(#7638),#2592,.F.);
#8040=ADVANCED_FACE('',(#7639),#2593,.F.);
#8041=ADVANCED_FACE('',(#7640),#2594,.F.);
#8042=ADVANCED_FACE('',(#7641),#2595,.F.);
#8043=ADVANCED_FACE('',(#7642),#2596,.F.);
#8044=ADVANCED_FACE('',(#7643),#2597,.F.);
#8045=ADVANCED_FACE('',(#7644),#2598,.F.);
#8046=ADVANCED_FACE('',(#7645),#2599,.F.);
#8047=ADVANCED_FACE('',(#7646),#2600,.F.);
#8048=ADVANCED_FACE('',(#7647),#2601,.F.);
#8049=ADVANCED_FACE('',(#7648),#2602,.F.);
#8050=ADVANCED_FACE('',(#7649),#2603,.F.);
#8051=ADVANCED_FACE('',(#7650),#2604,.F.);
#8052=ADVANCED_FACE('',(#7651),#2605,.F.);
#8053=ADVANCED_FACE('',(#7652),#2606,.F.);
#8054=ADVANCED_FACE('',(#7653),#2607,.F.);
#8055=ADVANCED_FACE('',(#7654),#2608,.F.);
#8056=ADVANCED_FACE('',(#7655),#2609,.F.);
#8057=ADVANCED_FACE('',(#7656),#2610,.F.);
#8058=ADVANCED_FACE('',(#7657),#2611,.F.);
#8059=ADVANCED_FACE('',(#7658),#2612,.F.);
#8060=ADVANCED_FACE('',(#7659),#2613,.F.);
#8061=ADVANCED_FACE('',(#7660),#2614,.F.);
#8062=ADVANCED_FACE('',(#7661),#2615,.F.);
#8063=ADVANCED_FACE('',(#7662),#2616,.F.);
#8064=ADVANCED_FACE('',(#7663),#2617,.F.);
#8065=ADVANCED_FACE('',(#7664),#2618,.F.);
#8066=ADVANCED_FACE('',(#7665),#2619,.F.);
#8067=ADVANCED_FACE('',(#7666),#2620,.F.);
#8068=ADVANCED_FACE('',(#7667),#2621,.F.);
#8069=ADVANCED_FACE('',(#7668),#2622,.F.);
#8070=ADVANCED_FACE('',(#7669),#2623,.F.);
#8071=ADVANCED_FACE('',(#7670),#2624,.F.);
#8072=ADVANCED_FACE('',(#7671),#2625,.F.);
#8073=ADVANCED_FACE('',(#7672),#2626,.F.);
#8074=ADVANCED_FACE('',(#7673),#2627,.F.);
#8075=ADVANCED_FACE('',(#7674),#2628,.F.);
#8076=ADVANCED_FACE('',(#7675),#2629,.F.);
#8077=ADVANCED_FACE('',(#7676),#2630,.F.);
#8078=ADVANCED_FACE('',(#7677),#2631,.F.);
#8079=ADVANCED_FACE('',(#7678),#2632,.F.);
#8080=ADVANCED_FACE('',(#7679),#2633,.F.);
#8081=ADVANCED_FACE('',(#7680),#2634,.F.);
#8082=ADVANCED_FACE('',(#7681),#2635,.F.);
#8083=ADVANCED_FACE('',(#7682),#2636,.F.);
#8084=ADVANCED_FACE('',(#7683),#2637,.F.);
#8085=ADVANCED_FACE('',(#7684),#2638,.F.);
#8086=ADVANCED_FACE('',(#7685),#2639,.F.);
#8087=ADVANCED_FACE('',(#7686),#2640,.F.);
#8088=ADVANCED_FACE('',(#7687),#2641,.F.);
#8089=ADVANCED_FACE('',(#7688),#2642,.F.);
#8090=ADVANCED_FACE('',(#7689),#2643,.F.);
#8091=ADVANCED_FACE('',(#7690),#2644,.F.);
#8092=ADVANCED_FACE('',(#7691),#2645,.F.);
#8093=ADVANCED_FACE('',(#7692),#2646,.F.);
#8094=ADVANCED_FACE('',(#7693),#2647,.F.);
#8095=ADVANCED_FACE('',(#7694),#2648,.F.);
#8096=ADVANCED_FACE('',(#7695),#2649,.F.);
#8097=ADVANCED_FACE('',(#7696),#2650,.F.);
#8098=ADVANCED_FACE('',(#7697),#2651,.F.);
#8099=ADVANCED_FACE('',(#7698),#2652,.F.);
#8100=ADVANCED_FACE('',(#7699),#2653,.F.);
#8101=ADVANCED_FACE('',(#7700),#2654,.F.);
#8102=ADVANCED_FACE('',(#7701),#2655,.F.);
#8103=ADVANCED_FACE('',(#7702),#2656,.F.);
#8104=ADVANCED_FACE('',(#7703),#2657,.F.);
#8105=ADVANCED_FACE('',(#7704),#2658,.F.);
#8106=ADVANCED_FACE('',(#7705),#2659,.F.);
#8107=ADVANCED_FACE('',(#7706),#2660,.F.);
#8108=ADVANCED_FACE('',(#7707),#2661,.F.);
#8109=ADVANCED_FACE('',(#7708),#2662,.F.);
#8110=ADVANCED_FACE('',(#7709),#2663,.F.);
#8111=ADVANCED_FACE('',(#7710),#2664,.F.);
#8112=ADVANCED_FACE('',(#7711),#2665,.F.);
#8113=ADVANCED_FACE('',(#7712),#2666,.F.);
#8114=ADVANCED_FACE('',(#7713),#2667,.F.);
#8115=ADVANCED_FACE('',(#7714),#2668,.F.);
#8116=ADVANCED_FACE('',(#7715),#2669,.F.);
#8117=ADVANCED_FACE('',(#7716),#2670,.F.);
#8118=ADVANCED_FACE('',(#7717),#2671,.F.);
#8119=ADVANCED_FACE('',(#7718),#2672,.F.);
#8120=ADVANCED_FACE('',(#7719),#2673,.F.);
#8121=ADVANCED_FACE('',(#7720),#2674,.F.);
#8122=ADVANCED_FACE('',(#7721),#2675,.F.);
#8123=ADVANCED_FACE('',(#7722),#2676,.F.);
#8124=ADVANCED_FACE('',(#7723),#2677,.F.);
#8125=ADVANCED_FACE('',(#7724),#2678,.F.);
#8126=ADVANCED_FACE('',(#7725),#2679,.F.);
#8127=ADVANCED_FACE('',(#7726),#2680,.F.);
#8128=ADVANCED_FACE('',(#7727,#7728,#7729,#7730,#7731,#7732),#2681,.T.);
#8129=ADVANCED_FACE('',(#7733,#7734),#2682,.F.);
#8130=CLOSED_SHELL('',(#7741,#7742,#7743,#7744,#7745,#7746,#7747,#7748,
#7749,#7750,#7751,#7752,#7753,#7754,#7755,#7756,#7757,#7758,#7759,#7760,
#7761,#7762,#7763,#7764,#7765,#7766,#7767,#7768,#7769,#7770,#7771,#7772,
#7773,#7774,#7775,#7776,#7777,#7778,#7779,#7780,#7781,#7782,#7783,#7784,
#7785,#7786,#7787,#7788,#7789,#7790,#7791,#7792,#7793,#7794,#7795,#7796,
#7797,#7798,#7799,#7800,#7801,#7802,#7803,#7804,#7805,#7806,#7807,#7808,
#7809,#7810,#7811,#7812,#7813,#7814,#7815,#7816,#7817,#7818,#7819,#7820,
#7821,#7822,#7823,#7824,#7825,#7826,#7827,#7828,#7829,#7830,#7831,#7832,
#7833,#7834,#7835,#7836,#7837,#7838,#7839,#7840,#7841,#7842,#7843,#7844,
#7845,#7846,#7847,#7848,#7849,#7850,#7851,#7852,#7853,#7854,#7855,#7856,
#7857,#7858,#7859,#7860,#7861,#7862,#7863,#7864,#7865,#7866,#7867,#7868,
#7869,#7870,#7871,#7872,#7873,#7874,#7875,#7876,#7877,#7878,#7879,#7880,
#7881,#7882,#7883,#7884,#7885,#7886,#7887,#7888,#7889,#7890,#7891,#7892,
#7893,#7894,#7895,#7896,#7897,#7898,#7899,#7900,#7901,#7902,#7903,#7904,
#7905,#7906,#7907,#7908,#7909,#7910,#7911,#7912,#7913,#7914,#7915,#7916,
#7917,#7918,#7919,#7920,#7921,#7922,#7923,#7924,#7925,#7926,#7927,#7928,
#7929,#7930,#7931,#7932,#7933,#7934,#7935,#7936,#7937,#7938,#7939,#7940,
#7941,#7942,#7943,#7944,#7945,#7946,#7947,#7948,#7949,#7950,#7951,#7952,
#7953,#7954,#7955,#7956,#7957,#7958,#7959,#7960,#7961,#7962,#7963,#7964,
#7965,#7966,#7967,#7968,#7969,#7970,#7971,#7972,#7973,#7974,#7975,#7976,
#7977,#7978,#7979,#7980,#7981,#7982,#7983,#7984,#7985,#7986,#7987,#7988,
#7989,#7990,#7991,#7992,#7993,#7994,#7995,#7996,#7997,#7998,#7999,#8000,
#8001,#8002,#8003,#8004,#8005,#8006,#8007,#8008,#8009,#8010,#8011,#8012,
#8013,#8014,#8015,#8016,#8017,#8018,#8019,#8020,#8021,#8022,#8023,#8024,
#8025,#8026,#8027,#8028,#8029,#8030,#8031,#8032,#8033,#8034,#8035,#8036,
#8037,#8038,#8039,#8040,#8041,#8042,#8043,#8044,#8045,#8046,#8047,#8048,
#8049,#8050,#8051,#8052,#8053,#8054,#8055,#8056,#8057,#8058,#8059,#8060,
#8061,#8062,#8063,#8064,#8065,#8066,#8067,#8068,#8069,#8070,#8071,#8072,
#8073,#8074,#8075,#8076,#8077,#8078,#8079,#8080,#8081,#8082,#8083,#8084,
#8085,#8086,#8087,#8088,#8089,#8090,#8091,#8092,#8093,#8094,#8095,#8096,
#8097,#8098,#8099,#8100,#8101,#8102,#8103,#8104,#8105,#8106,#8107,#8108,
#8109,#8110,#8111,#8112,#8113,#8114,#8115,#8116,#8117,#8118,#8119,#8120,
#8121,#8122,#8123,#8124,#8125,#8126,#8127,#8128,#8129));
#8131=STYLED_ITEM('',(#8132),#8139);
#8132=PRESENTATION_STYLE_ASSIGNMENT((#8133));
#8133=SURFACE_STYLE_USAGE(.BOTH.,#8134);
#8134=SURFACE_SIDE_STYLE('',(#8135));
#8135=SURFACE_STYLE_FILL_AREA(#8136);
#8136=FILL_AREA_STYLE('',(#8137));
#8137=FILL_AREA_STYLE_COLOUR('',#8138);
#8138=COLOUR_RGB('',0.680000007152557,0.819999992847443,0.600000023841858);
#8139=MANIFOLD_SOLID_BREP('',#8130);
#8140=SHAPE_DEFINITION_REPRESENTATION(#12808,#8141);
#8141=SHAPE_REPRESENTATION('G02_gripper_pinion_20T',(#8142),#12803);
#8142=AXIS2_PLACEMENT_3D('',#10488,#8544,#8545);
#8143=AXIS2_PLACEMENT_3D('',#10489,#8546,#8547);
#8144=AXIS2_PLACEMENT_3D('',#10490,#8548,#8549);
#8145=AXIS2_PLACEMENT_3D('',#10492,#8550,#8551);
#8146=AXIS2_PLACEMENT_3D('',#10494,#8552,#8553);
#8147=AXIS2_PLACEMENT_3D('',#10495,#8554,#8555);
#8148=AXIS2_PLACEMENT_3D('',#10497,#8556,#8557);
#8149=AXIS2_PLACEMENT_3D('',#10499,#8558,#8559);
#8150=AXIS2_PLACEMENT_3D('',#10500,#8560,#8561);
#8151=AXIS2_PLACEMENT_3D('',#10502,#8562,#8563);
#8152=AXIS2_PLACEMENT_3D('',#10504,#8564,#8565);
#8153=AXIS2_PLACEMENT_3D('',#10505,#8566,#8567);
#8154=AXIS2_PLACEMENT_3D('',#10507,#8568,#8569);
#8155=AXIS2_PLACEMENT_3D('',#10509,#8570,#8571);
#8156=AXIS2_PLACEMENT_3D('',#10510,#8572,#8573);
#8157=AXIS2_PLACEMENT_3D('',#10512,#8574,#8575);
#8158=AXIS2_PLACEMENT_3D('',#10514,#8576,#8577);
#8159=AXIS2_PLACEMENT_3D('',#10515,#8578,#8579);
#8160=AXIS2_PLACEMENT_3D('',#10517,#8580,#8581);
#8161=AXIS2_PLACEMENT_3D('',#10519,#8582,#8583);
#8162=AXIS2_PLACEMENT_3D('',#10520,#8584,#8585);
#8163=AXIS2_PLACEMENT_3D('',#10529,#8590,#8591);
#8164=AXIS2_PLACEMENT_3D('',#10535,#8595,#8596);
#8165=AXIS2_PLACEMENT_3D('',#10541,#8600,#8601);
#8166=AXIS2_PLACEMENT_3D('',#10547,#8605,#8606);
#8167=AXIS2_PLACEMENT_3D('',#10553,#8610,#8611);
#8168=AXIS2_PLACEMENT_3D('',#10559,#8615,#8616);
#8169=AXIS2_PLACEMENT_3D('',#10565,#8620,#8621);
#8170=AXIS2_PLACEMENT_3D('',#10571,#8625,#8626);
#8171=AXIS2_PLACEMENT_3D('',#10577,#8630,#8631);
#8172=AXIS2_PLACEMENT_3D('',#10583,#8635,#8636);
#8173=AXIS2_PLACEMENT_3D('',#10589,#8640,#8641);
#8174=AXIS2_PLACEMENT_3D('',#10595,#8645,#8646);
#8175=AXIS2_PLACEMENT_3D('',#10601,#8650,#8651);
#8176=AXIS2_PLACEMENT_3D('',#10607,#8655,#8656);
#8177=AXIS2_PLACEMENT_3D('',#10613,#8660,#8661);
#8178=AXIS2_PLACEMENT_3D('',#10619,#8665,#8666);
#8179=AXIS2_PLACEMENT_3D('',#10625,#8670,#8671);
#8180=AXIS2_PLACEMENT_3D('',#10631,#8675,#8676);
#8181=AXIS2_PLACEMENT_3D('',#10637,#8680,#8681);
#8182=AXIS2_PLACEMENT_3D('',#10643,#8685,#8686);
#8183=AXIS2_PLACEMENT_3D('',#10649,#8690,#8691);
#8184=AXIS2_PLACEMENT_3D('',#10655,#8695,#8696);
#8185=AXIS2_PLACEMENT_3D('',#10661,#8700,#8701);
#8186=AXIS2_PLACEMENT_3D('',#10667,#8705,#8706);
#8187=AXIS2_PLACEMENT_3D('',#10673,#8710,#8711);
#8188=AXIS2_PLACEMENT_3D('',#10679,#8715,#8716);
#8189=AXIS2_PLACEMENT_3D('',#10685,#8720,#8721);
#8190=AXIS2_PLACEMENT_3D('',#10691,#8725,#8726);
#8191=AXIS2_PLACEMENT_3D('',#10697,#8730,#8731);
#8192=AXIS2_PLACEMENT_3D('',#10703,#8735,#8736);
#8193=AXIS2_PLACEMENT_3D('',#10709,#8740,#8741);
#8194=AXIS2_PLACEMENT_3D('',#10715,#8745,#8746);
#8195=AXIS2_PLACEMENT_3D('',#10721,#8750,#8751);
#8196=AXIS2_PLACEMENT_3D('',#10727,#8755,#8756);
#8197=AXIS2_PLACEMENT_3D('',#10733,#8760,#8761);
#8198=AXIS2_PLACEMENT_3D('',#10739,#8765,#8766);
#8199=AXIS2_PLACEMENT_3D('',#10745,#8770,#8771);
#8200=AXIS2_PLACEMENT_3D('',#10751,#8775,#8776);
#8201=AXIS2_PLACEMENT_3D('',#10757,#8780,#8781);
#8202=AXIS2_PLACEMENT_3D('',#10763,#8785,#8786);
#8203=AXIS2_PLACEMENT_3D('',#10769,#8790,#8791);
#8204=AXIS2_PLACEMENT_3D('',#10775,#8795,#8796);
#8205=AXIS2_PLACEMENT_3D('',#10781,#8800,#8801);
#8206=AXIS2_PLACEMENT_3D('',#10787,#8805,#8806);
#8207=AXIS2_PLACEMENT_3D('',#10793,#8810,#8811);
#8208=AXIS2_PLACEMENT_3D('',#10799,#8815,#8816);
#8209=AXIS2_PLACEMENT_3D('',#10805,#8820,#8821);
#8210=AXIS2_PLACEMENT_3D('',#10811,#8825,#8826);
#8211=AXIS2_PLACEMENT_3D('',#10817,#8830,#8831);
#8212=AXIS2_PLACEMENT_3D('',#10823,#8835,#8836);
#8213=AXIS2_PLACEMENT_3D('',#10829,#8840,#8841);
#8214=AXIS2_PLACEMENT_3D('',#10835,#8845,#8846);
#8215=AXIS2_PLACEMENT_3D('',#10841,#8850,#8851);
#8216=AXIS2_PLACEMENT_3D('',#10847,#8855,#8856);
#8217=AXIS2_PLACEMENT_3D('',#10853,#8860,#8861);
#8218=AXIS2_PLACEMENT_3D('',#10859,#8865,#8866);
#8219=AXIS2_PLACEMENT_3D('',#10865,#8870,#8871);
#8220=AXIS2_PLACEMENT_3D('',#10871,#8875,#8876);
#8221=AXIS2_PLACEMENT_3D('',#10877,#8880,#8881);
#8222=AXIS2_PLACEMENT_3D('',#10883,#8885,#8886);
#8223=AXIS2_PLACEMENT_3D('',#10889,#8890,#8891);
#8224=AXIS2_PLACEMENT_3D('',#10895,#8895,#8896);
#8225=AXIS2_PLACEMENT_3D('',#10901,#8900,#8901);
#8226=AXIS2_PLACEMENT_3D('',#10907,#8905,#8906);
#8227=AXIS2_PLACEMENT_3D('',#10913,#8910,#8911);
#8228=AXIS2_PLACEMENT_3D('',#10919,#8915,#8916);
#8229=AXIS2_PLACEMENT_3D('',#10925,#8920,#8921);
#8230=AXIS2_PLACEMENT_3D('',#10931,#8925,#8926);
#8231=AXIS2_PLACEMENT_3D('',#10937,#8930,#8931);
#8232=AXIS2_PLACEMENT_3D('',#10943,#8935,#8936);
#8233=AXIS2_PLACEMENT_3D('',#10949,#8940,#8941);
#8234=AXIS2_PLACEMENT_3D('',#10955,#8945,#8946);
#8235=AXIS2_PLACEMENT_3D('',#10961,#8950,#8951);
#8236=AXIS2_PLACEMENT_3D('',#10967,#8955,#8956);
#8237=AXIS2_PLACEMENT_3D('',#10973,#8960,#8961);
#8238=AXIS2_PLACEMENT_3D('',#10979,#8965,#8966);
#8239=AXIS2_PLACEMENT_3D('',#10985,#8970,#8971);
#8240=AXIS2_PLACEMENT_3D('',#10991,#8975,#8976);
#8241=AXIS2_PLACEMENT_3D('',#10997,#8980,#8981);
#8242=AXIS2_PLACEMENT_3D('',#11003,#8985,#8986);
#8243=AXIS2_PLACEMENT_3D('',#11009,#8990,#8991);
#8244=AXIS2_PLACEMENT_3D('',#11015,#8995,#8996);
#8245=AXIS2_PLACEMENT_3D('',#11021,#9000,#9001);
#8246=AXIS2_PLACEMENT_3D('',#11027,#9005,#9006);
#8247=AXIS2_PLACEMENT_3D('',#11033,#9010,#9011);
#8248=AXIS2_PLACEMENT_3D('',#11039,#9015,#9016);
#8249=AXIS2_PLACEMENT_3D('',#11045,#9020,#9021);
#8250=AXIS2_PLACEMENT_3D('',#11051,#9025,#9026);
#8251=AXIS2_PLACEMENT_3D('',#11057,#9030,#9031);
#8252=AXIS2_PLACEMENT_3D('',#11063,#9035,#9036);
#8253=AXIS2_PLACEMENT_3D('',#11069,#9040,#9041);
#8254=AXIS2_PLACEMENT_3D('',#11075,#9045,#9046);
#8255=AXIS2_PLACEMENT_3D('',#11081,#9050,#9051);
#8256=AXIS2_PLACEMENT_3D('',#11087,#9055,#9056);
#8257=AXIS2_PLACEMENT_3D('',#11093,#9060,#9061);
#8258=AXIS2_PLACEMENT_3D('',#11099,#9065,#9066);
#8259=AXIS2_PLACEMENT_3D('',#11105,#9070,#9071);
#8260=AXIS2_PLACEMENT_3D('',#11111,#9075,#9076);
#8261=AXIS2_PLACEMENT_3D('',#11117,#9080,#9081);
#8262=AXIS2_PLACEMENT_3D('',#11123,#9085,#9086);
#8263=AXIS2_PLACEMENT_3D('',#11129,#9090,#9091);
#8264=AXIS2_PLACEMENT_3D('',#11135,#9095,#9096);
#8265=AXIS2_PLACEMENT_3D('',#11141,#9100,#9101);
#8266=AXIS2_PLACEMENT_3D('',#11147,#9105,#9106);
#8267=AXIS2_PLACEMENT_3D('',#11153,#9110,#9111);
#8268=AXIS2_PLACEMENT_3D('',#11159,#9115,#9116);
#8269=AXIS2_PLACEMENT_3D('',#11165,#9120,#9121);
#8270=AXIS2_PLACEMENT_3D('',#11171,#9125,#9126);
#8271=AXIS2_PLACEMENT_3D('',#11177,#9130,#9131);
#8272=AXIS2_PLACEMENT_3D('',#11183,#9135,#9136);
#8273=AXIS2_PLACEMENT_3D('',#11189,#9140,#9141);
#8274=AXIS2_PLACEMENT_3D('',#11195,#9145,#9146);
#8275=AXIS2_PLACEMENT_3D('',#11201,#9150,#9151);
#8276=AXIS2_PLACEMENT_3D('',#11207,#9155,#9156);
#8277=AXIS2_PLACEMENT_3D('',#11213,#9160,#9161);
#8278=AXIS2_PLACEMENT_3D('',#11219,#9165,#9166);
#8279=AXIS2_PLACEMENT_3D('',#11225,#9170,#9171);
#8280=AXIS2_PLACEMENT_3D('',#11231,#9175,#9176);
#8281=AXIS2_PLACEMENT_3D('',#11237,#9180,#9181);
#8282=AXIS2_PLACEMENT_3D('',#11243,#9185,#9186);
#8283=AXIS2_PLACEMENT_3D('',#11249,#9190,#9191);
#8284=AXIS2_PLACEMENT_3D('',#11255,#9195,#9196);
#8285=AXIS2_PLACEMENT_3D('',#11261,#9200,#9201);
#8286=AXIS2_PLACEMENT_3D('',#11267,#9205,#9206);
#8287=AXIS2_PLACEMENT_3D('',#11273,#9210,#9211);
#8288=AXIS2_PLACEMENT_3D('',#11279,#9215,#9216);
#8289=AXIS2_PLACEMENT_3D('',#11285,#9220,#9221);
#8290=AXIS2_PLACEMENT_3D('',#11291,#9225,#9226);
#8291=AXIS2_PLACEMENT_3D('',#11297,#9230,#9231);
#8292=AXIS2_PLACEMENT_3D('',#11303,#9235,#9236);
#8293=AXIS2_PLACEMENT_3D('',#11309,#9240,#9241);
#8294=AXIS2_PLACEMENT_3D('',#11315,#9245,#9246);
#8295=AXIS2_PLACEMENT_3D('',#11321,#9250,#9251);
#8296=AXIS2_PLACEMENT_3D('',#11327,#9255,#9256);
#8297=AXIS2_PLACEMENT_3D('',#11333,#9260,#9261);
#8298=AXIS2_PLACEMENT_3D('',#11339,#9265,#9266);
#8299=AXIS2_PLACEMENT_3D('',#11345,#9270,#9271);
#8300=AXIS2_PLACEMENT_3D('',#11351,#9275,#9276);
#8301=AXIS2_PLACEMENT_3D('',#11357,#9280,#9281);
#8302=AXIS2_PLACEMENT_3D('',#11363,#9285,#9286);
#8303=AXIS2_PLACEMENT_3D('',#11369,#9290,#9291);
#8304=AXIS2_PLACEMENT_3D('',#11375,#9295,#9296);
#8305=AXIS2_PLACEMENT_3D('',#11381,#9300,#9301);
#8306=AXIS2_PLACEMENT_3D('',#11387,#9305,#9306);
#8307=AXIS2_PLACEMENT_3D('',#11393,#9310,#9311);
#8308=AXIS2_PLACEMENT_3D('',#11399,#9315,#9316);
#8309=AXIS2_PLACEMENT_3D('',#11405,#9320,#9321);
#8310=AXIS2_PLACEMENT_3D('',#11411,#9325,#9326);
#8311=AXIS2_PLACEMENT_3D('',#11417,#9330,#9331);
#8312=AXIS2_PLACEMENT_3D('',#11423,#9335,#9336);
#8313=AXIS2_PLACEMENT_3D('',#11429,#9340,#9341);
#8314=AXIS2_PLACEMENT_3D('',#11435,#9345,#9346);
#8315=AXIS2_PLACEMENT_3D('',#11441,#9350,#9351);
#8316=AXIS2_PLACEMENT_3D('',#11447,#9355,#9356);
#8317=AXIS2_PLACEMENT_3D('',#11453,#9360,#9361);
#8318=AXIS2_PLACEMENT_3D('',#11459,#9365,#9366);
#8319=AXIS2_PLACEMENT_3D('',#11465,#9370,#9371);
#8320=AXIS2_PLACEMENT_3D('',#11471,#9375,#9376);
#8321=AXIS2_PLACEMENT_3D('',#11477,#9380,#9381);
#8322=AXIS2_PLACEMENT_3D('',#11483,#9385,#9386);
#8323=AXIS2_PLACEMENT_3D('',#11489,#9390,#9391);
#8324=AXIS2_PLACEMENT_3D('',#11495,#9395,#9396);
#8325=AXIS2_PLACEMENT_3D('',#11501,#9400,#9401);
#8326=AXIS2_PLACEMENT_3D('',#11507,#9405,#9406);
#8327=AXIS2_PLACEMENT_3D('',#11513,#9410,#9411);
#8328=AXIS2_PLACEMENT_3D('',#11519,#9415,#9416);
#8329=AXIS2_PLACEMENT_3D('',#11525,#9420,#9421);
#8330=AXIS2_PLACEMENT_3D('',#11531,#9425,#9426);
#8331=AXIS2_PLACEMENT_3D('',#11537,#9430,#9431);
#8332=AXIS2_PLACEMENT_3D('',#11543,#9435,#9436);
#8333=AXIS2_PLACEMENT_3D('',#11549,#9440,#9441);
#8334=AXIS2_PLACEMENT_3D('',#11555,#9445,#9446);
#8335=AXIS2_PLACEMENT_3D('',#11561,#9450,#9451);
#8336=AXIS2_PLACEMENT_3D('',#11567,#9455,#9456);
#8337=AXIS2_PLACEMENT_3D('',#11573,#9460,#9461);
#8338=AXIS2_PLACEMENT_3D('',#11579,#9465,#9466);
#8339=AXIS2_PLACEMENT_3D('',#11585,#9470,#9471);
#8340=AXIS2_PLACEMENT_3D('',#11591,#9475,#9476);
#8341=AXIS2_PLACEMENT_3D('',#11597,#9480,#9481);
#8342=AXIS2_PLACEMENT_3D('',#11603,#9485,#9486);
#8343=AXIS2_PLACEMENT_3D('',#11609,#9490,#9491);
#8344=AXIS2_PLACEMENT_3D('',#11615,#9495,#9496);
#8345=AXIS2_PLACEMENT_3D('',#11621,#9500,#9501);
#8346=AXIS2_PLACEMENT_3D('',#11627,#9505,#9506);
#8347=AXIS2_PLACEMENT_3D('',#11633,#9510,#9511);
#8348=AXIS2_PLACEMENT_3D('',#11639,#9515,#9516);
#8349=AXIS2_PLACEMENT_3D('',#11645,#9520,#9521);
#8350=AXIS2_PLACEMENT_3D('',#11651,#9525,#9526);
#8351=AXIS2_PLACEMENT_3D('',#11657,#9530,#9531);
#8352=AXIS2_PLACEMENT_3D('',#11663,#9535,#9536);
#8353=AXIS2_PLACEMENT_3D('',#11669,#9540,#9541);
#8354=AXIS2_PLACEMENT_3D('',#11675,#9545,#9546);
#8355=AXIS2_PLACEMENT_3D('',#11681,#9550,#9551);
#8356=AXIS2_PLACEMENT_3D('',#11687,#9555,#9556);
#8357=AXIS2_PLACEMENT_3D('',#11693,#9560,#9561);
#8358=AXIS2_PLACEMENT_3D('',#11699,#9565,#9566);
#8359=AXIS2_PLACEMENT_3D('',#11705,#9570,#9571);
#8360=AXIS2_PLACEMENT_3D('',#11711,#9575,#9576);
#8361=AXIS2_PLACEMENT_3D('',#11717,#9580,#9581);
#8362=AXIS2_PLACEMENT_3D('',#11723,#9585,#9586);
#8363=AXIS2_PLACEMENT_3D('',#11729,#9590,#9591);
#8364=AXIS2_PLACEMENT_3D('',#11735,#9595,#9596);
#8365=AXIS2_PLACEMENT_3D('',#11741,#9600,#9601);
#8366=AXIS2_PLACEMENT_3D('',#11747,#9605,#9606);
#8367=AXIS2_PLACEMENT_3D('',#11753,#9610,#9611);
#8368=AXIS2_PLACEMENT_3D('',#11759,#9615,#9616);
#8369=AXIS2_PLACEMENT_3D('',#11765,#9620,#9621);
#8370=AXIS2_PLACEMENT_3D('',#11771,#9625,#9626);
#8371=AXIS2_PLACEMENT_3D('',#11777,#9630,#9631);
#8372=AXIS2_PLACEMENT_3D('',#11783,#9635,#9636);
#8373=AXIS2_PLACEMENT_3D('',#11789,#9640,#9641);
#8374=AXIS2_PLACEMENT_3D('',#11795,#9645,#9646);
#8375=AXIS2_PLACEMENT_3D('',#11801,#9650,#9651);
#8376=AXIS2_PLACEMENT_3D('',#11807,#9655,#9656);
#8377=AXIS2_PLACEMENT_3D('',#11813,#9660,#9661);
#8378=AXIS2_PLACEMENT_3D('',#11819,#9665,#9666);
#8379=AXIS2_PLACEMENT_3D('',#11825,#9670,#9671);
#8380=AXIS2_PLACEMENT_3D('',#11831,#9675,#9676);
#8381=AXIS2_PLACEMENT_3D('',#11837,#9680,#9681);
#8382=AXIS2_PLACEMENT_3D('',#11843,#9685,#9686);
#8383=AXIS2_PLACEMENT_3D('',#11849,#9690,#9691);
#8384=AXIS2_PLACEMENT_3D('',#11855,#9695,#9696);
#8385=AXIS2_PLACEMENT_3D('',#11861,#9700,#9701);
#8386=AXIS2_PLACEMENT_3D('',#11867,#9705,#9706);
#8387=AXIS2_PLACEMENT_3D('',#11873,#9710,#9711);
#8388=AXIS2_PLACEMENT_3D('',#11879,#9715,#9716);
#8389=AXIS2_PLACEMENT_3D('',#11885,#9720,#9721);
#8390=AXIS2_PLACEMENT_3D('',#11891,#9725,#9726);
#8391=AXIS2_PLACEMENT_3D('',#11897,#9730,#9731);
#8392=AXIS2_PLACEMENT_3D('',#11903,#9735,#9736);
#8393=AXIS2_PLACEMENT_3D('',#11909,#9740,#9741);
#8394=AXIS2_PLACEMENT_3D('',#11915,#9745,#9746);
#8395=AXIS2_PLACEMENT_3D('',#11921,#9750,#9751);
#8396=AXIS2_PLACEMENT_3D('',#11927,#9755,#9756);
#8397=AXIS2_PLACEMENT_3D('',#11933,#9760,#9761);
#8398=AXIS2_PLACEMENT_3D('',#11939,#9765,#9766);
#8399=AXIS2_PLACEMENT_3D('',#11945,#9770,#9771);
#8400=AXIS2_PLACEMENT_3D('',#11951,#9775,#9776);
#8401=AXIS2_PLACEMENT_3D('',#11957,#9780,#9781);
#8402=AXIS2_PLACEMENT_3D('',#11963,#9785,#9786);
#8403=AXIS2_PLACEMENT_3D('',#11969,#9790,#9791);
#8404=AXIS2_PLACEMENT_3D('',#11975,#9795,#9796);
#8405=AXIS2_PLACEMENT_3D('',#11981,#9800,#9801);
#8406=AXIS2_PLACEMENT_3D('',#11987,#9805,#9806);
#8407=AXIS2_PLACEMENT_3D('',#11993,#9810,#9811);
#8408=AXIS2_PLACEMENT_3D('',#11999,#9815,#9816);
#8409=AXIS2_PLACEMENT_3D('',#12005,#9820,#9821);
#8410=AXIS2_PLACEMENT_3D('',#12011,#9825,#9826);
#8411=AXIS2_PLACEMENT_3D('',#12017,#9830,#9831);
#8412=AXIS2_PLACEMENT_3D('',#12023,#9835,#9836);
#8413=AXIS2_PLACEMENT_3D('',#12029,#9840,#9841);
#8414=AXIS2_PLACEMENT_3D('',#12035,#9845,#9846);
#8415=AXIS2_PLACEMENT_3D('',#12041,#9850,#9851);
#8416=AXIS2_PLACEMENT_3D('',#12047,#9855,#9856);
#8417=AXIS2_PLACEMENT_3D('',#12053,#9860,#9861);
#8418=AXIS2_PLACEMENT_3D('',#12059,#9865,#9866);
#8419=AXIS2_PLACEMENT_3D('',#12065,#9870,#9871);
#8420=AXIS2_PLACEMENT_3D('',#12071,#9875,#9876);
#8421=AXIS2_PLACEMENT_3D('',#12077,#9880,#9881);
#8422=AXIS2_PLACEMENT_3D('',#12083,#9885,#9886);
#8423=AXIS2_PLACEMENT_3D('',#12089,#9890,#9891);
#8424=AXIS2_PLACEMENT_3D('',#12095,#9895,#9896);
#8425=AXIS2_PLACEMENT_3D('',#12101,#9900,#9901);
#8426=AXIS2_PLACEMENT_3D('',#12107,#9905,#9906);
#8427=AXIS2_PLACEMENT_3D('',#12113,#9910,#9911);
#8428=AXIS2_PLACEMENT_3D('',#12119,#9915,#9916);
#8429=AXIS2_PLACEMENT_3D('',#12125,#9920,#9921);
#8430=AXIS2_PLACEMENT_3D('',#12131,#9925,#9926);
#8431=AXIS2_PLACEMENT_3D('',#12137,#9930,#9931);
#8432=AXIS2_PLACEMENT_3D('',#12143,#9935,#9936);
#8433=AXIS2_PLACEMENT_3D('',#12149,#9940,#9941);
#8434=AXIS2_PLACEMENT_3D('',#12155,#9945,#9946);
#8435=AXIS2_PLACEMENT_3D('',#12161,#9950,#9951);
#8436=AXIS2_PLACEMENT_3D('',#12167,#9955,#9956);
#8437=AXIS2_PLACEMENT_3D('',#12173,#9960,#9961);
#8438=AXIS2_PLACEMENT_3D('',#12179,#9965,#9966);
#8439=AXIS2_PLACEMENT_3D('',#12185,#9970,#9971);
#8440=AXIS2_PLACEMENT_3D('',#12191,#9975,#9976);
#8441=AXIS2_PLACEMENT_3D('',#12197,#9980,#9981);
#8442=AXIS2_PLACEMENT_3D('',#12203,#9985,#9986);
#8443=AXIS2_PLACEMENT_3D('',#12209,#9990,#9991);
#8444=AXIS2_PLACEMENT_3D('',#12215,#9995,#9996);
#8445=AXIS2_PLACEMENT_3D('',#12221,#10000,#10001);
#8446=AXIS2_PLACEMENT_3D('',#12227,#10005,#10006);
#8447=AXIS2_PLACEMENT_3D('',#12233,#10010,#10011);
#8448=AXIS2_PLACEMENT_3D('',#12239,#10015,#10016);
#8449=AXIS2_PLACEMENT_3D('',#12245,#10020,#10021);
#8450=AXIS2_PLACEMENT_3D('',#12251,#10025,#10026);
#8451=AXIS2_PLACEMENT_3D('',#12257,#10030,#10031);
#8452=AXIS2_PLACEMENT_3D('',#12263,#10035,#10036);
#8453=AXIS2_PLACEMENT_3D('',#12269,#10040,#10041);
#8454=AXIS2_PLACEMENT_3D('',#12275,#10045,#10046);
#8455=AXIS2_PLACEMENT_3D('',#12281,#10050,#10051);
#8456=AXIS2_PLACEMENT_3D('',#12287,#10055,#10056);
#8457=AXIS2_PLACEMENT_3D('',#12293,#10060,#10061);
#8458=AXIS2_PLACEMENT_3D('',#12299,#10065,#10066);
#8459=AXIS2_PLACEMENT_3D('',#12305,#10070,#10071);
#8460=AXIS2_PLACEMENT_3D('',#12311,#10075,#10076);
#8461=AXIS2_PLACEMENT_3D('',#12317,#10080,#10081);
#8462=AXIS2_PLACEMENT_3D('',#12323,#10085,#10086);
#8463=AXIS2_PLACEMENT_3D('',#12329,#10090,#10091);
#8464=AXIS2_PLACEMENT_3D('',#12335,#10095,#10096);
#8465=AXIS2_PLACEMENT_3D('',#12341,#10100,#10101);
#8466=AXIS2_PLACEMENT_3D('',#12347,#10105,#10106);
#8467=AXIS2_PLACEMENT_3D('',#12353,#10110,#10111);
#8468=AXIS2_PLACEMENT_3D('',#12359,#10115,#10116);
#8469=AXIS2_PLACEMENT_3D('',#12365,#10120,#10121);
#8470=AXIS2_PLACEMENT_3D('',#12371,#10125,#10126);
#8471=AXIS2_PLACEMENT_3D('',#12377,#10130,#10131);
#8472=AXIS2_PLACEMENT_3D('',#12383,#10135,#10136);
#8473=AXIS2_PLACEMENT_3D('',#12389,#10140,#10141);
#8474=AXIS2_PLACEMENT_3D('',#12395,#10145,#10146);
#8475=AXIS2_PLACEMENT_3D('',#12401,#10150,#10151);
#8476=AXIS2_PLACEMENT_3D('',#12407,#10155,#10156);
#8477=AXIS2_PLACEMENT_3D('',#12413,#10160,#10161);
#8478=AXIS2_PLACEMENT_3D('',#12419,#10165,#10166);
#8479=AXIS2_PLACEMENT_3D('',#12425,#10170,#10171);
#8480=AXIS2_PLACEMENT_3D('',#12431,#10175,#10176);
#8481=AXIS2_PLACEMENT_3D('',#12437,#10180,#10181);
#8482=AXIS2_PLACEMENT_3D('',#12443,#10185,#10186);
#8483=AXIS2_PLACEMENT_3D('',#12449,#10190,#10191);
#8484=AXIS2_PLACEMENT_3D('',#12455,#10195,#10196);
#8485=AXIS2_PLACEMENT_3D('',#12461,#10200,#10201);
#8486=AXIS2_PLACEMENT_3D('',#12467,#10205,#10206);
#8487=AXIS2_PLACEMENT_3D('',#12473,#10210,#10211);
#8488=AXIS2_PLACEMENT_3D('',#12479,#10215,#10216);
#8489=AXIS2_PLACEMENT_3D('',#12485,#10220,#10221);
#8490=AXIS2_PLACEMENT_3D('',#12491,#10225,#10226);
#8491=AXIS2_PLACEMENT_3D('',#12497,#10230,#10231);
#8492=AXIS2_PLACEMENT_3D('',#12503,#10235,#10236);
#8493=AXIS2_PLACEMENT_3D('',#12509,#10240,#10241);
#8494=AXIS2_PLACEMENT_3D('',#12515,#10245,#10246);
#8495=AXIS2_PLACEMENT_3D('',#12521,#10250,#10251);
#8496=AXIS2_PLACEMENT_3D('',#12527,#10255,#10256);
#8497=AXIS2_PLACEMENT_3D('',#12533,#10260,#10261);
#8498=AXIS2_PLACEMENT_3D('',#12539,#10265,#10266);
#8499=AXIS2_PLACEMENT_3D('',#12545,#10270,#10271);
#8500=AXIS2_PLACEMENT_3D('',#12551,#10275,#10276);
#8501=AXIS2_PLACEMENT_3D('',#12557,#10280,#10281);
#8502=AXIS2_PLACEMENT_3D('',#12563,#10285,#10286);
#8503=AXIS2_PLACEMENT_3D('',#12569,#10290,#10291);
#8504=AXIS2_PLACEMENT_3D('',#12575,#10295,#10296);
#8505=AXIS2_PLACEMENT_3D('',#12581,#10300,#10301);
#8506=AXIS2_PLACEMENT_3D('',#12587,#10305,#10306);
#8507=AXIS2_PLACEMENT_3D('',#12593,#10310,#10311);
#8508=AXIS2_PLACEMENT_3D('',#12599,#10315,#10316);
#8509=AXIS2_PLACEMENT_3D('',#12605,#10320,#10321);
#8510=AXIS2_PLACEMENT_3D('',#12611,#10325,#10326);
#8511=AXIS2_PLACEMENT_3D('',#12617,#10330,#10331);
#8512=AXIS2_PLACEMENT_3D('',#12623,#10335,#10336);
#8513=AXIS2_PLACEMENT_3D('',#12629,#10340,#10341);
#8514=AXIS2_PLACEMENT_3D('',#12635,#10345,#10346);
#8515=AXIS2_PLACEMENT_3D('',#12641,#10350,#10351);
#8516=AXIS2_PLACEMENT_3D('',#12647,#10355,#10356);
#8517=AXIS2_PLACEMENT_3D('',#12653,#10360,#10361);
#8518=AXIS2_PLACEMENT_3D('',#12659,#10365,#10366);
#8519=AXIS2_PLACEMENT_3D('',#12665,#10370,#10371);
#8520=AXIS2_PLACEMENT_3D('',#12671,#10375,#10376);
#8521=AXIS2_PLACEMENT_3D('',#12677,#10380,#10381);
#8522=AXIS2_PLACEMENT_3D('',#12683,#10385,#10386);
#8523=AXIS2_PLACEMENT_3D('',#12689,#10390,#10391);
#8524=AXIS2_PLACEMENT_3D('',#12695,#10395,#10396);
#8525=AXIS2_PLACEMENT_3D('',#12701,#10400,#10401);
#8526=AXIS2_PLACEMENT_3D('',#12707,#10405,#10406);
#8527=AXIS2_PLACEMENT_3D('',#12713,#10410,#10411);
#8528=AXIS2_PLACEMENT_3D('',#12719,#10415,#10416);
#8529=AXIS2_PLACEMENT_3D('',#12725,#10420,#10421);
#8530=AXIS2_PLACEMENT_3D('',#12731,#10425,#10426);
#8531=AXIS2_PLACEMENT_3D('',#12737,#10430,#10431);
#8532=AXIS2_PLACEMENT_3D('',#12743,#10435,#10436);
#8533=AXIS2_PLACEMENT_3D('',#12749,#10440,#10441);
#8534=AXIS2_PLACEMENT_3D('',#12755,#10445,#10446);
#8535=AXIS2_PLACEMENT_3D('',#12761,#10450,#10451);
#8536=AXIS2_PLACEMENT_3D('',#12767,#10455,#10456);
#8537=AXIS2_PLACEMENT_3D('',#12773,#10460,#10461);
#8538=AXIS2_PLACEMENT_3D('',#12779,#10465,#10466);
#8539=AXIS2_PLACEMENT_3D('',#12785,#10470,#10471);
#8540=AXIS2_PLACEMENT_3D('',#12791,#10475,#10476);
#8541=AXIS2_PLACEMENT_3D('',#12797,#10480,#10481);
#8542=AXIS2_PLACEMENT_3D('',#12800,#10484,#10485);
#8543=AXIS2_PLACEMENT_3D('',#12801,#10486,#10487);
#8544=DIRECTION('',(0.,0.,1.));
#8545=DIRECTION('',(1.,0.,0.));
#8546=DIRECTION('',(0.,0.,-1.));
#8547=DIRECTION('',(-1.,0.,0.));
#8548=DIRECTION('',(0.,0.,1.));
#8549=DIRECTION('',(1.,0.,0.));
#8550=DIRECTION('',(0.,0.,1.));
#8551=DIRECTION('',(1.,0.,0.));
#8552=DIRECTION('',(0.,0.,-1.));
#8553=DIRECTION('',(-1.,0.,0.));
#8554=DIRECTION('',(0.,0.,1.));
#8555=DIRECTION('',(1.,0.,0.));
#8556=DIRECTION('',(0.,0.,1.));
#8557=DIRECTION('',(1.,0.,0.));
#8558=DIRECTION('',(0.,0.,-1.));
#8559=DIRECTION('',(-1.,0.,0.));
#8560=DIRECTION('',(0.,0.,1.));
#8561=DIRECTION('',(1.,0.,0.));
#8562=DIRECTION('',(0.,0.,1.));
#8563=DIRECTION('',(1.,0.,0.));
#8564=DIRECTION('',(0.,0.,-1.));
#8565=DIRECTION('',(-1.,0.,0.));
#8566=DIRECTION('',(0.,0.,1.));
#8567=DIRECTION('',(1.,0.,0.));
#8568=DIRECTION('',(0.,0.,1.));
#8569=DIRECTION('',(1.,0.,0.));
#8570=DIRECTION('',(0.,0.,-1.));
#8571=DIRECTION('',(-1.,0.,0.));
#8572=DIRECTION('',(0.,0.,1.));
#8573=DIRECTION('',(1.,0.,0.));
#8574=DIRECTION('',(0.,0.,1.));
#8575=DIRECTION('',(1.,0.,0.));
#8576=DIRECTION('',(0.,0.,-1.));
#8577=DIRECTION('',(-1.,0.,0.));
#8578=DIRECTION('',(0.,0.,1.));
#8579=DIRECTION('',(1.,0.,0.));
#8580=DIRECTION('',(0.,0.,1.));
#8581=DIRECTION('',(1.,0.,0.));
#8582=DIRECTION('',(0.,0.,1.));
#8583=DIRECTION('',(1.,0.,0.));
#8584=DIRECTION('',(-0.981707655921079,0.19039453328796,0.));
#8585=DIRECTION('',(-0.19039453328796,-0.981707655921079,0.));
#8586=DIRECTION('',(0.19039453328796,0.981707655921079,0.));
#8587=DIRECTION('',(0.,0.,-1.));
#8588=DIRECTION('',(0.19039453328796,0.981707655921079,0.));
#8589=DIRECTION('',(0.,0.,-1.));
#8590=DIRECTION('',(-0.992494609682649,0.12228838763712,0.));
#8591=DIRECTION('',(-0.12228838763712,-0.992494609682649,0.));
#8592=DIRECTION('',(0.12228838763712,0.992494609682649,0.));
#8593=DIRECTION('',(0.,0.,-1.));
#8594=DIRECTION('',(0.12228838763712,0.992494609682649,0.));
#8595=DIRECTION('',(0.0879969026366998,0.996120748266166,0.));
#8596=DIRECTION('',(-0.996120748266166,0.0879969026366999,0.));
#8597=DIRECTION('',(0.996120748266166,-0.0879969026366999,0.));
#8598=DIRECTION('',(0.,0.,-1.));
#8599=DIRECTION('',(0.996120748266166,-0.0879969026366999,0.));
#8600=DIRECTION('',(-0.0719462138981431,0.997408513251076,0.));
#8601=DIRECTION('',(-0.997408513251077,-0.0719462138981431,0.));
#8602=DIRECTION('',(0.997408513251076,0.0719462138981431,0.));
#8603=DIRECTION('',(0.,0.,-1.));
#8604=DIRECTION('',(0.997408513251076,0.0719462138981431,0.));
#8605=DIRECTION('',(-0.204483412825455,0.978870029104607,0.));
#8606=DIRECTION('',(-0.978870029104607,-0.204483412825455,0.));
#8607=DIRECTION('',(0.978870029104607,0.204483412825455,0.));
#8608=DIRECTION('',(0.,0.,-1.));
#8609=DIRECTION('',(0.978870029104607,0.204483412825455,0.));
#8610=DIRECTION('',(-0.290884374977742,0.956758214176293,0.));
#8611=DIRECTION('',(-0.956758214176293,-0.290884374977742,0.));
#8612=DIRECTION('',(0.956758214176293,0.290884374977742,0.));
#8613=DIRECTION('',(0.,0.,-1.));
#8614=DIRECTION('',(0.956758214176293,0.290884374977742,0.));
#8615=DIRECTION('',(-0.360470780904553,0.932770505598275,0.));
#8616=DIRECTION('',(-0.932770505598275,-0.360470780904553,0.));
#8617=DIRECTION('',(0.932770505598275,0.360470780904553,0.));
#8618=DIRECTION('',(0.,0.,-1.));
#8619=DIRECTION('',(0.932770505598275,0.360470780904553,0.));
#8620=DIRECTION('',(-0.420112789484635,0.907471897146925,0.));
#8621=DIRECTION('',(-0.907471897146925,-0.420112789484635,0.));
#8622=DIRECTION('',(0.907471897146925,0.420112789484635,0.));
#8623=DIRECTION('',(0.,0.,-1.));
#8624=DIRECTION('',(0.907471897146925,0.420112789484635,0.));
#8625=DIRECTION('',(-0.472859629294963,0.881137770716379,0.));
#8626=DIRECTION('',(-0.881137770716379,-0.472859629294963,0.));
#8627=DIRECTION('',(0.881137770716379,0.472859629294963,0.));
#8628=DIRECTION('',(0.,0.,-1.));
#8629=DIRECTION('',(0.881137770716379,0.472859629294963,0.));
#8630=DIRECTION('',(-0.999846854168809,0.017500520241893,0.));
#8631=DIRECTION('',(-0.017500520241893,-0.999846854168809,0.));
#8632=DIRECTION('',(0.017500520241893,0.999846854168809,0.));
#8633=DIRECTION('',(0.,0.,-1.));
#8634=DIRECTION('',(0.017500520241893,0.999846854168809,0.));
#8635=DIRECTION('',(-1.,0.,0.));
#8636=DIRECTION('',(0.,0.,1.));
#8637=DIRECTION('',(0.,1.,0.));
#8638=DIRECTION('',(0.,0.,-1.));
#8639=DIRECTION('',(0.,1.,0.));
#8640=DIRECTION('',(-0.999846854168809,-0.017500520241893,0.));
#8641=DIRECTION('',(0.017500520241893,-0.999846854168809,0.));
#8642=DIRECTION('',(-0.017500520241893,0.999846854168809,0.));
#8643=DIRECTION('',(0.,0.,-1.));
#8644=DIRECTION('',(-0.017500520241893,0.999846854168809,0.));
#8645=DIRECTION('',(-0.472859629294963,-0.881137770716379,0.));
#8646=DIRECTION('',(0.881137770716379,-0.472859629294963,0.));
#8647=DIRECTION('',(-0.881137770716379,0.472859629294963,0.));
#8648=DIRECTION('',(0.,0.,-1.));
#8649=DIRECTION('',(-0.881137770716379,0.472859629294963,0.));
#8650=DIRECTION('',(-0.420112789484635,-0.907471897146925,0.));
#8651=DIRECTION('',(0.907471897146925,-0.420112789484635,0.));
#8652=DIRECTION('',(-0.907471897146925,0.420112789484635,0.));
#8653=DIRECTION('',(0.,0.,-1.));
#8654=DIRECTION('',(-0.907471897146925,0.420112789484635,0.));
#8655=DIRECTION('',(-0.360470780904553,-0.932770505598275,0.));
#8656=DIRECTION('',(0.932770505598275,-0.360470780904553,0.));
#8657=DIRECTION('',(-0.932770505598275,0.360470780904553,0.));
#8658=DIRECTION('',(0.,0.,-1.));
#8659=DIRECTION('',(-0.932770505598275,0.360470780904553,0.));
#8660=DIRECTION('',(-0.290884374977742,-0.956758214176293,0.));
#8661=DIRECTION('',(0.956758214176293,-0.290884374977742,0.));
#8662=DIRECTION('',(-0.956758214176293,0.290884374977742,0.));
#8663=DIRECTION('',(0.,0.,-1.));
#8664=DIRECTION('',(-0.956758214176293,0.290884374977742,0.));
#8665=DIRECTION('',(-0.204483412825455,-0.978870029104607,0.));
#8666=DIRECTION('',(0.978870029104607,-0.204483412825455,0.));
#8667=DIRECTION('',(-0.978870029104607,0.204483412825455,0.));
#8668=DIRECTION('',(0.,0.,-1.));
#8669=DIRECTION('',(-0.978870029104607,0.204483412825455,0.));
#8670=DIRECTION('',(-0.0719462138981431,-0.997408513251076,0.));
#8671=DIRECTION('',(0.997408513251077,-0.0719462138981431,0.));
#8672=DIRECTION('',(-0.997408513251076,0.0719462138981431,0.));
#8673=DIRECTION('',(0.,0.,-1.));
#8674=DIRECTION('',(-0.997408513251076,0.0719462138981431,0.));
#8675=DIRECTION('',(0.0879969026366998,-0.996120748266166,0.));
#8676=DIRECTION('',(0.996120748266166,0.0879969026366999,0.));
#8677=DIRECTION('',(-0.996120748266166,-0.0879969026366999,0.));
#8678=DIRECTION('',(0.,0.,-1.));
#8679=DIRECTION('',(-0.996120748266166,-0.0879969026366999,0.));
#8680=DIRECTION('',(-0.992494609682649,-0.12228838763712,0.));
#8681=DIRECTION('',(0.12228838763712,-0.992494609682649,0.));
#8682=DIRECTION('',(-0.12228838763712,0.992494609682649,0.));
#8683=DIRECTION('',(0.,0.,-1.));
#8684=DIRECTION('',(-0.12228838763712,0.992494609682649,0.));
#8685=DIRECTION('',(-0.981707655921079,-0.19039453328796,0.));
#8686=DIRECTION('',(0.19039453328796,-0.981707655921079,0.));
#8687=DIRECTION('',(-0.19039453328796,0.981707655921079,0.));
#8688=DIRECTION('',(0.,0.,-1.));
#8689=DIRECTION('',(-0.19039453328796,0.981707655921079,0.));
#8690=DIRECTION('',(-0.224128211997311,0.97455966702244,0.));
#8691=DIRECTION('',(-0.97455966702244,-0.224128211997311,0.));
#8692=DIRECTION('',(0.97455966702244,0.224128211997311,0.));
#8693=DIRECTION('',(0.,0.,-1.));
#8694=DIRECTION('',(0.97455966702244,0.224128211997311,0.));
#8695=DIRECTION('',(-0.376641096479426,0.926359263160236,0.));
#8696=DIRECTION('',(-0.926359263160236,-0.376641096479426,0.));
#8697=DIRECTION('',(0.926359263160236,0.376641096479426,0.));
#8698=DIRECTION('',(0.,0.,-1.));
#8699=DIRECTION('',(0.926359263160236,0.376641096479426,0.));
#8700=DIRECTION('',(-0.496962756519543,0.86777187015511,0.));
#8701=DIRECTION('',(-0.86777187015511,-0.496962756519543,0.));
#8702=DIRECTION('',(0.86777187015511,0.496962756519543,0.));
#8703=DIRECTION('',(0.,0.,-1.));
#8704=DIRECTION('',(0.86777187015511,0.496962756519543,0.));
#8705=DIRECTION('',(-0.572302027999325,0.82004291884502,0.));
#8706=DIRECTION('',(-0.82004291884502,-0.572302027999325,0.));
#8707=DIRECTION('',(0.82004291884502,0.572302027999325,0.));
#8708=DIRECTION('',(0.,0.,-1.));
#8709=DIRECTION('',(0.82004291884502,0.572302027999325,0.));
#8710=DIRECTION('',(-0.631070023194857,0.775725870282049,0.));
#8711=DIRECTION('',(-0.775725870282049,-0.631070023194857,0.));
#8712=DIRECTION('',(0.775725870282049,0.631070023194857,0.));
#8713=DIRECTION('',(0.,0.,-1.));
#8714=DIRECTION('',(0.775725870282049,0.631070023194857,0.));
#8715=DIRECTION('',(-0.67997524415437,0.733235069631292,0.));
#8716=DIRECTION('',(-0.733235069631292,-0.67997524415437,0.));
#8717=DIRECTION('',(0.733235069631292,0.67997524415437,0.));
#8718=DIRECTION('',(0.,0.,-1.));
#8719=DIRECTION('',(0.733235069631292,0.67997524415437,0.));
#8720=DIRECTION('',(-0.722002777270904,0.691890157187614,0.));
#8721=DIRECTION('',(-0.691890157187614,-0.722002777270904,0.));
#8722=DIRECTION('',(0.691890157187614,0.722002777270904,0.));
#8723=DIRECTION('',(0.,0.,-1.));
#8724=DIRECTION('',(0.691890157187614,0.722002777270904,0.));
#8725=DIRECTION('',(-0.956318824119608,-0.292325685895868,0.));
#8726=DIRECTION('',(0.292325685895868,-0.956318824119608,0.));
#8727=DIRECTION('',(-0.292325685895868,0.956318824119608,0.));
#8728=DIRECTION('',(0.,0.,-1.));
#8729=DIRECTION('',(-0.292325685895868,0.956318824119608,0.));
#8730=DIRECTION('',(-0.951056516295151,-0.309016994374955,0.));
#8731=DIRECTION('',(0.309016994374955,-0.951056516295151,0.));
#8732=DIRECTION('',(-0.309016994374955,0.951056516295151,0.));
#8733=DIRECTION('',(0.,0.,-1.));
#8734=DIRECTION('',(-0.309016994374955,0.951056516295151,0.));
#8735=DIRECTION('',(-0.945502907789303,-0.325613653525112,0.));
#8736=DIRECTION('',(0.325613653525112,-0.945502907789304,0.));
#8737=DIRECTION('',(-0.325613653525112,0.945502907789304,0.));
#8738=DIRECTION('',(0.,0.,-1.));
#8739=DIRECTION('',(-0.325613653525112,0.945502907789304,0.));
#8740=DIRECTION('',(-0.177429686196869,-0.984133479999578,0.));
#8741=DIRECTION('',(0.984133479999578,-0.177429686196869,0.));
#8742=DIRECTION('',(-0.984133479999578,0.177429686196869,0.));
#8743=DIRECTION('',(0.,0.,-1.));
#8744=DIRECTION('',(-0.984133479999578,0.177429686196869,0.));
#8745=DIRECTION('',(-0.119126767882222,-0.992879052641325,0.));
#8746=DIRECTION('',(0.992879052641325,-0.119126767882222,0.));
#8747=DIRECTION('',(-0.992879052641325,0.119126767882222,0.));
#8748=DIRECTION('',(0.,0.,-1.));
#8749=DIRECTION('',(-0.992879052641325,0.119126767882222,0.));
#8750=DIRECTION('',(-0.0545861470316963,-0.99850906483228,0.));
#8751=DIRECTION('',(0.99850906483228,-0.0545861470316963,0.));
#8752=DIRECTION('',(-0.99850906483228,0.0545861470316963,0.));
#8753=DIRECTION('',(0.,0.,-1.));
#8754=DIRECTION('',(-0.99850906483228,0.0545861470316963,0.));
#8755=DIRECTION('',(0.0190070673772757,-0.999819349377534,0.));
#8756=DIRECTION('',(0.999819349377534,0.0190070673772757,0.));
#8757=DIRECTION('',(-0.999819349377534,-0.0190070673772757,0.));
#8758=DIRECTION('',(0.,0.,-1.));
#8759=DIRECTION('',(-0.999819349377534,-0.0190070673772757,0.));
#8760=DIRECTION('',(0.108012192035701,-0.994149569416817,0.));
#8761=DIRECTION('',(0.994149569416817,0.108012192035701,0.));
#8762=DIRECTION('',(-0.994149569416817,-0.108012192035701,0.));
#8763=DIRECTION('',(0.,0.,-1.));
#8764=DIRECTION('',(-0.994149569416817,-0.108012192035701,0.));
#8765=DIRECTION('',(0.239791265378237,-0.970824468711159,0.));
#8766=DIRECTION('',(0.970824468711159,0.239791265378237,0.));
#8767=DIRECTION('',(-0.970824468711159,-0.239791265378237,0.));
#8768=DIRECTION('',(0.,0.,-1.));
#8769=DIRECTION('',(-0.970824468711159,-0.239791265378237,0.));
#8770=DIRECTION('',(0.391508267330157,-0.920174590288244,0.));
#8771=DIRECTION('',(0.920174590288245,0.391508267330157,0.));
#8772=DIRECTION('',(-0.920174590288245,-0.391508267330157,0.));
#8773=DIRECTION('',(0.,0.,-1.));
#8774=DIRECTION('',(-0.920174590288245,-0.391508267330157,0.));
#8775=DIRECTION('',(-0.906129275931917,-0.423000869146979,0.));
#8776=DIRECTION('',(0.423000869146979,-0.906129275931917,0.));
#8777=DIRECTION('',(-0.423000869146979,0.906129275931917,0.));
#8778=DIRECTION('',(0.,0.,-1.));
#8779=DIRECTION('',(-0.423000869146979,0.906129275931917,0.));
#8780=DIRECTION('',(-0.874824316838517,-0.484440310738095,0.));
#8781=DIRECTION('',(0.484440310738095,-0.874824316838517,0.));
#8782=DIRECTION('',(-0.484440310738095,0.874824316838517,0.));
#8783=DIRECTION('',(0.,0.,-1.));
#8784=DIRECTION('',(-0.484440310738095,0.874824316838517,0.));
#8785=DIRECTION('',(-0.514314095647948,0.857601895414086,0.));
#8786=DIRECTION('',(-0.857601895414086,-0.514314095647948,0.));
#8787=DIRECTION('',(0.857601895414086,0.514314095647948,0.));
#8788=DIRECTION('',(0.,0.,-1.));
#8789=DIRECTION('',(0.857601895414086,0.514314095647948,0.));
#8790=DIRECTION('',(-0.644467724324477,0.764631514066763,0.));
#8791=DIRECTION('',(-0.764631514066763,-0.644467724324477,0.));
#8792=DIRECTION('',(0.764631514066763,0.644467724324477,0.));
#8793=DIRECTION('',(0.,0.,-1.));
#8794=DIRECTION('',(0.764631514066763,0.644467724324477,0.));
#8795=DIRECTION('',(-0.740795923062373,0.671730154432691,0.));
#8796=DIRECTION('',(-0.671730154432691,-0.740795923062373,0.));
#8797=DIRECTION('',(0.671730154432691,0.740795923062373,0.));
#8798=DIRECTION('',(0.,0.,-1.));
#8799=DIRECTION('',(0.671730154432691,0.740795923062373,0.));
#8800=DIRECTION('',(-0.797698771057635,0.603056109042218,0.));
#8801=DIRECTION('',(-0.603056109042218,-0.797698771057635,0.));
#8802=DIRECTION('',(0.603056109042218,0.797698771057635,0.));
#8803=DIRECTION('',(0.,0.,-1.));
#8804=DIRECTION('',(0.603056109042218,0.797698771057635,0.));
#8805=DIRECTION('',(-0.83989573469145,0.542747781982671,0.));
#8806=DIRECTION('',(-0.542747781982671,-0.83989573469145,0.));
#8807=DIRECTION('',(0.542747781982671,0.83989573469145,0.));
#8808=DIRECTION('',(0.,0.,-1.));
#8809=DIRECTION('',(0.542747781982671,0.83989573469145,0.));
#8810=DIRECTION('',(-0.873276984260169,0.487224084751016,0.));
#8811=DIRECTION('',(-0.487224084751016,-0.873276984260169,0.));
#8812=DIRECTION('',(0.487224084751016,0.873276984260169,0.));
#8813=DIRECTION('',(0.,0.,-1.));
#8814=DIRECTION('',(0.487224084751016,0.873276984260169,0.));
#8815=DIRECTION('',(-0.900471262918421,0.434915514391133,0.));
#8816=DIRECTION('',(-0.434915514391133,-0.900471262918421,0.));
#8817=DIRECTION('',(0.434915514391133,0.900471262918421,0.));
#8818=DIRECTION('',(0.,0.,-1.));
#8819=DIRECTION('',(0.434915514391133,0.900471262918421,0.));
#8820=DIRECTION('',(-0.819179644500538,-0.573537017145338,0.));
#8821=DIRECTION('',(0.573537017145338,-0.819179644500538,0.));
#8822=DIRECTION('',(-0.573537017145338,0.819179644500538,0.));
#8823=DIRECTION('',(0.,0.,-1.));
#8824=DIRECTION('',(-0.573537017145338,0.819179644500538,0.));
#8825=DIRECTION('',(-0.80901699437495,-0.587785252292469,0.));
#8826=DIRECTION('',(0.58778525229247,-0.80901699437495,0.));
#8827=DIRECTION('',(-0.58778525229247,0.80901699437495,0.));
#8828=DIRECTION('',(0.,0.,-1.));
#8829=DIRECTION('',(-0.58778525229247,0.80901699437495,0.));
#8830=DIRECTION('',(-0.798606549089257,-0.601853453717554,0.));
#8831=DIRECTION('',(0.601853453717554,-0.798606549089257,0.));
#8832=DIRECTION('',(-0.601853453717554,0.798606549089257,0.));
#8833=DIRECTION('',(0.,0.,-1.));
#8834=DIRECTION('',(-0.601853453717554,0.798606549089257,0.));
#8835=DIRECTION('',(0.135368310811492,-0.990795347399272,0.));
#8836=DIRECTION('',(0.990795347399272,0.135368310811492,0.));
#8837=DIRECTION('',(-0.990795347399272,-0.135368310811492,0.));
#8838=DIRECTION('',(0.,0.,-1.));
#8839=DIRECTION('',(-0.990795347399272,-0.135368310811492,0.));
#8840=DIRECTION('',(0.193520211765499,-0.981096288668057,0.));
#8841=DIRECTION('',(0.981096288668058,0.193520211765499,0.));
#8842=DIRECTION('',(-0.981096288668058,-0.193520211765499,0.));
#8843=DIRECTION('',(0.,0.,-1.));
#8844=DIRECTION('',(-0.981096288668058,-0.193520211765499,0.));
#8845=DIRECTION('',(0.256641759236667,-0.966506599778764,0.));
#8846=DIRECTION('',(0.966506599778765,0.256641759236667,0.));
#8847=DIRECTION('',(-0.966506599778764,-0.256641759236667,0.));
#8848=DIRECTION('',(0.,0.,-1.));
#8849=DIRECTION('',(-0.966506599778764,-0.256641759236667,0.));
#8850=DIRECTION('',(0.327037965547381,-0.945011200510676,0.));
#8851=DIRECTION('',(0.945011200510677,0.327037965547381,0.));
#8852=DIRECTION('',(-0.945011200510677,-0.327037965547381,0.));
#8853=DIRECTION('',(0.,0.,-1.));
#8854=DIRECTION('',(-0.945011200510677,-0.327037965547381,0.));
#8855=DIRECTION('',(0.409934810975214,-0.912114823227161,0.));
#8856=DIRECTION('',(0.912114823227161,0.409934810975214,0.));
#8857=DIRECTION('',(-0.912114823227161,-0.409934810975214,0.));
#8858=DIRECTION('',(0.,0.,-1.));
#8859=DIRECTION('',(-0.912114823227161,-0.409934810975214,0.));
#8860=DIRECTION('',(0.528056304875408,-0.849209361041982,0.));
#8861=DIRECTION('',(0.849209361041982,0.528056304875408,0.));
#8862=DIRECTION('',(-0.849209361041982,-0.528056304875408,0.));
#8863=DIRECTION('',(0.,0.,-1.));
#8864=DIRECTION('',(-0.849209361041982,-0.528056304875408,0.));
#8865=DIRECTION('',(0.656696075018845,-0.754155332179548,0.));
#8866=DIRECTION('',(0.754155332179548,0.656696075018845,0.));
#8867=DIRECTION('',(-0.754155332179548,-0.656696075018845,0.));
#8868=DIRECTION('',(0.,0.,-1.));
#8869=DIRECTION('',(-0.754155332179548,-0.656696075018845,0.));
#8870=DIRECTION('',(-0.73106569527907,-0.682307078364376,0.));
#8871=DIRECTION('',(0.682307078364376,-0.73106569527907,0.));
#8872=DIRECTION('',(-0.682307078364376,0.73106569527907,0.));
#8873=DIRECTION('',(0.,0.,-1.));
#8874=DIRECTION('',(-0.682307078364376,0.73106569527907,0.));
#8875=DIRECTION('',(-0.682307078364376,-0.73106569527907,0.));
#8876=DIRECTION('',(0.73106569527907,-0.682307078364376,0.));
#8877=DIRECTION('',(-0.73106569527907,0.682307078364376,0.));
#8878=DIRECTION('',(0.,0.,-1.));
#8879=DIRECTION('',(-0.73106569527907,0.682307078364376,0.));
#8880=DIRECTION('',(-0.754155332179548,0.656696075018845,0.));
#8881=DIRECTION('',(-0.656696075018845,-0.754155332179548,0.));
#8882=DIRECTION('',(0.656696075018845,0.754155332179548,0.));
#8883=DIRECTION('',(0.,0.,-1.));
#8884=DIRECTION('',(0.656696075018845,0.754155332179548,0.));
#8885=DIRECTION('',(-0.849209361041982,0.528056304875408,0.));
#8886=DIRECTION('',(-0.528056304875408,-0.849209361041982,0.));
#8887=DIRECTION('',(0.528056304875408,0.849209361041982,0.));
#8888=DIRECTION('',(0.,0.,-1.));
#8889=DIRECTION('',(0.528056304875408,0.849209361041982,0.));
#8890=DIRECTION('',(-0.912114823227161,0.409934810975214,0.));
#8891=DIRECTION('',(-0.409934810975214,-0.912114823227161,0.));
#8892=DIRECTION('',(0.409934810975214,0.912114823227161,0.));
#8893=DIRECTION('',(0.,0.,-1.));
#8894=DIRECTION('',(0.409934810975214,0.912114823227161,0.));
#8895=DIRECTION('',(-0.945011200510676,0.327037965547382,0.));
#8896=DIRECTION('',(-0.327037965547382,-0.945011200510676,0.));
#8897=DIRECTION('',(0.327037965547382,0.945011200510676,0.));
#8898=DIRECTION('',(0.,0.,-1.));
#8899=DIRECTION('',(0.327037965547382,0.945011200510676,0.));
#8900=DIRECTION('',(-0.966506599778765,0.256641759236666,0.));
#8901=DIRECTION('',(-0.256641759236666,-0.966506599778765,0.));
#8902=DIRECTION('',(0.256641759236666,0.966506599778765,0.));
#8903=DIRECTION('',(0.,0.,-1.));
#8904=DIRECTION('',(0.256641759236666,0.966506599778765,0.));
#8905=DIRECTION('',(-0.981096288668057,0.1935202117655,0.));
#8906=DIRECTION('',(-0.1935202117655,-0.981096288668057,0.));
#8907=DIRECTION('',(0.1935202117655,0.981096288668057,0.));
#8908=DIRECTION('',(0.,0.,-1.));
#8909=DIRECTION('',(0.1935202117655,0.981096288668057,0.));
#8910=DIRECTION('',(-0.990795347399272,0.135368310811491,0.));
#8911=DIRECTION('',(-0.135368310811491,-0.990795347399272,0.));
#8912=DIRECTION('',(0.135368310811491,0.990795347399272,0.));
#8913=DIRECTION('',(0.,0.,-1.));
#8914=DIRECTION('',(0.135368310811491,0.990795347399272,0.));
#8915=DIRECTION('',(-0.601853453717554,-0.798606549089257,0.));
#8916=DIRECTION('',(0.798606549089257,-0.601853453717554,0.));
#8917=DIRECTION('',(-0.798606549089257,0.601853453717554,0.));
#8918=DIRECTION('',(0.,0.,-1.));
#8919=DIRECTION('',(-0.798606549089257,0.601853453717554,0.));
#8920=DIRECTION('',(-0.587785252292469,-0.80901699437495,0.));
#8921=DIRECTION('',(0.80901699437495,-0.58778525229247,0.));
#8922=DIRECTION('',(-0.80901699437495,0.58778525229247,0.));
#8923=DIRECTION('',(0.,0.,-1.));
#8924=DIRECTION('',(-0.80901699437495,0.58778525229247,0.));
#8925=DIRECTION('',(-0.573537017145342,-0.819179644500535,0.));
#8926=DIRECTION('',(0.819179644500535,-0.573537017145342,0.));
#8927=DIRECTION('',(-0.819179644500535,0.573537017145342,0.));
#8928=DIRECTION('',(0.,0.,-1.));
#8929=DIRECTION('',(-0.819179644500535,0.573537017145342,0.));
#8930=DIRECTION('',(0.434915514391136,-0.90047126291842,0.));
#8931=DIRECTION('',(0.90047126291842,0.434915514391136,0.));
#8932=DIRECTION('',(-0.90047126291842,-0.434915514391136,0.));
#8933=DIRECTION('',(0.,0.,-1.));
#8934=DIRECTION('',(-0.90047126291842,-0.434915514391136,0.));
#8935=DIRECTION('',(0.487224084751018,-0.873276984260168,0.));
#8936=DIRECTION('',(0.873276984260168,0.487224084751018,0.));
#8937=DIRECTION('',(-0.873276984260168,-0.487224084751018,0.));
#8938=DIRECTION('',(0.,0.,-1.));
#8939=DIRECTION('',(-0.873276984260168,-0.487224084751018,0.));
#8940=DIRECTION('',(0.542747781982669,-0.839895734691451,0.));
#8941=DIRECTION('',(0.839895734691451,0.542747781982669,0.));
#8942=DIRECTION('',(-0.839895734691451,-0.542747781982669,0.));
#8943=DIRECTION('',(0.,0.,-1.));
#8944=DIRECTION('',(-0.839895734691451,-0.542747781982669,0.));
#8945=DIRECTION('',(0.603056109042216,-0.797698771057636,0.));
#8946=DIRECTION('',(0.797698771057636,0.603056109042216,0.));
#8947=DIRECTION('',(-0.797698771057636,-0.603056109042216,0.));
#8948=DIRECTION('',(0.,0.,-1.));
#8949=DIRECTION('',(-0.797698771057636,-0.603056109042216,0.));
#8950=DIRECTION('',(0.671730154432688,-0.740795923062375,0.));
#8951=DIRECTION('',(0.740795923062375,0.671730154432688,0.));
#8952=DIRECTION('',(-0.740795923062375,-0.671730154432688,0.));
#8953=DIRECTION('',(0.,0.,-1.));
#8954=DIRECTION('',(-0.740795923062375,-0.671730154432688,0.));
#8955=DIRECTION('',(0.764631514066767,-0.644467724324472,0.));
#8956=DIRECTION('',(0.644467724324472,0.764631514066767,0.));
#8957=DIRECTION('',(-0.644467724324472,-0.764631514066767,0.));
#8958=DIRECTION('',(0.,0.,-1.));
#8959=DIRECTION('',(-0.644467724324472,-0.764631514066767,0.));
#8960=DIRECTION('',(0.857601895414086,-0.514314095647948,0.));
#8961=DIRECTION('',(0.514314095647948,0.857601895414086,0.));
#8962=DIRECTION('',(-0.514314095647948,-0.857601895414086,0.));
#8963=DIRECTION('',(0.,0.,-1.));
#8964=DIRECTION('',(-0.514314095647948,-0.857601895414086,0.));
#8965=DIRECTION('',(-0.484440310738096,-0.874824316838516,0.));
#8966=DIRECTION('',(0.874824316838516,-0.484440310738096,0.));
#8967=DIRECTION('',(-0.874824316838516,0.484440310738096,0.));
#8968=DIRECTION('',(0.,0.,-1.));
#8969=DIRECTION('',(-0.874824316838516,0.484440310738096,0.));
#8970=DIRECTION('',(-0.423000869146979,-0.906129275931917,0.));
#8971=DIRECTION('',(0.906129275931917,-0.423000869146979,0.));
#8972=DIRECTION('',(-0.906129275931917,0.423000869146979,0.));
#8973=DIRECTION('',(0.,0.,-1.));
#8974=DIRECTION('',(-0.906129275931917,0.423000869146979,0.));
#8975=DIRECTION('',(-0.920174590288244,0.391508267330157,0.));
#8976=DIRECTION('',(-0.391508267330157,-0.920174590288244,0.));
#8977=DIRECTION('',(0.391508267330157,0.920174590288244,0.));
#8978=DIRECTION('',(0.,0.,-1.));
#8979=DIRECTION('',(0.391508267330157,0.920174590288244,0.));
#8980=DIRECTION('',(-0.970824468711159,0.239791265378238,0.));
#8981=DIRECTION('',(-0.239791265378238,-0.970824468711159,0.));
#8982=DIRECTION('',(0.239791265378238,0.970824468711159,0.));
#8983=DIRECTION('',(0.,0.,-1.));
#8984=DIRECTION('',(0.239791265378238,0.970824468711159,0.));
#8985=DIRECTION('',(-0.994149569416817,0.108012192035701,0.));
#8986=DIRECTION('',(-0.108012192035701,-0.994149569416817,0.));
#8987=DIRECTION('',(0.108012192035701,0.994149569416817,0.));
#8988=DIRECTION('',(0.,0.,-1.));
#8989=DIRECTION('',(0.108012192035701,0.994149569416817,0.));
#8990=DIRECTION('',(-0.999819349377534,0.0190070673772716,0.));
#8991=DIRECTION('',(-0.0190070673772716,-0.999819349377534,0.));
#8992=DIRECTION('',(0.0190070673772716,0.999819349377534,0.));
#8993=DIRECTION('',(0.,0.,-1.));
#8994=DIRECTION('',(0.0190070673772716,0.999819349377534,0.));
#8995=DIRECTION('',(-0.99850906483228,-0.0545861470316961,0.));
#8996=DIRECTION('',(0.0545861470316961,-0.99850906483228,0.));
#8997=DIRECTION('',(-0.0545861470316961,0.99850906483228,0.));
#8998=DIRECTION('',(0.,0.,-1.));
#8999=DIRECTION('',(-0.0545861470316961,0.99850906483228,0.));
#9000=DIRECTION('',(-0.992879052641325,-0.119126767882222,0.));
#9001=DIRECTION('',(0.119126767882222,-0.992879052641325,0.));
#9002=DIRECTION('',(-0.119126767882222,0.992879052641325,0.));
#9003=DIRECTION('',(0.,0.,-1.));
#9004=DIRECTION('',(-0.119126767882222,0.992879052641325,0.));
#9005=DIRECTION('',(-0.984133479999579,-0.177429686196867,0.));
#9006=DIRECTION('',(0.177429686196867,-0.984133479999579,0.));
#9007=DIRECTION('',(-0.177429686196867,0.984133479999579,0.));
#9008=DIRECTION('',(0.,0.,-1.));
#9009=DIRECTION('',(-0.177429686196867,0.984133479999579,0.));
#9010=DIRECTION('',(-0.325613653525112,-0.945502907789303,0.));
#9011=DIRECTION('',(0.945502907789304,-0.325613653525112,0.));
#9012=DIRECTION('',(-0.945502907789304,0.325613653525112,0.));
#9013=DIRECTION('',(0.,0.,-1.));
#9014=DIRECTION('',(-0.945502907789304,0.325613653525112,0.));
#9015=DIRECTION('',(-0.309016994374946,-0.951056516295154,0.));
#9016=DIRECTION('',(0.951056516295154,-0.309016994374946,0.));
#9017=DIRECTION('',(-0.951056516295154,0.309016994374946,0.));
#9018=DIRECTION('',(0.,0.,-1.));
#9019=DIRECTION('',(-0.951056516295154,0.309016994374946,0.));
#9020=DIRECTION('',(-0.292325685895867,-0.956318824119609,0.));
#9021=DIRECTION('',(0.956318824119609,-0.292325685895867,0.));
#9022=DIRECTION('',(-0.956318824119609,0.292325685895867,0.));
#9023=DIRECTION('',(0.,0.,-1.));
#9024=DIRECTION('',(-0.956318824119609,0.292325685895867,0.));
#9025=DIRECTION('',(0.691890157187608,-0.722002777270909,0.));
#9026=DIRECTION('',(0.722002777270909,0.691890157187609,0.));
#9027=DIRECTION('',(-0.722002777270909,-0.691890157187609,0.));
#9028=DIRECTION('',(0.,0.,-1.));
#9029=DIRECTION('',(-0.722002777270909,-0.691890157187609,0.));
#9030=DIRECTION('',(0.733235069631293,-0.679975244154368,0.));
#9031=DIRECTION('',(0.679975244154368,0.733235069631293,0.));
#9032=DIRECTION('',(-0.679975244154368,-0.733235069631293,0.));
#9033=DIRECTION('',(0.,0.,-1.));
#9034=DIRECTION('',(-0.679975244154368,-0.733235069631293,0.));
#9035=DIRECTION('',(0.775725870282048,-0.631070023194858,0.));
#9036=DIRECTION('',(0.631070023194858,0.775725870282049,0.));
#9037=DIRECTION('',(-0.631070023194858,-0.775725870282048,0.));
#9038=DIRECTION('',(0.,0.,-1.));
#9039=DIRECTION('',(-0.631070023194858,-0.775725870282048,0.));
#9040=DIRECTION('',(0.820042918845018,-0.572302027999328,0.));
#9041=DIRECTION('',(0.572302027999328,0.820042918845018,0.));
#9042=DIRECTION('',(-0.572302027999328,-0.820042918845018,0.));
#9043=DIRECTION('',(0.,0.,-1.));
#9044=DIRECTION('',(-0.572302027999328,-0.820042918845018,0.));
#9045=DIRECTION('',(0.86777187015511,-0.496962756519544,0.));
#9046=DIRECTION('',(0.496962756519544,0.86777187015511,0.));
#9047=DIRECTION('',(-0.496962756519544,-0.86777187015511,0.));
#9048=DIRECTION('',(0.,0.,-1.));
#9049=DIRECTION('',(-0.496962756519544,-0.86777187015511,0.));
#9050=DIRECTION('',(0.926359263160236,-0.376641096479426,0.));
#9051=DIRECTION('',(0.376641096479426,0.926359263160236,0.));
#9052=DIRECTION('',(-0.376641096479426,-0.926359263160236,0.));
#9053=DIRECTION('',(0.,0.,-1.));
#9054=DIRECTION('',(-0.376641096479426,-0.926359263160236,0.));
#9055=DIRECTION('',(0.97455966702244,-0.224128211997311,0.));
#9056=DIRECTION('',(0.224128211997311,0.97455966702244,0.));
#9057=DIRECTION('',(-0.224128211997311,-0.97455966702244,0.));
#9058=DIRECTION('',(0.,0.,-1.));
#9059=DIRECTION('',(-0.224128211997311,-0.97455966702244,0.));
#9060=DIRECTION('',(-0.19039453328796,-0.981707655921079,0.));
#9061=DIRECTION('',(0.981707655921079,-0.19039453328796,0.));
#9062=DIRECTION('',(-0.981707655921079,0.19039453328796,0.));
#9063=DIRECTION('',(0.,0.,-1.));
#9064=DIRECTION('',(-0.981707655921079,0.19039453328796,0.));
#9065=DIRECTION('',(-0.12228838763712,-0.992494609682649,0.));
#9066=DIRECTION('',(0.992494609682649,-0.12228838763712,0.));
#9067=DIRECTION('',(-0.992494609682649,0.12228838763712,0.));
#9068=DIRECTION('',(0.,0.,-1.));
#9069=DIRECTION('',(-0.992494609682649,0.12228838763712,0.));
#9070=DIRECTION('',(-0.996120748266166,0.0879969026367001,0.));
#9071=DIRECTION('',(-0.0879969026367001,-0.996120748266166,0.));
#9072=DIRECTION('',(0.0879969026367001,0.996120748266166,0.));
#9073=DIRECTION('',(0.,0.,-1.));
#9074=DIRECTION('',(0.0879969026367001,0.996120748266166,0.));
#9075=DIRECTION('',(-0.997408513251076,-0.0719462138981431,0.));
#9076=DIRECTION('',(0.0719462138981431,-0.997408513251077,0.));
#9077=DIRECTION('',(-0.0719462138981431,0.997408513251076,0.));
#9078=DIRECTION('',(0.,0.,-1.));
#9079=DIRECTION('',(-0.0719462138981431,0.997408513251076,0.));
#9080=DIRECTION('',(-0.978870029104607,-0.204483412825455,0.));
#9081=DIRECTION('',(0.204483412825455,-0.978870029104607,0.));
#9082=DIRECTION('',(-0.204483412825455,0.978870029104607,0.));
#9083=DIRECTION('',(0.,0.,-1.));
#9084=DIRECTION('',(-0.204483412825455,0.978870029104607,0.));
#9085=DIRECTION('',(-0.956758214176291,-0.290884374977745,0.));
#9086=DIRECTION('',(0.290884374977745,-0.956758214176292,0.));
#9087=DIRECTION('',(-0.290884374977745,0.956758214176292,0.));
#9088=DIRECTION('',(0.,0.,-1.));
#9089=DIRECTION('',(-0.290884374977745,0.956758214176292,0.));
#9090=DIRECTION('',(-0.932770505598275,-0.360470780904553,0.));
#9091=DIRECTION('',(0.360470780904553,-0.932770505598275,0.));
#9092=DIRECTION('',(-0.360470780904553,0.932770505598275,0.));
#9093=DIRECTION('',(0.,0.,-1.));
#9094=DIRECTION('',(-0.360470780904553,0.932770505598275,0.));
#9095=DIRECTION('',(-0.907471897146925,-0.420112789484635,0.));
#9096=DIRECTION('',(0.420112789484635,-0.907471897146925,0.));
#9097=DIRECTION('',(-0.420112789484635,0.907471897146925,0.));
#9098=DIRECTION('',(0.,0.,-1.));
#9099=DIRECTION('',(-0.420112789484635,0.907471897146925,0.));
#9100=DIRECTION('',(-0.881137770716381,-0.47285962929496,0.));
#9101=DIRECTION('',(0.47285962929496,-0.881137770716381,0.));
#9102=DIRECTION('',(-0.47285962929496,0.881137770716381,0.));
#9103=DIRECTION('',(0.,0.,-1.));
#9104=DIRECTION('',(-0.47285962929496,0.881137770716381,0.));
#9105=DIRECTION('',(-0.017500520241893,-0.999846854168809,0.));
#9106=DIRECTION('',(0.999846854168809,-0.017500520241893,0.));
#9107=DIRECTION('',(-0.999846854168809,0.017500520241893,0.));
#9108=DIRECTION('',(0.,0.,-1.));
#9109=DIRECTION('',(-0.999846854168809,0.017500520241893,0.));
#9110=DIRECTION('',(0.,-1.,0.));
#9111=DIRECTION('',(0.,0.,-1.));
#9112=DIRECTION('',(-1.,0.,0.));
#9113=DIRECTION('',(0.,0.,-1.));
#9114=DIRECTION('',(-1.,0.,0.));
#9115=DIRECTION('',(0.017500520241893,-0.999846854168809,0.));
#9116=DIRECTION('',(0.999846854168809,0.017500520241893,0.));
#9117=DIRECTION('',(-0.999846854168809,-0.017500520241893,0.));
#9118=DIRECTION('',(0.,0.,-1.));
#9119=DIRECTION('',(-0.999846854168809,-0.017500520241893,0.));
#9120=DIRECTION('',(0.881137770716377,-0.472859629294966,0.));
#9121=DIRECTION('',(0.472859629294966,0.881137770716377,0.));
#9122=DIRECTION('',(-0.472859629294966,-0.881137770716377,0.));
#9123=DIRECTION('',(0.,0.,-1.));
#9124=DIRECTION('',(-0.472859629294966,-0.881137770716377,0.));
#9125=DIRECTION('',(0.907471897146925,-0.420112789484635,0.));
#9126=DIRECTION('',(0.420112789484635,0.907471897146925,0.));
#9127=DIRECTION('',(-0.420112789484635,-0.907471897146925,0.));
#9128=DIRECTION('',(0.,0.,-1.));
#9129=DIRECTION('',(-0.420112789484635,-0.907471897146925,0.));
#9130=DIRECTION('',(0.932770505598275,-0.360470780904553,0.));
#9131=DIRECTION('',(0.360470780904553,0.932770505598275,0.));
#9132=DIRECTION('',(-0.360470780904553,-0.932770505598275,0.));
#9133=DIRECTION('',(0.,0.,-1.));
#9134=DIRECTION('',(-0.360470780904553,-0.932770505598275,0.));
#9135=DIRECTION('',(0.956758214176291,-0.290884374977745,0.));
#9136=DIRECTION('',(0.290884374977745,0.956758214176292,0.));
#9137=DIRECTION('',(-0.290884374977745,-0.956758214176292,0.));
#9138=DIRECTION('',(0.,0.,-1.));
#9139=DIRECTION('',(-0.290884374977745,-0.956758214176292,0.));
#9140=DIRECTION('',(0.978870029104607,-0.204483412825455,0.));
#9141=DIRECTION('',(0.204483412825455,0.978870029104607,0.));
#9142=DIRECTION('',(-0.204483412825455,-0.978870029104607,0.));
#9143=DIRECTION('',(0.,0.,-1.));
#9144=DIRECTION('',(-0.204483412825455,-0.978870029104607,0.));
#9145=DIRECTION('',(0.997408513251076,-0.0719462138981436,0.));
#9146=DIRECTION('',(0.0719462138981436,0.997408513251076,0.));
#9147=DIRECTION('',(-0.0719462138981436,-0.997408513251076,0.));
#9148=DIRECTION('',(0.,0.,-1.));
#9149=DIRECTION('',(-0.0719462138981436,-0.997408513251076,0.));
#9150=DIRECTION('',(0.996120748266166,0.0879969026366998,0.));
#9151=DIRECTION('',(-0.0879969026366999,0.996120748266166,0.));
#9152=DIRECTION('',(0.0879969026366999,-0.996120748266166,0.));
#9153=DIRECTION('',(0.,0.,-1.));
#9154=DIRECTION('',(0.0879969026366999,-0.996120748266166,0.));
#9155=DIRECTION('',(0.12228838763712,-0.992494609682649,0.));
#9156=DIRECTION('',(0.992494609682649,0.12228838763712,0.));
#9157=DIRECTION('',(-0.992494609682649,-0.12228838763712,0.));
#9158=DIRECTION('',(0.,0.,-1.));
#9159=DIRECTION('',(-0.992494609682649,-0.12228838763712,0.));
#9160=DIRECTION('',(0.190394533287958,-0.981707655921079,0.));
#9161=DIRECTION('',(0.98170765592108,0.190394533287958,0.));
#9162=DIRECTION('',(-0.98170765592108,-0.190394533287958,0.));
#9163=DIRECTION('',(0.,0.,-1.));
#9164=DIRECTION('',(-0.98170765592108,-0.190394533287958,0.));
#9165=DIRECTION('',(-0.97455966702244,-0.224128211997311,0.));
#9166=DIRECTION('',(0.224128211997311,-0.97455966702244,0.));
#9167=DIRECTION('',(-0.224128211997311,0.97455966702244,0.));
#9168=DIRECTION('',(0.,0.,-1.));
#9169=DIRECTION('',(-0.224128211997311,0.97455966702244,0.));
#9170=DIRECTION('',(-0.926359263160236,-0.376641096479426,0.));
#9171=DIRECTION('',(0.376641096479426,-0.926359263160236,0.));
#9172=DIRECTION('',(-0.376641096479426,0.926359263160236,0.));
#9173=DIRECTION('',(0.,0.,-1.));
#9174=DIRECTION('',(-0.376641096479426,0.926359263160236,0.));
#9175=DIRECTION('',(-0.86777187015511,-0.496962756519544,0.));
#9176=DIRECTION('',(0.496962756519544,-0.86777187015511,0.));
#9177=DIRECTION('',(-0.496962756519544,0.86777187015511,0.));
#9178=DIRECTION('',(0.,0.,-1.));
#9179=DIRECTION('',(-0.496962756519544,0.86777187015511,0.));
#9180=DIRECTION('',(-0.820042918845018,-0.572302027999328,0.));
#9181=DIRECTION('',(0.572302027999328,-0.820042918845018,0.));
#9182=DIRECTION('',(-0.572302027999328,0.820042918845018,0.));
#9183=DIRECTION('',(0.,0.,-1.));
#9184=DIRECTION('',(-0.572302027999328,0.820042918845018,0.));
#9185=DIRECTION('',(-0.77572587028205,-0.631070023194856,0.));
#9186=DIRECTION('',(0.631070023194857,-0.77572587028205,0.));
#9187=DIRECTION('',(-0.631070023194857,0.77572587028205,0.));
#9188=DIRECTION('',(0.,0.,-1.));
#9189=DIRECTION('',(-0.631070023194857,0.77572587028205,0.));
#9190=DIRECTION('',(-0.733235069631292,-0.67997524415437,0.));
#9191=DIRECTION('',(0.67997524415437,-0.733235069631292,0.));
#9192=DIRECTION('',(-0.67997524415437,0.733235069631292,0.));
#9193=DIRECTION('',(0.,0.,-1.));
#9194=DIRECTION('',(-0.67997524415437,0.733235069631292,0.));
#9195=DIRECTION('',(-0.691890157187616,-0.722002777270902,0.));
#9196=DIRECTION('',(0.722002777270902,-0.691890157187616,0.));
#9197=DIRECTION('',(-0.722002777270902,0.691890157187616,0.));
#9198=DIRECTION('',(0.,0.,-1.));
#9199=DIRECTION('',(-0.722002777270902,0.691890157187616,0.));
#9200=DIRECTION('',(0.292325685895868,-0.956318824119608,0.));
#9201=DIRECTION('',(0.956318824119608,0.292325685895868,0.));
#9202=DIRECTION('',(-0.956318824119608,-0.292325685895868,0.));
#9203=DIRECTION('',(0.,0.,-1.));
#9204=DIRECTION('',(-0.956318824119608,-0.292325685895868,0.));
#9205=DIRECTION('',(0.309016994374956,-0.951056516295151,0.));
#9206=DIRECTION('',(0.951056516295151,0.309016994374956,0.));
#9207=DIRECTION('',(-0.951056516295151,-0.309016994374956,0.));
#9208=DIRECTION('',(0.,0.,-1.));
#9209=DIRECTION('',(-0.951056516295151,-0.309016994374956,0.));
#9210=DIRECTION('',(0.325613653525106,-0.945502907789306,0.));
#9211=DIRECTION('',(0.945502907789306,0.325613653525106,0.));
#9212=DIRECTION('',(-0.945502907789306,-0.325613653525106,0.));
#9213=DIRECTION('',(0.,0.,-1.));
#9214=DIRECTION('',(-0.945502907789306,-0.325613653525106,0.));
#9215=DIRECTION('',(0.984133479999578,-0.177429686196872,0.));
#9216=DIRECTION('',(0.177429686196872,0.984133479999578,0.));
#9217=DIRECTION('',(-0.177429686196872,-0.984133479999578,0.));
#9218=DIRECTION('',(0.,0.,-1.));
#9219=DIRECTION('',(-0.177429686196872,-0.984133479999578,0.));
#9220=DIRECTION('',(0.992879052641325,-0.119126767882222,0.));
#9221=DIRECTION('',(0.119126767882222,0.992879052641325,0.));
#9222=DIRECTION('',(-0.119126767882222,-0.992879052641325,0.));
#9223=DIRECTION('',(0.,0.,-1.));
#9224=DIRECTION('',(-0.119126767882222,-0.992879052641325,0.));
#9225=DIRECTION('',(0.99850906483228,-0.0545861470316963,0.));
#9226=DIRECTION('',(0.0545861470316963,0.99850906483228,0.));
#9227=DIRECTION('',(-0.0545861470316963,-0.99850906483228,0.));
#9228=DIRECTION('',(0.,0.,-1.));
#9229=DIRECTION('',(-0.0545861470316963,-0.99850906483228,0.));
#9230=DIRECTION('',(0.999819349377534,0.0190070673772716,0.));
#9231=DIRECTION('',(-0.0190070673772716,0.999819349377534,0.));
#9232=DIRECTION('',(0.0190070673772716,-0.999819349377534,0.));
#9233=DIRECTION('',(0.,0.,-1.));
#9234=DIRECTION('',(0.0190070673772716,-0.999819349377534,0.));
#9235=DIRECTION('',(0.994149569416817,0.108012192035701,0.));
#9236=DIRECTION('',(-0.108012192035701,0.994149569416817,0.));
#9237=DIRECTION('',(0.108012192035701,-0.994149569416817,0.));
#9238=DIRECTION('',(0.,0.,-1.));
#9239=DIRECTION('',(0.108012192035701,-0.994149569416817,0.));
#9240=DIRECTION('',(0.970824468711159,0.239791265378238,0.));
#9241=DIRECTION('',(-0.239791265378238,0.970824468711159,0.));
#9242=DIRECTION('',(0.239791265378238,-0.970824468711159,0.));
#9243=DIRECTION('',(0.,0.,-1.));
#9244=DIRECTION('',(0.239791265378238,-0.970824468711159,0.));
#9245=DIRECTION('',(0.920174590288244,0.391508267330157,0.));
#9246=DIRECTION('',(-0.391508267330157,0.920174590288245,0.));
#9247=DIRECTION('',(0.391508267330157,-0.920174590288245,0.));
#9248=DIRECTION('',(0.,0.,-1.));
#9249=DIRECTION('',(0.391508267330157,-0.920174590288245,0.));
#9250=DIRECTION('',(0.423000869146979,-0.906129275931917,0.));
#9251=DIRECTION('',(0.906129275931917,0.423000869146979,0.));
#9252=DIRECTION('',(-0.906129275931917,-0.423000869146979,0.));
#9253=DIRECTION('',(0.,0.,-1.));
#9254=DIRECTION('',(-0.906129275931917,-0.423000869146979,0.));
#9255=DIRECTION('',(0.484440310738094,-0.874824316838517,0.));
#9256=DIRECTION('',(0.874824316838517,0.484440310738094,0.));
#9257=DIRECTION('',(-0.874824316838517,-0.484440310738094,0.));
#9258=DIRECTION('',(0.,0.,-1.));
#9259=DIRECTION('',(-0.874824316838517,-0.484440310738094,0.));
#9260=DIRECTION('',(-0.857601895414087,-0.514314095647947,0.));
#9261=DIRECTION('',(0.514314095647947,-0.857601895414087,0.));
#9262=DIRECTION('',(-0.514314095647947,0.857601895414087,0.));
#9263=DIRECTION('',(0.,0.,-1.));
#9264=DIRECTION('',(-0.514314095647947,0.857601895414087,0.));
#9265=DIRECTION('',(-0.764631514066763,-0.644467724324476,0.));
#9266=DIRECTION('',(0.644467724324476,-0.764631514066763,0.));
#9267=DIRECTION('',(-0.644467724324476,0.764631514066763,0.));
#9268=DIRECTION('',(0.,0.,-1.));
#9269=DIRECTION('',(-0.644467724324476,0.764631514066763,0.));
#9270=DIRECTION('',(-0.671730154432684,-0.740795923062379,0.));
#9271=DIRECTION('',(0.740795923062379,-0.671730154432684,0.));
#9272=DIRECTION('',(-0.740795923062379,0.671730154432684,0.));
#9273=DIRECTION('',(0.,0.,-1.));
#9274=DIRECTION('',(-0.740795923062379,0.671730154432684,0.));
#9275=DIRECTION('',(-0.603056109042219,-0.797698771057633,0.));
#9276=DIRECTION('',(0.797698771057634,-0.60305610904222,0.));
#9277=DIRECTION('',(-0.797698771057634,0.60305610904222,0.));
#9278=DIRECTION('',(0.,0.,-1.));
#9279=DIRECTION('',(-0.797698771057634,0.60305610904222,0.));
#9280=DIRECTION('',(-0.542747781982678,-0.839895734691445,0.));
#9281=DIRECTION('',(0.839895734691445,-0.542747781982678,0.));
#9282=DIRECTION('',(-0.839895734691446,0.542747781982678,0.));
#9283=DIRECTION('',(0.,0.,-1.));
#9284=DIRECTION('',(-0.839895734691446,0.542747781982678,0.));
#9285=DIRECTION('',(-0.487224084751013,-0.87327698426017,0.));
#9286=DIRECTION('',(0.87327698426017,-0.487224084751013,0.));
#9287=DIRECTION('',(-0.87327698426017,0.487224084751013,0.));
#9288=DIRECTION('',(0.,0.,-1.));
#9289=DIRECTION('',(-0.87327698426017,0.487224084751013,0.));
#9290=DIRECTION('',(-0.434915514391127,-0.900471262918424,0.));
#9291=DIRECTION('',(0.900471262918424,-0.434915514391127,0.));
#9292=DIRECTION('',(-0.900471262918424,0.434915514391127,0.));
#9293=DIRECTION('',(0.,0.,-1.));
#9294=DIRECTION('',(-0.900471262918424,0.434915514391127,0.));
#9295=DIRECTION('',(0.573537017145337,-0.819179644500539,0.));
#9296=DIRECTION('',(0.819179644500539,0.573537017145337,0.));
#9297=DIRECTION('',(-0.819179644500539,-0.573537017145337,0.));
#9298=DIRECTION('',(0.,0.,-1.));
#9299=DIRECTION('',(-0.819179644500539,-0.573537017145337,0.));
#9300=DIRECTION('',(0.587785252292475,-0.809016994374946,0.));
#9301=DIRECTION('',(0.809016994374946,0.587785252292475,0.));
#9302=DIRECTION('',(-0.809016994374946,-0.587785252292475,0.));
#9303=DIRECTION('',(0.,0.,-1.));
#9304=DIRECTION('',(-0.809016994374946,-0.587785252292475,0.));
#9305=DIRECTION('',(0.601853453717551,-0.798606549089259,0.));
#9306=DIRECTION('',(0.79860654908926,0.601853453717551,0.));
#9307=DIRECTION('',(-0.798606549089259,-0.601853453717551,0.));
#9308=DIRECTION('',(0.,0.,-1.));
#9309=DIRECTION('',(-0.798606549089259,-0.601853453717551,0.));
#9310=DIRECTION('',(0.990795347399272,0.135368310811492,0.));
#9311=DIRECTION('',(-0.135368310811492,0.990795347399272,0.));
#9312=DIRECTION('',(0.135368310811492,-0.990795347399272,0.));
#9313=DIRECTION('',(0.,0.,-1.));
#9314=DIRECTION('',(0.135368310811492,-0.990795347399272,0.));
#9315=DIRECTION('',(0.981096288668057,0.193520211765499,0.));
#9316=DIRECTION('',(-0.193520211765499,0.981096288668058,0.));
#9317=DIRECTION('',(0.193520211765499,-0.981096288668058,0.));
#9318=DIRECTION('',(0.,0.,-1.));
#9319=DIRECTION('',(0.193520211765499,-0.981096288668058,0.));
#9320=DIRECTION('',(0.966506599778762,0.256641759236675,0.));
#9321=DIRECTION('',(-0.256641759236675,0.966506599778762,0.));
#9322=DIRECTION('',(0.256641759236675,-0.966506599778762,0.));
#9323=DIRECTION('',(0.,0.,-1.));
#9324=DIRECTION('',(0.256641759236675,-0.966506599778762,0.));
#9325=DIRECTION('',(0.945011200510676,0.327037965547382,0.));
#9326=DIRECTION('',(-0.327037965547382,0.945011200510676,0.));
#9327=DIRECTION('',(0.327037965547382,-0.945011200510676,0.));
#9328=DIRECTION('',(0.,0.,-1.));
#9329=DIRECTION('',(0.327037965547382,-0.945011200510676,0.));
#9330=DIRECTION('',(0.912114823227164,0.409934810975209,0.));
#9331=DIRECTION('',(-0.409934810975209,0.912114823227164,0.));
#9332=DIRECTION('',(0.409934810975209,-0.912114823227164,0.));
#9333=DIRECTION('',(0.,0.,-1.));
#9334=DIRECTION('',(0.409934810975209,-0.912114823227164,0.));
#9335=DIRECTION('',(0.849209361041982,0.528056304875408,0.));
#9336=DIRECTION('',(-0.528056304875408,0.849209361041982,0.));
#9337=DIRECTION('',(0.528056304875408,-0.849209361041982,0.));
#9338=DIRECTION('',(0.,0.,-1.));
#9339=DIRECTION('',(0.528056304875408,-0.849209361041982,0.));
#9340=DIRECTION('',(0.754155332179548,0.656696075018845,0.));
#9341=DIRECTION('',(-0.656696075018845,0.754155332179548,0.));
#9342=DIRECTION('',(0.656696075018845,-0.754155332179548,0.));
#9343=DIRECTION('',(0.,0.,-1.));
#9344=DIRECTION('',(0.656696075018845,-0.754155332179548,0.));
#9345=DIRECTION('',(0.682307078364377,-0.731065695279069,0.));
#9346=DIRECTION('',(0.731065695279069,0.682307078364377,0.));
#9347=DIRECTION('',(-0.731065695279069,-0.682307078364377,0.));
#9348=DIRECTION('',(0.,0.,-1.));
#9349=DIRECTION('',(-0.731065695279069,-0.682307078364377,0.));
#9350=DIRECTION('',(0.731065695279068,-0.682307078364378,0.));
#9351=DIRECTION('',(0.682307078364378,0.731065695279068,0.));
#9352=DIRECTION('',(-0.682307078364378,-0.731065695279068,0.));
#9353=DIRECTION('',(0.,0.,-1.));
#9354=DIRECTION('',(-0.682307078364378,-0.731065695279068,0.));
#9355=DIRECTION('',(-0.656696075018843,-0.754155332179549,0.));
#9356=DIRECTION('',(0.75415533217955,-0.656696075018843,0.));
#9357=DIRECTION('',(-0.754155332179549,0.656696075018843,0.));
#9358=DIRECTION('',(0.,0.,-1.));
#9359=DIRECTION('',(-0.754155332179549,0.656696075018843,0.));
#9360=DIRECTION('',(-0.528056304875416,-0.849209361041976,0.));
#9361=DIRECTION('',(0.849209361041977,-0.528056304875416,0.));
#9362=DIRECTION('',(-0.849209361041977,0.528056304875416,0.));
#9363=DIRECTION('',(0.,0.,-1.));
#9364=DIRECTION('',(-0.849209361041977,0.528056304875416,0.));
#9365=DIRECTION('',(-0.409934810975202,-0.912114823227167,0.));
#9366=DIRECTION('',(0.912114823227167,-0.409934810975202,0.));
#9367=DIRECTION('',(-0.912114823227167,0.409934810975202,0.));
#9368=DIRECTION('',(0.,0.,-1.));
#9369=DIRECTION('',(-0.912114823227167,0.409934810975202,0.));
#9370=DIRECTION('',(-0.327037965547382,-0.945011200510676,0.));
#9371=DIRECTION('',(0.945011200510676,-0.327037965547382,0.));
#9372=DIRECTION('',(-0.945011200510676,0.327037965547382,0.));
#9373=DIRECTION('',(0.,0.,-1.));
#9374=DIRECTION('',(-0.945011200510676,0.327037965547382,0.));
#9375=DIRECTION('',(-0.256641759236675,-0.966506599778762,0.));
#9376=DIRECTION('',(0.966506599778762,-0.256641759236675,0.));
#9377=DIRECTION('',(-0.966506599778762,0.256641759236675,0.));
#9378=DIRECTION('',(0.,0.,-1.));
#9379=DIRECTION('',(-0.966506599778762,0.256641759236675,0.));
#9380=DIRECTION('',(-0.1935202117655,-0.981096288668057,0.));
#9381=DIRECTION('',(0.981096288668057,-0.1935202117655,0.));
#9382=DIRECTION('',(-0.981096288668057,0.1935202117655,0.));
#9383=DIRECTION('',(0.,0.,-1.));
#9384=DIRECTION('',(-0.981096288668057,0.1935202117655,0.));
#9385=DIRECTION('',(-0.135368310811479,-0.990795347399273,0.));
#9386=DIRECTION('',(0.990795347399273,-0.135368310811479,0.));
#9387=DIRECTION('',(-0.990795347399273,0.135368310811479,0.));
#9388=DIRECTION('',(0.,0.,-1.));
#9389=DIRECTION('',(-0.990795347399273,0.135368310811479,0.));
#9390=DIRECTION('',(0.798606549089256,-0.601853453717555,0.));
#9391=DIRECTION('',(0.601853453717555,0.798606549089257,0.));
#9392=DIRECTION('',(-0.601853453717555,-0.798606549089257,0.));
#9393=DIRECTION('',(0.,0.,-1.));
#9394=DIRECTION('',(-0.601853453717555,-0.798606549089257,0.));
#9395=DIRECTION('',(0.809016994374949,-0.587785252292471,0.));
#9396=DIRECTION('',(0.587785252292471,0.809016994374949,0.));
#9397=DIRECTION('',(-0.587785252292471,-0.809016994374949,0.));
#9398=DIRECTION('',(0.,0.,-1.));
#9399=DIRECTION('',(-0.587785252292471,-0.809016994374949,0.));
#9400=DIRECTION('',(0.819179644500539,-0.573537017145337,0.));
#9401=DIRECTION('',(0.573537017145337,0.819179644500539,0.));
#9402=DIRECTION('',(-0.573537017145337,-0.819179644500539,0.));
#9403=DIRECTION('',(0.,0.,-1.));
#9404=DIRECTION('',(-0.573537017145337,-0.819179644500539,0.));
#9405=DIRECTION('',(0.900471262918419,0.434915514391137,0.));
#9406=DIRECTION('',(-0.434915514391137,0.900471262918419,0.));
#9407=DIRECTION('',(0.434915514391137,-0.900471262918419,0.));
#9408=DIRECTION('',(0.,0.,-1.));
#9409=DIRECTION('',(0.434915514391137,-0.900471262918419,0.));
#9410=DIRECTION('',(0.873276984260169,0.487224084751015,0.));
#9411=DIRECTION('',(-0.487224084751015,0.873276984260169,0.));
#9412=DIRECTION('',(0.487224084751015,-0.873276984260169,0.));
#9413=DIRECTION('',(0.,0.,-1.));
#9414=DIRECTION('',(0.487224084751015,-0.873276984260169,0.));
#9415=DIRECTION('',(0.839895734691445,0.542747781982678,0.));
#9416=DIRECTION('',(-0.542747781982678,0.839895734691445,0.));
#9417=DIRECTION('',(0.542747781982678,-0.839895734691446,0.));
#9418=DIRECTION('',(0.,0.,-1.));
#9419=DIRECTION('',(0.542747781982678,-0.839895734691446,0.));
#9420=DIRECTION('',(0.797698771057637,0.603056109042215,0.));
#9421=DIRECTION('',(-0.603056109042215,0.797698771057637,0.));
#9422=DIRECTION('',(0.603056109042215,-0.797698771057637,0.));
#9423=DIRECTION('',(0.,0.,-1.));
#9424=DIRECTION('',(0.603056109042215,-0.797698771057637,0.));
#9425=DIRECTION('',(0.740795923062375,0.671730154432688,0.));
#9426=DIRECTION('',(-0.671730154432689,0.740795923062375,0.));
#9427=DIRECTION('',(0.671730154432689,-0.740795923062375,0.));
#9428=DIRECTION('',(0.,0.,-1.));
#9429=DIRECTION('',(0.671730154432689,-0.740795923062375,0.));
#9430=DIRECTION('',(0.644467724324477,0.764631514066763,0.));
#9431=DIRECTION('',(-0.764631514066763,0.644467724324477,0.));
#9432=DIRECTION('',(0.764631514066763,-0.644467724324477,0.));
#9433=DIRECTION('',(0.,0.,-1.));
#9434=DIRECTION('',(0.764631514066763,-0.644467724324477,0.));
#9435=DIRECTION('',(0.514314095647948,0.857601895414086,0.));
#9436=DIRECTION('',(-0.857601895414086,0.514314095647948,0.));
#9437=DIRECTION('',(0.857601895414086,-0.514314095647948,0.));
#9438=DIRECTION('',(0.,0.,-1.));
#9439=DIRECTION('',(0.857601895414086,-0.514314095647948,0.));
#9440=DIRECTION('',(0.874824316838516,-0.484440310738097,0.));
#9441=DIRECTION('',(0.484440310738097,0.874824316838516,0.));
#9442=DIRECTION('',(-0.484440310738097,-0.874824316838516,0.));
#9443=DIRECTION('',(0.,0.,-1.));
#9444=DIRECTION('',(-0.484440310738097,-0.874824316838516,0.));
#9445=DIRECTION('',(0.906129275931917,-0.423000869146979,0.));
#9446=DIRECTION('',(0.423000869146979,0.906129275931917,0.));
#9447=DIRECTION('',(-0.423000869146979,-0.906129275931917,0.));
#9448=DIRECTION('',(0.,0.,-1.));
#9449=DIRECTION('',(-0.423000869146979,-0.906129275931917,0.));
#9450=DIRECTION('',(-0.391508267330157,-0.920174590288244,0.));
#9451=DIRECTION('',(0.920174590288244,-0.391508267330157,0.));
#9452=DIRECTION('',(-0.920174590288244,0.391508267330157,0.));
#9453=DIRECTION('',(0.,0.,-1.));
#9454=DIRECTION('',(-0.920174590288244,0.391508267330157,0.));
#9455=DIRECTION('',(-0.239791265378238,-0.970824468711159,0.));
#9456=DIRECTION('',(0.970824468711159,-0.239791265378238,0.));
#9457=DIRECTION('',(-0.970824468711159,0.239791265378238,0.));
#9458=DIRECTION('',(0.,0.,-1.));
#9459=DIRECTION('',(-0.970824468711159,0.239791265378238,0.));
#9460=DIRECTION('',(-0.108012192035693,-0.994149569416818,0.));
#9461=DIRECTION('',(0.994149569416818,-0.108012192035693,0.));
#9462=DIRECTION('',(-0.994149569416818,0.108012192035693,0.));
#9463=DIRECTION('',(0.,0.,-1.));
#9464=DIRECTION('',(-0.994149569416818,0.108012192035693,0.));
#9465=DIRECTION('',(-0.0190070673772798,-0.999819349377534,0.));
#9466=DIRECTION('',(0.999819349377534,-0.0190070673772798,0.));
#9467=DIRECTION('',(-0.999819349377534,0.0190070673772798,0.));
#9468=DIRECTION('',(0.,0.,-1.));
#9469=DIRECTION('',(-0.999819349377534,0.0190070673772798,0.));
#9470=DIRECTION('',(0.0545861470316904,-0.99850906483228,0.));
#9471=DIRECTION('',(0.99850906483228,0.0545861470316905,0.));
#9472=DIRECTION('',(-0.99850906483228,-0.0545861470316904,0.));
#9473=DIRECTION('',(0.,0.,-1.));
#9474=DIRECTION('',(-0.99850906483228,-0.0545861470316904,0.));
#9475=DIRECTION('',(0.119126767882221,-0.992879052641325,0.));
#9476=DIRECTION('',(0.992879052641325,0.119126767882221,0.));
#9477=DIRECTION('',(-0.992879052641325,-0.119126767882221,0.));
#9478=DIRECTION('',(0.,0.,-1.));
#9479=DIRECTION('',(-0.992879052641325,-0.119126767882221,0.));
#9480=DIRECTION('',(0.177429686196879,-0.984133479999577,0.));
#9481=DIRECTION('',(0.984133479999577,0.177429686196879,0.));
#9482=DIRECTION('',(-0.984133479999577,-0.177429686196879,0.));
#9483=DIRECTION('',(0.,0.,-1.));
#9484=DIRECTION('',(-0.984133479999577,-0.177429686196879,0.));
#9485=DIRECTION('',(0.945502907789305,-0.325613653525107,0.));
#9486=DIRECTION('',(0.325613653525107,0.945502907789305,0.));
#9487=DIRECTION('',(-0.325613653525107,-0.945502907789305,0.));
#9488=DIRECTION('',(0.,0.,-1.));
#9489=DIRECTION('',(-0.325613653525107,-0.945502907789305,0.));
#9490=DIRECTION('',(0.95105651629515,-0.309016994374959,0.));
#9491=DIRECTION('',(0.309016994374959,0.95105651629515,0.));
#9492=DIRECTION('',(-0.309016994374959,-0.95105651629515,0.));
#9493=DIRECTION('',(0.,0.,-1.));
#9494=DIRECTION('',(-0.309016994374959,-0.95105651629515,0.));
#9495=DIRECTION('',(0.956318824119609,-0.292325685895864,0.));
#9496=DIRECTION('',(0.292325685895865,0.956318824119609,0.));
#9497=DIRECTION('',(-0.292325685895865,-0.956318824119609,0.));
#9498=DIRECTION('',(0.,0.,-1.));
#9499=DIRECTION('',(-0.292325685895865,-0.956318824119609,0.));
#9500=DIRECTION('',(0.722002777270902,0.691890157187616,0.));
#9501=DIRECTION('',(-0.691890157187616,0.722002777270902,0.));
#9502=DIRECTION('',(0.691890157187616,-0.722002777270902,0.));
#9503=DIRECTION('',(0.,0.,-1.));
#9504=DIRECTION('',(0.691890157187616,-0.722002777270902,0.));
#9505=DIRECTION('',(0.679975244154371,0.733235069631291,0.));
#9506=DIRECTION('',(-0.733235069631291,0.679975244154371,0.));
#9507=DIRECTION('',(0.733235069631291,-0.679975244154371,0.));
#9508=DIRECTION('',(0.,0.,-1.));
#9509=DIRECTION('',(0.733235069631291,-0.679975244154371,0.));
#9510=DIRECTION('',(0.63107002319485,0.775725870282055,0.));
#9511=DIRECTION('',(-0.775725870282055,0.63107002319485,0.));
#9512=DIRECTION('',(0.775725870282055,-0.63107002319485,0.));
#9513=DIRECTION('',(0.,0.,-1.));
#9514=DIRECTION('',(0.775725870282055,-0.63107002319485,0.));
#9515=DIRECTION('',(0.572302027999322,0.820042918845022,0.));
#9516=DIRECTION('',(-0.820042918845022,0.572302027999322,0.));
#9517=DIRECTION('',(0.820042918845022,-0.572302027999322,0.));
#9518=DIRECTION('',(0.,0.,-1.));
#9519=DIRECTION('',(0.820042918845022,-0.572302027999322,0.));
#9520=DIRECTION('',(0.496962756519551,0.867771870155106,0.));
#9521=DIRECTION('',(-0.867771870155106,0.496962756519551,0.));
#9522=DIRECTION('',(0.867771870155106,-0.496962756519551,0.));
#9523=DIRECTION('',(0.,0.,-1.));
#9524=DIRECTION('',(0.867771870155106,-0.496962756519551,0.));
#9525=DIRECTION('',(0.376641096479426,0.926359263160236,0.));
#9526=DIRECTION('',(-0.926359263160236,0.376641096479426,0.));
#9527=DIRECTION('',(0.926359263160236,-0.376641096479426,0.));
#9528=DIRECTION('',(0.,0.,-1.));
#9529=DIRECTION('',(0.926359263160236,-0.376641096479426,0.));
#9530=DIRECTION('',(0.22412821199731,0.97455966702244,0.));
#9531=DIRECTION('',(-0.97455966702244,0.22412821199731,0.));
#9532=DIRECTION('',(0.97455966702244,-0.22412821199731,0.));
#9533=DIRECTION('',(0.,0.,-1.));
#9534=DIRECTION('',(0.97455966702244,-0.22412821199731,0.));
#9535=DIRECTION('',(0.981707655921079,-0.19039453328796,0.));
#9536=DIRECTION('',(0.19039453328796,0.981707655921079,0.));
#9537=DIRECTION('',(-0.19039453328796,-0.981707655921079,0.));
#9538=DIRECTION('',(0.,0.,-1.));
#9539=DIRECTION('',(-0.19039453328796,-0.981707655921079,0.));
#9540=DIRECTION('',(0.992494609682649,-0.12228838763712,0.));
#9541=DIRECTION('',(0.12228838763712,0.992494609682649,0.));
#9542=DIRECTION('',(-0.12228838763712,-0.992494609682649,0.));
#9543=DIRECTION('',(0.,0.,-1.));
#9544=DIRECTION('',(-0.12228838763712,-0.992494609682649,0.));
#9545=DIRECTION('',(-0.0879969026367003,-0.996120748266166,0.));
#9546=DIRECTION('',(0.996120748266166,-0.0879969026367003,0.));
#9547=DIRECTION('',(-0.996120748266166,0.0879969026367003,0.));
#9548=DIRECTION('',(0.,0.,-1.));
#9549=DIRECTION('',(-0.996120748266166,0.0879969026367003,0.));
#9550=DIRECTION('',(0.0719462138981436,-0.997408513251076,0.));
#9551=DIRECTION('',(0.997408513251076,0.0719462138981436,0.));
#9552=DIRECTION('',(-0.997408513251076,-0.0719462138981436,0.));
#9553=DIRECTION('',(0.,0.,-1.));
#9554=DIRECTION('',(-0.997408513251076,-0.0719462138981436,0.));
#9555=DIRECTION('',(0.204483412825462,-0.978870029104606,0.));
#9556=DIRECTION('',(0.978870029104606,0.204483412825462,0.));
#9557=DIRECTION('',(-0.978870029104606,-0.204483412825462,0.));
#9558=DIRECTION('',(0.,0.,-1.));
#9559=DIRECTION('',(-0.978870029104606,-0.204483412825462,0.));
#9560=DIRECTION('',(0.290884374977739,-0.956758214176293,0.));
#9561=DIRECTION('',(0.956758214176294,0.290884374977739,0.));
#9562=DIRECTION('',(-0.956758214176293,-0.290884374977739,0.));
#9563=DIRECTION('',(0.,0.,-1.));
#9564=DIRECTION('',(-0.956758214176293,-0.290884374977739,0.));
#9565=DIRECTION('',(0.360470780904545,-0.932770505598278,0.));
#9566=DIRECTION('',(0.932770505598278,0.360470780904545,0.));
#9567=DIRECTION('',(-0.932770505598278,-0.360470780904545,0.));
#9568=DIRECTION('',(0.,0.,-1.));
#9569=DIRECTION('',(-0.932770505598278,-0.360470780904545,0.));
#9570=DIRECTION('',(0.420112789484635,-0.907471897146925,0.));
#9571=DIRECTION('',(0.907471897146925,0.420112789484635,0.));
#9572=DIRECTION('',(-0.907471897146925,-0.420112789484635,0.));
#9573=DIRECTION('',(0.,0.,-1.));
#9574=DIRECTION('',(-0.907471897146925,-0.420112789484635,0.));
#9575=DIRECTION('',(0.472859629294972,-0.881137770716374,0.));
#9576=DIRECTION('',(0.881137770716374,0.472859629294972,0.));
#9577=DIRECTION('',(-0.881137770716374,-0.472859629294972,0.));
#9578=DIRECTION('',(0.,0.,-1.));
#9579=DIRECTION('',(-0.881137770716374,-0.472859629294972,0.));
#9580=DIRECTION('',(0.999846854168809,-0.0175005202418928,0.));
#9581=DIRECTION('',(0.0175005202418928,0.999846854168809,0.));
#9582=DIRECTION('',(-0.0175005202418928,-0.999846854168809,0.));
#9583=DIRECTION('',(0.,0.,-1.));
#9584=DIRECTION('',(-0.0175005202418928,-0.999846854168809,0.));
#9585=DIRECTION('',(1.,0.,0.));
#9586=DIRECTION('',(0.,0.,-1.));
#9587=DIRECTION('',(0.,-1.,0.));
#9588=DIRECTION('',(0.,0.,-1.));
#9589=DIRECTION('',(0.,-1.,0.));
#9590=DIRECTION('',(0.999846854168809,0.0175005202418928,0.));
#9591=DIRECTION('',(-0.0175005202418928,0.999846854168809,0.));
#9592=DIRECTION('',(0.0175005202418928,-0.999846854168809,0.));
#9593=DIRECTION('',(0.,0.,-1.));
#9594=DIRECTION('',(0.0175005202418928,-0.999846854168809,0.));
#9595=DIRECTION('',(0.47285962929496,0.881137770716381,0.));
#9596=DIRECTION('',(-0.881137770716381,0.47285962929496,0.));
#9597=DIRECTION('',(0.881137770716381,-0.47285962929496,0.));
#9598=DIRECTION('',(0.,0.,-1.));
#9599=DIRECTION('',(0.881137770716381,-0.47285962929496,0.));
#9600=DIRECTION('',(0.420112789484635,0.907471897146925,0.));
#9601=DIRECTION('',(-0.907471897146925,0.420112789484635,0.));
#9602=DIRECTION('',(0.907471897146925,-0.420112789484635,0.));
#9603=DIRECTION('',(0.,0.,-1.));
#9604=DIRECTION('',(0.907471897146925,-0.420112789484635,0.));
#9605=DIRECTION('',(0.360470780904546,0.932770505598278,0.));
#9606=DIRECTION('',(-0.932770505598278,0.360470780904546,0.));
#9607=DIRECTION('',(0.932770505598278,-0.360470780904546,0.));
#9608=DIRECTION('',(0.,0.,-1.));
#9609=DIRECTION('',(0.932770505598278,-0.360470780904546,0.));
#9610=DIRECTION('',(0.290884374977738,0.956758214176293,0.));
#9611=DIRECTION('',(-0.956758214176294,0.290884374977738,0.));
#9612=DIRECTION('',(0.956758214176294,-0.290884374977738,0.));
#9613=DIRECTION('',(0.,0.,-1.));
#9614=DIRECTION('',(0.956758214176294,-0.290884374977738,0.));
#9615=DIRECTION('',(0.204483412825462,0.978870029104606,0.));
#9616=DIRECTION('',(-0.978870029104606,0.204483412825462,0.));
#9617=DIRECTION('',(0.978870029104606,-0.204483412825462,0.));
#9618=DIRECTION('',(0.,0.,-1.));
#9619=DIRECTION('',(0.978870029104606,-0.204483412825462,0.));
#9620=DIRECTION('',(0.0719462138981442,0.997408513251076,0.));
#9621=DIRECTION('',(-0.997408513251076,0.0719462138981442,0.));
#9622=DIRECTION('',(0.997408513251076,-0.0719462138981442,0.));
#9623=DIRECTION('',(0.,0.,-1.));
#9624=DIRECTION('',(0.997408513251076,-0.0719462138981442,0.));
#9625=DIRECTION('',(-0.0879969026367001,0.996120748266166,0.));
#9626=DIRECTION('',(-0.996120748266166,-0.0879969026367001,0.));
#9627=DIRECTION('',(0.996120748266166,0.0879969026367001,0.));
#9628=DIRECTION('',(0.,0.,-1.));
#9629=DIRECTION('',(0.996120748266166,0.0879969026367001,0.));
#9630=DIRECTION('',(0.992494609682649,0.122288387637121,0.));
#9631=DIRECTION('',(-0.122288387637121,0.992494609682649,0.));
#9632=DIRECTION('',(0.122288387637121,-0.992494609682649,0.));
#9633=DIRECTION('',(0.,0.,-1.));
#9634=DIRECTION('',(0.122288387637121,-0.992494609682649,0.));
#9635=DIRECTION('',(0.98170765592108,0.190394533287957,0.));
#9636=DIRECTION('',(-0.190394533287957,0.98170765592108,0.));
#9637=DIRECTION('',(0.190394533287957,-0.98170765592108,0.));
#9638=DIRECTION('',(0.,0.,-1.));
#9639=DIRECTION('',(0.190394533287957,-0.98170765592108,0.));
#9640=DIRECTION('',(0.22412821199731,-0.97455966702244,0.));
#9641=DIRECTION('',(0.97455966702244,0.22412821199731,0.));
#9642=DIRECTION('',(-0.97455966702244,-0.22412821199731,0.));
#9643=DIRECTION('',(0.,0.,-1.));
#9644=DIRECTION('',(-0.97455966702244,-0.22412821199731,0.));
#9645=DIRECTION('',(0.376641096479426,-0.926359263160236,0.));
#9646=DIRECTION('',(0.926359263160236,0.376641096479426,0.));
#9647=DIRECTION('',(-0.926359263160236,-0.376641096479426,0.));
#9648=DIRECTION('',(0.,0.,-1.));
#9649=DIRECTION('',(-0.926359263160236,-0.376641096479426,0.));
#9650=DIRECTION('',(0.496962756519549,-0.867771870155107,0.));
#9651=DIRECTION('',(0.867771870155107,0.496962756519549,0.));
#9652=DIRECTION('',(-0.867771870155107,-0.496962756519549,0.));
#9653=DIRECTION('',(0.,0.,-1.));
#9654=DIRECTION('',(-0.867771870155107,-0.496962756519549,0.));
#9655=DIRECTION('',(0.572302027999321,-0.820042918845023,0.));
#9656=DIRECTION('',(0.820042918845023,0.572302027999321,0.));
#9657=DIRECTION('',(-0.820042918845023,-0.572302027999321,0.));
#9658=DIRECTION('',(0.,0.,-1.));
#9659=DIRECTION('',(-0.820042918845023,-0.572302027999321,0.));
#9660=DIRECTION('',(0.631070023194853,-0.775725870282052,0.));
#9661=DIRECTION('',(0.775725870282052,0.631070023194853,0.));
#9662=DIRECTION('',(-0.775725870282052,-0.631070023194853,0.));
#9663=DIRECTION('',(0.,0.,-1.));
#9664=DIRECTION('',(-0.775725870282052,-0.631070023194853,0.));
#9665=DIRECTION('',(0.679975244154367,-0.733235069631294,0.));
#9666=DIRECTION('',(0.733235069631294,0.679975244154367,0.));
#9667=DIRECTION('',(-0.733235069631294,-0.679975244154367,0.));
#9668=DIRECTION('',(0.,0.,-1.));
#9669=DIRECTION('',(-0.733235069631294,-0.679975244154367,0.));
#9670=DIRECTION('',(0.722002777270914,-0.691890157187604,0.));
#9671=DIRECTION('',(0.691890157187604,0.722002777270914,0.));
#9672=DIRECTION('',(-0.691890157187604,-0.722002777270914,0.));
#9673=DIRECTION('',(0.,0.,-1.));
#9674=DIRECTION('',(-0.691890157187604,-0.722002777270914,0.));
#9675=DIRECTION('',(0.956318824119609,0.292325685895864,0.));
#9676=DIRECTION('',(-0.292325685895865,0.956318824119609,0.));
#9677=DIRECTION('',(0.292325685895865,-0.956318824119609,0.));
#9678=DIRECTION('',(0.,0.,-1.));
#9679=DIRECTION('',(0.292325685895865,-0.956318824119609,0.));
#9680=DIRECTION('',(0.951056516295153,0.309016994374949,0.));
#9681=DIRECTION('',(-0.30901699437495,0.951056516295153,0.));
#9682=DIRECTION('',(0.309016994374949,-0.951056516295153,0.));
#9683=DIRECTION('',(0.,0.,-1.));
#9684=DIRECTION('',(0.309016994374949,-0.951056516295153,0.));
#9685=DIRECTION('',(0.945502907789303,0.325613653525113,0.));
#9686=DIRECTION('',(-0.325613653525113,0.945502907789303,0.));
#9687=DIRECTION('',(0.325613653525113,-0.945502907789303,0.));
#9688=DIRECTION('',(0.,0.,-1.));
#9689=DIRECTION('',(0.325613653525113,-0.945502907789303,0.));
#9690=DIRECTION('',(0.177429686196867,0.984133479999579,0.));
#9691=DIRECTION('',(-0.984133479999579,0.177429686196867,0.));
#9692=DIRECTION('',(0.984133479999579,-0.177429686196867,0.));
#9693=DIRECTION('',(0.,0.,-1.));
#9694=DIRECTION('',(0.984133479999579,-0.177429686196867,0.));
#9695=DIRECTION('',(0.119126767882222,0.992879052641325,0.));
#9696=DIRECTION('',(-0.992879052641325,0.119126767882222,0.));
#9697=DIRECTION('',(0.992879052641325,-0.119126767882222,0.));
#9698=DIRECTION('',(0.,0.,-1.));
#9699=DIRECTION('',(0.992879052641325,-0.119126767882222,0.));
#9700=DIRECTION('',(0.0545861470316924,0.99850906483228,0.));
#9701=DIRECTION('',(-0.99850906483228,0.0545861470316924,0.));
#9702=DIRECTION('',(0.99850906483228,-0.0545861470316924,0.));
#9703=DIRECTION('',(0.,0.,-1.));
#9704=DIRECTION('',(0.99850906483228,-0.0545861470316924,0.));
#9705=DIRECTION('',(-0.0190070673772798,0.999819349377534,0.));
#9706=DIRECTION('',(-0.999819349377534,-0.0190070673772798,0.));
#9707=DIRECTION('',(0.999819349377534,0.0190070673772798,0.));
#9708=DIRECTION('',(0.,0.,-1.));
#9709=DIRECTION('',(0.999819349377534,0.0190070673772798,0.));
#9710=DIRECTION('',(-0.108012192035693,0.994149569416818,0.));
#9711=DIRECTION('',(-0.994149569416818,-0.108012192035693,0.));
#9712=DIRECTION('',(0.994149569416818,0.108012192035693,0.));
#9713=DIRECTION('',(0.,0.,-1.));
#9714=DIRECTION('',(0.994149569416818,0.108012192035693,0.));
#9715=DIRECTION('',(-0.239791265378239,0.970824468711158,0.));
#9716=DIRECTION('',(-0.970824468711158,-0.239791265378239,0.));
#9717=DIRECTION('',(0.970824468711158,0.239791265378239,0.));
#9718=DIRECTION('',(0.,0.,-1.));
#9719=DIRECTION('',(0.970824468711158,0.239791265378239,0.));
#9720=DIRECTION('',(-0.391508267330157,0.920174590288244,0.));
#9721=DIRECTION('',(-0.920174590288244,-0.391508267330157,0.));
#9722=DIRECTION('',(0.920174590288244,0.391508267330157,0.));
#9723=DIRECTION('',(0.,0.,-1.));
#9724=DIRECTION('',(0.920174590288244,0.391508267330157,0.));
#9725=DIRECTION('',(0.906129275931917,0.42300086914698,0.));
#9726=DIRECTION('',(-0.42300086914698,0.906129275931917,0.));
#9727=DIRECTION('',(0.42300086914698,-0.906129275931917,0.));
#9728=DIRECTION('',(0.,0.,-1.));
#9729=DIRECTION('',(0.42300086914698,-0.906129275931917,0.));
#9730=DIRECTION('',(0.874824316838517,0.484440310738094,0.));
#9731=DIRECTION('',(-0.484440310738094,0.874824316838517,0.));
#9732=DIRECTION('',(0.484440310738094,-0.874824316838517,0.));
#9733=DIRECTION('',(0.,0.,-1.));
#9734=DIRECTION('',(0.484440310738094,-0.874824316838517,0.));
#9735=DIRECTION('',(0.514314095647947,-0.857601895414087,0.));
#9736=DIRECTION('',(0.857601895414087,0.514314095647947,0.));
#9737=DIRECTION('',(-0.857601895414087,-0.514314095647947,0.));
#9738=DIRECTION('',(0.,0.,-1.));
#9739=DIRECTION('',(-0.857601895414087,-0.514314095647947,0.));
#9740=DIRECTION('',(0.644467724324477,-0.764631514066763,0.));
#9741=DIRECTION('',(0.764631514066763,0.644467724324477,0.));
#9742=DIRECTION('',(-0.764631514066763,-0.644467724324477,0.));
#9743=DIRECTION('',(0.,0.,-1.));
#9744=DIRECTION('',(-0.764631514066763,-0.644467724324477,0.));
#9745=DIRECTION('',(0.740795923062379,-0.671730154432684,0.));
#9746=DIRECTION('',(0.671730154432684,0.740795923062379,0.));
#9747=DIRECTION('',(-0.671730154432684,-0.740795923062379,0.));
#9748=DIRECTION('',(0.,0.,-1.));
#9749=DIRECTION('',(-0.671730154432684,-0.740795923062379,0.));
#9750=DIRECTION('',(0.797698771057635,-0.603056109042218,0.));
#9751=DIRECTION('',(0.603056109042218,0.797698771057635,0.));
#9752=DIRECTION('',(-0.603056109042218,-0.797698771057635,0.));
#9753=DIRECTION('',(0.,0.,-1.));
#9754=DIRECTION('',(-0.603056109042218,-0.797698771057635,0.));
#9755=DIRECTION('',(0.839895734691445,-0.542747781982678,0.));
#9756=DIRECTION('',(0.542747781982678,0.839895734691445,0.));
#9757=DIRECTION('',(-0.542747781982678,-0.839895734691446,0.));
#9758=DIRECTION('',(0.,0.,-1.));
#9759=DIRECTION('',(-0.542747781982678,-0.839895734691446,0.));
#9760=DIRECTION('',(0.873276984260169,-0.487224084751015,0.));
#9761=DIRECTION('',(0.487224084751015,0.873276984260169,0.));
#9762=DIRECTION('',(-0.487224084751015,-0.873276984260169,0.));
#9763=DIRECTION('',(0.,0.,-1.));
#9764=DIRECTION('',(-0.487224084751015,-0.873276984260169,0.));
#9765=DIRECTION('',(0.900471262918423,-0.434915514391128,0.));
#9766=DIRECTION('',(0.434915514391129,0.900471262918423,0.));
#9767=DIRECTION('',(-0.434915514391129,-0.900471262918423,0.));
#9768=DIRECTION('',(0.,0.,-1.));
#9769=DIRECTION('',(-0.434915514391129,-0.900471262918423,0.));
#9770=DIRECTION('',(0.819179644500534,0.573537017145343,0.));
#9771=DIRECTION('',(-0.573537017145343,0.819179644500534,0.));
#9772=DIRECTION('',(0.573537017145343,-0.819179644500534,0.));
#9773=DIRECTION('',(0.,0.,-1.));
#9774=DIRECTION('',(0.573537017145343,-0.819179644500534,0.));
#9775=DIRECTION('',(0.809016994374951,0.587785252292468,0.));
#9776=DIRECTION('',(-0.587785252292468,0.809016994374951,0.));
#9777=DIRECTION('',(0.587785252292468,-0.809016994374951,0.));
#9778=DIRECTION('',(0.,0.,-1.));
#9779=DIRECTION('',(0.587785252292468,-0.809016994374951,0.));
#9780=DIRECTION('',(0.798606549089256,0.601853453717555,0.));
#9781=DIRECTION('',(-0.601853453717555,0.798606549089257,0.));
#9782=DIRECTION('',(0.601853453717555,-0.798606549089257,0.));
#9783=DIRECTION('',(0.,0.,-1.));
#9784=DIRECTION('',(0.601853453717555,-0.798606549089257,0.));
#9785=DIRECTION('',(-0.135368310811492,0.990795347399272,0.));
#9786=DIRECTION('',(-0.990795347399272,-0.135368310811492,0.));
#9787=DIRECTION('',(0.990795347399272,0.135368310811492,0.));
#9788=DIRECTION('',(0.,0.,-1.));
#9789=DIRECTION('',(0.990795347399272,0.135368310811492,0.));
#9790=DIRECTION('',(-0.193520211765504,0.981096288668057,0.));
#9791=DIRECTION('',(-0.981096288668057,-0.193520211765504,0.));
#9792=DIRECTION('',(0.981096288668057,0.193520211765504,0.));
#9793=DIRECTION('',(0.,0.,-1.));
#9794=DIRECTION('',(0.981096288668057,0.193520211765504,0.));
#9795=DIRECTION('',(-0.25664175923667,0.966506599778763,0.));
#9796=DIRECTION('',(-0.966506599778764,-0.256641759236671,0.));
#9797=DIRECTION('',(0.966506599778764,0.25664175923667,0.));
#9798=DIRECTION('',(0.,0.,-1.));
#9799=DIRECTION('',(0.966506599778764,0.25664175923667,0.));
#9800=DIRECTION('',(-0.327037965547386,0.945011200510675,0.));
#9801=DIRECTION('',(-0.945011200510675,-0.327037965547386,0.));
#9802=DIRECTION('',(0.945011200510675,0.327037965547386,0.));
#9803=DIRECTION('',(0.,0.,-1.));
#9804=DIRECTION('',(0.945011200510675,0.327037965547386,0.));
#9805=DIRECTION('',(-0.409934810975207,0.912114823227164,0.));
#9806=DIRECTION('',(-0.912114823227164,-0.409934810975207,0.));
#9807=DIRECTION('',(0.912114823227164,0.409934810975207,0.));
#9808=DIRECTION('',(0.,0.,-1.));
#9809=DIRECTION('',(0.912114823227164,0.409934810975207,0.));
#9810=DIRECTION('',(-0.528056304875406,0.849209361041983,0.));
#9811=DIRECTION('',(-0.849209361041983,-0.528056304875406,0.));
#9812=DIRECTION('',(0.849209361041983,0.528056304875406,0.));
#9813=DIRECTION('',(0.,0.,-1.));
#9814=DIRECTION('',(0.849209361041983,0.528056304875406,0.));
#9815=DIRECTION('',(-0.656696075018845,0.754155332179548,0.));
#9816=DIRECTION('',(-0.754155332179548,-0.656696075018845,0.));
#9817=DIRECTION('',(0.754155332179548,0.656696075018845,0.));
#9818=DIRECTION('',(0.,0.,-1.));
#9819=DIRECTION('',(0.754155332179548,0.656696075018845,0.));
#9820=DIRECTION('',(0.73106569527907,0.682307078364376,0.));
#9821=DIRECTION('',(-0.682307078364376,0.73106569527907,0.));
#9822=DIRECTION('',(0.682307078364376,-0.73106569527907,0.));
#9823=DIRECTION('',(0.,0.,-1.));
#9824=DIRECTION('',(0.682307078364376,-0.73106569527907,0.));
#9825=DIRECTION('',(0.682307078364377,0.731065695279069,0.));
#9826=DIRECTION('',(-0.731065695279069,0.682307078364377,0.));
#9827=DIRECTION('',(0.731065695279069,-0.682307078364377,0.));
#9828=DIRECTION('',(0.,0.,-1.));
#9829=DIRECTION('',(0.731065695279069,-0.682307078364377,0.));
#9830=DIRECTION('',(0.754155332179549,-0.656696075018843,0.));
#9831=DIRECTION('',(0.656696075018843,0.75415533217955,0.));
#9832=DIRECTION('',(-0.656696075018843,-0.754155332179549,0.));
#9833=DIRECTION('',(0.,0.,-1.));
#9834=DIRECTION('',(-0.656696075018843,-0.754155332179549,0.));
#9835=DIRECTION('',(0.849209361041975,-0.528056304875418,0.));
#9836=DIRECTION('',(0.528056304875418,0.849209361041975,0.));
#9837=DIRECTION('',(-0.528056304875418,-0.849209361041975,0.));
#9838=DIRECTION('',(0.,0.,-1.));
#9839=DIRECTION('',(-0.528056304875418,-0.849209361041975,0.));
#9840=DIRECTION('',(0.91211482322716,-0.409934810975215,0.));
#9841=DIRECTION('',(0.409934810975216,0.912114823227161,0.));
#9842=DIRECTION('',(-0.409934810975216,-0.912114823227161,0.));
#9843=DIRECTION('',(0.,0.,-1.));
#9844=DIRECTION('',(-0.409934810975216,-0.912114823227161,0.));
#9845=DIRECTION('',(0.94501120051068,-0.327037965547371,0.));
#9846=DIRECTION('',(0.327037965547371,0.94501120051068,0.));
#9847=DIRECTION('',(-0.327037965547371,-0.94501120051068,0.));
#9848=DIRECTION('',(0.,0.,-1.));
#9849=DIRECTION('',(-0.327037965547371,-0.94501120051068,0.));
#9850=DIRECTION('',(0.966506599778767,-0.256641759236658,0.));
#9851=DIRECTION('',(0.256641759236658,0.966506599778767,0.));
#9852=DIRECTION('',(-0.256641759236658,-0.966506599778767,0.));
#9853=DIRECTION('',(0.,0.,-1.));
#9854=DIRECTION('',(-0.256641759236658,-0.966506599778767,0.));
#9855=DIRECTION('',(0.981096288668054,-0.193520211765516,0.));
#9856=DIRECTION('',(0.193520211765516,0.981096288668054,0.));
#9857=DIRECTION('',(-0.193520211765516,-0.981096288668054,0.));
#9858=DIRECTION('',(0.,0.,-1.));
#9859=DIRECTION('',(-0.193520211765516,-0.981096288668054,0.));
#9860=DIRECTION('',(0.990795347399273,-0.135368310811479,0.));
#9861=DIRECTION('',(0.135368310811479,0.990795347399273,0.));
#9862=DIRECTION('',(-0.135368310811479,-0.990795347399273,0.));
#9863=DIRECTION('',(0.,0.,-1.));
#9864=DIRECTION('',(-0.135368310811479,-0.990795347399273,0.));
#9865=DIRECTION('',(0.601853453717555,0.798606549089256,0.));
#9866=DIRECTION('',(-0.798606549089257,0.601853453717555,0.));
#9867=DIRECTION('',(0.798606549089257,-0.601853453717555,0.));
#9868=DIRECTION('',(0.,0.,-1.));
#9869=DIRECTION('',(0.798606549089257,-0.601853453717555,0.));
#9870=DIRECTION('',(0.587785252292465,0.809016994374953,0.));
#9871=DIRECTION('',(-0.809016994374953,0.587785252292465,0.));
#9872=DIRECTION('',(0.809016994374953,-0.587785252292465,0.));
#9873=DIRECTION('',(0.,0.,-1.));
#9874=DIRECTION('',(0.809016994374953,-0.587785252292465,0.));
#9875=DIRECTION('',(0.573537017145343,0.819179644500535,0.));
#9876=DIRECTION('',(-0.819179644500535,0.573537017145343,0.));
#9877=DIRECTION('',(0.819179644500535,-0.573537017145343,0.));
#9878=DIRECTION('',(0.,0.,-1.));
#9879=DIRECTION('',(0.819179644500535,-0.573537017145343,0.));
#9880=DIRECTION('',(-0.434915514391127,0.900471262918424,0.));
#9881=DIRECTION('',(-0.900471262918424,-0.434915514391127,0.));
#9882=DIRECTION('',(0.900471262918424,0.434915514391127,0.));
#9883=DIRECTION('',(0.,0.,-1.));
#9884=DIRECTION('',(0.900471262918424,0.434915514391127,0.));
#9885=DIRECTION('',(-0.487224084751027,0.873276984260163,0.));
#9886=DIRECTION('',(-0.873276984260163,-0.487224084751027,0.));
#9887=DIRECTION('',(0.873276984260163,0.487224084751027,0.));
#9888=DIRECTION('',(0.,0.,-1.));
#9889=DIRECTION('',(0.873276984260163,0.487224084751027,0.));
#9890=DIRECTION('',(-0.542747781982665,0.839895734691454,0.));
#9891=DIRECTION('',(-0.839895734691455,-0.542747781982665,0.));
#9892=DIRECTION('',(0.839895734691454,0.542747781982665,0.));
#9893=DIRECTION('',(0.,0.,-1.));
#9894=DIRECTION('',(0.839895734691454,0.542747781982665,0.));
#9895=DIRECTION('',(-0.603056109042209,0.797698771057641,0.));
#9896=DIRECTION('',(-0.797698771057641,-0.603056109042209,0.));
#9897=DIRECTION('',(0.797698771057641,0.603056109042209,0.));
#9898=DIRECTION('',(0.,0.,-1.));
#9899=DIRECTION('',(0.797698771057641,0.603056109042209,0.));
#9900=DIRECTION('',(-0.671730154432695,0.740795923062369,0.));
#9901=DIRECTION('',(-0.74079592306237,-0.671730154432695,0.));
#9902=DIRECTION('',(0.74079592306237,0.671730154432695,0.));
#9903=DIRECTION('',(0.,0.,-1.));
#9904=DIRECTION('',(0.74079592306237,0.671730154432695,0.));
#9905=DIRECTION('',(-0.764631514066772,0.644467724324466,0.));
#9906=DIRECTION('',(-0.644467724324466,-0.764631514066772,0.));
#9907=DIRECTION('',(0.644467724324466,0.764631514066772,0.));
#9908=DIRECTION('',(0.,0.,-1.));
#9909=DIRECTION('',(0.644467724324466,0.764631514066772,0.));
#9910=DIRECTION('',(-0.857601895414086,0.514314095647948,0.));
#9911=DIRECTION('',(-0.514314095647948,-0.857601895414086,0.));
#9912=DIRECTION('',(0.514314095647948,0.857601895414086,0.));
#9913=DIRECTION('',(0.,0.,-1.));
#9914=DIRECTION('',(0.514314095647948,0.857601895414086,0.));
#9915=DIRECTION('',(0.484440310738095,0.874824316838517,0.));
#9916=DIRECTION('',(-0.874824316838517,0.484440310738095,0.));
#9917=DIRECTION('',(0.874824316838517,-0.484440310738095,0.));
#9918=DIRECTION('',(0.,0.,-1.));
#9919=DIRECTION('',(0.874824316838517,-0.484440310738095,0.));
#9920=DIRECTION('',(0.423000869146978,0.906129275931917,0.));
#9921=DIRECTION('',(-0.906129275931917,0.423000869146978,0.));
#9922=DIRECTION('',(0.906129275931917,-0.423000869146978,0.));
#9923=DIRECTION('',(0.,0.,-1.));
#9924=DIRECTION('',(0.906129275931917,-0.423000869146978,0.));
#9925=DIRECTION('',(0.920174590288244,-0.391508267330158,0.));
#9926=DIRECTION('',(0.391508267330158,0.920174590288244,0.));
#9927=DIRECTION('',(-0.391508267330158,-0.920174590288244,0.));
#9928=DIRECTION('',(0.,0.,-1.));
#9929=DIRECTION('',(-0.391508267330158,-0.920174590288244,0.));
#9930=DIRECTION('',(0.970824468711155,-0.239791265378252,0.));
#9931=DIRECTION('',(0.239791265378252,0.970824468711155,0.));
#9932=DIRECTION('',(-0.239791265378252,-0.970824468711155,0.));
#9933=DIRECTION('',(0.,0.,-1.));
#9934=DIRECTION('',(-0.239791265378252,-0.970824468711155,0.));
#9935=DIRECTION('',(0.994149569416816,-0.10801219203571,0.));
#9936=DIRECTION('',(0.10801219203571,0.994149569416816,0.));
#9937=DIRECTION('',(-0.10801219203571,-0.994149569416816,0.));
#9938=DIRECTION('',(0.,0.,-1.));
#9939=DIRECTION('',(-0.10801219203571,-0.994149569416816,0.));
#9940=DIRECTION('',(0.999819349377534,-0.0190070673772635,0.));
#9941=DIRECTION('',(0.0190070673772635,0.999819349377534,0.));
#9942=DIRECTION('',(-0.0190070673772635,-0.999819349377534,0.));
#9943=DIRECTION('',(0.,0.,-1.));
#9944=DIRECTION('',(-0.0190070673772635,-0.999819349377534,0.));
#9945=DIRECTION('',(0.998509064832279,0.054586147031704,0.));
#9946=DIRECTION('',(-0.054586147031704,0.998509064832279,0.));
#9947=DIRECTION('',(0.054586147031704,-0.99850906483228,0.));
#9948=DIRECTION('',(0.,0.,-1.));
#9949=DIRECTION('',(0.054586147031704,-0.99850906483228,0.));
#9950=DIRECTION('',(0.992879052641327,0.119126767882208,0.));
#9951=DIRECTION('',(-0.119126767882208,0.992879052641327,0.));
#9952=DIRECTION('',(0.119126767882208,-0.992879052641327,0.));
#9953=DIRECTION('',(0.,0.,-1.));
#9954=DIRECTION('',(0.119126767882208,-0.992879052641327,0.));
#9955=DIRECTION('',(0.984133479999577,0.177429686196879,0.));
#9956=DIRECTION('',(-0.177429686196879,0.984133479999577,0.));
#9957=DIRECTION('',(0.177429686196879,-0.984133479999577,0.));
#9958=DIRECTION('',(0.,0.,-1.));
#9959=DIRECTION('',(0.177429686196879,-0.984133479999577,0.));
#9960=DIRECTION('',(0.325613653525107,0.945502907789305,0.));
#9961=DIRECTION('',(-0.945502907789305,0.325613653525107,0.));
#9962=DIRECTION('',(0.945502907789305,-0.325613653525107,0.));
#9963=DIRECTION('',(0.,0.,-1.));
#9964=DIRECTION('',(0.945502907789305,-0.325613653525107,0.));
#9965=DIRECTION('',(0.309016994374952,0.951056516295152,0.));
#9966=DIRECTION('',(-0.951056516295152,0.309016994374952,0.));
#9967=DIRECTION('',(0.951056516295152,-0.309016994374952,0.));
#9968=DIRECTION('',(0.,0.,-1.));
#9969=DIRECTION('',(0.951056516295152,-0.309016994374952,0.));
#9970=DIRECTION('',(0.292325685895868,0.956318824119608,0.));
#9971=DIRECTION('',(-0.956318824119608,0.292325685895868,0.));
#9972=DIRECTION('',(0.956318824119608,-0.292325685895868,0.));
#9973=DIRECTION('',(0.,0.,-1.));
#9974=DIRECTION('',(0.956318824119608,-0.292325685895868,0.));
#9975=DIRECTION('',(-0.691890157187604,0.722002777270914,0.));
#9976=DIRECTION('',(-0.722002777270914,-0.691890157187604,0.));
#9977=DIRECTION('',(0.722002777270914,0.691890157187604,0.));
#9978=DIRECTION('',(0.,0.,-1.));
#9979=DIRECTION('',(0.722002777270914,0.691890157187604,0.));
#9980=DIRECTION('',(-0.733235069631301,0.67997524415436,0.));
#9981=DIRECTION('',(-0.67997524415436,-0.733235069631301,0.));
#9982=DIRECTION('',(0.67997524415436,0.733235069631301,0.));
#9983=DIRECTION('',(0.,0.,-1.));
#9984=DIRECTION('',(0.67997524415436,0.733235069631301,0.));
#9985=DIRECTION('',(-0.775725870282045,0.631070023194863,0.));
#9986=DIRECTION('',(-0.631070023194863,-0.775725870282045,0.));
#9987=DIRECTION('',(0.631070023194863,0.775725870282045,0.));
#9988=DIRECTION('',(0.,0.,-1.));
#9989=DIRECTION('',(0.631070023194863,0.775725870282045,0.));
#9990=DIRECTION('',(-0.820042918845014,0.572302027999333,0.));
#9991=DIRECTION('',(-0.572302027999333,-0.820042918845014,0.));
#9992=DIRECTION('',(0.572302027999333,0.820042918845014,0.));
#9993=DIRECTION('',(0.,0.,-1.));
#9994=DIRECTION('',(0.572302027999333,0.820042918845014,0.));
#9995=DIRECTION('',(-0.867771870155113,0.496962756519538,0.));
#9996=DIRECTION('',(-0.496962756519538,-0.867771870155113,0.));
#9997=DIRECTION('',(0.496962756519538,0.867771870155113,0.));
#9998=DIRECTION('',(0.,0.,-1.));
#9999=DIRECTION('',(0.496962756519538,0.867771870155113,0.));
#10000=DIRECTION('',(-0.926359263160242,0.376641096479413,0.));
#10001=DIRECTION('',(-0.376641096479413,-0.926359263160242,0.));
#10002=DIRECTION('',(0.376641096479413,0.926359263160242,0.));
#10003=DIRECTION('',(0.,0.,-1.));
#10004=DIRECTION('',(0.376641096479413,0.926359263160242,0.));
#10005=DIRECTION('',(-0.97455966702244,0.224128211997311,0.));
#10006=DIRECTION('',(-0.224128211997311,-0.97455966702244,0.));
#10007=DIRECTION('',(0.224128211997311,0.97455966702244,0.));
#10008=DIRECTION('',(0.,0.,-1.));
#10009=DIRECTION('',(0.224128211997311,0.97455966702244,0.));
#10010=DIRECTION('',(0.190394533287961,0.981707655921079,0.));
#10011=DIRECTION('',(-0.981707655921079,0.190394533287961,0.));
#10012=DIRECTION('',(0.981707655921079,-0.190394533287961,0.));
#10013=DIRECTION('',(0.,0.,-1.));
#10014=DIRECTION('',(0.981707655921079,-0.190394533287961,0.));
#10015=DIRECTION('',(0.12228838763712,0.992494609682649,0.));
#10016=DIRECTION('',(-0.992494609682649,0.12228838763712,0.));
#10017=DIRECTION('',(0.992494609682649,-0.12228838763712,0.));
#10018=DIRECTION('',(0.,0.,-1.));
#10019=DIRECTION('',(0.992494609682649,-0.12228838763712,0.));
#10020=DIRECTION('',(0.996120748266166,-0.0879969026366998,0.));
#10021=DIRECTION('',(0.0879969026366999,0.996120748266166,0.));
#10022=DIRECTION('',(-0.0879969026366999,-0.996120748266166,0.));
#10023=DIRECTION('',(0.,0.,-1.));
#10024=DIRECTION('',(-0.0879969026366999,-0.996120748266166,0.));
#10025=DIRECTION('',(0.997408513251077,0.0719462138981282,0.));
#10026=DIRECTION('',(-0.0719462138981282,0.997408513251078,0.));
#10027=DIRECTION('',(0.0719462138981282,-0.997408513251077,0.));
#10028=DIRECTION('',(0.,0.,-1.));
#10029=DIRECTION('',(0.0719462138981282,-0.997408513251077,0.));
#10030=DIRECTION('',(0.978870029104609,0.204483412825447,0.));
#10031=DIRECTION('',(-0.204483412825447,0.978870029104609,0.));
#10032=DIRECTION('',(0.204483412825447,-0.978870029104609,0.));
#10033=DIRECTION('',(0.,0.,-1.));
#10034=DIRECTION('',(0.204483412825447,-0.978870029104609,0.));
#10035=DIRECTION('',(0.956758214176289,0.290884374977752,0.));
#10036=DIRECTION('',(-0.290884374977752,0.956758214176289,0.));
#10037=DIRECTION('',(0.290884374977752,-0.956758214176289,0.));
#10038=DIRECTION('',(0.,0.,-1.));
#10039=DIRECTION('',(0.290884374977752,-0.956758214176289,0.));
#10040=DIRECTION('',(0.932770505598273,0.360470780904559,0.));
#10041=DIRECTION('',(-0.360470780904559,0.932770505598273,0.));
#10042=DIRECTION('',(0.360470780904559,-0.932770505598273,0.));
#10043=DIRECTION('',(0.,0.,-1.));
#10044=DIRECTION('',(0.360470780904559,-0.932770505598273,0.));
#10045=DIRECTION('',(0.90747189714693,0.420112789484622,0.));
#10046=DIRECTION('',(-0.420112789484622,0.907471897146931,0.));
#10047=DIRECTION('',(0.420112789484622,-0.907471897146931,0.));
#10048=DIRECTION('',(0.,0.,-1.));
#10049=DIRECTION('',(0.420112789484622,-0.907471897146931,0.));
#10050=DIRECTION('',(0.881137770716374,0.472859629294972,0.));
#10051=DIRECTION('',(-0.472859629294972,0.881137770716375,0.));
#10052=DIRECTION('',(0.472859629294972,-0.881137770716374,0.));
#10053=DIRECTION('',(0.,0.,-1.));
#10054=DIRECTION('',(0.472859629294972,-0.881137770716374,0.));
#10055=DIRECTION('',(0.0175005202418928,0.999846854168809,0.));
#10056=DIRECTION('',(-0.999846854168809,0.0175005202418928,0.));
#10057=DIRECTION('',(0.999846854168809,-0.0175005202418928,0.));
#10058=DIRECTION('',(0.,0.,-1.));
#10059=DIRECTION('',(0.999846854168809,-0.0175005202418928,0.));
#10060=DIRECTION('',(0.,1.,0.));
#10061=DIRECTION('',(0.,0.,1.));
#10062=DIRECTION('',(1.,0.,0.));
#10063=DIRECTION('',(0.,0.,-1.));
#10064=DIRECTION('',(1.,0.,0.));
#10065=DIRECTION('',(-0.0175005202418937,0.999846854168809,0.));
#10066=DIRECTION('',(-0.999846854168809,-0.0175005202418937,0.));
#10067=DIRECTION('',(0.999846854168809,0.0175005202418937,0.));
#10068=DIRECTION('',(0.,0.,-1.));
#10069=DIRECTION('',(0.999846854168809,0.0175005202418937,0.));
#10070=DIRECTION('',(-0.881137770716374,0.472859629294972,0.));
#10071=DIRECTION('',(-0.472859629294972,-0.881137770716374,0.));
#10072=DIRECTION('',(0.472859629294972,0.881137770716374,0.));
#10073=DIRECTION('',(0.,0.,-1.));
#10074=DIRECTION('',(0.472859629294972,0.881137770716374,0.));
#10075=DIRECTION('',(-0.90747189714693,0.420112789484623,0.));
#10076=DIRECTION('',(-0.420112789484623,-0.907471897146931,0.));
#10077=DIRECTION('',(0.420112789484623,0.907471897146931,0.));
#10078=DIRECTION('',(0.,0.,-1.));
#10079=DIRECTION('',(0.420112789484623,0.907471897146931,0.));
#10080=DIRECTION('',(-0.932770505598272,0.36047078090456,0.));
#10081=DIRECTION('',(-0.36047078090456,-0.932770505598273,0.));
#10082=DIRECTION('',(0.36047078090456,0.932770505598273,0.));
#10083=DIRECTION('',(0.,0.,-1.));
#10084=DIRECTION('',(0.36047078090456,0.932770505598273,0.));
#10085=DIRECTION('',(-0.956758214176289,0.290884374977753,0.));
#10086=DIRECTION('',(-0.290884374977753,-0.956758214176289,0.));
#10087=DIRECTION('',(0.290884374977753,0.956758214176289,0.));
#10088=DIRECTION('',(0.,0.,-1.));
#10089=DIRECTION('',(0.290884374977753,0.956758214176289,0.));
#10090=DIRECTION('',(-0.978870029104609,0.204483412825447,0.));
#10091=DIRECTION('',(-0.204483412825447,-0.978870029104609,0.));
#10092=DIRECTION('',(0.204483412825447,0.978870029104609,0.));
#10093=DIRECTION('',(0.,0.,-1.));
#10094=DIRECTION('',(0.204483412825447,0.978870029104609,0.));
#10095=DIRECTION('',(-0.997408513251077,0.0719462138981282,0.));
#10096=DIRECTION('',(-0.0719462138981282,-0.997408513251078,0.));
#10097=DIRECTION('',(0.0719462138981282,0.997408513251077,0.));
#10098=DIRECTION('',(0.,0.,-1.));
#10099=DIRECTION('',(0.0719462138981282,0.997408513251077,0.));
#10100=DIRECTION('',(-0.996120748266166,-0.0879969026366994,0.));
#10101=DIRECTION('',(0.0879969026366994,-0.996120748266166,0.));
#10102=DIRECTION('',(-0.0879969026366994,0.996120748266166,0.));
#10103=DIRECTION('',(0.,0.,-1.));
#10104=DIRECTION('',(-0.0879969026366994,0.996120748266166,0.));
#10105=DIRECTION('',(-0.12228838763712,0.992494609682649,0.));
#10106=DIRECTION('',(-0.992494609682649,-0.12228838763712,0.));
#10107=DIRECTION('',(0.992494609682649,0.12228838763712,0.));
#10108=DIRECTION('',(0.,0.,-1.));
#10109=DIRECTION('',(0.992494609682649,0.12228838763712,0.));
#10110=DIRECTION('',(-0.190394533287959,0.981707655921079,0.));
#10111=DIRECTION('',(-0.981707655921079,-0.190394533287959,0.));
#10112=DIRECTION('',(0.981707655921079,0.190394533287959,0.));
#10113=DIRECTION('',(0.,0.,-1.));
#10114=DIRECTION('',(0.981707655921079,0.190394533287959,0.));
#10115=DIRECTION('',(0.97455966702244,0.224128211997311,0.));
#10116=DIRECTION('',(-0.224128211997311,0.97455966702244,0.));
#10117=DIRECTION('',(0.224128211997311,-0.97455966702244,0.));
#10118=DIRECTION('',(0.,0.,-1.));
#10119=DIRECTION('',(0.224128211997311,-0.97455966702244,0.));
#10120=DIRECTION('',(0.926359263160242,0.376641096479412,0.));
#10121=DIRECTION('',(-0.376641096479412,0.926359263160242,0.));
#10122=DIRECTION('',(0.376641096479412,-0.926359263160242,0.));
#10123=DIRECTION('',(0.,0.,-1.));
#10124=DIRECTION('',(0.376641096479412,-0.926359263160242,0.));
#10125=DIRECTION('',(0.867771870155113,0.496962756519538,0.));
#10126=DIRECTION('',(-0.496962756519538,0.867771870155113,0.));
#10127=DIRECTION('',(0.496962756519538,-0.867771870155113,0.));
#10128=DIRECTION('',(0.,0.,-1.));
#10129=DIRECTION('',(0.496962756519538,-0.867771870155113,0.));
#10130=DIRECTION('',(0.820042918845015,0.572302027999332,0.));
#10131=DIRECTION('',(-0.572302027999332,0.820042918845015,0.));
#10132=DIRECTION('',(0.572302027999332,-0.820042918845015,0.));
#10133=DIRECTION('',(0.,0.,-1.));
#10134=DIRECTION('',(0.572302027999332,-0.820042918845015,0.));
#10135=DIRECTION('',(0.775725870282045,0.631070023194862,0.));
#10136=DIRECTION('',(-0.631070023194862,0.775725870282045,0.));
#10137=DIRECTION('',(0.631070023194862,-0.775725870282045,0.));
#10138=DIRECTION('',(0.,0.,-1.));
#10139=DIRECTION('',(0.631070023194862,-0.775725870282045,0.));
#10140=DIRECTION('',(0.7332350696313,0.679975244154361,0.));
#10141=DIRECTION('',(-0.679975244154361,0.7332350696313,0.));
#10142=DIRECTION('',(0.679975244154361,-0.7332350696313,0.));
#10143=DIRECTION('',(0.,0.,-1.));
#10144=DIRECTION('',(0.679975244154361,-0.7332350696313,0.));
#10145=DIRECTION('',(0.691890157187608,0.72200277727091,0.));
#10146=DIRECTION('',(-0.72200277727091,0.691890157187608,0.));
#10147=DIRECTION('',(0.72200277727091,-0.691890157187608,0.));
#10148=DIRECTION('',(0.,0.,-1.));
#10149=DIRECTION('',(0.72200277727091,-0.691890157187608,0.));
#10150=DIRECTION('',(-0.292325685895875,0.956318824119606,0.));
#10151=DIRECTION('',(-0.956318824119606,-0.292325685895875,0.));
#10152=DIRECTION('',(0.956318824119606,0.292325685895875,0.));
#10153=DIRECTION('',(0.,0.,-1.));
#10154=DIRECTION('',(0.956318824119606,0.292325685895875,0.));
#10155=DIRECTION('',(-0.309016994374953,0.951056516295152,0.));
#10156=DIRECTION('',(-0.951056516295152,-0.309016994374953,0.));
#10157=DIRECTION('',(0.951056516295152,0.309016994374953,0.));
#10158=DIRECTION('',(0.,0.,-1.));
#10159=DIRECTION('',(0.951056516295152,0.309016994374953,0.));
#10160=DIRECTION('',(-0.325613653525107,0.945502907789305,0.));
#10161=DIRECTION('',(-0.945502907789305,-0.325613653525107,0.));
#10162=DIRECTION('',(0.945502907789305,0.325613653525107,0.));
#10163=DIRECTION('',(0.,0.,-1.));
#10164=DIRECTION('',(0.945502907789305,0.325613653525107,0.));
#10165=DIRECTION('',(-0.984133479999576,0.177429686196883,0.));
#10166=DIRECTION('',(-0.177429686196883,-0.984133479999576,0.));
#10167=DIRECTION('',(0.177429686196883,0.984133479999576,0.));
#10168=DIRECTION('',(0.,0.,-1.));
#10169=DIRECTION('',(0.177429686196883,0.984133479999576,0.));
#10170=DIRECTION('',(-0.992879052641327,0.119126767882208,0.));
#10171=DIRECTION('',(-0.119126767882208,-0.992879052641327,0.));
#10172=DIRECTION('',(0.119126767882208,0.992879052641327,0.));
#10173=DIRECTION('',(0.,0.,-1.));
#10174=DIRECTION('',(0.119126767882208,0.992879052641327,0.));
#10175=DIRECTION('',(-0.998509064832279,0.054586147031704,0.));
#10176=DIRECTION('',(-0.054586147031704,-0.998509064832279,0.));
#10177=DIRECTION('',(0.054586147031704,0.99850906483228,0.));
#10178=DIRECTION('',(0.,0.,-1.));
#10179=DIRECTION('',(0.054586147031704,0.99850906483228,0.));
#10180=DIRECTION('',(-0.999819349377534,-0.0190070673772635,0.));
#10181=DIRECTION('',(0.0190070673772635,-0.999819349377534,0.));
#10182=DIRECTION('',(-0.0190070673772635,0.999819349377534,0.));
#10183=DIRECTION('',(0.,0.,-1.));
#10184=DIRECTION('',(-0.0190070673772635,0.999819349377534,0.));
#10185=DIRECTION('',(-0.994149569416816,-0.108012192035708,0.));
#10186=DIRECTION('',(0.108012192035708,-0.994149569416817,0.));
#10187=DIRECTION('',(-0.108012192035708,0.994149569416816,0.));
#10188=DIRECTION('',(0.,0.,-1.));
#10189=DIRECTION('',(-0.108012192035708,0.994149569416816,0.));
#10190=DIRECTION('',(-0.970824468711154,-0.239791265378254,0.));
#10191=DIRECTION('',(0.239791265378254,-0.970824468711155,0.));
#10192=DIRECTION('',(-0.239791265378254,0.970824468711155,0.));
#10193=DIRECTION('',(0.,0.,-1.));
#10194=DIRECTION('',(-0.239791265378254,0.970824468711155,0.));
#10195=DIRECTION('',(-0.920174590288244,-0.391508267330157,0.));
#10196=DIRECTION('',(0.391508267330157,-0.920174590288244,0.));
#10197=DIRECTION('',(-0.391508267330157,0.920174590288244,0.));
#10198=DIRECTION('',(0.,0.,-1.));
#10199=DIRECTION('',(-0.391508267330157,0.920174590288244,0.));
#10200=DIRECTION('',(-0.423000869146978,0.906129275931917,0.));
#10201=DIRECTION('',(-0.906129275931917,-0.423000869146978,0.));
#10202=DIRECTION('',(0.906129275931917,0.423000869146978,0.));
#10203=DIRECTION('',(0.,0.,-1.));
#10204=DIRECTION('',(0.906129275931917,0.423000869146978,0.));
#10205=DIRECTION('',(-0.484440310738097,0.874824316838516,0.));
#10206=DIRECTION('',(-0.874824316838516,-0.484440310738097,0.));
#10207=DIRECTION('',(0.874824316838516,0.484440310738097,0.));
#10208=DIRECTION('',(0.,0.,-1.));
#10209=DIRECTION('',(0.874824316838516,0.484440310738097,0.));
#10210=DIRECTION('',(0.857601895414086,0.514314095647948,0.));
#10211=DIRECTION('',(-0.514314095647948,0.857601895414086,0.));
#10212=DIRECTION('',(0.514314095647948,-0.857601895414086,0.));
#10213=DIRECTION('',(0.,0.,-1.));
#10214=DIRECTION('',(0.514314095647948,-0.857601895414086,0.));
#10215=DIRECTION('',(0.764631514066776,0.644467724324462,0.));
#10216=DIRECTION('',(-0.644467724324462,0.764631514066776,0.));
#10217=DIRECTION('',(0.644467724324462,-0.764631514066776,0.));
#10218=DIRECTION('',(0.,0.,-1.));
#10219=DIRECTION('',(0.644467724324462,-0.764631514066776,0.));
#10220=DIRECTION('',(0.671730154432693,0.740795923062371,0.));
#10221=DIRECTION('',(-0.740795923062372,0.671730154432693,0.));
#10222=DIRECTION('',(0.740795923062371,-0.671730154432693,0.));
#10223=DIRECTION('',(0.,0.,-1.));
#10224=DIRECTION('',(0.740795923062371,-0.671730154432693,0.));
#10225=DIRECTION('',(0.603056109042208,0.797698771057642,0.));
#10226=DIRECTION('',(-0.797698771057642,0.603056109042209,0.));
#10227=DIRECTION('',(0.797698771057642,-0.603056109042209,0.));
#10228=DIRECTION('',(0.,0.,-1.));
#10229=DIRECTION('',(0.797698771057642,-0.603056109042209,0.));
#10230=DIRECTION('',(0.542747781982666,0.839895734691454,0.));
#10231=DIRECTION('',(-0.839895734691454,0.542747781982666,0.));
#10232=DIRECTION('',(0.839895734691454,-0.542747781982666,0.));
#10233=DIRECTION('',(0.,0.,-1.));
#10234=DIRECTION('',(0.839895734691454,-0.542747781982666,0.));
#10235=DIRECTION('',(0.487224084751028,0.873276984260162,0.));
#10236=DIRECTION('',(-0.873276984260162,0.487224084751028,0.));
#10237=DIRECTION('',(0.873276984260162,-0.487224084751028,0.));
#10238=DIRECTION('',(0.,0.,-1.));
#10239=DIRECTION('',(0.873276984260162,-0.487224084751028,0.));
#10240=DIRECTION('',(0.434915514391127,0.900471262918424,0.));
#10241=DIRECTION('',(-0.900471262918424,0.434915514391127,0.));
#10242=DIRECTION('',(0.900471262918424,-0.434915514391127,0.));
#10243=DIRECTION('',(0.,0.,-1.));
#10244=DIRECTION('',(0.900471262918424,-0.434915514391127,0.));
#10245=DIRECTION('',(-0.573537017145341,0.819179644500536,0.));
#10246=DIRECTION('',(-0.819179644500536,-0.573537017145341,0.));
#10247=DIRECTION('',(0.819179644500536,0.573537017145341,0.));
#10248=DIRECTION('',(0.,0.,-1.));
#10249=DIRECTION('',(0.819179644500536,0.573537017145341,0.));
#10250=DIRECTION('',(-0.587785252292468,0.809016994374951,0.));
#10251=DIRECTION('',(-0.809016994374952,-0.587785252292468,0.));
#10252=DIRECTION('',(0.809016994374951,0.587785252292468,0.));
#10253=DIRECTION('',(0.,0.,-1.));
#10254=DIRECTION('',(0.809016994374951,0.587785252292468,0.));
#10255=DIRECTION('',(-0.601853453717556,0.798606549089256,0.));
#10256=DIRECTION('',(-0.798606549089256,-0.601853453717556,0.));
#10257=DIRECTION('',(0.798606549089256,0.601853453717556,0.));
#10258=DIRECTION('',(0.,0.,-1.));
#10259=DIRECTION('',(0.798606549089256,0.601853453717556,0.));
#10260=DIRECTION('',(-0.990795347399273,-0.135368310811479,0.));
#10261=DIRECTION('',(0.135368310811479,-0.990795347399273,0.));
#10262=DIRECTION('',(-0.135368310811479,0.990795347399273,0.));
#10263=DIRECTION('',(0.,0.,-1.));
#10264=DIRECTION('',(-0.135368310811479,0.990795347399273,0.));
#10265=DIRECTION('',(-0.981096288668055,-0.193520211765512,0.));
#10266=DIRECTION('',(0.193520211765512,-0.981096288668055,0.));
#10267=DIRECTION('',(-0.193520211765512,0.981096288668055,0.));
#10268=DIRECTION('',(0.,0.,-1.));
#10269=DIRECTION('',(-0.193520211765512,0.981096288668055,0.));
#10270=DIRECTION('',(-0.966506599778766,-0.256641759236662,0.));
#10271=DIRECTION('',(0.256641759236662,-0.966506599778766,0.));
#10272=DIRECTION('',(-0.256641759236662,0.966506599778766,0.));
#10273=DIRECTION('',(0.,0.,-1.));
#10274=DIRECTION('',(-0.256641759236662,0.966506599778766,0.));
#10275=DIRECTION('',(-0.945011200510681,-0.327037965547368,0.));
#10276=DIRECTION('',(0.327037965547368,-0.945011200510681,0.));
#10277=DIRECTION('',(-0.327037965547368,0.945011200510681,0.));
#10278=DIRECTION('',(0.,0.,-1.));
#10279=DIRECTION('',(-0.327037965547368,0.945011200510681,0.));
#10280=DIRECTION('',(-0.912114823227158,-0.40993481097522,0.));
#10281=DIRECTION('',(0.40993481097522,-0.912114823227158,0.));
#10282=DIRECTION('',(-0.40993481097522,0.912114823227158,0.));
#10283=DIRECTION('',(0.,0.,-1.));
#10284=DIRECTION('',(-0.40993481097522,0.912114823227158,0.));
#10285=DIRECTION('',(-0.849209361041972,-0.528056304875424,0.));
#10286=DIRECTION('',(0.528056304875424,-0.849209361041972,0.));
#10287=DIRECTION('',(-0.528056304875424,0.849209361041971,0.));
#10288=DIRECTION('',(0.,0.,-1.));
#10289=DIRECTION('',(-0.528056304875424,0.849209361041971,0.));
#10290=DIRECTION('',(-0.754155332179549,-0.656696075018843,0.));
#10291=DIRECTION('',(0.656696075018843,-0.75415533217955,0.));
#10292=DIRECTION('',(-0.656696075018843,0.754155332179549,0.));
#10293=DIRECTION('',(0.,0.,-1.));
#10294=DIRECTION('',(-0.656696075018843,0.754155332179549,0.));
#10295=DIRECTION('',(-0.682307078364375,0.73106569527907,0.));
#10296=DIRECTION('',(-0.73106569527907,-0.682307078364375,0.));
#10297=DIRECTION('',(0.73106569527907,0.682307078364375,0.));
#10298=DIRECTION('',(0.,0.,-1.));
#10299=DIRECTION('',(0.73106569527907,0.682307078364375,0.));
#10300=DIRECTION('',(-0.731065695279069,0.682307078364376,0.));
#10301=DIRECTION('',(-0.682307078364376,-0.731065695279069,0.));
#10302=DIRECTION('',(0.682307078364376,0.73106569527907,0.));
#10303=DIRECTION('',(0.,0.,-1.));
#10304=DIRECTION('',(0.682307078364376,0.73106569527907,0.));
#10305=DIRECTION('',(0.656696075018845,0.754155332179548,0.));
#10306=DIRECTION('',(-0.754155332179548,0.656696075018845,0.));
#10307=DIRECTION('',(0.754155332179548,-0.656696075018845,0.));
#10308=DIRECTION('',(0.,0.,-1.));
#10309=DIRECTION('',(0.754155332179548,-0.656696075018845,0.));
#10310=DIRECTION('',(0.528056304875426,0.84920936104197,0.));
#10311=DIRECTION('',(-0.84920936104197,0.528056304875426,0.));
#10312=DIRECTION('',(0.84920936104197,-0.528056304875426,0.));
#10313=DIRECTION('',(0.,0.,-1.));
#10314=DIRECTION('',(0.84920936104197,-0.528056304875426,0.));
#10315=DIRECTION('',(0.409934810975219,0.912114823227159,0.));
#10316=DIRECTION('',(-0.912114823227159,0.409934810975219,0.));
#10317=DIRECTION('',(0.912114823227159,-0.409934810975219,0.));
#10318=DIRECTION('',(0.,0.,-1.));
#10319=DIRECTION('',(0.912114823227159,-0.409934810975219,0.));
#10320=DIRECTION('',(0.327037965547369,0.945011200510681,0.));
#10321=DIRECTION('',(-0.945011200510681,0.327037965547369,0.));
#10322=DIRECTION('',(0.945011200510681,-0.327037965547369,0.));
#10323=DIRECTION('',(0.,0.,-1.));
#10324=DIRECTION('',(0.945011200510681,-0.327037965547369,0.));
#10325=DIRECTION('',(0.256641759236661,0.966506599778766,0.));
#10326=DIRECTION('',(-0.966506599778766,0.256641759236661,0.));
#10327=DIRECTION('',(0.966506599778766,-0.256641759236661,0.));
#10328=DIRECTION('',(0.,0.,-1.));
#10329=DIRECTION('',(0.966506599778766,-0.256641759236661,0.));
#10330=DIRECTION('',(0.193520211765512,0.981096288668055,0.));
#10331=DIRECTION('',(-0.981096288668055,0.193520211765512,0.));
#10332=DIRECTION('',(0.981096288668055,-0.193520211765512,0.));
#10333=DIRECTION('',(0.,0.,-1.));
#10334=DIRECTION('',(0.981096288668055,-0.193520211765512,0.));
#10335=DIRECTION('',(0.135368310811479,0.990795347399273,0.));
#10336=DIRECTION('',(-0.990795347399273,0.135368310811479,0.));
#10337=DIRECTION('',(0.990795347399273,-0.135368310811479,0.));
#10338=DIRECTION('',(0.,0.,-1.));
#10339=DIRECTION('',(0.990795347399273,-0.135368310811479,0.));
#10340=DIRECTION('',(-0.798606549089259,0.601853453717551,0.));
#10341=DIRECTION('',(-0.601853453717551,-0.79860654908926,0.));
#10342=DIRECTION('',(0.601853453717551,0.798606549089259,0.));
#10343=DIRECTION('',(0.,0.,-1.));
#10344=DIRECTION('',(0.601853453717551,0.798606549089259,0.));
#10345=DIRECTION('',(-0.80901699437495,0.587785252292469,0.));
#10346=DIRECTION('',(-0.587785252292469,-0.809016994374951,0.));
#10347=DIRECTION('',(0.587785252292469,0.809016994374951,0.));
#10348=DIRECTION('',(0.,0.,-1.));
#10349=DIRECTION('',(0.587785252292469,0.809016994374951,0.));
#10350=DIRECTION('',(-0.819179644500533,0.573537017145346,0.));
#10351=DIRECTION('',(-0.573537017145346,-0.819179644500533,0.));
#10352=DIRECTION('',(0.573537017145346,0.819179644500533,0.));
#10353=DIRECTION('',(0.,0.,-1.));
#10354=DIRECTION('',(0.573537017145346,0.819179644500533,0.));
#10355=DIRECTION('',(-0.900471262918425,-0.434915514391125,0.));
#10356=DIRECTION('',(0.434915514391125,-0.900471262918425,0.));
#10357=DIRECTION('',(-0.434915514391125,0.900471262918425,0.));
#10358=DIRECTION('',(0.,0.,-1.));
#10359=DIRECTION('',(-0.434915514391125,0.900471262918425,0.));
#10360=DIRECTION('',(-0.873276984260162,-0.487224084751028,0.));
#10361=DIRECTION('',(0.487224084751028,-0.873276984260162,0.));
#10362=DIRECTION('',(-0.487224084751028,0.873276984260162,0.));
#10363=DIRECTION('',(0.,0.,-1.));
#10364=DIRECTION('',(-0.487224084751028,0.873276984260162,0.));
#10365=DIRECTION('',(-0.839895734691454,-0.542747781982665,0.));
#10366=DIRECTION('',(0.542747781982665,-0.839895734691455,0.));
#10367=DIRECTION('',(-0.542747781982665,0.839895734691454,0.));
#10368=DIRECTION('',(0.,0.,-1.));
#10369=DIRECTION('',(-0.542747781982665,0.839895734691454,0.));
#10370=DIRECTION('',(-0.797698771057641,-0.603056109042209,0.));
#10371=DIRECTION('',(0.603056109042209,-0.797698771057641,0.));
#10372=DIRECTION('',(-0.603056109042209,0.797698771057641,0.));
#10373=DIRECTION('',(0.,0.,-1.));
#10374=DIRECTION('',(-0.603056109042209,0.797698771057641,0.));
#10375=DIRECTION('',(-0.740795923062371,-0.671730154432694,0.));
#10376=DIRECTION('',(0.671730154432694,-0.740795923062371,0.));
#10377=DIRECTION('',(-0.671730154432694,0.740795923062371,0.));
#10378=DIRECTION('',(0.,0.,-1.));
#10379=DIRECTION('',(-0.671730154432694,0.740795923062371,0.));
#10380=DIRECTION('',(-0.644467724324465,-0.764631514066773,0.));
#10381=DIRECTION('',(0.764631514066773,-0.644467724324465,0.));
#10382=DIRECTION('',(-0.764631514066773,0.644467724324465,0.));
#10383=DIRECTION('',(0.,0.,-1.));
#10384=DIRECTION('',(-0.764631514066773,0.644467724324465,0.));
#10385=DIRECTION('',(-0.514314095647948,-0.857601895414086,0.));
#10386=DIRECTION('',(0.857601895414086,-0.514314095647948,0.));
#10387=DIRECTION('',(-0.857601895414086,0.514314095647948,0.));
#10388=DIRECTION('',(0.,0.,-1.));
#10389=DIRECTION('',(-0.857601895414086,0.514314095647948,0.));
#10390=DIRECTION('',(-0.874824316838516,0.484440310738097,0.));
#10391=DIRECTION('',(-0.484440310738097,-0.874824316838516,0.));
#10392=DIRECTION('',(0.484440310738097,0.874824316838516,0.));
#10393=DIRECTION('',(0.,0.,-1.));
#10394=DIRECTION('',(0.484440310738097,0.874824316838516,0.));
#10395=DIRECTION('',(-0.906129275931917,0.423000869146978,0.));
#10396=DIRECTION('',(-0.423000869146978,-0.906129275931917,0.));
#10397=DIRECTION('',(0.423000869146978,0.906129275931917,0.));
#10398=DIRECTION('',(0.,0.,-1.));
#10399=DIRECTION('',(0.423000869146978,0.906129275931917,0.));
#10400=DIRECTION('',(0.391508267330157,0.920174590288244,0.));
#10401=DIRECTION('',(-0.920174590288244,0.391508267330157,0.));
#10402=DIRECTION('',(0.920174590288244,-0.391508267330157,0.));
#10403=DIRECTION('',(0.,0.,-1.));
#10404=DIRECTION('',(0.920174590288244,-0.391508267330157,0.));
#10405=DIRECTION('',(0.239791265378256,0.970824468711154,0.));
#10406=DIRECTION('',(-0.970824468711154,0.239791265378256,0.));
#10407=DIRECTION('',(0.970824468711154,-0.239791265378256,0.));
#10408=DIRECTION('',(0.,0.,-1.));
#10409=DIRECTION('',(0.970824468711154,-0.239791265378256,0.));
#10410=DIRECTION('',(0.108012192035709,0.994149569416816,0.));
#10411=DIRECTION('',(-0.994149569416816,0.108012192035709,0.));
#10412=DIRECTION('',(0.994149569416816,-0.108012192035709,0.));
#10413=DIRECTION('',(0.,0.,-1.));
#10414=DIRECTION('',(0.994149569416816,-0.108012192035709,0.));
#10415=DIRECTION('',(0.0190070673772635,0.999819349377534,0.));
#10416=DIRECTION('',(-0.999819349377534,0.0190070673772635,0.));
#10417=DIRECTION('',(0.999819349377534,-0.0190070673772635,0.));
#10418=DIRECTION('',(0.,0.,-1.));
#10419=DIRECTION('',(0.999819349377534,-0.0190070673772635,0.));
#10420=DIRECTION('',(-0.054586147031704,0.998509064832279,0.));
#10421=DIRECTION('',(-0.998509064832279,-0.054586147031704,0.));
#10422=DIRECTION('',(0.99850906483228,0.054586147031704,0.));
#10423=DIRECTION('',(0.,0.,-1.));
#10424=DIRECTION('',(0.99850906483228,0.054586147031704,0.));
#10425=DIRECTION('',(-0.119126767882208,0.992879052641327,0.));
#10426=DIRECTION('',(-0.992879052641327,-0.119126767882208,0.));
#10427=DIRECTION('',(0.992879052641327,0.119126767882208,0.));
#10428=DIRECTION('',(0.,0.,-1.));
#10429=DIRECTION('',(0.992879052641327,0.119126767882208,0.));
#10430=DIRECTION('',(-0.177429686196879,0.984133479999577,0.));
#10431=DIRECTION('',(-0.984133479999577,-0.177429686196879,0.));
#10432=DIRECTION('',(0.984133479999577,0.177429686196879,0.));
#10433=DIRECTION('',(0.,0.,-1.));
#10434=DIRECTION('',(0.984133479999577,0.177429686196879,0.));
#10435=DIRECTION('',(-0.945502907789305,0.325613653525107,0.));
#10436=DIRECTION('',(-0.325613653525107,-0.945502907789305,0.));
#10437=DIRECTION('',(0.325613653525107,0.945502907789305,0.));
#10438=DIRECTION('',(0.,0.,-1.));
#10439=DIRECTION('',(0.325613653525107,0.945502907789305,0.));
#10440=DIRECTION('',(-0.951056516295152,0.309016994374952,0.));
#10441=DIRECTION('',(-0.309016994374952,-0.951056516295152,0.));
#10442=DIRECTION('',(0.309016994374952,0.951056516295152,0.));
#10443=DIRECTION('',(0.,0.,-1.));
#10444=DIRECTION('',(0.309016994374952,0.951056516295152,0.));
#10445=DIRECTION('',(-0.956318824119608,0.292325685895868,0.));
#10446=DIRECTION('',(-0.292325685895868,-0.956318824119608,0.));
#10447=DIRECTION('',(0.292325685895868,0.956318824119608,0.));
#10448=DIRECTION('',(0.,0.,-1.));
#10449=DIRECTION('',(0.292325685895868,0.956318824119608,0.));
#10450=DIRECTION('',(-0.722002777270914,-0.691890157187604,0.));
#10451=DIRECTION('',(0.691890157187604,-0.722002777270914,0.));
#10452=DIRECTION('',(-0.691890157187604,0.722002777270914,0.));
#10453=DIRECTION('',(0.,0.,-1.));
#10454=DIRECTION('',(-0.691890157187604,0.722002777270914,0.));
#10455=DIRECTION('',(-0.67997524415436,-0.733235069631301,0.));
#10456=DIRECTION('',(0.733235069631301,-0.67997524415436,0.));
#10457=DIRECTION('',(-0.733235069631301,0.67997524415436,0.));
#10458=DIRECTION('',(0.,0.,-1.));
#10459=DIRECTION('',(-0.733235069631301,0.67997524415436,0.));
#10460=DIRECTION('',(-0.631070023194863,-0.775725870282045,0.));
#10461=DIRECTION('',(0.775725870282045,-0.631070023194863,0.));
#10462=DIRECTION('',(-0.775725870282045,0.631070023194863,0.));
#10463=DIRECTION('',(0.,0.,-1.));
#10464=DIRECTION('',(-0.775725870282045,0.631070023194863,0.));
#10465=DIRECTION('',(-0.572302027999333,-0.820042918845014,0.));
#10466=DIRECTION('',(0.820042918845014,-0.572302027999333,0.));
#10467=DIRECTION('',(-0.820042918845014,0.572302027999333,0.));
#10468=DIRECTION('',(0.,0.,-1.));
#10469=DIRECTION('',(-0.820042918845014,0.572302027999333,0.));
#10470=DIRECTION('',(-0.496962756519538,-0.867771870155113,0.));
#10471=DIRECTION('',(0.867771870155113,-0.496962756519538,0.));
#10472=DIRECTION('',(-0.867771870155113,0.496962756519538,0.));
#10473=DIRECTION('',(0.,0.,-1.));
#10474=DIRECTION('',(-0.867771870155113,0.496962756519538,0.));
#10475=DIRECTION('',(-0.376641096479413,-0.926359263160242,0.));
#10476=DIRECTION('',(0.926359263160242,-0.376641096479413,0.));
#10477=DIRECTION('',(-0.926359263160242,0.376641096479413,0.));
#10478=DIRECTION('',(0.,0.,-1.));
#10479=DIRECTION('',(-0.926359263160242,0.376641096479413,0.));
#10480=DIRECTION('',(-0.224128211997311,-0.974559667022439,0.));
#10481=DIRECTION('',(0.97455966702244,-0.224128211997311,0.));
#10482=DIRECTION('',(-0.97455966702244,0.224128211997311,0.));
#10483=DIRECTION('',(-0.97455966702244,0.224128211997311,0.));
#10484=DIRECTION('',(0.,0.,1.));
#10485=DIRECTION('',(1.,0.,0.));
#10486=DIRECTION('',(0.,0.,1.));
#10487=DIRECTION('',(1.,0.,0.));
#10488=CARTESIAN_POINT('',(0.,0.,0.));
#10489=CARTESIAN_POINT('',(0.,0.,3.5));
#10490=CARTESIAN_POINT('',(0.,0.,0.));
#10491=CARTESIAN_POINT('',(4.,0.,0.));
#10492=CARTESIAN_POINT('',(0.,0.,9.5));
#10493=CARTESIAN_POINT('',(4.,0.,9.5));
#10494=CARTESIAN_POINT('',(8.,0.,3.5));
#10495=CARTESIAN_POINT('',(8.,0.,0.));
#10496=CARTESIAN_POINT('',(9.15,0.,0.));
#10497=CARTESIAN_POINT('',(8.,0.,9.5));
#10498=CARTESIAN_POINT('',(9.15,0.,9.5));
#10499=CARTESIAN_POINT('',(4.89858719658941E-16,8.,3.5));
#10500=CARTESIAN_POINT('',(4.89858719658941E-16,8.,0.));
#10501=CARTESIAN_POINT('',(1.15,8.,0.));
#10502=CARTESIAN_POINT('',(4.89858719658941E-16,8.,9.5));
#10503=CARTESIAN_POINT('',(1.15,8.,9.5));
#10504=CARTESIAN_POINT('',(-8.,9.79717439317883E-16,3.5));
#10505=CARTESIAN_POINT('',(-8.,9.79717439317883E-16,0.));
#10506=CARTESIAN_POINT('',(-6.85,9.79717439317883E-16,0.));
#10507=CARTESIAN_POINT('',(-8.,9.79717439317883E-16,9.5));
#10508=CARTESIAN_POINT('',(-6.85,9.79717439317883E-16,9.5));
#10509=CARTESIAN_POINT('',(-1.46957615897682E-15,-8.,3.5));
#10510=CARTESIAN_POINT('',(-1.46957615897682E-15,-8.,0.));
#10511=CARTESIAN_POINT('',(1.15,-8.,0.));
#10512=CARTESIAN_POINT('',(-1.46957615897682E-15,-8.,9.5));
#10513=CARTESIAN_POINT('',(1.15,-8.,9.5));
#10514=CARTESIAN_POINT('',(0.,0.,3.5));
#10515=CARTESIAN_POINT('',(0.,0.,3.5));
#10516=CARTESIAN_POINT('',(12.,0.,3.5));
#10517=CARTESIAN_POINT('',(0.,0.,0.));
#10518=CARTESIAN_POINT('',(12.,0.,0.));
#10519=CARTESIAN_POINT('',(0.,0.,0.));
#10520=CARTESIAN_POINT('',(12.7910956296695,-2.94168278246471,9.5));
#10521=CARTESIAN_POINT('',(12.7910956296695,-2.94168278246471,3.5));
#10522=CARTESIAN_POINT('',(12.7910956296695,-2.94168278246471,3.5));
#10523=CARTESIAN_POINT('',(12.9634094703112,-2.05320235365303,3.5));
#10524=CARTESIAN_POINT('',(12.9634094703112,-2.05320235365303,9.5));
#10525=CARTESIAN_POINT('',(12.9634094703112,-2.05320235365303,9.5));
#10526=CARTESIAN_POINT('',(12.7910956296695,-2.94168278246471,9.5));
#10527=CARTESIAN_POINT('',(12.7910956296695,-2.94168278246471,9.5));
#10528=CARTESIAN_POINT('',(12.7910956296695,-2.94168278246471,9.5));
#10529=CARTESIAN_POINT('',(12.9634094703112,-2.05320235365303,9.5));
#10530=CARTESIAN_POINT('',(12.9634094703112,-2.05320235365303,3.5));
#10531=CARTESIAN_POINT('',(13.0740848209934,-1.15495934710669,3.5));
#10532=CARTESIAN_POINT('',(13.0740848209934,-1.15495934710669,9.5));
#10533=CARTESIAN_POINT('',(13.0740848209934,-1.15495934710669,9.5));
#10534=CARTESIAN_POINT('',(12.9634094703112,-2.05320235365303,9.5));
#10535=CARTESIAN_POINT('',(13.0740848209934,-1.15495934710669,9.5));
#10536=CARTESIAN_POINT('',(13.0740848209934,-1.15495934710669,3.5));
#10537=CARTESIAN_POINT('',(14.0407097483618,-1.24035060089584,3.5));
#10538=CARTESIAN_POINT('',(14.0407097483618,-1.24035060089584,9.5));
#10539=CARTESIAN_POINT('',(14.0407097483618,-1.24035060089584,9.5));
#10540=CARTESIAN_POINT('',(13.0740848209934,-1.15495934710669,9.5));
#10541=CARTESIAN_POINT('',(14.0407097483618,-1.24035060089584,9.5));
#10542=CARTESIAN_POINT('',(14.0407097483618,-1.24035060089584,3.5));
#10543=CARTESIAN_POINT('',(14.4454732154783,-1.21115373863086,3.5));
#10544=CARTESIAN_POINT('',(14.4454732154783,-1.21115373863086,9.5));
#10545=CARTESIAN_POINT('',(14.4454732154783,-1.21115373863086,9.5));
#10546=CARTESIAN_POINT('',(14.0407097483618,-1.24035060089584,9.5));
#10547=CARTESIAN_POINT('',(14.4454732154783,-1.21115373863086,9.5));
#10548=CARTESIAN_POINT('',(14.4454732154783,-1.21115373863086,3.5));
#10549=CARTESIAN_POINT('',(14.8543296495606,-1.12574468889904,3.5));
#10550=CARTESIAN_POINT('',(14.8543296495606,-1.12574468889904,9.5));
#10551=CARTESIAN_POINT('',(14.8543296495606,-1.12574468889904,9.5));
#10552=CARTESIAN_POINT('',(14.4454732154783,-1.21115373863086,9.5));
#10553=CARTESIAN_POINT('',(14.8543296495606,-1.12574468889904,9.5));
#10554=CARTESIAN_POINT('',(14.8543296495606,-1.12574468889904,3.5));
#10555=CARTESIAN_POINT('',(15.264915105326,-1.0009138884882,3.5));
#10556=CARTESIAN_POINT('',(15.264915105326,-1.0009138884882,9.5));
#10557=CARTESIAN_POINT('',(15.264915105326,-1.0009138884882,9.5));
#10558=CARTESIAN_POINT('',(14.8543296495606,-1.12574468889904,9.5));
#10559=CARTESIAN_POINT('',(15.264915105326,-1.0009138884882,9.5));
#10560=CARTESIAN_POINT('',(15.264915105326,-1.0009138884882,3.5));
#10561=CARTESIAN_POINT('',(15.6758606106125,-0.842103284689315,3.5));
#10562=CARTESIAN_POINT('',(15.6758606106125,-0.842103284689315,9.5));
#10563=CARTESIAN_POINT('',(15.6758606106125,-0.842103284689315,9.5));
#10564=CARTESIAN_POINT('',(15.264915105326,-1.0009138884882,9.5));
#10565=CARTESIAN_POINT('',(15.6758606106125,-0.842103284689315,9.5));
#10566=CARTESIAN_POINT('',(15.6758606106125,-0.842103284689315,3.5));
#10567=CARTESIAN_POINT('',(16.0860144697301,-0.652223154611986,3.5));
#10568=CARTESIAN_POINT('',(16.0860144697301,-0.652223154611986,9.5));
#10569=CARTESIAN_POINT('',(16.0860144697301,-0.652223154611986,9.5));
#10570=CARTESIAN_POINT('',(15.6758606106125,-0.842103284689315,9.5));
#10571=CARTESIAN_POINT('',(16.0860144697301,-0.652223154611986,9.5));
#10572=CARTESIAN_POINT('',(16.0860144697301,-0.652223154611986,3.5));
#10573=CARTESIAN_POINT('',(16.4943146424195,-0.433110236388043,3.5));
#10574=CARTESIAN_POINT('',(16.4943146424195,-0.433110236388043,9.5));
#10575=CARTESIAN_POINT('',(16.4943146424195,-0.433110236388043,9.5));
#10576=CARTESIAN_POINT('',(16.0860144697301,-0.652223154611986,9.5));
#10577=CARTESIAN_POINT('',(16.4943146424195,-0.433110236388043,9.5));
#10578=CARTESIAN_POINT('',(16.4943146424195,-0.433110236388043,3.5));
#10579=CARTESIAN_POINT('',(16.4993682613526,-0.14438482008487,3.5));
#10580=CARTESIAN_POINT('',(16.4993682613526,-0.14438482008487,9.5));
#10581=CARTESIAN_POINT('',(16.4993682613526,-0.14438482008487,9.5));
#10582=CARTESIAN_POINT('',(16.4943146424195,-0.433110236388043,9.5));
#10583=CARTESIAN_POINT('',(16.4993682613526,-0.14438482008487,9.5));
#10584=CARTESIAN_POINT('',(16.4993682613526,-0.14438482008487,3.5));
#10585=CARTESIAN_POINT('',(16.4993682613526,0.14438482008487,3.5));
#10586=CARTESIAN_POINT('',(16.4993682613526,0.14438482008487,9.5));
#10587=CARTESIAN_POINT('',(16.4993682613526,0.14438482008487,9.5));
#10588=CARTESIAN_POINT('',(16.4993682613526,-0.14438482008487,9.5));
#10589=CARTESIAN_POINT('',(16.4993682613526,0.14438482008487,9.5));
#10590=CARTESIAN_POINT('',(16.4993682613526,0.14438482008487,3.5));
#10591=CARTESIAN_POINT('',(16.4943146424195,0.433110236388043,3.5));
#10592=CARTESIAN_POINT('',(16.4943146424195,0.433110236388043,9.5));
#10593=CARTESIAN_POINT('',(16.4943146424195,0.433110236388043,9.5));
#10594=CARTESIAN_POINT('',(16.4993682613526,0.14438482008487,9.5));
#10595=CARTESIAN_POINT('',(16.4943146424195,0.433110236388043,9.5));
#10596=CARTESIAN_POINT('',(16.4943146424195,0.433110236388043,3.5));
#10597=CARTESIAN_POINT('',(16.0860144697301,0.652223154611986,3.5));
#10598=CARTESIAN_POINT('',(16.0860144697301,0.652223154611986,9.5));
#10599=CARTESIAN_POINT('',(16.0860144697301,0.652223154611986,9.5));
#10600=CARTESIAN_POINT('',(16.4943146424195,0.433110236388043,9.5));
#10601=CARTESIAN_POINT('',(16.0860144697301,0.652223154611986,9.5));
#10602=CARTESIAN_POINT('',(16.0860144697301,0.652223154611986,3.5));
#10603=CARTESIAN_POINT('',(15.6758606106125,0.842103284689315,3.5));
#10604=CARTESIAN_POINT('',(15.6758606106125,0.842103284689315,9.5));
#10605=CARTESIAN_POINT('',(15.6758606106125,0.842103284689315,9.5));
#10606=CARTESIAN_POINT('',(16.0860144697301,0.652223154611986,9.5));
#10607=CARTESIAN_POINT('',(15.6758606106125,0.842103284689315,9.5));
#10608=CARTESIAN_POINT('',(15.6758606106125,0.842103284689315,3.5));
#10609=CARTESIAN_POINT('',(15.264915105326,1.0009138884882,3.5));
#10610=CARTESIAN_POINT('',(15.264915105326,1.0009138884882,9.5));
#10611=CARTESIAN_POINT('',(15.264915105326,1.0009138884882,9.5));
#10612=CARTESIAN_POINT('',(15.6758606106125,0.842103284689315,9.5));
#10613=CARTESIAN_POINT('',(15.264915105326,1.0009138884882,9.5));
#10614=CARTESIAN_POINT('',(15.264915105326,1.0009138884882,3.5));
#10615=CARTESIAN_POINT('',(14.8543296495606,1.12574468889904,3.5));
#10616=CARTESIAN_POINT('',(14.8543296495606,1.12574468889904,9.5));
#10617=CARTESIAN_POINT('',(14.8543296495606,1.12574468889904,9.5));
#10618=CARTESIAN_POINT('',(15.264915105326,1.0009138884882,9.5));
#10619=CARTESIAN_POINT('',(14.8543296495606,1.12574468889904,9.5));
#10620=CARTESIAN_POINT('',(14.8543296495606,1.12574468889904,3.5));
#10621=CARTESIAN_POINT('',(14.4454732154783,1.21115373863086,3.5));
#10622=CARTESIAN_POINT('',(14.4454732154783,1.21115373863086,9.5));
#10623=CARTESIAN_POINT('',(14.4454732154783,1.21115373863086,9.5));
#10624=CARTESIAN_POINT('',(14.8543296495606,1.12574468889904,9.5));
#10625=CARTESIAN_POINT('',(14.4454732154783,1.21115373863086,9.5));
#10626=CARTESIAN_POINT('',(14.4454732154783,1.21115373863086,3.5));
#10627=CARTESIAN_POINT('',(14.0407097483618,1.24035060089584,3.5));
#10628=CARTESIAN_POINT('',(14.0407097483618,1.24035060089584,9.5));
#10629=CARTESIAN_POINT('',(14.0407097483618,1.24035060089584,9.5));
#10630=CARTESIAN_POINT('',(14.4454732154783,1.21115373863086,9.5));
#10631=CARTESIAN_POINT('',(14.0407097483618,1.24035060089584,9.5));
#10632=CARTESIAN_POINT('',(14.0407097483618,1.24035060089584,3.5));
#10633=CARTESIAN_POINT('',(13.0740848209934,1.15495934710669,3.5));
#10634=CARTESIAN_POINT('',(13.0740848209934,1.15495934710669,9.5));
#10635=CARTESIAN_POINT('',(13.0740848209934,1.15495934710669,9.5));
#10636=CARTESIAN_POINT('',(14.0407097483618,1.24035060089584,9.5));
#10637=CARTESIAN_POINT('',(13.0740848209934,1.15495934710669,9.5));
#10638=CARTESIAN_POINT('',(13.0740848209934,1.15495934710669,3.5));
#10639=CARTESIAN_POINT('',(12.9634094703112,2.05320235365303,3.5));
#10640=CARTESIAN_POINT('',(12.9634094703112,2.05320235365303,9.5));
#10641=CARTESIAN_POINT('',(12.9634094703112,2.05320235365303,9.5));
#10642=CARTESIAN_POINT('',(13.0740848209934,1.15495934710669,9.5));
#10643=CARTESIAN_POINT('',(12.9634094703112,2.05320235365303,9.5));
#10644=CARTESIAN_POINT('',(12.9634094703112,2.05320235365303,3.5));
#10645=CARTESIAN_POINT('',(12.7910956296695,2.9416827824647,3.5));
#10646=CARTESIAN_POINT('',(12.7910956296695,2.9416827824647,9.5));
#10647=CARTESIAN_POINT('',(12.7910956296695,2.9416827824647,9.5));
#10648=CARTESIAN_POINT('',(12.9634094703112,2.05320235365303,9.5));
#10649=CARTESIAN_POINT('',(12.7910956296695,2.9416827824647,9.5));
#10650=CARTESIAN_POINT('',(12.7910956296695,2.9416827824647,3.5));
#10651=CARTESIAN_POINT('',(13.7367979142484,3.15917440385719,3.5));
#10652=CARTESIAN_POINT('',(13.7367979142484,3.15917440385719,9.5));
#10653=CARTESIAN_POINT('',(13.7367979142484,3.15917440385719,9.5));
#10654=CARTESIAN_POINT('',(12.7910956296695,2.9416827824647,9.5));
#10655=CARTESIAN_POINT('',(13.7367979142484,3.15917440385719,9.5));
#10656=CARTESIAN_POINT('',(13.7367979142484,3.15917440385719,3.5));
#10657=CARTESIAN_POINT('',(14.1127285205855,3.31202106001081,3.5));
#10658=CARTESIAN_POINT('',(14.1127285205855,3.31202106001081,9.5));
#10659=CARTESIAN_POINT('',(14.1127285205855,3.31202106001081,9.5));
#10660=CARTESIAN_POINT('',(13.7367979142484,3.15917440385719,9.5));
#10661=CARTESIAN_POINT('',(14.1127285205855,3.31202106001081,9.5));
#10662=CARTESIAN_POINT('',(14.1127285205855,3.31202106001081,3.5));
#10663=CARTESIAN_POINT('',(14.475181248608,3.51959347969979,3.5));
#10664=CARTESIAN_POINT('',(14.475181248608,3.51959347969979,9.5));
#10665=CARTESIAN_POINT('',(14.475181248608,3.51959347969979,9.5));
#10666=CARTESIAN_POINT('',(14.1127285205855,3.31202106001081,9.5));
#10667=CARTESIAN_POINT('',(14.475181248608,3.51959347969979,9.5));
#10668=CARTESIAN_POINT('',(14.475181248608,3.51959347969979,3.5));
#10669=CARTESIAN_POINT('',(14.8270963830613,3.76519250933954,3.5));
#10670=CARTESIAN_POINT('',(14.8270963830613,3.76519250933954,9.5));
#10671=CARTESIAN_POINT('',(14.8270963830613,3.76519250933954,9.5));
#10672=CARTESIAN_POINT('',(14.475181248608,3.51959347969979,9.5));
#10673=CARTESIAN_POINT('',(14.8270963830613,3.76519250933954,9.5));
#10674=CARTESIAN_POINT('',(14.8270963830613,3.76519250933954,3.5));
#10675=CARTESIAN_POINT('',(15.1688536082455,4.04321951383478,3.5));
#10676=CARTESIAN_POINT('',(15.1688536082455,4.04321951383478,9.5));
#10677=CARTESIAN_POINT('',(15.1688536082455,4.04321951383478,9.5));
#10678=CARTESIAN_POINT('',(14.8270963830613,3.76519250933954,9.5));
#10679=CARTESIAN_POINT('',(15.1688536082455,4.04321951383478,9.5));
#10680=CARTESIAN_POINT('',(15.1688536082455,4.04321951383478,3.5));
#10681=CARTESIAN_POINT('',(15.5002569215549,4.3505507616356,3.5));
#10682=CARTESIAN_POINT('',(15.5002569215549,4.3505507616356,9.5));
#10683=CARTESIAN_POINT('',(15.5002569215549,4.3505507616356,9.5));
#10684=CARTESIAN_POINT('',(15.1688536082455,4.04321951383478,9.5));
#10685=CARTESIAN_POINT('',(15.5002569215549,4.3505507616356,9.5));
#10686=CARTESIAN_POINT('',(15.5002569215549,4.3505507616356,3.5));
#10687=CARTESIAN_POINT('',(15.8208638459773,4.68511122248419,3.5));
#10688=CARTESIAN_POINT('',(15.8208638459773,4.68511122248419,9.5));
#10689=CARTESIAN_POINT('',(15.8208638459773,4.68511122248419,9.5));
#10690=CARTESIAN_POINT('',(15.5002569215549,4.3505507616356,9.5));
#10691=CARTESIAN_POINT('',(15.8208638459773,4.68511122248419,9.5));
#10692=CARTESIAN_POINT('',(15.8208638459773,4.68511122248419,3.5));
#10693=CARTESIAN_POINT('',(15.7364490628488,4.96126706521276,3.5));
#10694=CARTESIAN_POINT('',(15.7364490628488,4.96126706521276,9.5));
#10695=CARTESIAN_POINT('',(15.7364490628488,4.96126706521276,9.5));
#10696=CARTESIAN_POINT('',(15.8208638459773,4.68511122248419,9.5));
#10697=CARTESIAN_POINT('',(15.7364490628488,4.96126706521276,9.5));
#10698=CARTESIAN_POINT('',(15.7364490628488,4.96126706521276,3.5));
#10699=CARTESIAN_POINT('',(15.6472143365768,5.2359033132044,3.5));
#10700=CARTESIAN_POINT('',(15.6472143365768,5.2359033132044,9.5));
#10701=CARTESIAN_POINT('',(15.6472143365768,5.2359033132044,9.5));
#10702=CARTESIAN_POINT('',(15.7364490628488,4.96126706521276,9.5));
#10703=CARTESIAN_POINT('',(15.6472143365768,5.2359033132044,9.5));
#10704=CARTESIAN_POINT('',(15.6472143365768,5.2359033132044,3.5));
#10705=CARTESIAN_POINT('',(15.553186999014,5.50893584766616,3.5));
#10706=CARTESIAN_POINT('',(15.553186999014,5.50893584766616,9.5));
#10707=CARTESIAN_POINT('',(15.553186999014,5.50893584766616,9.5));
#10708=CARTESIAN_POINT('',(15.6472143365768,5.2359033132044,9.5));
#10709=CARTESIAN_POINT('',(15.553186999014,5.50893584766616,9.5));
#10710=CARTESIAN_POINT('',(15.553186999014,5.50893584766616,3.5));
#10711=CARTESIAN_POINT('',(15.097160843755,5.59115292418022,3.5));
#10712=CARTESIAN_POINT('',(15.097160843755,5.59115292418022,9.5));
#10713=CARTESIAN_POINT('',(15.097160843755,5.59115292418022,9.5));
#10714=CARTESIAN_POINT('',(15.553186999014,5.50893584766616,9.5));
#10715=CARTESIAN_POINT('',(15.097160843755,5.59115292418022,9.5));
#10716=CARTESIAN_POINT('',(15.097160843755,5.59115292418022,3.5));
#10717=CARTESIAN_POINT('',(14.6484051562696,5.64499514642943,3.5));
#10718=CARTESIAN_POINT('',(14.6484051562696,5.64499514642943,9.5));
#10719=CARTESIAN_POINT('',(14.6484051562696,5.64499514642943,9.5));
#10720=CARTESIAN_POINT('',(15.097160843755,5.59115292418022,9.5));
#10721=CARTESIAN_POINT('',(14.6484051562696,5.64499514642943,9.5));
#10722=CARTESIAN_POINT('',(14.6484051562696,5.64499514642943,3.5));
#10723=CARTESIAN_POINT('',(14.2084975801638,5.66904386113359,3.5));
#10724=CARTESIAN_POINT('',(14.2084975801638,5.66904386113359,9.5));
#10725=CARTESIAN_POINT('',(14.2084975801638,5.66904386113359,9.5));
#10726=CARTESIAN_POINT('',(14.6484051562696,5.64499514642943,9.5));
#10727=CARTESIAN_POINT('',(14.2084975801638,5.66904386113359,9.5));
#10728=CARTESIAN_POINT('',(14.2084975801638,5.66904386113359,3.5));
#10729=CARTESIAN_POINT('',(13.7794327682138,5.66088712382396,3.5));
#10730=CARTESIAN_POINT('',(13.7794327682138,5.66088712382396,9.5));
#10731=CARTESIAN_POINT('',(13.7794327682138,5.66088712382396,9.5));
#10732=CARTESIAN_POINT('',(14.2084975801638,5.66904386113359,9.5));
#10733=CARTESIAN_POINT('',(13.7794327682138,5.66088712382396,9.5));
#10734=CARTESIAN_POINT('',(13.7794327682138,5.66088712382396,3.5));
#10735=CARTESIAN_POINT('',(13.3641943445101,5.61577237073103,3.5));
#10736=CARTESIAN_POINT('',(13.3641943445101,5.61577237073103,9.5));
#10737=CARTESIAN_POINT('',(13.3641943445101,5.61577237073103,9.5));
#10738=CARTESIAN_POINT('',(13.7794327682138,5.66088712382396,9.5));
#10739=CARTESIAN_POINT('',(13.3641943445101,5.61577237073103,9.5));
#10740=CARTESIAN_POINT('',(13.3641943445101,5.61577237073103,3.5));
#10741=CARTESIAN_POINT('',(12.9702190849284,5.51846144680239,3.5));
#10742=CARTESIAN_POINT('',(12.9702190849284,5.51846144680239,9.5));
#10743=CARTESIAN_POINT('',(12.9702190849284,5.51846144680239,9.5));
#10744=CARTESIAN_POINT('',(13.3641943445101,5.61577237073103,9.5));
#10745=CARTESIAN_POINT('',(12.9702190849284,5.51846144680239,9.5));
#10746=CARTESIAN_POINT('',(12.9702190849284,5.51846144680239,3.5));
#10747=CARTESIAN_POINT('',(12.0772914975332,5.13854600870832,3.5));
#10748=CARTESIAN_POINT('',(12.0772914975332,5.13854600870832,9.5));
#10749=CARTESIAN_POINT('',(12.0772914975332,5.13854600870832,9.5));
#10750=CARTESIAN_POINT('',(12.9702190849284,5.51846144680239,9.5));
#10751=CARTESIAN_POINT('',(12.0772914975332,5.13854600870832,9.5));
#10752=CARTESIAN_POINT('',(12.0772914975332,5.13854600870832,3.5));
#10753=CARTESIAN_POINT('',(11.6944606299723,5.95862530908155,3.5));
#10754=CARTESIAN_POINT('',(11.6944606299723,5.95862530908155,9.5));
#10755=CARTESIAN_POINT('',(11.6944606299723,5.95862530908155,9.5));
#10756=CARTESIAN_POINT('',(12.0772914975332,5.13854600870832,9.5));
#10757=CARTESIAN_POINT('',(11.6944606299723,5.95862530908155,9.5));
#10758=CARTESIAN_POINT('',(11.6944606299723,5.95862530908155,3.5));
#10759=CARTESIAN_POINT('',(11.2560248773099,6.75037250537931,3.5));
#10760=CARTESIAN_POINT('',(11.2560248773099,6.75037250537931,9.5));
#10761=CARTESIAN_POINT('',(11.2560248773099,6.75037250537931,9.5));
#10762=CARTESIAN_POINT('',(11.6944606299723,5.95862530908155,9.5));
#10763=CARTESIAN_POINT('',(11.2560248773099,6.75037250537931,9.5));
#10764=CARTESIAN_POINT('',(11.2560248773099,6.75037250537931,3.5));
#10765=CARTESIAN_POINT('',(12.0882325903894,7.24945740669832,3.5));
#10766=CARTESIAN_POINT('',(12.0882325903894,7.24945740669832,9.5));
#10767=CARTESIAN_POINT('',(12.0882325903894,7.24945740669832,9.5));
#10768=CARTESIAN_POINT('',(11.2560248773099,6.75037250537931,9.5));
#10769=CARTESIAN_POINT('',(12.0882325903894,7.24945740669832,9.5));
#10770=CARTESIAN_POINT('',(12.0882325903894,7.24945740669832,3.5));
#10771=CARTESIAN_POINT('',(12.3985316289362,7.51099216109098,3.5));
#10772=CARTESIAN_POINT('',(12.3985316289362,7.51099216109098,9.5));
#10773=CARTESIAN_POINT('',(12.3985316289362,7.51099216109098,9.5));
#10774=CARTESIAN_POINT('',(12.0882325903894,7.24945740669832,9.5));
#10775=CARTESIAN_POINT('',(12.3985316289362,7.51099216109098,9.5));
#10776=CARTESIAN_POINT('',(12.3985316289362,7.51099216109098,3.5));
#10777=CARTESIAN_POINT('',(12.6791012525236,7.82040931605587,3.5));
#10778=CARTESIAN_POINT('',(12.6791012525236,7.82040931605587,9.5));
#10779=CARTESIAN_POINT('',(12.6791012525236,7.82040931605587,9.5));
#10780=CARTESIAN_POINT('',(12.3985316289362,7.51099216109098,9.5));
#10781=CARTESIAN_POINT('',(12.6791012525236,7.82040931605587,9.5));
#10782=CARTESIAN_POINT('',(12.6791012525236,7.82040931605587,3.5));
#10783=CARTESIAN_POINT('',(12.9378981603676,8.16273563071434,3.5));
#10784=CARTESIAN_POINT('',(12.9378981603676,8.16273563071434,9.5));
#10785=CARTESIAN_POINT('',(12.9378981603676,8.16273563071434,9.5));
#10786=CARTESIAN_POINT('',(12.6791012525236,7.82040931605587,9.5));
#10787=CARTESIAN_POINT('',(12.9378981603676,8.16273563071434,9.5));
#10788=CARTESIAN_POINT('',(12.9378981603676,8.16273563071434,3.5));
#10789=CARTESIAN_POINT('',(13.1770135270858,8.53276381557789,3.5));
#10790=CARTESIAN_POINT('',(13.1770135270858,8.53276381557789,9.5));
#10791=CARTESIAN_POINT('',(13.1770135270858,8.53276381557789,9.5));
#10792=CARTESIAN_POINT('',(12.9378981603676,8.16273563071434,9.5));
#10793=CARTESIAN_POINT('',(13.1770135270858,8.53276381557789,9.5));
#10794=CARTESIAN_POINT('',(13.1770135270858,8.53276381557789,3.5));
#10795=CARTESIAN_POINT('',(13.3972262292576,8.92746245726474,3.5));
#10796=CARTESIAN_POINT('',(13.3972262292576,8.92746245726474,9.5));
#10797=CARTESIAN_POINT('',(13.3972262292576,8.92746245726474,9.5));
#10798=CARTESIAN_POINT('',(13.1770135270858,8.53276381557789,9.5));
#10799=CARTESIAN_POINT('',(13.3972262292576,8.92746245726474,9.5));
#10800=CARTESIAN_POINT('',(13.3972262292576,8.92746245726474,3.5));
#10801=CARTESIAN_POINT('',(13.5987566658507,9.34472135181033,3.5));
#10802=CARTESIAN_POINT('',(13.5987566658507,9.34472135181033,9.5));
#10803=CARTESIAN_POINT('',(13.5987566658507,9.34472135181033,9.5));
#10804=CARTESIAN_POINT('',(13.3972262292576,8.92746245726474,9.5));
#10805=CARTESIAN_POINT('',(13.5987566658507,9.34472135181033,9.5));
#10806=CARTESIAN_POINT('',(13.5987566658507,9.34472135181033,3.5));
#10807=CARTESIAN_POINT('',(13.4331365877857,9.58127556298713,3.5));
#10808=CARTESIAN_POINT('',(13.4331365877857,9.58127556298713,9.5));
#10809=CARTESIAN_POINT('',(13.4331365877857,9.58127556298713,9.5));
#10810=CARTESIAN_POINT('',(13.5987566658507,9.34472135181033,9.5));
#10811=CARTESIAN_POINT('',(13.4331365877857,9.58127556298713,9.5));
#10812=CARTESIAN_POINT('',(13.4331365877857,9.58127556298713,3.5));
#10813=CARTESIAN_POINT('',(13.2634020519841,9.81489510934398,3.5));
#10814=CARTESIAN_POINT('',(13.2634020519841,9.81489510934398,9.5));
#10815=CARTESIAN_POINT('',(13.2634020519841,9.81489510934398,9.5));
#10816=CARTESIAN_POINT('',(13.4331365877857,9.58127556298713,9.5));
#10817=CARTESIAN_POINT('',(13.2634020519841,9.81489510934398,9.5));
#10818=CARTESIAN_POINT('',(13.2634020519841,9.81489510934398,3.5));
#10819=CARTESIAN_POINT('',(13.0896050467192,10.0455084351617,3.5));
#10820=CARTESIAN_POINT('',(13.0896050467192,10.0455084351617,9.5));
#10821=CARTESIAN_POINT('',(13.0896050467192,10.0455084351617,9.5));
#10822=CARTESIAN_POINT('',(13.2634020519841,9.81489510934398,9.5));
#10823=CARTESIAN_POINT('',(13.0896050467192,10.0455084351617,9.5));
#10824=CARTESIAN_POINT('',(13.0896050467192,10.0455084351617,3.5));
#10825=CARTESIAN_POINT('',(12.6304919262884,9.98278168967661,3.5));
#10826=CARTESIAN_POINT('',(12.6304919262884,9.98278168967661,9.5));
#10827=CARTESIAN_POINT('',(12.6304919262884,9.98278168967661,9.5));
#10828=CARTESIAN_POINT('',(13.0896050467192,10.0455084351617,9.5));
#10829=CARTESIAN_POINT('',(12.6304919262884,9.98278168967661,9.5));
#10830=CARTESIAN_POINT('',(12.6304919262884,9.98278168967661,3.5));
#10831=CARTESIAN_POINT('',(12.1870617437909,9.89531555224313,3.5));
#10832=CARTESIAN_POINT('',(12.1870617437909,9.89531555224313,9.5));
#10833=CARTESIAN_POINT('',(12.1870617437909,9.89531555224313,9.5));
#10834=CARTESIAN_POINT('',(12.6304919262884,9.98278168967661,9.5));
#10835=CARTESIAN_POINT('',(12.1870617437909,9.89531555224313,9.5));
#10836=CARTESIAN_POINT('',(12.1870617437909,9.89531555224313,3.5));
#10837=CARTESIAN_POINT('',(11.7612533154315,9.78224832210007,3.5));
#10838=CARTESIAN_POINT('',(11.7612533154315,9.78224832210007,9.5));
#10839=CARTESIAN_POINT('',(11.7612533154315,9.78224832210007,9.5));
#10840=CARTESIAN_POINT('',(12.1870617437909,9.89531555224313,9.5));
#10841=CARTESIAN_POINT('',(11.7612533154315,9.78224832210007,9.5));
#10842=CARTESIAN_POINT('',(11.7612533154315,9.78224832210007,3.5));
#10843=CARTESIAN_POINT('',(11.3557090005607,9.64190248534918,3.5));
#10844=CARTESIAN_POINT('',(11.3557090005607,9.64190248534918,9.5));
#10845=CARTESIAN_POINT('',(11.3557090005607,9.64190248534918,9.5));
#10846=CARTESIAN_POINT('',(11.7612533154315,9.78224832210007,9.5));
#10847=CARTESIAN_POINT('',(11.3557090005607,9.64190248534918,9.5));
#10848=CARTESIAN_POINT('',(11.3557090005607,9.64190248534918,3.5));
#10849=CARTESIAN_POINT('',(10.974735017284,9.47068007579721,3.5));
#10850=CARTESIAN_POINT('',(10.974735017284,9.47068007579721,9.5));
#10851=CARTESIAN_POINT('',(10.974735017284,9.47068007579721,9.5));
#10852=CARTESIAN_POINT('',(11.3557090005607,9.64190248534918,9.5));
#10853=CARTESIAN_POINT('',(10.974735017284,9.47068007579721,9.5));
#10854=CARTESIAN_POINT('',(10.974735017284,9.47068007579721,3.5));
#10855=CARTESIAN_POINT('',(10.630113008632,9.25638683691415,3.5));
#10856=CARTESIAN_POINT('',(10.630113008632,9.25638683691415,9.5));
#10857=CARTESIAN_POINT('',(10.630113008632,9.25638683691415,9.5));
#10858=CARTESIAN_POINT('',(10.974735017284,9.47068007579721,9.5));
#10859=CARTESIAN_POINT('',(10.630113008632,9.25638683691415,9.5));
#10860=CARTESIAN_POINT('',(10.630113008632,9.25638683691415,3.5));
#10861=CARTESIAN_POINT('',(9.89828873485658,8.61913598462232,3.5));
#10862=CARTESIAN_POINT('',(9.89828873485658,8.61913598462232,9.5));
#10863=CARTESIAN_POINT('',(9.89828873485658,8.61913598462232,9.5));
#10864=CARTESIAN_POINT('',(10.630113008632,9.25638683691415,9.5));
#10865=CARTESIAN_POINT('',(9.89828873485658,8.61913598462232,9.5));
#10866=CARTESIAN_POINT('',(9.89828873485658,8.61913598462232,3.5));
#10867=CARTESIAN_POINT('',(9.28077650307344,9.28077650307344,3.5));
#10868=CARTESIAN_POINT('',(9.28077650307344,9.28077650307344,9.5));
#10869=CARTESIAN_POINT('',(9.28077650307344,9.28077650307344,9.5));
#10870=CARTESIAN_POINT('',(9.89828873485658,8.61913598462232,9.5));
#10871=CARTESIAN_POINT('',(9.28077650307344,9.28077650307344,9.5));
#10872=CARTESIAN_POINT('',(9.28077650307344,9.28077650307344,3.5));
#10873=CARTESIAN_POINT('',(8.61913598462232,9.89828873485658,3.5));
#10874=CARTESIAN_POINT('',(8.61913598462232,9.89828873485658,9.5));
#10875=CARTESIAN_POINT('',(8.61913598462232,9.89828873485658,9.5));
#10876=CARTESIAN_POINT('',(9.28077650307344,9.28077650307344,9.5));
#10877=CARTESIAN_POINT('',(8.61913598462232,9.89828873485658,9.5));
#10878=CARTESIAN_POINT('',(8.61913598462232,9.89828873485658,3.5));
#10879=CARTESIAN_POINT('',(9.25638683691415,10.630113008632,3.5));
#10880=CARTESIAN_POINT('',(9.25638683691415,10.630113008632,9.5));
#10881=CARTESIAN_POINT('',(9.25638683691415,10.630113008632,9.5));
#10882=CARTESIAN_POINT('',(8.61913598462232,9.89828873485658,9.5));
#10883=CARTESIAN_POINT('',(9.25638683691415,10.630113008632,9.5));
#10884=CARTESIAN_POINT('',(9.25638683691415,10.630113008632,3.5));
#10885=CARTESIAN_POINT('',(9.47068007579721,10.974735017284,3.5));
#10886=CARTESIAN_POINT('',(9.47068007579721,10.974735017284,9.5));
#10887=CARTESIAN_POINT('',(9.47068007579721,10.974735017284,9.5));
#10888=CARTESIAN_POINT('',(9.25638683691415,10.630113008632,9.5));
#10889=CARTESIAN_POINT('',(9.47068007579721,10.974735017284,9.5));
#10890=CARTESIAN_POINT('',(9.47068007579721,10.974735017284,3.5));
#10891=CARTESIAN_POINT('',(9.64190248534918,11.3557090005607,3.5));
#10892=CARTESIAN_POINT('',(9.64190248534918,11.3557090005607,9.5));
#10893=CARTESIAN_POINT('',(9.64190248534918,11.3557090005607,9.5));
#10894=CARTESIAN_POINT('',(9.47068007579721,10.974735017284,9.5));
#10895=CARTESIAN_POINT('',(9.64190248534918,11.3557090005607,9.5));
#10896=CARTESIAN_POINT('',(9.64190248534918,11.3557090005607,3.5));
#10897=CARTESIAN_POINT('',(9.78224832210007,11.7612533154315,3.5));
#10898=CARTESIAN_POINT('',(9.78224832210007,11.7612533154315,9.5));
#10899=CARTESIAN_POINT('',(9.78224832210007,11.7612533154315,9.5));
#10900=CARTESIAN_POINT('',(9.64190248534918,11.3557090005607,9.5));
#10901=CARTESIAN_POINT('',(9.78224832210007,11.7612533154315,9.5));
#10902=CARTESIAN_POINT('',(9.78224832210007,11.7612533154315,3.5));
#10903=CARTESIAN_POINT('',(9.89531555224313,12.1870617437909,3.5));
#10904=CARTESIAN_POINT('',(9.89531555224313,12.1870617437909,9.5));
#10905=CARTESIAN_POINT('',(9.89531555224313,12.1870617437909,9.5));
#10906=CARTESIAN_POINT('',(9.78224832210007,11.7612533154315,9.5));
#10907=CARTESIAN_POINT('',(9.89531555224313,12.1870617437909,9.5));
#10908=CARTESIAN_POINT('',(9.89531555224313,12.1870617437909,3.5));
#10909=CARTESIAN_POINT('',(9.98278168967661,12.6304919262884,3.5));
#10910=CARTESIAN_POINT('',(9.98278168967661,12.6304919262884,9.5));
#10911=CARTESIAN_POINT('',(9.98278168967661,12.6304919262884,9.5));
#10912=CARTESIAN_POINT('',(9.89531555224313,12.1870617437909,9.5));
#10913=CARTESIAN_POINT('',(9.98278168967661,12.6304919262884,9.5));
#10914=CARTESIAN_POINT('',(9.98278168967661,12.6304919262884,3.5));
#10915=CARTESIAN_POINT('',(10.0455084351617,13.0896050467192,3.5));
#10916=CARTESIAN_POINT('',(10.0455084351617,13.0896050467192,9.5));
#10917=CARTESIAN_POINT('',(10.0455084351617,13.0896050467192,9.5));
#10918=CARTESIAN_POINT('',(9.98278168967661,12.6304919262884,9.5));
#10919=CARTESIAN_POINT('',(10.0455084351617,13.0896050467192,9.5));
#10920=CARTESIAN_POINT('',(10.0455084351617,13.0896050467192,3.5));
#10921=CARTESIAN_POINT('',(9.81489510934398,13.2634020519841,3.5));
#10922=CARTESIAN_POINT('',(9.81489510934398,13.2634020519841,9.5));
#10923=CARTESIAN_POINT('',(9.81489510934398,13.2634020519841,9.5));
#10924=CARTESIAN_POINT('',(10.0455084351617,13.0896050467192,9.5));
#10925=CARTESIAN_POINT('',(9.81489510934398,13.2634020519841,9.5));
#10926=CARTESIAN_POINT('',(9.81489510934398,13.2634020519841,3.5));
#10927=CARTESIAN_POINT('',(9.58127556298713,13.4331365877857,3.5));
#10928=CARTESIAN_POINT('',(9.58127556298713,13.4331365877857,9.5));
#10929=CARTESIAN_POINT('',(9.58127556298713,13.4331365877857,9.5));
#10930=CARTESIAN_POINT('',(9.81489510934398,13.2634020519841,9.5));
#10931=CARTESIAN_POINT('',(9.58127556298713,13.4331365877857,9.5));
#10932=CARTESIAN_POINT('',(9.58127556298713,13.4331365877857,3.5));
#10933=CARTESIAN_POINT('',(9.34472135181033,13.5987566658507,3.5));
#10934=CARTESIAN_POINT('',(9.34472135181033,13.5987566658507,9.5));
#10935=CARTESIAN_POINT('',(9.34472135181033,13.5987566658507,9.5));
#10936=CARTESIAN_POINT('',(9.58127556298713,13.4331365877857,9.5));
#10937=CARTESIAN_POINT('',(9.34472135181033,13.5987566658507,9.5));
#10938=CARTESIAN_POINT('',(9.34472135181033,13.5987566658507,3.5));
#10939=CARTESIAN_POINT('',(8.92746245726474,13.3972262292576,3.5));
#10940=CARTESIAN_POINT('',(8.92746245726474,13.3972262292576,9.5));
#10941=CARTESIAN_POINT('',(8.92746245726474,13.3972262292576,9.5));
#10942=CARTESIAN_POINT('',(9.34472135181033,13.5987566658507,9.5));
#10943=CARTESIAN_POINT('',(8.92746245726474,13.3972262292576,9.5));
#10944=CARTESIAN_POINT('',(8.92746245726474,13.3972262292576,3.5));
#10945=CARTESIAN_POINT('',(8.53276381557789,13.1770135270858,3.5));
#10946=CARTESIAN_POINT('',(8.53276381557789,13.1770135270858,9.5));
#10947=CARTESIAN_POINT('',(8.53276381557789,13.1770135270858,9.5));
#10948=CARTESIAN_POINT('',(8.92746245726474,13.3972262292576,9.5));
#10949=CARTESIAN_POINT('',(8.53276381557789,13.1770135270858,9.5));
#10950=CARTESIAN_POINT('',(8.53276381557789,13.1770135270858,3.5));
#10951=CARTESIAN_POINT('',(8.16273563071434,12.9378981603676,3.5));
#10952=CARTESIAN_POINT('',(8.16273563071434,12.9378981603676,9.5));
#10953=CARTESIAN_POINT('',(8.16273563071434,12.9378981603676,9.5));
#10954=CARTESIAN_POINT('',(8.53276381557789,13.1770135270858,9.5));
#10955=CARTESIAN_POINT('',(8.16273563071434,12.9378981603676,9.5));
#10956=CARTESIAN_POINT('',(8.16273563071434,12.9378981603676,3.5));
#10957=CARTESIAN_POINT('',(7.82040931605587,12.6791012525236,3.5));
#10958=CARTESIAN_POINT('',(7.82040931605587,12.6791012525236,9.5));
#10959=CARTESIAN_POINT('',(7.82040931605587,12.6791012525236,9.5));
#10960=CARTESIAN_POINT('',(8.16273563071434,12.9378981603676,9.5));
#10961=CARTESIAN_POINT('',(7.82040931605587,12.6791012525236,9.5));
#10962=CARTESIAN_POINT('',(7.82040931605587,12.6791012525236,3.5));
#10963=CARTESIAN_POINT('',(7.51099216109098,12.3985316289362,3.5));
#10964=CARTESIAN_POINT('',(7.51099216109098,12.3985316289362,9.5));
#10965=CARTESIAN_POINT('',(7.51099216109098,12.3985316289362,9.5));
#10966=CARTESIAN_POINT('',(7.82040931605587,12.6791012525236,9.5));
#10967=CARTESIAN_POINT('',(7.51099216109098,12.3985316289362,9.5));
#10968=CARTESIAN_POINT('',(7.51099216109098,12.3985316289362,3.5));
#10969=CARTESIAN_POINT('',(7.24945740669832,12.0882325903894,3.5));
#10970=CARTESIAN_POINT('',(7.24945740669832,12.0882325903894,9.5));
#10971=CARTESIAN_POINT('',(7.24945740669832,12.0882325903894,9.5));
#10972=CARTESIAN_POINT('',(7.51099216109098,12.3985316289362,9.5));
#10973=CARTESIAN_POINT('',(7.24945740669832,12.0882325903894,9.5));
#10974=CARTESIAN_POINT('',(7.24945740669832,12.0882325903894,3.5));
#10975=CARTESIAN_POINT('',(6.75037250537931,11.2560248773099,3.5));
#10976=CARTESIAN_POINT('',(6.75037250537931,11.2560248773099,9.5));
#10977=CARTESIAN_POINT('',(6.75037250537931,11.2560248773099,9.5));
#10978=CARTESIAN_POINT('',(7.24945740669832,12.0882325903894,9.5));
#10979=CARTESIAN_POINT('',(6.75037250537931,11.2560248773099,9.5));
#10980=CARTESIAN_POINT('',(6.75037250537931,11.2560248773099,3.5));
#10981=CARTESIAN_POINT('',(5.95862530908155,11.6944606299723,3.5));
#10982=CARTESIAN_POINT('',(5.95862530908155,11.6944606299723,9.5));
#10983=CARTESIAN_POINT('',(5.95862530908155,11.6944606299723,9.5));
#10984=CARTESIAN_POINT('',(6.75037250537931,11.2560248773099,9.5));
#10985=CARTESIAN_POINT('',(5.95862530908155,11.6944606299723,9.5));
#10986=CARTESIAN_POINT('',(5.95862530908155,11.6944606299723,3.5));
#10987=CARTESIAN_POINT('',(5.13854600870833,12.0772914975332,3.5));
#10988=CARTESIAN_POINT('',(5.13854600870833,12.0772914975332,9.5));
#10989=CARTESIAN_POINT('',(5.13854600870833,12.0772914975332,9.5));
#10990=CARTESIAN_POINT('',(5.95862530908155,11.6944606299723,9.5));
#10991=CARTESIAN_POINT('',(5.13854600870833,12.0772914975332,9.5));
#10992=CARTESIAN_POINT('',(5.13854600870833,12.0772914975332,3.5));
#10993=CARTESIAN_POINT('',(5.5184614468024,12.9702190849284,3.5));
#10994=CARTESIAN_POINT('',(5.5184614468024,12.9702190849284,9.5));
#10995=CARTESIAN_POINT('',(5.5184614468024,12.9702190849284,9.5));
#10996=CARTESIAN_POINT('',(5.13854600870833,12.0772914975332,9.5));
#10997=CARTESIAN_POINT('',(5.5184614468024,12.9702190849284,9.5));
#10998=CARTESIAN_POINT('',(5.5184614468024,12.9702190849284,3.5));
#10999=CARTESIAN_POINT('',(5.61577237073103,13.3641943445101,3.5));
#11000=CARTESIAN_POINT('',(5.61577237073103,13.3641943445101,9.5));
#11001=CARTESIAN_POINT('',(5.61577237073103,13.3641943445101,9.5));
#11002=CARTESIAN_POINT('',(5.5184614468024,12.9702190849284,9.5));
#11003=CARTESIAN_POINT('',(5.61577237073103,13.3641943445101,9.5));
#11004=CARTESIAN_POINT('',(5.61577237073103,13.3641943445101,3.5));
#11005=CARTESIAN_POINT('',(5.66088712382397,13.7794327682137,3.5));
#11006=CARTESIAN_POINT('',(5.66088712382397,13.7794327682137,9.5));
#11007=CARTESIAN_POINT('',(5.66088712382397,13.7794327682137,9.5));
#11008=CARTESIAN_POINT('',(5.61577237073103,13.3641943445101,9.5));
#11009=CARTESIAN_POINT('',(5.66088712382397,13.7794327682137,9.5));
#11010=CARTESIAN_POINT('',(5.66088712382397,13.7794327682137,3.5));
#11011=CARTESIAN_POINT('',(5.66904386113359,14.2084975801638,3.5));
#11012=CARTESIAN_POINT('',(5.66904386113359,14.2084975801638,9.5));
#11013=CARTESIAN_POINT('',(5.66904386113359,14.2084975801638,9.5));
#11014=CARTESIAN_POINT('',(5.66088712382397,13.7794327682137,9.5));
#11015=CARTESIAN_POINT('',(5.66904386113359,14.2084975801638,9.5));
#11016=CARTESIAN_POINT('',(5.66904386113359,14.2084975801638,3.5));
#11017=CARTESIAN_POINT('',(5.64499514642943,14.6484051562696,3.5));
#11018=CARTESIAN_POINT('',(5.64499514642943,14.6484051562696,9.5));
#11019=CARTESIAN_POINT('',(5.64499514642943,14.6484051562696,9.5));
#11020=CARTESIAN_POINT('',(5.66904386113359,14.2084975801638,9.5));
#11021=CARTESIAN_POINT('',(5.64499514642943,14.6484051562696,9.5));
#11022=CARTESIAN_POINT('',(5.64499514642943,14.6484051562696,3.5));
#11023=CARTESIAN_POINT('',(5.59115292418022,15.097160843755,3.5));
#11024=CARTESIAN_POINT('',(5.59115292418022,15.097160843755,9.5));
#11025=CARTESIAN_POINT('',(5.59115292418022,15.097160843755,9.5));
#11026=CARTESIAN_POINT('',(5.64499514642943,14.6484051562696,9.5));
#11027=CARTESIAN_POINT('',(5.59115292418022,15.097160843755,9.5));
#11028=CARTESIAN_POINT('',(5.59115292418022,15.097160843755,3.5));
#11029=CARTESIAN_POINT('',(5.50893584766616,15.553186999014,3.5));
#11030=CARTESIAN_POINT('',(5.50893584766616,15.553186999014,9.5));
#11031=CARTESIAN_POINT('',(5.50893584766616,15.553186999014,9.5));
#11032=CARTESIAN_POINT('',(5.59115292418022,15.097160843755,9.5));
#11033=CARTESIAN_POINT('',(5.50893584766616,15.553186999014,9.5));
#11034=CARTESIAN_POINT('',(5.50893584766616,15.553186999014,3.5));
#11035=CARTESIAN_POINT('',(5.2359033132044,15.6472143365768,3.5));
#11036=CARTESIAN_POINT('',(5.2359033132044,15.6472143365768,9.5));
#11037=CARTESIAN_POINT('',(5.2359033132044,15.6472143365768,9.5));
#11038=CARTESIAN_POINT('',(5.50893584766616,15.553186999014,9.5));
#11039=CARTESIAN_POINT('',(5.2359033132044,15.6472143365768,9.5));
#11040=CARTESIAN_POINT('',(5.2359033132044,15.6472143365768,3.5));
#11041=CARTESIAN_POINT('',(4.96126706521276,15.7364490628488,3.5));
#11042=CARTESIAN_POINT('',(4.96126706521276,15.7364490628488,9.5));
#11043=CARTESIAN_POINT('',(4.96126706521276,15.7364490628488,9.5));
#11044=CARTESIAN_POINT('',(5.2359033132044,15.6472143365768,9.5));
#11045=CARTESIAN_POINT('',(4.96126706521276,15.7364490628488,9.5));
#11046=CARTESIAN_POINT('',(4.96126706521276,15.7364490628488,3.5));
#11047=CARTESIAN_POINT('',(4.68511122248419,15.8208638459773,3.5));
#11048=CARTESIAN_POINT('',(4.68511122248419,15.8208638459773,9.5));
#11049=CARTESIAN_POINT('',(4.68511122248419,15.8208638459773,9.5));
#11050=CARTESIAN_POINT('',(4.96126706521276,15.7364490628488,9.5));
#11051=CARTESIAN_POINT('',(4.68511122248419,15.8208638459773,9.5));
#11052=CARTESIAN_POINT('',(4.68511122248419,15.8208638459773,3.5));
#11053=CARTESIAN_POINT('',(4.3505507616356,15.5002569215549,3.5));
#11054=CARTESIAN_POINT('',(4.3505507616356,15.5002569215549,9.5));
#11055=CARTESIAN_POINT('',(4.3505507616356,15.5002569215549,9.5));
#11056=CARTESIAN_POINT('',(4.68511122248419,15.8208638459773,9.5));
#11057=CARTESIAN_POINT('',(4.3505507616356,15.5002569215549,9.5));
#11058=CARTESIAN_POINT('',(4.3505507616356,15.5002569215549,3.5));
#11059=CARTESIAN_POINT('',(4.04321951383478,15.1688536082455,3.5));
#11060=CARTESIAN_POINT('',(4.04321951383478,15.1688536082455,9.5));
#11061=CARTESIAN_POINT('',(4.04321951383478,15.1688536082455,9.5));
#11062=CARTESIAN_POINT('',(4.3505507616356,15.5002569215549,9.5));
#11063=CARTESIAN_POINT('',(4.04321951383478,15.1688536082455,9.5));
#11064=CARTESIAN_POINT('',(4.04321951383478,15.1688536082455,3.5));
#11065=CARTESIAN_POINT('',(3.76519250933954,14.8270963830613,3.5));
#11066=CARTESIAN_POINT('',(3.76519250933954,14.8270963830613,9.5));
#11067=CARTESIAN_POINT('',(3.76519250933954,14.8270963830613,9.5));
#11068=CARTESIAN_POINT('',(4.04321951383478,15.1688536082455,9.5));
#11069=CARTESIAN_POINT('',(3.76519250933954,14.8270963830613,9.5));
#11070=CARTESIAN_POINT('',(3.76519250933954,14.8270963830613,3.5));
#11071=CARTESIAN_POINT('',(3.51959347969979,14.475181248608,3.5));
#11072=CARTESIAN_POINT('',(3.51959347969979,14.475181248608,9.5));
#11073=CARTESIAN_POINT('',(3.51959347969979,14.475181248608,9.5));
#11074=CARTESIAN_POINT('',(3.76519250933954,14.8270963830613,9.5));
#11075=CARTESIAN_POINT('',(3.51959347969979,14.475181248608,9.5));
#11076=CARTESIAN_POINT('',(3.51959347969979,14.475181248608,3.5));
#11077=CARTESIAN_POINT('',(3.31202106001081,14.1127285205855,3.5));
#11078=CARTESIAN_POINT('',(3.31202106001081,14.1127285205855,9.5));
#11079=CARTESIAN_POINT('',(3.31202106001081,14.1127285205855,9.5));
#11080=CARTESIAN_POINT('',(3.51959347969979,14.475181248608,9.5));
#11081=CARTESIAN_POINT('',(3.31202106001081,14.1127285205855,9.5));
#11082=CARTESIAN_POINT('',(3.31202106001081,14.1127285205855,3.5));
#11083=CARTESIAN_POINT('',(3.15917440385719,13.7367979142484,3.5));
#11084=CARTESIAN_POINT('',(3.15917440385719,13.7367979142484,9.5));
#11085=CARTESIAN_POINT('',(3.15917440385719,13.7367979142484,9.5));
#11086=CARTESIAN_POINT('',(3.31202106001081,14.1127285205855,9.5));
#11087=CARTESIAN_POINT('',(3.15917440385719,13.7367979142484,9.5));
#11088=CARTESIAN_POINT('',(3.15917440385719,13.7367979142484,3.5));
#11089=CARTESIAN_POINT('',(2.9416827824647,12.7910956296695,3.5));
#11090=CARTESIAN_POINT('',(2.9416827824647,12.7910956296695,9.5));
#11091=CARTESIAN_POINT('',(2.9416827824647,12.7910956296695,9.5));
#11092=CARTESIAN_POINT('',(3.15917440385719,13.7367979142484,9.5));
#11093=CARTESIAN_POINT('',(2.9416827824647,12.7910956296695,9.5));
#11094=CARTESIAN_POINT('',(2.9416827824647,12.7910956296695,3.5));
#11095=CARTESIAN_POINT('',(2.05320235365303,12.9634094703112,3.5));
#11096=CARTESIAN_POINT('',(2.05320235365303,12.9634094703112,9.5));
#11097=CARTESIAN_POINT('',(2.05320235365303,12.9634094703112,9.5));
#11098=CARTESIAN_POINT('',(2.9416827824647,12.7910956296695,9.5));
#11099=CARTESIAN_POINT('',(2.05320235365303,12.9634094703112,9.5));
#11100=CARTESIAN_POINT('',(2.05320235365303,12.9634094703112,3.5));
#11101=CARTESIAN_POINT('',(1.15495934710669,13.0740848209934,3.5));
#11102=CARTESIAN_POINT('',(1.15495934710669,13.0740848209934,9.5));
#11103=CARTESIAN_POINT('',(1.15495934710669,13.0740848209934,9.5));
#11104=CARTESIAN_POINT('',(2.05320235365303,12.9634094703112,9.5));
#11105=CARTESIAN_POINT('',(1.15495934710669,13.0740848209934,9.5));
#11106=CARTESIAN_POINT('',(1.15495934710669,13.0740848209934,3.5));
#11107=CARTESIAN_POINT('',(1.24035060089585,14.0407097483618,3.5));
#11108=CARTESIAN_POINT('',(1.24035060089585,14.0407097483618,9.5));
#11109=CARTESIAN_POINT('',(1.24035060089585,14.0407097483618,9.5));
#11110=CARTESIAN_POINT('',(1.15495934710669,13.0740848209934,9.5));
#11111=CARTESIAN_POINT('',(1.24035060089585,14.0407097483618,9.5));
#11112=CARTESIAN_POINT('',(1.24035060089585,14.0407097483618,3.5));
#11113=CARTESIAN_POINT('',(1.21115373863086,14.4454732154783,3.5));
#11114=CARTESIAN_POINT('',(1.21115373863086,14.4454732154783,9.5));
#11115=CARTESIAN_POINT('',(1.21115373863086,14.4454732154783,9.5));
#11116=CARTESIAN_POINT('',(1.24035060089585,14.0407097483618,9.5));
#11117=CARTESIAN_POINT('',(1.21115373863086,14.4454732154783,9.5));
#11118=CARTESIAN_POINT('',(1.21115373863086,14.4454732154783,3.5));
#11119=CARTESIAN_POINT('',(1.12574468889904,14.8543296495606,3.5));
#11120=CARTESIAN_POINT('',(1.12574468889904,14.8543296495606,9.5));
#11121=CARTESIAN_POINT('',(1.12574468889904,14.8543296495606,9.5));
#11122=CARTESIAN_POINT('',(1.21115373863086,14.4454732154783,9.5));
#11123=CARTESIAN_POINT('',(1.12574468889904,14.8543296495606,9.5));
#11124=CARTESIAN_POINT('',(1.12574468889904,14.8543296495606,3.5));
#11125=CARTESIAN_POINT('',(1.0009138884882,15.264915105326,3.5));
#11126=CARTESIAN_POINT('',(1.0009138884882,15.264915105326,9.5));
#11127=CARTESIAN_POINT('',(1.0009138884882,15.264915105326,9.5));
#11128=CARTESIAN_POINT('',(1.12574468889904,14.8543296495606,9.5));
#11129=CARTESIAN_POINT('',(1.0009138884882,15.264915105326,9.5));
#11130=CARTESIAN_POINT('',(1.0009138884882,15.264915105326,3.5));
#11131=CARTESIAN_POINT('',(0.842103284689316,15.6758606106125,3.5));
#11132=CARTESIAN_POINT('',(0.842103284689316,15.6758606106125,9.5));
#11133=CARTESIAN_POINT('',(0.842103284689316,15.6758606106125,9.5));
#11134=CARTESIAN_POINT('',(1.0009138884882,15.264915105326,9.5));
#11135=CARTESIAN_POINT('',(0.842103284689316,15.6758606106125,9.5));
#11136=CARTESIAN_POINT('',(0.842103284689316,15.6758606106125,3.5));
#11137=CARTESIAN_POINT('',(0.652223154611987,16.0860144697301,3.5));
#11138=CARTESIAN_POINT('',(0.652223154611987,16.0860144697301,9.5));
#11139=CARTESIAN_POINT('',(0.652223154611987,16.0860144697301,9.5));
#11140=CARTESIAN_POINT('',(0.842103284689316,15.6758606106125,9.5));
#11141=CARTESIAN_POINT('',(0.652223154611987,16.0860144697301,9.5));
#11142=CARTESIAN_POINT('',(0.652223154611987,16.0860144697301,3.5));
#11143=CARTESIAN_POINT('',(0.433110236388045,16.4943146424195,3.5));
#11144=CARTESIAN_POINT('',(0.433110236388045,16.4943146424195,9.5));
#11145=CARTESIAN_POINT('',(0.433110236388045,16.4943146424195,9.5));
#11146=CARTESIAN_POINT('',(0.652223154611987,16.0860144697301,9.5));
#11147=CARTESIAN_POINT('',(0.433110236388045,16.4943146424195,9.5));
#11148=CARTESIAN_POINT('',(0.433110236388045,16.4943146424195,3.5));
#11149=CARTESIAN_POINT('',(0.144384820084873,16.4993682613526,3.5));
#11150=CARTESIAN_POINT('',(0.144384820084873,16.4993682613526,9.5));
#11151=CARTESIAN_POINT('',(0.144384820084873,16.4993682613526,9.5));
#11152=CARTESIAN_POINT('',(0.433110236388045,16.4943146424195,9.5));
#11153=CARTESIAN_POINT('',(0.144384820084873,16.4993682613526,9.5));
#11154=CARTESIAN_POINT('',(0.144384820084873,16.4993682613526,3.5));
#11155=CARTESIAN_POINT('',(-0.144384820084867,16.4993682613526,3.5));
#11156=CARTESIAN_POINT('',(-0.144384820084867,16.4993682613526,9.5));
#11157=CARTESIAN_POINT('',(-0.144384820084867,16.4993682613526,9.5));
#11158=CARTESIAN_POINT('',(0.144384820084873,16.4993682613526,9.5));
#11159=CARTESIAN_POINT('',(-0.144384820084867,16.4993682613526,9.5));
#11160=CARTESIAN_POINT('',(-0.144384820084867,16.4993682613526,3.5));
#11161=CARTESIAN_POINT('',(-0.43311023638804,16.4943146424195,3.5));
#11162=CARTESIAN_POINT('',(-0.43311023638804,16.4943146424195,9.5));
#11163=CARTESIAN_POINT('',(-0.43311023638804,16.4943146424195,9.5));
#11164=CARTESIAN_POINT('',(-0.144384820084867,16.4993682613526,9.5));
#11165=CARTESIAN_POINT('',(-0.43311023638804,16.4943146424195,9.5));
#11166=CARTESIAN_POINT('',(-0.43311023638804,16.4943146424195,3.5));
#11167=CARTESIAN_POINT('',(-0.652223154611985,16.0860144697301,3.5));
#11168=CARTESIAN_POINT('',(-0.652223154611985,16.0860144697301,9.5));
#11169=CARTESIAN_POINT('',(-0.652223154611985,16.0860144697301,9.5));
#11170=CARTESIAN_POINT('',(-0.43311023638804,16.4943146424195,9.5));
#11171=CARTESIAN_POINT('',(-0.652223154611985,16.0860144697301,9.5));
#11172=CARTESIAN_POINT('',(-0.652223154611985,16.0860144697301,3.5));
#11173=CARTESIAN_POINT('',(-0.842103284689314,15.6758606106125,3.5));
#11174=CARTESIAN_POINT('',(-0.842103284689314,15.6758606106125,9.5));
#11175=CARTESIAN_POINT('',(-0.842103284689314,15.6758606106125,9.5));
#11176=CARTESIAN_POINT('',(-0.652223154611985,16.0860144697301,9.5));
#11177=CARTESIAN_POINT('',(-0.842103284689314,15.6758606106125,9.5));
#11178=CARTESIAN_POINT('',(-0.842103284689314,15.6758606106125,3.5));
#11179=CARTESIAN_POINT('',(-1.0009138884882,15.264915105326,3.5));
#11180=CARTESIAN_POINT('',(-1.0009138884882,15.264915105326,9.5));
#11181=CARTESIAN_POINT('',(-1.0009138884882,15.264915105326,9.5));
#11182=CARTESIAN_POINT('',(-0.842103284689314,15.6758606106125,9.5));
#11183=CARTESIAN_POINT('',(-1.0009138884882,15.264915105326,9.5));
#11184=CARTESIAN_POINT('',(-1.0009138884882,15.264915105326,3.5));
#11185=CARTESIAN_POINT('',(-1.12574468889904,14.8543296495606,3.5));
#11186=CARTESIAN_POINT('',(-1.12574468889904,14.8543296495606,9.5));
#11187=CARTESIAN_POINT('',(-1.12574468889904,14.8543296495606,9.5));
#11188=CARTESIAN_POINT('',(-1.0009138884882,15.264915105326,9.5));
#11189=CARTESIAN_POINT('',(-1.12574468889904,14.8543296495606,9.5));
#11190=CARTESIAN_POINT('',(-1.12574468889904,14.8543296495606,3.5));
#11191=CARTESIAN_POINT('',(-1.21115373863086,14.4454732154783,3.5));
#11192=CARTESIAN_POINT('',(-1.21115373863086,14.4454732154783,9.5));
#11193=CARTESIAN_POINT('',(-1.21115373863086,14.4454732154783,9.5));
#11194=CARTESIAN_POINT('',(-1.12574468889904,14.8543296495606,9.5));
#11195=CARTESIAN_POINT('',(-1.21115373863086,14.4454732154783,9.5));
#11196=CARTESIAN_POINT('',(-1.21115373863086,14.4454732154783,3.5));
#11197=CARTESIAN_POINT('',(-1.24035060089584,14.0407097483618,3.5));
#11198=CARTESIAN_POINT('',(-1.24035060089584,14.0407097483618,9.5));
#11199=CARTESIAN_POINT('',(-1.24035060089584,14.0407097483618,9.5));
#11200=CARTESIAN_POINT('',(-1.21115373863086,14.4454732154783,9.5));
#11201=CARTESIAN_POINT('',(-1.24035060089584,14.0407097483618,9.5));
#11202=CARTESIAN_POINT('',(-1.24035060089584,14.0407097483618,3.5));
#11203=CARTESIAN_POINT('',(-1.15495934710669,13.0740848209934,3.5));
#11204=CARTESIAN_POINT('',(-1.15495934710669,13.0740848209934,9.5));
#11205=CARTESIAN_POINT('',(-1.15495934710669,13.0740848209934,9.5));
#11206=CARTESIAN_POINT('',(-1.24035060089584,14.0407097483618,9.5));
#11207=CARTESIAN_POINT('',(-1.15495934710669,13.0740848209934,9.5));
#11208=CARTESIAN_POINT('',(-1.15495934710669,13.0740848209934,3.5));
#11209=CARTESIAN_POINT('',(-2.05320235365303,12.9634094703112,3.5));
#11210=CARTESIAN_POINT('',(-2.05320235365303,12.9634094703112,9.5));
#11211=CARTESIAN_POINT('',(-2.05320235365303,12.9634094703112,9.5));
#11212=CARTESIAN_POINT('',(-1.15495934710669,13.0740848209934,9.5));
#11213=CARTESIAN_POINT('',(-2.05320235365303,12.9634094703112,9.5));
#11214=CARTESIAN_POINT('',(-2.05320235365303,12.9634094703112,3.5));
#11215=CARTESIAN_POINT('',(-2.9416827824647,12.7910956296695,3.5));
#11216=CARTESIAN_POINT('',(-2.9416827824647,12.7910956296695,9.5));
#11217=CARTESIAN_POINT('',(-2.9416827824647,12.7910956296695,9.5));
#11218=CARTESIAN_POINT('',(-2.05320235365303,12.9634094703112,9.5));
#11219=CARTESIAN_POINT('',(-2.9416827824647,12.7910956296695,9.5));
#11220=CARTESIAN_POINT('',(-2.9416827824647,12.7910956296695,3.5));
#11221=CARTESIAN_POINT('',(-3.15917440385719,13.7367979142484,3.5));
#11222=CARTESIAN_POINT('',(-3.15917440385719,13.7367979142484,9.5));
#11223=CARTESIAN_POINT('',(-3.15917440385719,13.7367979142484,9.5));
#11224=CARTESIAN_POINT('',(-2.9416827824647,12.7910956296695,9.5));
#11225=CARTESIAN_POINT('',(-3.15917440385719,13.7367979142484,9.5));
#11226=CARTESIAN_POINT('',(-3.15917440385719,13.7367979142484,3.5));
#11227=CARTESIAN_POINT('',(-3.31202106001081,14.1127285205855,3.5));
#11228=CARTESIAN_POINT('',(-3.31202106001081,14.1127285205855,9.5));
#11229=CARTESIAN_POINT('',(-3.31202106001081,14.1127285205855,9.5));
#11230=CARTESIAN_POINT('',(-3.15917440385719,13.7367979142484,9.5));
#11231=CARTESIAN_POINT('',(-3.31202106001081,14.1127285205855,9.5));
#11232=CARTESIAN_POINT('',(-3.31202106001081,14.1127285205855,3.5));
#11233=CARTESIAN_POINT('',(-3.51959347969978,14.475181248608,3.5));
#11234=CARTESIAN_POINT('',(-3.51959347969978,14.475181248608,9.5));
#11235=CARTESIAN_POINT('',(-3.51959347969978,14.475181248608,9.5));
#11236=CARTESIAN_POINT('',(-3.31202106001081,14.1127285205855,9.5));
#11237=CARTESIAN_POINT('',(-3.51959347969978,14.475181248608,9.5));
#11238=CARTESIAN_POINT('',(-3.51959347969978,14.475181248608,3.5));
#11239=CARTESIAN_POINT('',(-3.76519250933954,14.8270963830613,3.5));
#11240=CARTESIAN_POINT('',(-3.76519250933954,14.8270963830613,9.5));
#11241=CARTESIAN_POINT('',(-3.76519250933954,14.8270963830613,9.5));
#11242=CARTESIAN_POINT('',(-3.51959347969978,14.475181248608,9.5));
#11243=CARTESIAN_POINT('',(-3.76519250933954,14.8270963830613,9.5));
#11244=CARTESIAN_POINT('',(-3.76519250933954,14.8270963830613,3.5));
#11245=CARTESIAN_POINT('',(-4.04321951383478,15.1688536082455,3.5));
#11246=CARTESIAN_POINT('',(-4.04321951383478,15.1688536082455,9.5));
#11247=CARTESIAN_POINT('',(-4.04321951383478,15.1688536082455,9.5));
#11248=CARTESIAN_POINT('',(-3.76519250933954,14.8270963830613,9.5));
#11249=CARTESIAN_POINT('',(-4.04321951383478,15.1688536082455,9.5));
#11250=CARTESIAN_POINT('',(-4.04321951383478,15.1688536082455,3.5));
#11251=CARTESIAN_POINT('',(-4.3505507616356,15.5002569215549,3.5));
#11252=CARTESIAN_POINT('',(-4.3505507616356,15.5002569215549,9.5));
#11253=CARTESIAN_POINT('',(-4.3505507616356,15.5002569215549,9.5));
#11254=CARTESIAN_POINT('',(-4.04321951383478,15.1688536082455,9.5));
#11255=CARTESIAN_POINT('',(-4.3505507616356,15.5002569215549,9.5));
#11256=CARTESIAN_POINT('',(-4.3505507616356,15.5002569215549,3.5));
#11257=CARTESIAN_POINT('',(-4.68511122248419,15.8208638459773,3.5));
#11258=CARTESIAN_POINT('',(-4.68511122248419,15.8208638459773,9.5));
#11259=CARTESIAN_POINT('',(-4.68511122248419,15.8208638459773,9.5));
#11260=CARTESIAN_POINT('',(-4.3505507616356,15.5002569215549,9.5));
#11261=CARTESIAN_POINT('',(-4.68511122248419,15.8208638459773,9.5));
#11262=CARTESIAN_POINT('',(-4.68511122248419,15.8208638459773,3.5));
#11263=CARTESIAN_POINT('',(-4.96126706521276,15.7364490628488,3.5));
#11264=CARTESIAN_POINT('',(-4.96126706521276,15.7364490628488,9.5));
#11265=CARTESIAN_POINT('',(-4.96126706521276,15.7364490628488,9.5));
#11266=CARTESIAN_POINT('',(-4.68511122248419,15.8208638459773,9.5));
#11267=CARTESIAN_POINT('',(-4.96126706521276,15.7364490628488,9.5));
#11268=CARTESIAN_POINT('',(-4.96126706521276,15.7364490628488,3.5));
#11269=CARTESIAN_POINT('',(-5.23590331320439,15.6472143365768,3.5));
#11270=CARTESIAN_POINT('',(-5.23590331320439,15.6472143365768,9.5));
#11271=CARTESIAN_POINT('',(-5.23590331320439,15.6472143365768,9.5));
#11272=CARTESIAN_POINT('',(-4.96126706521276,15.7364490628488,9.5));
#11273=CARTESIAN_POINT('',(-5.23590331320439,15.6472143365768,9.5));
#11274=CARTESIAN_POINT('',(-5.23590331320439,15.6472143365768,3.5));
#11275=CARTESIAN_POINT('',(-5.50893584766615,15.553186999014,3.5));
#11276=CARTESIAN_POINT('',(-5.50893584766615,15.553186999014,9.5));
#11277=CARTESIAN_POINT('',(-5.50893584766615,15.553186999014,9.5));
#11278=CARTESIAN_POINT('',(-5.23590331320439,15.6472143365768,9.5));
#11279=CARTESIAN_POINT('',(-5.50893584766615,15.553186999014,9.5));
#11280=CARTESIAN_POINT('',(-5.50893584766615,15.553186999014,3.5));
#11281=CARTESIAN_POINT('',(-5.59115292418022,15.097160843755,3.5));
#11282=CARTESIAN_POINT('',(-5.59115292418022,15.097160843755,9.5));
#11283=CARTESIAN_POINT('',(-5.59115292418022,15.097160843755,9.5));
#11284=CARTESIAN_POINT('',(-5.50893584766615,15.553186999014,9.5));
#11285=CARTESIAN_POINT('',(-5.59115292418022,15.097160843755,9.5));
#11286=CARTESIAN_POINT('',(-5.59115292418022,15.097160843755,3.5));
#11287=CARTESIAN_POINT('',(-5.64499514642943,14.6484051562696,3.5));
#11288=CARTESIAN_POINT('',(-5.64499514642943,14.6484051562696,9.5));
#11289=CARTESIAN_POINT('',(-5.64499514642943,14.6484051562696,9.5));
#11290=CARTESIAN_POINT('',(-5.59115292418022,15.097160843755,9.5));
#11291=CARTESIAN_POINT('',(-5.64499514642943,14.6484051562696,9.5));
#11292=CARTESIAN_POINT('',(-5.64499514642943,14.6484051562696,3.5));
#11293=CARTESIAN_POINT('',(-5.66904386113359,14.2084975801638,3.5));
#11294=CARTESIAN_POINT('',(-5.66904386113359,14.2084975801638,9.5));
#11295=CARTESIAN_POINT('',(-5.66904386113359,14.2084975801638,9.5));
#11296=CARTESIAN_POINT('',(-5.64499514642943,14.6484051562696,9.5));
#11297=CARTESIAN_POINT('',(-5.66904386113359,14.2084975801638,9.5));
#11298=CARTESIAN_POINT('',(-5.66904386113359,14.2084975801638,3.5));
#11299=CARTESIAN_POINT('',(-5.66088712382396,13.7794327682138,3.5));
#11300=CARTESIAN_POINT('',(-5.66088712382396,13.7794327682138,9.5));
#11301=CARTESIAN_POINT('',(-5.66088712382396,13.7794327682138,9.5));
#11302=CARTESIAN_POINT('',(-5.66904386113359,14.2084975801638,9.5));
#11303=CARTESIAN_POINT('',(-5.66088712382396,13.7794327682138,9.5));
#11304=CARTESIAN_POINT('',(-5.66088712382396,13.7794327682138,3.5));
#11305=CARTESIAN_POINT('',(-5.61577237073103,13.3641943445101,3.5));
#11306=CARTESIAN_POINT('',(-5.61577237073103,13.3641943445101,9.5));
#11307=CARTESIAN_POINT('',(-5.61577237073103,13.3641943445101,9.5));
#11308=CARTESIAN_POINT('',(-5.66088712382396,13.7794327682138,9.5));
#11309=CARTESIAN_POINT('',(-5.61577237073103,13.3641943445101,9.5));
#11310=CARTESIAN_POINT('',(-5.61577237073103,13.3641943445101,3.5));
#11311=CARTESIAN_POINT('',(-5.51846144680239,12.9702190849284,3.5));
#11312=CARTESIAN_POINT('',(-5.51846144680239,12.9702190849284,9.5));
#11313=CARTESIAN_POINT('',(-5.51846144680239,12.9702190849284,9.5));
#11314=CARTESIAN_POINT('',(-5.61577237073103,13.3641943445101,9.5));
#11315=CARTESIAN_POINT('',(-5.51846144680239,12.9702190849284,9.5));
#11316=CARTESIAN_POINT('',(-5.51846144680239,12.9702190849284,3.5));
#11317=CARTESIAN_POINT('',(-5.13854600870832,12.0772914975332,3.5));
#11318=CARTESIAN_POINT('',(-5.13854600870832,12.0772914975332,9.5));
#11319=CARTESIAN_POINT('',(-5.13854600870832,12.0772914975332,9.5));
#11320=CARTESIAN_POINT('',(-5.51846144680239,12.9702190849284,9.5));
#11321=CARTESIAN_POINT('',(-5.13854600870832,12.0772914975332,9.5));
#11322=CARTESIAN_POINT('',(-5.13854600870832,12.0772914975332,3.5));
#11323=CARTESIAN_POINT('',(-5.95862530908155,11.6944606299723,3.5));
#11324=CARTESIAN_POINT('',(-5.95862530908155,11.6944606299723,9.5));
#11325=CARTESIAN_POINT('',(-5.95862530908155,11.6944606299723,9.5));
#11326=CARTESIAN_POINT('',(-5.13854600870832,12.0772914975332,9.5));
#11327=CARTESIAN_POINT('',(-5.95862530908155,11.6944606299723,9.5));
#11328=CARTESIAN_POINT('',(-5.95862530908155,11.6944606299723,3.5));
#11329=CARTESIAN_POINT('',(-6.75037250537931,11.2560248773099,3.5));
#11330=CARTESIAN_POINT('',(-6.75037250537931,11.2560248773099,9.5));
#11331=CARTESIAN_POINT('',(-6.75037250537931,11.2560248773099,9.5));
#11332=CARTESIAN_POINT('',(-5.95862530908155,11.6944606299723,9.5));
#11333=CARTESIAN_POINT('',(-6.75037250537931,11.2560248773099,9.5));
#11334=CARTESIAN_POINT('',(-6.75037250537931,11.2560248773099,3.5));
#11335=CARTESIAN_POINT('',(-7.24945740669832,12.0882325903894,3.5));
#11336=CARTESIAN_POINT('',(-7.24945740669832,12.0882325903894,9.5));
#11337=CARTESIAN_POINT('',(-7.24945740669832,12.0882325903894,9.5));
#11338=CARTESIAN_POINT('',(-6.75037250537931,11.2560248773099,9.5));
#11339=CARTESIAN_POINT('',(-7.24945740669832,12.0882325903894,9.5));
#11340=CARTESIAN_POINT('',(-7.24945740669832,12.0882325903894,3.5));
#11341=CARTESIAN_POINT('',(-7.51099216109098,12.3985316289362,3.5));
#11342=CARTESIAN_POINT('',(-7.51099216109098,12.3985316289362,9.5));
#11343=CARTESIAN_POINT('',(-7.51099216109098,12.3985316289362,9.5));
#11344=CARTESIAN_POINT('',(-7.24945740669832,12.0882325903894,9.5));
#11345=CARTESIAN_POINT('',(-7.51099216109098,12.3985316289362,9.5));
#11346=CARTESIAN_POINT('',(-7.51099216109098,12.3985316289362,3.5));
#11347=CARTESIAN_POINT('',(-7.82040931605587,12.6791012525236,3.5));
#11348=CARTESIAN_POINT('',(-7.82040931605587,12.6791012525236,9.5));
#11349=CARTESIAN_POINT('',(-7.82040931605587,12.6791012525236,9.5));
#11350=CARTESIAN_POINT('',(-7.51099216109098,12.3985316289362,9.5));
#11351=CARTESIAN_POINT('',(-7.82040931605587,12.6791012525236,9.5));
#11352=CARTESIAN_POINT('',(-7.82040931605587,12.6791012525236,3.5));
#11353=CARTESIAN_POINT('',(-8.16273563071434,12.9378981603676,3.5));
#11354=CARTESIAN_POINT('',(-8.16273563071434,12.9378981603676,9.5));
#11355=CARTESIAN_POINT('',(-8.16273563071434,12.9378981603676,9.5));
#11356=CARTESIAN_POINT('',(-7.82040931605587,12.6791012525236,9.5));
#11357=CARTESIAN_POINT('',(-8.16273563071434,12.9378981603676,9.5));
#11358=CARTESIAN_POINT('',(-8.16273563071434,12.9378981603676,3.5));
#11359=CARTESIAN_POINT('',(-8.53276381557789,13.1770135270858,3.5));
#11360=CARTESIAN_POINT('',(-8.53276381557789,13.1770135270858,9.5));
#11361=CARTESIAN_POINT('',(-8.53276381557789,13.1770135270858,9.5));
#11362=CARTESIAN_POINT('',(-8.16273563071434,12.9378981603676,9.5));
#11363=CARTESIAN_POINT('',(-8.53276381557789,13.1770135270858,9.5));
#11364=CARTESIAN_POINT('',(-8.53276381557789,13.1770135270858,3.5));
#11365=CARTESIAN_POINT('',(-8.92746245726474,13.3972262292576,3.5));
#11366=CARTESIAN_POINT('',(-8.92746245726474,13.3972262292576,9.5));
#11367=CARTESIAN_POINT('',(-8.92746245726474,13.3972262292576,9.5));
#11368=CARTESIAN_POINT('',(-8.53276381557789,13.1770135270858,9.5));
#11369=CARTESIAN_POINT('',(-8.92746245726474,13.3972262292576,9.5));
#11370=CARTESIAN_POINT('',(-8.92746245726474,13.3972262292576,3.5));
#11371=CARTESIAN_POINT('',(-9.34472135181033,13.5987566658507,3.5));
#11372=CARTESIAN_POINT('',(-9.34472135181033,13.5987566658507,9.5));
#11373=CARTESIAN_POINT('',(-9.34472135181033,13.5987566658507,9.5));
#11374=CARTESIAN_POINT('',(-8.92746245726474,13.3972262292576,9.5));
#11375=CARTESIAN_POINT('',(-9.34472135181033,13.5987566658507,9.5));
#11376=CARTESIAN_POINT('',(-9.34472135181033,13.5987566658507,3.5));
#11377=CARTESIAN_POINT('',(-9.58127556298713,13.4331365877857,3.5));
#11378=CARTESIAN_POINT('',(-9.58127556298713,13.4331365877857,9.5));
#11379=CARTESIAN_POINT('',(-9.58127556298713,13.4331365877857,9.5));
#11380=CARTESIAN_POINT('',(-9.34472135181033,13.5987566658507,9.5));
#11381=CARTESIAN_POINT('',(-9.58127556298713,13.4331365877857,9.5));
#11382=CARTESIAN_POINT('',(-9.58127556298713,13.4331365877857,3.5));
#11383=CARTESIAN_POINT('',(-9.81489510934398,13.2634020519841,3.5));
#11384=CARTESIAN_POINT('',(-9.81489510934398,13.2634020519841,9.5));
#11385=CARTESIAN_POINT('',(-9.81489510934398,13.2634020519841,9.5));
#11386=CARTESIAN_POINT('',(-9.58127556298713,13.4331365877857,9.5));
#11387=CARTESIAN_POINT('',(-9.81489510934398,13.2634020519841,9.5));
#11388=CARTESIAN_POINT('',(-9.81489510934398,13.2634020519841,3.5));
#11389=CARTESIAN_POINT('',(-10.0455084351617,13.0896050467191,3.5));
#11390=CARTESIAN_POINT('',(-10.0455084351617,13.0896050467191,9.5));
#11391=CARTESIAN_POINT('',(-10.0455084351617,13.0896050467191,9.5));
#11392=CARTESIAN_POINT('',(-9.81489510934398,13.2634020519841,9.5));
#11393=CARTESIAN_POINT('',(-10.0455084351617,13.0896050467191,9.5));
#11394=CARTESIAN_POINT('',(-10.0455084351617,13.0896050467191,3.5));
#11395=CARTESIAN_POINT('',(-9.98278168967661,12.6304919262884,3.5));
#11396=CARTESIAN_POINT('',(-9.98278168967661,12.6304919262884,9.5));
#11397=CARTESIAN_POINT('',(-9.98278168967661,12.6304919262884,9.5));
#11398=CARTESIAN_POINT('',(-10.0455084351617,13.0896050467191,9.5));
#11399=CARTESIAN_POINT('',(-9.98278168967661,12.6304919262884,9.5));
#11400=CARTESIAN_POINT('',(-9.98278168967661,12.6304919262884,3.5));
#11401=CARTESIAN_POINT('',(-9.89531555224313,12.1870617437909,3.5));
#11402=CARTESIAN_POINT('',(-9.89531555224313,12.1870617437909,9.5));
#11403=CARTESIAN_POINT('',(-9.89531555224313,12.1870617437909,9.5));
#11404=CARTESIAN_POINT('',(-9.98278168967661,12.6304919262884,9.5));
#11405=CARTESIAN_POINT('',(-9.89531555224313,12.1870617437909,9.5));
#11406=CARTESIAN_POINT('',(-9.89531555224313,12.1870617437909,3.5));
#11407=CARTESIAN_POINT('',(-9.78224832210007,11.7612533154315,3.5));
#11408=CARTESIAN_POINT('',(-9.78224832210007,11.7612533154315,9.5));
#11409=CARTESIAN_POINT('',(-9.78224832210007,11.7612533154315,9.5));
#11410=CARTESIAN_POINT('',(-9.89531555224313,12.1870617437909,9.5));
#11411=CARTESIAN_POINT('',(-9.78224832210007,11.7612533154315,9.5));
#11412=CARTESIAN_POINT('',(-9.78224832210007,11.7612533154315,3.5));
#11413=CARTESIAN_POINT('',(-9.64190248534918,11.3557090005607,3.5));
#11414=CARTESIAN_POINT('',(-9.64190248534918,11.3557090005607,9.5));
#11415=CARTESIAN_POINT('',(-9.64190248534918,11.3557090005607,9.5));
#11416=CARTESIAN_POINT('',(-9.78224832210007,11.7612533154315,9.5));
#11417=CARTESIAN_POINT('',(-9.64190248534918,11.3557090005607,9.5));
#11418=CARTESIAN_POINT('',(-9.64190248534918,11.3557090005607,3.5));
#11419=CARTESIAN_POINT('',(-9.47068007579721,10.974735017284,3.5));
#11420=CARTESIAN_POINT('',(-9.47068007579721,10.974735017284,9.5));
#11421=CARTESIAN_POINT('',(-9.47068007579721,10.974735017284,9.5));
#11422=CARTESIAN_POINT('',(-9.64190248534918,11.3557090005607,9.5));
#11423=CARTESIAN_POINT('',(-9.47068007579721,10.974735017284,9.5));
#11424=CARTESIAN_POINT('',(-9.47068007579721,10.974735017284,3.5));
#11425=CARTESIAN_POINT('',(-9.25638683691415,10.630113008632,3.5));
#11426=CARTESIAN_POINT('',(-9.25638683691415,10.630113008632,9.5));
#11427=CARTESIAN_POINT('',(-9.25638683691415,10.630113008632,9.5));
#11428=CARTESIAN_POINT('',(-9.47068007579721,10.974735017284,9.5));
#11429=CARTESIAN_POINT('',(-9.25638683691415,10.630113008632,9.5));
#11430=CARTESIAN_POINT('',(-9.25638683691415,10.630113008632,3.5));
#11431=CARTESIAN_POINT('',(-8.61913598462232,9.89828873485658,3.5));
#11432=CARTESIAN_POINT('',(-8.61913598462232,9.89828873485658,9.5));
#11433=CARTESIAN_POINT('',(-8.61913598462232,9.89828873485658,9.5));
#11434=CARTESIAN_POINT('',(-9.25638683691415,10.630113008632,9.5));
#11435=CARTESIAN_POINT('',(-8.61913598462232,9.89828873485658,9.5));
#11436=CARTESIAN_POINT('',(-8.61913598462232,9.89828873485658,3.5));
#11437=CARTESIAN_POINT('',(-9.28077650307343,9.28077650307344,3.5));
#11438=CARTESIAN_POINT('',(-9.28077650307343,9.28077650307344,9.5));
#11439=CARTESIAN_POINT('',(-9.28077650307343,9.28077650307344,9.5));
#11440=CARTESIAN_POINT('',(-8.61913598462232,9.89828873485658,9.5));
#11441=CARTESIAN_POINT('',(-9.28077650307343,9.28077650307344,9.5));
#11442=CARTESIAN_POINT('',(-9.28077650307343,9.28077650307344,3.5));
#11443=CARTESIAN_POINT('',(-9.89828873485657,8.61913598462232,3.5));
#11444=CARTESIAN_POINT('',(-9.89828873485657,8.61913598462232,9.5));
#11445=CARTESIAN_POINT('',(-9.89828873485657,8.61913598462232,9.5));
#11446=CARTESIAN_POINT('',(-9.28077650307343,9.28077650307344,9.5));
#11447=CARTESIAN_POINT('',(-9.89828873485657,8.61913598462232,9.5));
#11448=CARTESIAN_POINT('',(-9.89828873485657,8.61913598462232,3.5));
#11449=CARTESIAN_POINT('',(-10.630113008632,9.25638683691415,3.5));
#11450=CARTESIAN_POINT('',(-10.630113008632,9.25638683691415,9.5));
#11451=CARTESIAN_POINT('',(-10.630113008632,9.25638683691415,9.5));
#11452=CARTESIAN_POINT('',(-9.89828873485657,8.61913598462232,9.5));
#11453=CARTESIAN_POINT('',(-10.630113008632,9.25638683691415,9.5));
#11454=CARTESIAN_POINT('',(-10.630113008632,9.25638683691415,3.5));
#11455=CARTESIAN_POINT('',(-10.974735017284,9.47068007579721,3.5));
#11456=CARTESIAN_POINT('',(-10.974735017284,9.47068007579721,9.5));
#11457=CARTESIAN_POINT('',(-10.974735017284,9.47068007579721,9.5));
#11458=CARTESIAN_POINT('',(-10.630113008632,9.25638683691415,9.5));
#11459=CARTESIAN_POINT('',(-10.974735017284,9.47068007579721,9.5));
#11460=CARTESIAN_POINT('',(-10.974735017284,9.47068007579721,3.5));
#11461=CARTESIAN_POINT('',(-11.3557090005607,9.64190248534918,3.5));
#11462=CARTESIAN_POINT('',(-11.3557090005607,9.64190248534918,9.5));
#11463=CARTESIAN_POINT('',(-11.3557090005607,9.64190248534918,9.5));
#11464=CARTESIAN_POINT('',(-10.974735017284,9.47068007579721,9.5));
#11465=CARTESIAN_POINT('',(-11.3557090005607,9.64190248534918,9.5));
#11466=CARTESIAN_POINT('',(-11.3557090005607,9.64190248534918,3.5));
#11467=CARTESIAN_POINT('',(-11.7612533154315,9.78224832210007,3.5));
#11468=CARTESIAN_POINT('',(-11.7612533154315,9.78224832210007,9.5));
#11469=CARTESIAN_POINT('',(-11.7612533154315,9.78224832210007,9.5));
#11470=CARTESIAN_POINT('',(-11.3557090005607,9.64190248534918,9.5));
#11471=CARTESIAN_POINT('',(-11.7612533154315,9.78224832210007,9.5));
#11472=CARTESIAN_POINT('',(-11.7612533154315,9.78224832210007,3.5));
#11473=CARTESIAN_POINT('',(-12.1870617437909,9.89531555224314,3.5));
#11474=CARTESIAN_POINT('',(-12.1870617437909,9.89531555224314,9.5));
#11475=CARTESIAN_POINT('',(-12.1870617437909,9.89531555224314,9.5));
#11476=CARTESIAN_POINT('',(-11.7612533154315,9.78224832210007,9.5));
#11477=CARTESIAN_POINT('',(-12.1870617437909,9.89531555224314,9.5));
#11478=CARTESIAN_POINT('',(-12.1870617437909,9.89531555224314,3.5));
#11479=CARTESIAN_POINT('',(-12.6304919262884,9.98278168967662,3.5));
#11480=CARTESIAN_POINT('',(-12.6304919262884,9.98278168967662,9.5));
#11481=CARTESIAN_POINT('',(-12.6304919262884,9.98278168967662,9.5));
#11482=CARTESIAN_POINT('',(-12.1870617437909,9.89531555224314,9.5));
#11483=CARTESIAN_POINT('',(-12.6304919262884,9.98278168967662,9.5));
#11484=CARTESIAN_POINT('',(-12.6304919262884,9.98278168967662,3.5));
#11485=CARTESIAN_POINT('',(-13.0896050467192,10.0455084351617,3.5));
#11486=CARTESIAN_POINT('',(-13.0896050467192,10.0455084351617,9.5));
#11487=CARTESIAN_POINT('',(-13.0896050467192,10.0455084351617,9.5));
#11488=CARTESIAN_POINT('',(-12.6304919262884,9.98278168967662,9.5));
#11489=CARTESIAN_POINT('',(-13.0896050467192,10.0455084351617,9.5));
#11490=CARTESIAN_POINT('',(-13.0896050467192,10.0455084351617,3.5));
#11491=CARTESIAN_POINT('',(-13.2634020519841,9.81489510934398,3.5));
#11492=CARTESIAN_POINT('',(-13.2634020519841,9.81489510934398,9.5));
#11493=CARTESIAN_POINT('',(-13.2634020519841,9.81489510934398,9.5));
#11494=CARTESIAN_POINT('',(-13.0896050467192,10.0455084351617,9.5));
#11495=CARTESIAN_POINT('',(-13.2634020519841,9.81489510934398,9.5));
#11496=CARTESIAN_POINT('',(-13.2634020519841,9.81489510934398,3.5));
#11497=CARTESIAN_POINT('',(-13.4331365877857,9.58127556298713,3.5));
#11498=CARTESIAN_POINT('',(-13.4331365877857,9.58127556298713,9.5));
#11499=CARTESIAN_POINT('',(-13.4331365877857,9.58127556298713,9.5));
#11500=CARTESIAN_POINT('',(-13.2634020519841,9.81489510934398,9.5));
#11501=CARTESIAN_POINT('',(-13.4331365877857,9.58127556298713,9.5));
#11502=CARTESIAN_POINT('',(-13.4331365877857,9.58127556298713,3.5));
#11503=CARTESIAN_POINT('',(-13.5987566658507,9.34472135181033,3.5));
#11504=CARTESIAN_POINT('',(-13.5987566658507,9.34472135181033,9.5));
#11505=CARTESIAN_POINT('',(-13.5987566658507,9.34472135181033,9.5));
#11506=CARTESIAN_POINT('',(-13.4331365877857,9.58127556298713,9.5));
#11507=CARTESIAN_POINT('',(-13.5987566658507,9.34472135181033,9.5));
#11508=CARTESIAN_POINT('',(-13.5987566658507,9.34472135181033,3.5));
#11509=CARTESIAN_POINT('',(-13.3972262292576,8.92746245726474,3.5));
#11510=CARTESIAN_POINT('',(-13.3972262292576,8.92746245726474,9.5));
#11511=CARTESIAN_POINT('',(-13.3972262292576,8.92746245726474,9.5));
#11512=CARTESIAN_POINT('',(-13.5987566658507,9.34472135181033,9.5));
#11513=CARTESIAN_POINT('',(-13.3972262292576,8.92746245726474,9.5));
#11514=CARTESIAN_POINT('',(-13.3972262292576,8.92746245726474,3.5));
#11515=CARTESIAN_POINT('',(-13.1770135270858,8.53276381557789,3.5));
#11516=CARTESIAN_POINT('',(-13.1770135270858,8.53276381557789,9.5));
#11517=CARTESIAN_POINT('',(-13.1770135270858,8.53276381557789,9.5));
#11518=CARTESIAN_POINT('',(-13.3972262292576,8.92746245726474,9.5));
#11519=CARTESIAN_POINT('',(-13.1770135270858,8.53276381557789,9.5));
#11520=CARTESIAN_POINT('',(-13.1770135270858,8.53276381557789,3.5));
#11521=CARTESIAN_POINT('',(-12.9378981603676,8.16273563071434,3.5));
#11522=CARTESIAN_POINT('',(-12.9378981603676,8.16273563071434,9.5));
#11523=CARTESIAN_POINT('',(-12.9378981603676,8.16273563071434,9.5));
#11524=CARTESIAN_POINT('',(-13.1770135270858,8.53276381557789,9.5));
#11525=CARTESIAN_POINT('',(-12.9378981603676,8.16273563071434,9.5));
#11526=CARTESIAN_POINT('',(-12.9378981603676,8.16273563071434,3.5));
#11527=CARTESIAN_POINT('',(-12.6791012525236,7.82040931605587,3.5));
#11528=CARTESIAN_POINT('',(-12.6791012525236,7.82040931605587,9.5));
#11529=CARTESIAN_POINT('',(-12.6791012525236,7.82040931605587,9.5));
#11530=CARTESIAN_POINT('',(-12.9378981603676,8.16273563071434,9.5));
#11531=CARTESIAN_POINT('',(-12.6791012525236,7.82040931605587,9.5));
#11532=CARTESIAN_POINT('',(-12.6791012525236,7.82040931605587,3.5));
#11533=CARTESIAN_POINT('',(-12.3985316289362,7.51099216109098,3.5));
#11534=CARTESIAN_POINT('',(-12.3985316289362,7.51099216109098,9.5));
#11535=CARTESIAN_POINT('',(-12.3985316289362,7.51099216109098,9.5));
#11536=CARTESIAN_POINT('',(-12.6791012525236,7.82040931605587,9.5));
#11537=CARTESIAN_POINT('',(-12.3985316289362,7.51099216109098,9.5));
#11538=CARTESIAN_POINT('',(-12.3985316289362,7.51099216109098,3.5));
#11539=CARTESIAN_POINT('',(-12.0882325903894,7.24945740669832,3.5));
#11540=CARTESIAN_POINT('',(-12.0882325903894,7.24945740669832,9.5));
#11541=CARTESIAN_POINT('',(-12.0882325903894,7.24945740669832,9.5));
#11542=CARTESIAN_POINT('',(-12.3985316289362,7.51099216109098,9.5));
#11543=CARTESIAN_POINT('',(-12.0882325903894,7.24945740669832,9.5));
#11544=CARTESIAN_POINT('',(-12.0882325903894,7.24945740669832,3.5));
#11545=CARTESIAN_POINT('',(-11.2560248773099,6.75037250537931,3.5));
#11546=CARTESIAN_POINT('',(-11.2560248773099,6.75037250537931,9.5));
#11547=CARTESIAN_POINT('',(-11.2560248773099,6.75037250537931,9.5));
#11548=CARTESIAN_POINT('',(-12.0882325903894,7.24945740669832,9.5));
#11549=CARTESIAN_POINT('',(-11.2560248773099,6.75037250537931,9.5));
#11550=CARTESIAN_POINT('',(-11.2560248773099,6.75037250537931,3.5));
#11551=CARTESIAN_POINT('',(-11.6944606299723,5.95862530908155,3.5));
#11552=CARTESIAN_POINT('',(-11.6944606299723,5.95862530908155,9.5));
#11553=CARTESIAN_POINT('',(-11.6944606299723,5.95862530908155,9.5));
#11554=CARTESIAN_POINT('',(-11.2560248773099,6.75037250537931,9.5));
#11555=CARTESIAN_POINT('',(-11.6944606299723,5.95862530908155,9.5));
#11556=CARTESIAN_POINT('',(-11.6944606299723,5.95862530908155,3.5));
#11557=CARTESIAN_POINT('',(-12.0772914975332,5.13854600870833,3.5));
#11558=CARTESIAN_POINT('',(-12.0772914975332,5.13854600870833,9.5));
#11559=CARTESIAN_POINT('',(-12.0772914975332,5.13854600870833,9.5));
#11560=CARTESIAN_POINT('',(-11.6944606299723,5.95862530908155,9.5));
#11561=CARTESIAN_POINT('',(-12.0772914975332,5.13854600870833,9.5));
#11562=CARTESIAN_POINT('',(-12.0772914975332,5.13854600870833,3.5));
#11563=CARTESIAN_POINT('',(-12.9702190849284,5.5184614468024,3.5));
#11564=CARTESIAN_POINT('',(-12.9702190849284,5.5184614468024,9.5));
#11565=CARTESIAN_POINT('',(-12.9702190849284,5.5184614468024,9.5));
#11566=CARTESIAN_POINT('',(-12.0772914975332,5.13854600870833,9.5));
#11567=CARTESIAN_POINT('',(-12.9702190849284,5.5184614468024,9.5));
#11568=CARTESIAN_POINT('',(-12.9702190849284,5.5184614468024,3.5));
#11569=CARTESIAN_POINT('',(-13.3641943445101,5.61577237073104,3.5));
#11570=CARTESIAN_POINT('',(-13.3641943445101,5.61577237073104,9.5));
#11571=CARTESIAN_POINT('',(-13.3641943445101,5.61577237073104,9.5));
#11572=CARTESIAN_POINT('',(-12.9702190849284,5.5184614468024,9.5));
#11573=CARTESIAN_POINT('',(-13.3641943445101,5.61577237073104,9.5));
#11574=CARTESIAN_POINT('',(-13.3641943445101,5.61577237073104,3.5));
#11575=CARTESIAN_POINT('',(-13.7794327682138,5.66088712382396,3.5));
#11576=CARTESIAN_POINT('',(-13.7794327682138,5.66088712382396,9.5));
#11577=CARTESIAN_POINT('',(-13.7794327682138,5.66088712382396,9.5));
#11578=CARTESIAN_POINT('',(-13.3641943445101,5.61577237073104,9.5));
#11579=CARTESIAN_POINT('',(-13.7794327682138,5.66088712382396,9.5));
#11580=CARTESIAN_POINT('',(-13.7794327682138,5.66088712382396,3.5));
#11581=CARTESIAN_POINT('',(-14.2084975801638,5.66904386113359,3.5));
#11582=CARTESIAN_POINT('',(-14.2084975801638,5.66904386113359,9.5));
#11583=CARTESIAN_POINT('',(-14.2084975801638,5.66904386113359,9.5));
#11584=CARTESIAN_POINT('',(-13.7794327682138,5.66088712382396,9.5));
#11585=CARTESIAN_POINT('',(-14.2084975801638,5.66904386113359,9.5));
#11586=CARTESIAN_POINT('',(-14.2084975801638,5.66904386113359,3.5));
#11587=CARTESIAN_POINT('',(-14.6484051562696,5.64499514642943,3.5));
#11588=CARTESIAN_POINT('',(-14.6484051562696,5.64499514642943,9.5));
#11589=CARTESIAN_POINT('',(-14.6484051562696,5.64499514642943,9.5));
#11590=CARTESIAN_POINT('',(-14.2084975801638,5.66904386113359,9.5));
#11591=CARTESIAN_POINT('',(-14.6484051562696,5.64499514642943,9.5));
#11592=CARTESIAN_POINT('',(-14.6484051562696,5.64499514642943,3.5));
#11593=CARTESIAN_POINT('',(-15.097160843755,5.59115292418022,3.5));
#11594=CARTESIAN_POINT('',(-15.097160843755,5.59115292418022,9.5));
#11595=CARTESIAN_POINT('',(-15.097160843755,5.59115292418022,9.5));
#11596=CARTESIAN_POINT('',(-14.6484051562696,5.64499514642943,9.5));
#11597=CARTESIAN_POINT('',(-15.097160843755,5.59115292418022,9.5));
#11598=CARTESIAN_POINT('',(-15.097160843755,5.59115292418022,3.5));
#11599=CARTESIAN_POINT('',(-15.553186999014,5.50893584766616,3.5));
#11600=CARTESIAN_POINT('',(-15.553186999014,5.50893584766616,9.5));
#11601=CARTESIAN_POINT('',(-15.553186999014,5.50893584766616,9.5));
#11602=CARTESIAN_POINT('',(-15.097160843755,5.59115292418022,9.5));
#11603=CARTESIAN_POINT('',(-15.553186999014,5.50893584766616,9.5));
#11604=CARTESIAN_POINT('',(-15.553186999014,5.50893584766616,3.5));
#11605=CARTESIAN_POINT('',(-15.6472143365768,5.23590331320439,3.5));
#11606=CARTESIAN_POINT('',(-15.6472143365768,5.23590331320439,9.5));
#11607=CARTESIAN_POINT('',(-15.6472143365768,5.23590331320439,9.5));
#11608=CARTESIAN_POINT('',(-15.553186999014,5.50893584766616,9.5));
#11609=CARTESIAN_POINT('',(-15.6472143365768,5.23590331320439,9.5));
#11610=CARTESIAN_POINT('',(-15.6472143365768,5.23590331320439,3.5));
#11611=CARTESIAN_POINT('',(-15.7364490628488,4.96126706521276,3.5));
#11612=CARTESIAN_POINT('',(-15.7364490628488,4.96126706521276,9.5));
#11613=CARTESIAN_POINT('',(-15.7364490628488,4.96126706521276,9.5));
#11614=CARTESIAN_POINT('',(-15.6472143365768,5.23590331320439,9.5));
#11615=CARTESIAN_POINT('',(-15.7364490628488,4.96126706521276,9.5));
#11616=CARTESIAN_POINT('',(-15.7364490628488,4.96126706521276,3.5));
#11617=CARTESIAN_POINT('',(-15.8208638459773,4.68511122248419,3.5));
#11618=CARTESIAN_POINT('',(-15.8208638459773,4.68511122248419,9.5));
#11619=CARTESIAN_POINT('',(-15.8208638459773,4.68511122248419,9.5));
#11620=CARTESIAN_POINT('',(-15.7364490628488,4.96126706521276,9.5));
#11621=CARTESIAN_POINT('',(-15.8208638459773,4.68511122248419,9.5));
#11622=CARTESIAN_POINT('',(-15.8208638459773,4.68511122248419,3.5));
#11623=CARTESIAN_POINT('',(-15.5002569215549,4.3505507616356,3.5));
#11624=CARTESIAN_POINT('',(-15.5002569215549,4.3505507616356,9.5));
#11625=CARTESIAN_POINT('',(-15.5002569215549,4.3505507616356,9.5));
#11626=CARTESIAN_POINT('',(-15.8208638459773,4.68511122248419,9.5));
#11627=CARTESIAN_POINT('',(-15.5002569215549,4.3505507616356,9.5));
#11628=CARTESIAN_POINT('',(-15.5002569215549,4.3505507616356,3.5));
#11629=CARTESIAN_POINT('',(-15.1688536082455,4.04321951383478,3.5));
#11630=CARTESIAN_POINT('',(-15.1688536082455,4.04321951383478,9.5));
#11631=CARTESIAN_POINT('',(-15.1688536082455,4.04321951383478,9.5));
#11632=CARTESIAN_POINT('',(-15.5002569215549,4.3505507616356,9.5));
#11633=CARTESIAN_POINT('',(-15.1688536082455,4.04321951383478,9.5));
#11634=CARTESIAN_POINT('',(-15.1688536082455,4.04321951383478,3.5));
#11635=CARTESIAN_POINT('',(-14.8270963830613,3.76519250933954,3.5));
#11636=CARTESIAN_POINT('',(-14.8270963830613,3.76519250933954,9.5));
#11637=CARTESIAN_POINT('',(-14.8270963830613,3.76519250933954,9.5));
#11638=CARTESIAN_POINT('',(-15.1688536082455,4.04321951383478,9.5));
#11639=CARTESIAN_POINT('',(-14.8270963830613,3.76519250933954,9.5));
#11640=CARTESIAN_POINT('',(-14.8270963830613,3.76519250933954,3.5));
#11641=CARTESIAN_POINT('',(-14.475181248608,3.51959347969979,3.5));
#11642=CARTESIAN_POINT('',(-14.475181248608,3.51959347969979,9.5));
#11643=CARTESIAN_POINT('',(-14.475181248608,3.51959347969979,9.5));
#11644=CARTESIAN_POINT('',(-14.8270963830613,3.76519250933954,9.5));
#11645=CARTESIAN_POINT('',(-14.475181248608,3.51959347969979,9.5));
#11646=CARTESIAN_POINT('',(-14.475181248608,3.51959347969979,3.5));
#11647=CARTESIAN_POINT('',(-14.1127285205855,3.31202106001081,3.5));
#11648=CARTESIAN_POINT('',(-14.1127285205855,3.31202106001081,9.5));
#11649=CARTESIAN_POINT('',(-14.1127285205855,3.31202106001081,9.5));
#11650=CARTESIAN_POINT('',(-14.475181248608,3.51959347969979,9.5));
#11651=CARTESIAN_POINT('',(-14.1127285205855,3.31202106001081,9.5));
#11652=CARTESIAN_POINT('',(-14.1127285205855,3.31202106001081,3.5));
#11653=CARTESIAN_POINT('',(-13.7367979142484,3.15917440385719,3.5));
#11654=CARTESIAN_POINT('',(-13.7367979142484,3.15917440385719,9.5));
#11655=CARTESIAN_POINT('',(-13.7367979142484,3.15917440385719,9.5));
#11656=CARTESIAN_POINT('',(-14.1127285205855,3.31202106001081,9.5));
#11657=CARTESIAN_POINT('',(-13.7367979142484,3.15917440385719,9.5));
#11658=CARTESIAN_POINT('',(-13.7367979142484,3.15917440385719,3.5));
#11659=CARTESIAN_POINT('',(-12.7910956296695,2.9416827824647,3.5));
#11660=CARTESIAN_POINT('',(-12.7910956296695,2.9416827824647,9.5));
#11661=CARTESIAN_POINT('',(-12.7910956296695,2.9416827824647,9.5));
#11662=CARTESIAN_POINT('',(-13.7367979142484,3.15917440385719,9.5));
#11663=CARTESIAN_POINT('',(-12.7910956296695,2.9416827824647,9.5));
#11664=CARTESIAN_POINT('',(-12.7910956296695,2.9416827824647,3.5));
#11665=CARTESIAN_POINT('',(-12.9634094703112,2.05320235365303,3.5));
#11666=CARTESIAN_POINT('',(-12.9634094703112,2.05320235365303,9.5));
#11667=CARTESIAN_POINT('',(-12.9634094703112,2.05320235365303,9.5));
#11668=CARTESIAN_POINT('',(-12.7910956296695,2.9416827824647,9.5));
#11669=CARTESIAN_POINT('',(-12.9634094703112,2.05320235365303,9.5));
#11670=CARTESIAN_POINT('',(-12.9634094703112,2.05320235365303,3.5));
#11671=CARTESIAN_POINT('',(-13.0740848209934,1.15495934710669,3.5));
#11672=CARTESIAN_POINT('',(-13.0740848209934,1.15495934710669,9.5));
#11673=CARTESIAN_POINT('',(-13.0740848209934,1.15495934710669,9.5));
#11674=CARTESIAN_POINT('',(-12.9634094703112,2.05320235365303,9.5));
#11675=CARTESIAN_POINT('',(-13.0740848209934,1.15495934710669,9.5));
#11676=CARTESIAN_POINT('',(-13.0740848209934,1.15495934710669,3.5));
#11677=CARTESIAN_POINT('',(-14.0407097483618,1.24035060089585,3.5));
#11678=CARTESIAN_POINT('',(-14.0407097483618,1.24035060089585,9.5));
#11679=CARTESIAN_POINT('',(-14.0407097483618,1.24035060089585,9.5));
#11680=CARTESIAN_POINT('',(-13.0740848209934,1.15495934710669,9.5));
#11681=CARTESIAN_POINT('',(-14.0407097483618,1.24035060089585,9.5));
#11682=CARTESIAN_POINT('',(-14.0407097483618,1.24035060089585,3.5));
#11683=CARTESIAN_POINT('',(-14.4454732154783,1.21115373863086,3.5));
#11684=CARTESIAN_POINT('',(-14.4454732154783,1.21115373863086,9.5));
#11685=CARTESIAN_POINT('',(-14.4454732154783,1.21115373863086,9.5));
#11686=CARTESIAN_POINT('',(-14.0407097483618,1.24035060089585,9.5));
#11687=CARTESIAN_POINT('',(-14.4454732154783,1.21115373863086,9.5));
#11688=CARTESIAN_POINT('',(-14.4454732154783,1.21115373863086,3.5));
#11689=CARTESIAN_POINT('',(-14.8543296495606,1.12574468889904,3.5));
#11690=CARTESIAN_POINT('',(-14.8543296495606,1.12574468889904,9.5));
#11691=CARTESIAN_POINT('',(-14.8543296495606,1.12574468889904,9.5));
#11692=CARTESIAN_POINT('',(-14.4454732154783,1.21115373863086,9.5));
#11693=CARTESIAN_POINT('',(-14.8543296495606,1.12574468889904,9.5));
#11694=CARTESIAN_POINT('',(-14.8543296495606,1.12574468889904,3.5));
#11695=CARTESIAN_POINT('',(-15.264915105326,1.0009138884882,3.5));
#11696=CARTESIAN_POINT('',(-15.264915105326,1.0009138884882,9.5));
#11697=CARTESIAN_POINT('',(-15.264915105326,1.0009138884882,9.5));
#11698=CARTESIAN_POINT('',(-14.8543296495606,1.12574468889904,9.5));
#11699=CARTESIAN_POINT('',(-15.264915105326,1.0009138884882,9.5));
#11700=CARTESIAN_POINT('',(-15.264915105326,1.0009138884882,3.5));
#11701=CARTESIAN_POINT('',(-15.6758606106125,0.84210328468932,3.5));
#11702=CARTESIAN_POINT('',(-15.6758606106125,0.84210328468932,9.5));
#11703=CARTESIAN_POINT('',(-15.6758606106125,0.84210328468932,9.5));
#11704=CARTESIAN_POINT('',(-15.264915105326,1.0009138884882,9.5));
#11705=CARTESIAN_POINT('',(-15.6758606106125,0.84210328468932,9.5));
#11706=CARTESIAN_POINT('',(-15.6758606106125,0.84210328468932,3.5));
#11707=CARTESIAN_POINT('',(-16.0860144697301,0.652223154611991,3.5));
#11708=CARTESIAN_POINT('',(-16.0860144697301,0.652223154611991,9.5));
#11709=CARTESIAN_POINT('',(-16.0860144697301,0.652223154611991,9.5));
#11710=CARTESIAN_POINT('',(-15.6758606106125,0.84210328468932,9.5));
#11711=CARTESIAN_POINT('',(-16.0860144697301,0.652223154611991,9.5));
#11712=CARTESIAN_POINT('',(-16.0860144697301,0.652223154611991,3.5));
#11713=CARTESIAN_POINT('',(-16.4943146424195,0.433110236388043,3.5));
#11714=CARTESIAN_POINT('',(-16.4943146424195,0.433110236388043,9.5));
#11715=CARTESIAN_POINT('',(-16.4943146424195,0.433110236388043,9.5));
#11716=CARTESIAN_POINT('',(-16.0860144697301,0.652223154611991,9.5));
#11717=CARTESIAN_POINT('',(-16.4943146424195,0.433110236388043,9.5));
#11718=CARTESIAN_POINT('',(-16.4943146424195,0.433110236388043,3.5));
#11719=CARTESIAN_POINT('',(-16.4993682613526,0.144384820084866,3.5));
#11720=CARTESIAN_POINT('',(-16.4993682613526,0.144384820084866,9.5));
#11721=CARTESIAN_POINT('',(-16.4993682613526,0.144384820084866,9.5));
#11722=CARTESIAN_POINT('',(-16.4943146424195,0.433110236388043,9.5));
#11723=CARTESIAN_POINT('',(-16.4993682613526,0.144384820084866,9.5));
#11724=CARTESIAN_POINT('',(-16.4993682613526,0.144384820084866,3.5));
#11725=CARTESIAN_POINT('',(-16.4993682613526,-0.144384820084869,3.5));
#11726=CARTESIAN_POINT('',(-16.4993682613526,-0.144384820084869,9.5));
#11727=CARTESIAN_POINT('',(-16.4993682613526,-0.144384820084869,9.5));
#11728=CARTESIAN_POINT('',(-16.4993682613526,0.144384820084866,9.5));
#11729=CARTESIAN_POINT('',(-16.4993682613526,-0.144384820084869,9.5));
#11730=CARTESIAN_POINT('',(-16.4993682613526,-0.144384820084869,3.5));
#11731=CARTESIAN_POINT('',(-16.4943146424195,-0.433110236388046,3.5));
#11732=CARTESIAN_POINT('',(-16.4943146424195,-0.433110236388046,9.5));
#11733=CARTESIAN_POINT('',(-16.4943146424195,-0.433110236388046,9.5));
#11734=CARTESIAN_POINT('',(-16.4993682613526,-0.144384820084869,9.5));
#11735=CARTESIAN_POINT('',(-16.4943146424195,-0.433110236388046,9.5));
#11736=CARTESIAN_POINT('',(-16.4943146424195,-0.433110236388046,3.5));
#11737=CARTESIAN_POINT('',(-16.0860144697301,-0.652223154611988,3.5));
#11738=CARTESIAN_POINT('',(-16.0860144697301,-0.652223154611988,9.5));
#11739=CARTESIAN_POINT('',(-16.0860144697301,-0.652223154611988,9.5));
#11740=CARTESIAN_POINT('',(-16.4943146424195,-0.433110236388046,9.5));
#11741=CARTESIAN_POINT('',(-16.0860144697301,-0.652223154611988,9.5));
#11742=CARTESIAN_POINT('',(-16.0860144697301,-0.652223154611988,3.5));
#11743=CARTESIAN_POINT('',(-15.6758606106125,-0.842103284689317,3.5));
#11744=CARTESIAN_POINT('',(-15.6758606106125,-0.842103284689317,9.5));
#11745=CARTESIAN_POINT('',(-15.6758606106125,-0.842103284689317,9.5));
#11746=CARTESIAN_POINT('',(-16.0860144697301,-0.652223154611988,9.5));
#11747=CARTESIAN_POINT('',(-15.6758606106125,-0.842103284689317,9.5));
#11748=CARTESIAN_POINT('',(-15.6758606106125,-0.842103284689317,3.5));
#11749=CARTESIAN_POINT('',(-15.264915105326,-1.0009138884882,3.5));
#11750=CARTESIAN_POINT('',(-15.264915105326,-1.0009138884882,9.5));
#11751=CARTESIAN_POINT('',(-15.264915105326,-1.0009138884882,9.5));
#11752=CARTESIAN_POINT('',(-15.6758606106125,-0.842103284689317,9.5));
#11753=CARTESIAN_POINT('',(-15.264915105326,-1.0009138884882,9.5));
#11754=CARTESIAN_POINT('',(-15.264915105326,-1.0009138884882,3.5));
#11755=CARTESIAN_POINT('',(-14.8543296495606,-1.12574468889903,3.5));
#11756=CARTESIAN_POINT('',(-14.8543296495606,-1.12574468889903,9.5));
#11757=CARTESIAN_POINT('',(-14.8543296495606,-1.12574468889903,9.5));
#11758=CARTESIAN_POINT('',(-15.264915105326,-1.0009138884882,9.5));
#11759=CARTESIAN_POINT('',(-14.8543296495606,-1.12574468889903,9.5));
#11760=CARTESIAN_POINT('',(-14.8543296495606,-1.12574468889903,3.5));
#11761=CARTESIAN_POINT('',(-14.4454732154783,-1.21115373863085,3.5));
#11762=CARTESIAN_POINT('',(-14.4454732154783,-1.21115373863085,9.5));
#11763=CARTESIAN_POINT('',(-14.4454732154783,-1.21115373863085,9.5));
#11764=CARTESIAN_POINT('',(-14.8543296495606,-1.12574468889903,9.5));
#11765=CARTESIAN_POINT('',(-14.4454732154783,-1.21115373863085,9.5));
#11766=CARTESIAN_POINT('',(-14.4454732154783,-1.21115373863085,3.5));
#11767=CARTESIAN_POINT('',(-14.0407097483618,-1.24035060089584,3.5));
#11768=CARTESIAN_POINT('',(-14.0407097483618,-1.24035060089584,9.5));
#11769=CARTESIAN_POINT('',(-14.0407097483618,-1.24035060089584,9.5));
#11770=CARTESIAN_POINT('',(-14.4454732154783,-1.21115373863085,9.5));
#11771=CARTESIAN_POINT('',(-14.0407097483618,-1.24035060089584,9.5));
#11772=CARTESIAN_POINT('',(-14.0407097483618,-1.24035060089584,3.5));
#11773=CARTESIAN_POINT('',(-13.0740848209934,-1.15495934710669,3.5));
#11774=CARTESIAN_POINT('',(-13.0740848209934,-1.15495934710669,9.5));
#11775=CARTESIAN_POINT('',(-13.0740848209934,-1.15495934710669,9.5));
#11776=CARTESIAN_POINT('',(-14.0407097483618,-1.24035060089584,9.5));
#11777=CARTESIAN_POINT('',(-13.0740848209934,-1.15495934710669,9.5));
#11778=CARTESIAN_POINT('',(-13.0740848209934,-1.15495934710669,3.5));
#11779=CARTESIAN_POINT('',(-12.9634094703112,-2.05320235365302,3.5));
#11780=CARTESIAN_POINT('',(-12.9634094703112,-2.05320235365302,9.5));
#11781=CARTESIAN_POINT('',(-12.9634094703112,-2.05320235365302,9.5));
#11782=CARTESIAN_POINT('',(-13.0740848209934,-1.15495934710669,9.5));
#11783=CARTESIAN_POINT('',(-12.9634094703112,-2.05320235365302,9.5));
#11784=CARTESIAN_POINT('',(-12.9634094703112,-2.05320235365302,3.5));
#11785=CARTESIAN_POINT('',(-12.7910956296695,-2.94168278246469,3.5));
#11786=CARTESIAN_POINT('',(-12.7910956296695,-2.94168278246469,9.5));
#11787=CARTESIAN_POINT('',(-12.7910956296695,-2.94168278246469,9.5));
#11788=CARTESIAN_POINT('',(-12.9634094703112,-2.05320235365302,9.5));
#11789=CARTESIAN_POINT('',(-12.7910956296695,-2.94168278246469,9.5));
#11790=CARTESIAN_POINT('',(-12.7910956296695,-2.94168278246469,3.5));
#11791=CARTESIAN_POINT('',(-13.7367979142484,-3.15917440385718,3.5));
#11792=CARTESIAN_POINT('',(-13.7367979142484,-3.15917440385718,9.5));
#11793=CARTESIAN_POINT('',(-13.7367979142484,-3.15917440385718,9.5));
#11794=CARTESIAN_POINT('',(-12.7910956296695,-2.94168278246469,9.5));
#11795=CARTESIAN_POINT('',(-13.7367979142484,-3.15917440385718,9.5));
#11796=CARTESIAN_POINT('',(-13.7367979142484,-3.15917440385718,3.5));
#11797=CARTESIAN_POINT('',(-14.1127285205855,-3.3120210600108,3.5));
#11798=CARTESIAN_POINT('',(-14.1127285205855,-3.3120210600108,9.5));
#11799=CARTESIAN_POINT('',(-14.1127285205855,-3.3120210600108,9.5));
#11800=CARTESIAN_POINT('',(-13.7367979142484,-3.15917440385718,9.5));
#11801=CARTESIAN_POINT('',(-14.1127285205855,-3.3120210600108,9.5));
#11802=CARTESIAN_POINT('',(-14.1127285205855,-3.3120210600108,3.5));
#11803=CARTESIAN_POINT('',(-14.475181248608,-3.51959347969978,3.5));
#11804=CARTESIAN_POINT('',(-14.475181248608,-3.51959347969978,9.5));
#11805=CARTESIAN_POINT('',(-14.475181248608,-3.51959347969978,9.5));
#11806=CARTESIAN_POINT('',(-14.1127285205855,-3.3120210600108,9.5));
#11807=CARTESIAN_POINT('',(-14.475181248608,-3.51959347969978,9.5));
#11808=CARTESIAN_POINT('',(-14.475181248608,-3.51959347969978,3.5));
#11809=CARTESIAN_POINT('',(-14.8270963830613,-3.76519250933953,3.5));
#11810=CARTESIAN_POINT('',(-14.8270963830613,-3.76519250933953,9.5));
#11811=CARTESIAN_POINT('',(-14.8270963830613,-3.76519250933953,9.5));
#11812=CARTESIAN_POINT('',(-14.475181248608,-3.51959347969978,9.5));
#11813=CARTESIAN_POINT('',(-14.8270963830613,-3.76519250933953,9.5));
#11814=CARTESIAN_POINT('',(-14.8270963830613,-3.76519250933953,3.5));
#11815=CARTESIAN_POINT('',(-15.1688536082455,-4.04321951383477,3.5));
#11816=CARTESIAN_POINT('',(-15.1688536082455,-4.04321951383477,9.5));
#11817=CARTESIAN_POINT('',(-15.1688536082455,-4.04321951383477,9.5));
#11818=CARTESIAN_POINT('',(-14.8270963830613,-3.76519250933953,9.5));
#11819=CARTESIAN_POINT('',(-15.1688536082455,-4.04321951383477,9.5));
#11820=CARTESIAN_POINT('',(-15.1688536082455,-4.04321951383477,3.5));
#11821=CARTESIAN_POINT('',(-15.5002569215549,-4.35055076163558,3.5));
#11822=CARTESIAN_POINT('',(-15.5002569215549,-4.35055076163558,9.5));
#11823=CARTESIAN_POINT('',(-15.5002569215549,-4.35055076163558,9.5));
#11824=CARTESIAN_POINT('',(-15.1688536082455,-4.04321951383477,9.5));
#11825=CARTESIAN_POINT('',(-15.5002569215549,-4.35055076163558,9.5));
#11826=CARTESIAN_POINT('',(-15.5002569215549,-4.35055076163558,3.5));
#11827=CARTESIAN_POINT('',(-15.8208638459773,-4.68511122248418,3.5));
#11828=CARTESIAN_POINT('',(-15.8208638459773,-4.68511122248418,9.5));
#11829=CARTESIAN_POINT('',(-15.8208638459773,-4.68511122248418,9.5));
#11830=CARTESIAN_POINT('',(-15.5002569215549,-4.35055076163558,9.5));
#11831=CARTESIAN_POINT('',(-15.8208638459773,-4.68511122248418,9.5));
#11832=CARTESIAN_POINT('',(-15.8208638459773,-4.68511122248418,3.5));
#11833=CARTESIAN_POINT('',(-15.7364490628488,-4.96126706521276,3.5));
#11834=CARTESIAN_POINT('',(-15.7364490628488,-4.96126706521276,9.5));
#11835=CARTESIAN_POINT('',(-15.7364490628488,-4.96126706521276,9.5));
#11836=CARTESIAN_POINT('',(-15.8208638459773,-4.68511122248418,9.5));
#11837=CARTESIAN_POINT('',(-15.7364490628488,-4.96126706521276,9.5));
#11838=CARTESIAN_POINT('',(-15.7364490628488,-4.96126706521276,3.5));
#11839=CARTESIAN_POINT('',(-15.6472143365768,-5.23590331320439,3.5));
#11840=CARTESIAN_POINT('',(-15.6472143365768,-5.23590331320439,9.5));
#11841=CARTESIAN_POINT('',(-15.6472143365768,-5.23590331320439,9.5));
#11842=CARTESIAN_POINT('',(-15.7364490628488,-4.96126706521276,9.5));
#11843=CARTESIAN_POINT('',(-15.6472143365768,-5.23590331320439,9.5));
#11844=CARTESIAN_POINT('',(-15.6472143365768,-5.23590331320439,3.5));
#11845=CARTESIAN_POINT('',(-15.553186999014,-5.50893584766615,3.5));
#11846=CARTESIAN_POINT('',(-15.553186999014,-5.50893584766615,9.5));
#11847=CARTESIAN_POINT('',(-15.553186999014,-5.50893584766615,9.5));
#11848=CARTESIAN_POINT('',(-15.6472143365768,-5.23590331320439,9.5));
#11849=CARTESIAN_POINT('',(-15.553186999014,-5.50893584766615,9.5));
#11850=CARTESIAN_POINT('',(-15.553186999014,-5.50893584766615,3.5));
#11851=CARTESIAN_POINT('',(-15.097160843755,-5.59115292418021,3.5));
#11852=CARTESIAN_POINT('',(-15.097160843755,-5.59115292418021,9.5));
#11853=CARTESIAN_POINT('',(-15.097160843755,-5.59115292418021,9.5));
#11854=CARTESIAN_POINT('',(-15.553186999014,-5.50893584766615,9.5));
#11855=CARTESIAN_POINT('',(-15.097160843755,-5.59115292418021,9.5));
#11856=CARTESIAN_POINT('',(-15.097160843755,-5.59115292418021,3.5));
#11857=CARTESIAN_POINT('',(-14.6484051562696,-5.64499514642942,3.5));
#11858=CARTESIAN_POINT('',(-14.6484051562696,-5.64499514642942,9.5));
#11859=CARTESIAN_POINT('',(-14.6484051562696,-5.64499514642942,9.5));
#11860=CARTESIAN_POINT('',(-15.097160843755,-5.59115292418021,9.5));
#11861=CARTESIAN_POINT('',(-14.6484051562696,-5.64499514642942,9.5));
#11862=CARTESIAN_POINT('',(-14.6484051562696,-5.64499514642942,3.5));
#11863=CARTESIAN_POINT('',(-14.2084975801638,-5.66904386113358,3.5));
#11864=CARTESIAN_POINT('',(-14.2084975801638,-5.66904386113358,9.5));
#11865=CARTESIAN_POINT('',(-14.2084975801638,-5.66904386113358,9.5));
#11866=CARTESIAN_POINT('',(-14.6484051562696,-5.64499514642942,9.5));
#11867=CARTESIAN_POINT('',(-14.2084975801638,-5.66904386113358,9.5));
#11868=CARTESIAN_POINT('',(-14.2084975801638,-5.66904386113358,3.5));
#11869=CARTESIAN_POINT('',(-13.7794327682138,-5.66088712382395,3.5));
#11870=CARTESIAN_POINT('',(-13.7794327682138,-5.66088712382395,9.5));
#11871=CARTESIAN_POINT('',(-13.7794327682138,-5.66088712382395,9.5));
#11872=CARTESIAN_POINT('',(-14.2084975801638,-5.66904386113358,9.5));
#11873=CARTESIAN_POINT('',(-13.7794327682138,-5.66088712382395,9.5));
#11874=CARTESIAN_POINT('',(-13.7794327682138,-5.66088712382395,3.5));
#11875=CARTESIAN_POINT('',(-13.3641943445101,-5.61577237073103,3.5));
#11876=CARTESIAN_POINT('',(-13.3641943445101,-5.61577237073103,9.5));
#11877=CARTESIAN_POINT('',(-13.3641943445101,-5.61577237073103,9.5));
#11878=CARTESIAN_POINT('',(-13.7794327682138,-5.66088712382395,9.5));
#11879=CARTESIAN_POINT('',(-13.3641943445101,-5.61577237073103,9.5));
#11880=CARTESIAN_POINT('',(-13.3641943445101,-5.61577237073103,3.5));
#11881=CARTESIAN_POINT('',(-12.9702190849284,-5.51846144680239,3.5));
#11882=CARTESIAN_POINT('',(-12.9702190849284,-5.51846144680239,9.5));
#11883=CARTESIAN_POINT('',(-12.9702190849284,-5.51846144680239,9.5));
#11884=CARTESIAN_POINT('',(-13.3641943445101,-5.61577237073103,9.5));
#11885=CARTESIAN_POINT('',(-12.9702190849284,-5.51846144680239,9.5));
#11886=CARTESIAN_POINT('',(-12.9702190849284,-5.51846144680239,3.5));
#11887=CARTESIAN_POINT('',(-12.0772914975332,-5.13854600870832,3.5));
#11888=CARTESIAN_POINT('',(-12.0772914975332,-5.13854600870832,9.5));
#11889=CARTESIAN_POINT('',(-12.0772914975332,-5.13854600870832,9.5));
#11890=CARTESIAN_POINT('',(-12.9702190849284,-5.51846144680239,9.5));
#11891=CARTESIAN_POINT('',(-12.0772914975332,-5.13854600870832,9.5));
#11892=CARTESIAN_POINT('',(-12.0772914975332,-5.13854600870832,3.5));
#11893=CARTESIAN_POINT('',(-11.6944606299723,-5.95862530908155,3.5));
#11894=CARTESIAN_POINT('',(-11.6944606299723,-5.95862530908155,9.5));
#11895=CARTESIAN_POINT('',(-11.6944606299723,-5.95862530908155,9.5));
#11896=CARTESIAN_POINT('',(-12.0772914975332,-5.13854600870832,9.5));
#11897=CARTESIAN_POINT('',(-11.6944606299723,-5.95862530908155,9.5));
#11898=CARTESIAN_POINT('',(-11.6944606299723,-5.95862530908155,3.5));
#11899=CARTESIAN_POINT('',(-11.2560248773099,-6.75037250537931,3.5));
#11900=CARTESIAN_POINT('',(-11.2560248773099,-6.75037250537931,9.5));
#11901=CARTESIAN_POINT('',(-11.2560248773099,-6.75037250537931,9.5));
#11902=CARTESIAN_POINT('',(-11.6944606299723,-5.95862530908155,9.5));
#11903=CARTESIAN_POINT('',(-11.2560248773099,-6.75037250537931,9.5));
#11904=CARTESIAN_POINT('',(-11.2560248773099,-6.75037250537931,3.5));
#11905=CARTESIAN_POINT('',(-12.0882325903894,-7.24945740669831,3.5));
#11906=CARTESIAN_POINT('',(-12.0882325903894,-7.24945740669831,9.5));
#11907=CARTESIAN_POINT('',(-12.0882325903894,-7.24945740669831,9.5));
#11908=CARTESIAN_POINT('',(-11.2560248773099,-6.75037250537931,9.5));
#11909=CARTESIAN_POINT('',(-12.0882325903894,-7.24945740669831,9.5));
#11910=CARTESIAN_POINT('',(-12.0882325903894,-7.24945740669831,3.5));
#11911=CARTESIAN_POINT('',(-12.3985316289362,-7.51099216109098,3.5));
#11912=CARTESIAN_POINT('',(-12.3985316289362,-7.51099216109098,9.5));
#11913=CARTESIAN_POINT('',(-12.3985316289362,-7.51099216109098,9.5));
#11914=CARTESIAN_POINT('',(-12.0882325903894,-7.24945740669831,9.5));
#11915=CARTESIAN_POINT('',(-12.3985316289362,-7.51099216109098,9.5));
#11916=CARTESIAN_POINT('',(-12.3985316289362,-7.51099216109098,3.5));
#11917=CARTESIAN_POINT('',(-12.6791012525236,-7.82040931605587,3.5));
#11918=CARTESIAN_POINT('',(-12.6791012525236,-7.82040931605587,9.5));
#11919=CARTESIAN_POINT('',(-12.6791012525236,-7.82040931605587,9.5));
#11920=CARTESIAN_POINT('',(-12.3985316289362,-7.51099216109098,9.5));
#11921=CARTESIAN_POINT('',(-12.6791012525236,-7.82040931605587,9.5));
#11922=CARTESIAN_POINT('',(-12.6791012525236,-7.82040931605587,3.5));
#11923=CARTESIAN_POINT('',(-12.9378981603676,-8.16273563071434,3.5));
#11924=CARTESIAN_POINT('',(-12.9378981603676,-8.16273563071434,9.5));
#11925=CARTESIAN_POINT('',(-12.9378981603676,-8.16273563071434,9.5));
#11926=CARTESIAN_POINT('',(-12.6791012525236,-7.82040931605587,9.5));
#11927=CARTESIAN_POINT('',(-12.9378981603676,-8.16273563071434,9.5));
#11928=CARTESIAN_POINT('',(-12.9378981603676,-8.16273563071434,3.5));
#11929=CARTESIAN_POINT('',(-13.1770135270858,-8.53276381557789,3.5));
#11930=CARTESIAN_POINT('',(-13.1770135270858,-8.53276381557789,9.5));
#11931=CARTESIAN_POINT('',(-13.1770135270858,-8.53276381557789,9.5));
#11932=CARTESIAN_POINT('',(-12.9378981603676,-8.16273563071434,9.5));
#11933=CARTESIAN_POINT('',(-13.1770135270858,-8.53276381557789,9.5));
#11934=CARTESIAN_POINT('',(-13.1770135270858,-8.53276381557789,3.5));
#11935=CARTESIAN_POINT('',(-13.3972262292576,-8.92746245726474,3.5));
#11936=CARTESIAN_POINT('',(-13.3972262292576,-8.92746245726474,9.5));
#11937=CARTESIAN_POINT('',(-13.3972262292576,-8.92746245726474,9.5));
#11938=CARTESIAN_POINT('',(-13.1770135270858,-8.53276381557789,9.5));
#11939=CARTESIAN_POINT('',(-13.3972262292576,-8.92746245726474,9.5));
#11940=CARTESIAN_POINT('',(-13.3972262292576,-8.92746245726474,3.5));
#11941=CARTESIAN_POINT('',(-13.5987566658507,-9.34472135181033,3.5));
#11942=CARTESIAN_POINT('',(-13.5987566658507,-9.34472135181033,9.5));
#11943=CARTESIAN_POINT('',(-13.5987566658507,-9.34472135181033,9.5));
#11944=CARTESIAN_POINT('',(-13.3972262292576,-8.92746245726474,9.5));
#11945=CARTESIAN_POINT('',(-13.5987566658507,-9.34472135181033,9.5));
#11946=CARTESIAN_POINT('',(-13.5987566658507,-9.34472135181033,3.5));
#11947=CARTESIAN_POINT('',(-13.4331365877857,-9.58127556298713,3.5));
#11948=CARTESIAN_POINT('',(-13.4331365877857,-9.58127556298713,9.5));
#11949=CARTESIAN_POINT('',(-13.4331365877857,-9.58127556298713,9.5));
#11950=CARTESIAN_POINT('',(-13.5987566658507,-9.34472135181033,9.5));
#11951=CARTESIAN_POINT('',(-13.4331365877857,-9.58127556298713,9.5));
#11952=CARTESIAN_POINT('',(-13.4331365877857,-9.58127556298713,3.5));
#11953=CARTESIAN_POINT('',(-13.2634020519841,-9.81489510934398,3.5));
#11954=CARTESIAN_POINT('',(-13.2634020519841,-9.81489510934398,9.5));
#11955=CARTESIAN_POINT('',(-13.2634020519841,-9.81489510934398,9.5));
#11956=CARTESIAN_POINT('',(-13.4331365877857,-9.58127556298713,9.5));
#11957=CARTESIAN_POINT('',(-13.2634020519841,-9.81489510934398,9.5));
#11958=CARTESIAN_POINT('',(-13.2634020519841,-9.81489510934398,3.5));
#11959=CARTESIAN_POINT('',(-13.0896050467191,-10.0455084351617,3.5));
#11960=CARTESIAN_POINT('',(-13.0896050467191,-10.0455084351617,9.5));
#11961=CARTESIAN_POINT('',(-13.0896050467191,-10.0455084351617,9.5));
#11962=CARTESIAN_POINT('',(-13.2634020519841,-9.81489510934398,9.5));
#11963=CARTESIAN_POINT('',(-13.0896050467191,-10.0455084351617,9.5));
#11964=CARTESIAN_POINT('',(-13.0896050467191,-10.0455084351617,3.5));
#11965=CARTESIAN_POINT('',(-12.6304919262884,-9.98278168967661,3.5));
#11966=CARTESIAN_POINT('',(-12.6304919262884,-9.98278168967661,9.5));
#11967=CARTESIAN_POINT('',(-12.6304919262884,-9.98278168967661,9.5));
#11968=CARTESIAN_POINT('',(-13.0896050467191,-10.0455084351617,9.5));
#11969=CARTESIAN_POINT('',(-12.6304919262884,-9.98278168967661,9.5));
#11970=CARTESIAN_POINT('',(-12.6304919262884,-9.98278168967661,3.5));
#11971=CARTESIAN_POINT('',(-12.1870617437909,-9.89531555224313,3.5));
#11972=CARTESIAN_POINT('',(-12.1870617437909,-9.89531555224313,9.5));
#11973=CARTESIAN_POINT('',(-12.1870617437909,-9.89531555224313,9.5));
#11974=CARTESIAN_POINT('',(-12.6304919262884,-9.98278168967661,9.5));
#11975=CARTESIAN_POINT('',(-12.1870617437909,-9.89531555224313,9.5));
#11976=CARTESIAN_POINT('',(-12.1870617437909,-9.89531555224313,3.5));
#11977=CARTESIAN_POINT('',(-11.7612533154315,-9.78224832210007,3.5));
#11978=CARTESIAN_POINT('',(-11.7612533154315,-9.78224832210007,9.5));
#11979=CARTESIAN_POINT('',(-11.7612533154315,-9.78224832210007,9.5));
#11980=CARTESIAN_POINT('',(-12.1870617437909,-9.89531555224313,9.5));
#11981=CARTESIAN_POINT('',(-11.7612533154315,-9.78224832210007,9.5));
#11982=CARTESIAN_POINT('',(-11.7612533154315,-9.78224832210007,3.5));
#11983=CARTESIAN_POINT('',(-11.3557090005607,-9.64190248534918,3.5));
#11984=CARTESIAN_POINT('',(-11.3557090005607,-9.64190248534918,9.5));
#11985=CARTESIAN_POINT('',(-11.3557090005607,-9.64190248534918,9.5));
#11986=CARTESIAN_POINT('',(-11.7612533154315,-9.78224832210007,9.5));
#11987=CARTESIAN_POINT('',(-11.3557090005607,-9.64190248534918,9.5));
#11988=CARTESIAN_POINT('',(-11.3557090005607,-9.64190248534918,3.5));
#11989=CARTESIAN_POINT('',(-10.974735017284,-9.47068007579721,3.5));
#11990=CARTESIAN_POINT('',(-10.974735017284,-9.47068007579721,9.5));
#11991=CARTESIAN_POINT('',(-10.974735017284,-9.47068007579721,9.5));
#11992=CARTESIAN_POINT('',(-11.3557090005607,-9.64190248534918,9.5));
#11993=CARTESIAN_POINT('',(-10.974735017284,-9.47068007579721,9.5));
#11994=CARTESIAN_POINT('',(-10.974735017284,-9.47068007579721,3.5));
#11995=CARTESIAN_POINT('',(-10.630113008632,-9.25638683691415,3.5));
#11996=CARTESIAN_POINT('',(-10.630113008632,-9.25638683691415,9.5));
#11997=CARTESIAN_POINT('',(-10.630113008632,-9.25638683691415,9.5));
#11998=CARTESIAN_POINT('',(-10.974735017284,-9.47068007579721,9.5));
#11999=CARTESIAN_POINT('',(-10.630113008632,-9.25638683691415,9.5));
#12000=CARTESIAN_POINT('',(-10.630113008632,-9.25638683691415,3.5));
#12001=CARTESIAN_POINT('',(-9.89828873485658,-8.61913598462232,3.5));
#12002=CARTESIAN_POINT('',(-9.89828873485658,-8.61913598462232,9.5));
#12003=CARTESIAN_POINT('',(-9.89828873485658,-8.61913598462232,9.5));
#12004=CARTESIAN_POINT('',(-10.630113008632,-9.25638683691415,9.5));
#12005=CARTESIAN_POINT('',(-9.89828873485658,-8.61913598462232,9.5));
#12006=CARTESIAN_POINT('',(-9.89828873485658,-8.61913598462232,3.5));
#12007=CARTESIAN_POINT('',(-9.28077650307344,-9.28077650307343,3.5));
#12008=CARTESIAN_POINT('',(-9.28077650307344,-9.28077650307343,9.5));
#12009=CARTESIAN_POINT('',(-9.28077650307344,-9.28077650307343,9.5));
#12010=CARTESIAN_POINT('',(-9.89828873485658,-8.61913598462232,9.5));
#12011=CARTESIAN_POINT('',(-9.28077650307344,-9.28077650307343,9.5));
#12012=CARTESIAN_POINT('',(-9.28077650307344,-9.28077650307343,3.5));
#12013=CARTESIAN_POINT('',(-8.61913598462232,-9.89828873485657,3.5));
#12014=CARTESIAN_POINT('',(-8.61913598462232,-9.89828873485657,9.5));
#12015=CARTESIAN_POINT('',(-8.61913598462232,-9.89828873485657,9.5));
#12016=CARTESIAN_POINT('',(-9.28077650307344,-9.28077650307343,9.5));
#12017=CARTESIAN_POINT('',(-8.61913598462232,-9.89828873485657,9.5));
#12018=CARTESIAN_POINT('',(-8.61913598462232,-9.89828873485657,3.5));
#12019=CARTESIAN_POINT('',(-9.25638683691415,-10.630113008632,3.5));
#12020=CARTESIAN_POINT('',(-9.25638683691415,-10.630113008632,9.5));
#12021=CARTESIAN_POINT('',(-9.25638683691415,-10.630113008632,9.5));
#12022=CARTESIAN_POINT('',(-8.61913598462232,-9.89828873485657,9.5));
#12023=CARTESIAN_POINT('',(-9.25638683691415,-10.630113008632,9.5));
#12024=CARTESIAN_POINT('',(-9.25638683691415,-10.630113008632,3.5));
#12025=CARTESIAN_POINT('',(-9.47068007579721,-10.974735017284,3.5));
#12026=CARTESIAN_POINT('',(-9.47068007579721,-10.974735017284,9.5));
#12027=CARTESIAN_POINT('',(-9.47068007579721,-10.974735017284,9.5));
#12028=CARTESIAN_POINT('',(-9.25638683691415,-10.630113008632,9.5));
#12029=CARTESIAN_POINT('',(-9.47068007579721,-10.974735017284,9.5));
#12030=CARTESIAN_POINT('',(-9.47068007579721,-10.974735017284,3.5));
#12031=CARTESIAN_POINT('',(-9.64190248534919,-11.3557090005607,3.5));
#12032=CARTESIAN_POINT('',(-9.64190248534919,-11.3557090005607,9.5));
#12033=CARTESIAN_POINT('',(-9.64190248534919,-11.3557090005607,9.5));
#12034=CARTESIAN_POINT('',(-9.47068007579721,-10.974735017284,9.5));
#12035=CARTESIAN_POINT('',(-9.64190248534919,-11.3557090005607,9.5));
#12036=CARTESIAN_POINT('',(-9.64190248534919,-11.3557090005607,3.5));
#12037=CARTESIAN_POINT('',(-9.78224832210008,-11.7612533154315,3.5));
#12038=CARTESIAN_POINT('',(-9.78224832210008,-11.7612533154315,9.5));
#12039=CARTESIAN_POINT('',(-9.78224832210008,-11.7612533154315,9.5));
#12040=CARTESIAN_POINT('',(-9.64190248534919,-11.3557090005607,9.5));
#12041=CARTESIAN_POINT('',(-9.78224832210008,-11.7612533154315,9.5));
#12042=CARTESIAN_POINT('',(-9.78224832210008,-11.7612533154315,3.5));
#12043=CARTESIAN_POINT('',(-9.89531555224313,-12.1870617437909,3.5));
#12044=CARTESIAN_POINT('',(-9.89531555224313,-12.1870617437909,9.5));
#12045=CARTESIAN_POINT('',(-9.89531555224313,-12.1870617437909,9.5));
#12046=CARTESIAN_POINT('',(-9.78224832210008,-11.7612533154315,9.5));
#12047=CARTESIAN_POINT('',(-9.89531555224313,-12.1870617437909,9.5));
#12048=CARTESIAN_POINT('',(-9.89531555224313,-12.1870617437909,3.5));
#12049=CARTESIAN_POINT('',(-9.98278168967662,-12.6304919262884,3.5));
#12050=CARTESIAN_POINT('',(-9.98278168967662,-12.6304919262884,9.5));
#12051=CARTESIAN_POINT('',(-9.98278168967662,-12.6304919262884,9.5));
#12052=CARTESIAN_POINT('',(-9.89531555224313,-12.1870617437909,9.5));
#12053=CARTESIAN_POINT('',(-9.98278168967662,-12.6304919262884,9.5));
#12054=CARTESIAN_POINT('',(-9.98278168967662,-12.6304919262884,3.5));
#12055=CARTESIAN_POINT('',(-10.0455084351617,-13.0896050467192,3.5));
#12056=CARTESIAN_POINT('',(-10.0455084351617,-13.0896050467192,9.5));
#12057=CARTESIAN_POINT('',(-10.0455084351617,-13.0896050467192,9.5));
#12058=CARTESIAN_POINT('',(-9.98278168967662,-12.6304919262884,9.5));
#12059=CARTESIAN_POINT('',(-10.0455084351617,-13.0896050467192,9.5));
#12060=CARTESIAN_POINT('',(-10.0455084351617,-13.0896050467192,3.5));
#12061=CARTESIAN_POINT('',(-9.81489510934398,-13.2634020519841,3.5));
#12062=CARTESIAN_POINT('',(-9.81489510934398,-13.2634020519841,9.5));
#12063=CARTESIAN_POINT('',(-9.81489510934398,-13.2634020519841,9.5));
#12064=CARTESIAN_POINT('',(-10.0455084351617,-13.0896050467192,9.5));
#12065=CARTESIAN_POINT('',(-9.81489510934398,-13.2634020519841,9.5));
#12066=CARTESIAN_POINT('',(-9.81489510934398,-13.2634020519841,3.5));
#12067=CARTESIAN_POINT('',(-9.58127556298712,-13.4331365877857,3.5));
#12068=CARTESIAN_POINT('',(-9.58127556298712,-13.4331365877857,9.5));
#12069=CARTESIAN_POINT('',(-9.58127556298712,-13.4331365877857,9.5));
#12070=CARTESIAN_POINT('',(-9.81489510934398,-13.2634020519841,9.5));
#12071=CARTESIAN_POINT('',(-9.58127556298712,-13.4331365877857,9.5));
#12072=CARTESIAN_POINT('',(-9.58127556298712,-13.4331365877857,3.5));
#12073=CARTESIAN_POINT('',(-9.34472135181033,-13.5987566658507,3.5));
#12074=CARTESIAN_POINT('',(-9.34472135181033,-13.5987566658507,9.5));
#12075=CARTESIAN_POINT('',(-9.34472135181033,-13.5987566658507,9.5));
#12076=CARTESIAN_POINT('',(-9.58127556298712,-13.4331365877857,9.5));
#12077=CARTESIAN_POINT('',(-9.34472135181033,-13.5987566658507,9.5));
#12078=CARTESIAN_POINT('',(-9.34472135181033,-13.5987566658507,3.5));
#12079=CARTESIAN_POINT('',(-8.92746245726474,-13.3972262292576,3.5));
#12080=CARTESIAN_POINT('',(-8.92746245726474,-13.3972262292576,9.5));
#12081=CARTESIAN_POINT('',(-8.92746245726474,-13.3972262292576,9.5));
#12082=CARTESIAN_POINT('',(-9.34472135181033,-13.5987566658507,9.5));
#12083=CARTESIAN_POINT('',(-8.92746245726474,-13.3972262292576,9.5));
#12084=CARTESIAN_POINT('',(-8.92746245726474,-13.3972262292576,3.5));
#12085=CARTESIAN_POINT('',(-8.5327638155779,-13.1770135270858,3.5));
#12086=CARTESIAN_POINT('',(-8.5327638155779,-13.1770135270858,9.5));
#12087=CARTESIAN_POINT('',(-8.5327638155779,-13.1770135270858,9.5));
#12088=CARTESIAN_POINT('',(-8.92746245726474,-13.3972262292576,9.5));
#12089=CARTESIAN_POINT('',(-8.5327638155779,-13.1770135270858,9.5));
#12090=CARTESIAN_POINT('',(-8.5327638155779,-13.1770135270858,3.5));
#12091=CARTESIAN_POINT('',(-8.16273563071434,-12.9378981603676,3.5));
#12092=CARTESIAN_POINT('',(-8.16273563071434,-12.9378981603676,9.5));
#12093=CARTESIAN_POINT('',(-8.16273563071434,-12.9378981603676,9.5));
#12094=CARTESIAN_POINT('',(-8.5327638155779,-13.1770135270858,9.5));
#12095=CARTESIAN_POINT('',(-8.16273563071434,-12.9378981603676,9.5));
#12096=CARTESIAN_POINT('',(-8.16273563071434,-12.9378981603676,3.5));
#12097=CARTESIAN_POINT('',(-7.82040931605587,-12.6791012525236,3.5));
#12098=CARTESIAN_POINT('',(-7.82040931605587,-12.6791012525236,9.5));
#12099=CARTESIAN_POINT('',(-7.82040931605587,-12.6791012525236,9.5));
#12100=CARTESIAN_POINT('',(-8.16273563071434,-12.9378981603676,9.5));
#12101=CARTESIAN_POINT('',(-7.82040931605587,-12.6791012525236,9.5));
#12102=CARTESIAN_POINT('',(-7.82040931605587,-12.6791012525236,3.5));
#12103=CARTESIAN_POINT('',(-7.51099216109098,-12.3985316289362,3.5));
#12104=CARTESIAN_POINT('',(-7.51099216109098,-12.3985316289362,9.5));
#12105=CARTESIAN_POINT('',(-7.51099216109098,-12.3985316289362,9.5));
#12106=CARTESIAN_POINT('',(-7.82040931605587,-12.6791012525236,9.5));
#12107=CARTESIAN_POINT('',(-7.51099216109098,-12.3985316289362,9.5));
#12108=CARTESIAN_POINT('',(-7.51099216109098,-12.3985316289362,3.5));
#12109=CARTESIAN_POINT('',(-7.24945740669832,-12.0882325903894,3.5));
#12110=CARTESIAN_POINT('',(-7.24945740669832,-12.0882325903894,9.5));
#12111=CARTESIAN_POINT('',(-7.24945740669832,-12.0882325903894,9.5));
#12112=CARTESIAN_POINT('',(-7.51099216109098,-12.3985316289362,9.5));
#12113=CARTESIAN_POINT('',(-7.24945740669832,-12.0882325903894,9.5));
#12114=CARTESIAN_POINT('',(-7.24945740669832,-12.0882325903894,3.5));
#12115=CARTESIAN_POINT('',(-6.75037250537932,-11.2560248773099,3.5));
#12116=CARTESIAN_POINT('',(-6.75037250537932,-11.2560248773099,9.5));
#12117=CARTESIAN_POINT('',(-6.75037250537932,-11.2560248773099,9.5));
#12118=CARTESIAN_POINT('',(-7.24945740669832,-12.0882325903894,9.5));
#12119=CARTESIAN_POINT('',(-6.75037250537932,-11.2560248773099,9.5));
#12120=CARTESIAN_POINT('',(-6.75037250537932,-11.2560248773099,3.5));
#12121=CARTESIAN_POINT('',(-5.95862530908155,-11.6944606299723,3.5));
#12122=CARTESIAN_POINT('',(-5.95862530908155,-11.6944606299723,9.5));
#12123=CARTESIAN_POINT('',(-5.95862530908155,-11.6944606299723,9.5));
#12124=CARTESIAN_POINT('',(-6.75037250537932,-11.2560248773099,9.5));
#12125=CARTESIAN_POINT('',(-5.95862530908155,-11.6944606299723,9.5));
#12126=CARTESIAN_POINT('',(-5.95862530908155,-11.6944606299723,3.5));
#12127=CARTESIAN_POINT('',(-5.13854600870832,-12.0772914975332,3.5));
#12128=CARTESIAN_POINT('',(-5.13854600870832,-12.0772914975332,9.5));
#12129=CARTESIAN_POINT('',(-5.13854600870832,-12.0772914975332,9.5));
#12130=CARTESIAN_POINT('',(-5.95862530908155,-11.6944606299723,9.5));
#12131=CARTESIAN_POINT('',(-5.13854600870832,-12.0772914975332,9.5));
#12132=CARTESIAN_POINT('',(-5.13854600870832,-12.0772914975332,3.5));
#12133=CARTESIAN_POINT('',(-5.51846144680239,-12.9702190849284,3.5));
#12134=CARTESIAN_POINT('',(-5.51846144680239,-12.9702190849284,9.5));
#12135=CARTESIAN_POINT('',(-5.51846144680239,-12.9702190849284,9.5));
#12136=CARTESIAN_POINT('',(-5.13854600870832,-12.0772914975332,9.5));
#12137=CARTESIAN_POINT('',(-5.51846144680239,-12.9702190849284,9.5));
#12138=CARTESIAN_POINT('',(-5.51846144680239,-12.9702190849284,3.5));
#12139=CARTESIAN_POINT('',(-5.61577237073104,-13.3641943445101,3.5));
#12140=CARTESIAN_POINT('',(-5.61577237073104,-13.3641943445101,9.5));
#12141=CARTESIAN_POINT('',(-5.61577237073104,-13.3641943445101,9.5));
#12142=CARTESIAN_POINT('',(-5.51846144680239,-12.9702190849284,9.5));
#12143=CARTESIAN_POINT('',(-5.61577237073104,-13.3641943445101,9.5));
#12144=CARTESIAN_POINT('',(-5.61577237073104,-13.3641943445101,3.5));
#12145=CARTESIAN_POINT('',(-5.66088712382397,-13.7794327682137,3.5));
#12146=CARTESIAN_POINT('',(-5.66088712382397,-13.7794327682137,9.5));
#12147=CARTESIAN_POINT('',(-5.66088712382397,-13.7794327682137,9.5));
#12148=CARTESIAN_POINT('',(-5.61577237073104,-13.3641943445101,9.5));
#12149=CARTESIAN_POINT('',(-5.66088712382397,-13.7794327682137,9.5));
#12150=CARTESIAN_POINT('',(-5.66088712382397,-13.7794327682137,3.5));
#12151=CARTESIAN_POINT('',(-5.66904386113359,-14.2084975801638,3.5));
#12152=CARTESIAN_POINT('',(-5.66904386113359,-14.2084975801638,9.5));
#12153=CARTESIAN_POINT('',(-5.66904386113359,-14.2084975801638,9.5));
#12154=CARTESIAN_POINT('',(-5.66088712382397,-13.7794327682137,9.5));
#12155=CARTESIAN_POINT('',(-5.66904386113359,-14.2084975801638,9.5));
#12156=CARTESIAN_POINT('',(-5.66904386113359,-14.2084975801638,3.5));
#12157=CARTESIAN_POINT('',(-5.64499514642943,-14.6484051562696,3.5));
#12158=CARTESIAN_POINT('',(-5.64499514642943,-14.6484051562696,9.5));
#12159=CARTESIAN_POINT('',(-5.64499514642943,-14.6484051562696,9.5));
#12160=CARTESIAN_POINT('',(-5.66904386113359,-14.2084975801638,9.5));
#12161=CARTESIAN_POINT('',(-5.64499514642943,-14.6484051562696,9.5));
#12162=CARTESIAN_POINT('',(-5.64499514642943,-14.6484051562696,3.5));
#12163=CARTESIAN_POINT('',(-5.59115292418022,-15.097160843755,3.5));
#12164=CARTESIAN_POINT('',(-5.59115292418022,-15.097160843755,9.5));
#12165=CARTESIAN_POINT('',(-5.59115292418022,-15.097160843755,9.5));
#12166=CARTESIAN_POINT('',(-5.64499514642943,-14.6484051562696,9.5));
#12167=CARTESIAN_POINT('',(-5.59115292418022,-15.097160843755,9.5));
#12168=CARTESIAN_POINT('',(-5.59115292418022,-15.097160843755,3.5));
#12169=CARTESIAN_POINT('',(-5.50893584766616,-15.553186999014,3.5));
#12170=CARTESIAN_POINT('',(-5.50893584766616,-15.553186999014,9.5));
#12171=CARTESIAN_POINT('',(-5.50893584766616,-15.553186999014,9.5));
#12172=CARTESIAN_POINT('',(-5.59115292418022,-15.097160843755,9.5));
#12173=CARTESIAN_POINT('',(-5.50893584766616,-15.553186999014,9.5));
#12174=CARTESIAN_POINT('',(-5.50893584766616,-15.553186999014,3.5));
#12175=CARTESIAN_POINT('',(-5.23590331320439,-15.6472143365768,3.5));
#12176=CARTESIAN_POINT('',(-5.23590331320439,-15.6472143365768,9.5));
#12177=CARTESIAN_POINT('',(-5.23590331320439,-15.6472143365768,9.5));
#12178=CARTESIAN_POINT('',(-5.50893584766616,-15.553186999014,9.5));
#12179=CARTESIAN_POINT('',(-5.23590331320439,-15.6472143365768,9.5));
#12180=CARTESIAN_POINT('',(-5.23590331320439,-15.6472143365768,3.5));
#12181=CARTESIAN_POINT('',(-4.96126706521275,-15.7364490628488,3.5));
#12182=CARTESIAN_POINT('',(-4.96126706521275,-15.7364490628488,9.5));
#12183=CARTESIAN_POINT('',(-4.96126706521275,-15.7364490628488,9.5));
#12184=CARTESIAN_POINT('',(-5.23590331320439,-15.6472143365768,9.5));
#12185=CARTESIAN_POINT('',(-4.96126706521275,-15.7364490628488,9.5));
#12186=CARTESIAN_POINT('',(-4.96126706521275,-15.7364490628488,3.5));
#12187=CARTESIAN_POINT('',(-4.6851112224842,-15.8208638459773,3.5));
#12188=CARTESIAN_POINT('',(-4.6851112224842,-15.8208638459773,9.5));
#12189=CARTESIAN_POINT('',(-4.6851112224842,-15.8208638459773,9.5));
#12190=CARTESIAN_POINT('',(-4.96126706521275,-15.7364490628488,9.5));
#12191=CARTESIAN_POINT('',(-4.6851112224842,-15.8208638459773,9.5));
#12192=CARTESIAN_POINT('',(-4.6851112224842,-15.8208638459773,3.5));
#12193=CARTESIAN_POINT('',(-4.3505507616356,-15.5002569215549,3.5));
#12194=CARTESIAN_POINT('',(-4.3505507616356,-15.5002569215549,9.5));
#12195=CARTESIAN_POINT('',(-4.3505507616356,-15.5002569215549,9.5));
#12196=CARTESIAN_POINT('',(-4.6851112224842,-15.8208638459773,9.5));
#12197=CARTESIAN_POINT('',(-4.3505507616356,-15.5002569215549,9.5));
#12198=CARTESIAN_POINT('',(-4.3505507616356,-15.5002569215549,3.5));
#12199=CARTESIAN_POINT('',(-4.04321951383478,-15.1688536082455,3.5));
#12200=CARTESIAN_POINT('',(-4.04321951383478,-15.1688536082455,9.5));
#12201=CARTESIAN_POINT('',(-4.04321951383478,-15.1688536082455,9.5));
#12202=CARTESIAN_POINT('',(-4.3505507616356,-15.5002569215549,9.5));
#12203=CARTESIAN_POINT('',(-4.04321951383478,-15.1688536082455,9.5));
#12204=CARTESIAN_POINT('',(-4.04321951383478,-15.1688536082455,3.5));
#12205=CARTESIAN_POINT('',(-3.76519250933954,-14.8270963830613,3.5));
#12206=CARTESIAN_POINT('',(-3.76519250933954,-14.8270963830613,9.5));
#12207=CARTESIAN_POINT('',(-3.76519250933954,-14.8270963830613,9.5));
#12208=CARTESIAN_POINT('',(-4.04321951383478,-15.1688536082455,9.5));
#12209=CARTESIAN_POINT('',(-3.76519250933954,-14.8270963830613,9.5));
#12210=CARTESIAN_POINT('',(-3.76519250933954,-14.8270963830613,3.5));
#12211=CARTESIAN_POINT('',(-3.51959347969979,-14.475181248608,3.5));
#12212=CARTESIAN_POINT('',(-3.51959347969979,-14.475181248608,9.5));
#12213=CARTESIAN_POINT('',(-3.51959347969979,-14.475181248608,9.5));
#12214=CARTESIAN_POINT('',(-3.76519250933954,-14.8270963830613,9.5));
#12215=CARTESIAN_POINT('',(-3.51959347969979,-14.475181248608,9.5));
#12216=CARTESIAN_POINT('',(-3.51959347969979,-14.475181248608,3.5));
#12217=CARTESIAN_POINT('',(-3.31202106001081,-14.1127285205855,3.5));
#12218=CARTESIAN_POINT('',(-3.31202106001081,-14.1127285205855,9.5));
#12219=CARTESIAN_POINT('',(-3.31202106001081,-14.1127285205855,9.5));
#12220=CARTESIAN_POINT('',(-3.51959347969979,-14.475181248608,9.5));
#12221=CARTESIAN_POINT('',(-3.31202106001081,-14.1127285205855,9.5));
#12222=CARTESIAN_POINT('',(-3.31202106001081,-14.1127285205855,3.5));
#12223=CARTESIAN_POINT('',(-3.1591744038572,-13.7367979142484,3.5));
#12224=CARTESIAN_POINT('',(-3.1591744038572,-13.7367979142484,9.5));
#12225=CARTESIAN_POINT('',(-3.1591744038572,-13.7367979142484,9.5));
#12226=CARTESIAN_POINT('',(-3.31202106001081,-14.1127285205855,9.5));
#12227=CARTESIAN_POINT('',(-3.1591744038572,-13.7367979142484,9.5));
#12228=CARTESIAN_POINT('',(-3.1591744038572,-13.7367979142484,3.5));
#12229=CARTESIAN_POINT('',(-2.94168278246471,-12.7910956296695,3.5));
#12230=CARTESIAN_POINT('',(-2.94168278246471,-12.7910956296695,9.5));
#12231=CARTESIAN_POINT('',(-2.94168278246471,-12.7910956296695,9.5));
#12232=CARTESIAN_POINT('',(-3.1591744038572,-13.7367979142484,9.5));
#12233=CARTESIAN_POINT('',(-2.94168278246471,-12.7910956296695,9.5));
#12234=CARTESIAN_POINT('',(-2.94168278246471,-12.7910956296695,3.5));
#12235=CARTESIAN_POINT('',(-2.05320235365303,-12.9634094703112,3.5));
#12236=CARTESIAN_POINT('',(-2.05320235365303,-12.9634094703112,9.5));
#12237=CARTESIAN_POINT('',(-2.05320235365303,-12.9634094703112,9.5));
#12238=CARTESIAN_POINT('',(-2.94168278246471,-12.7910956296695,9.5));
#12239=CARTESIAN_POINT('',(-2.05320235365303,-12.9634094703112,9.5));
#12240=CARTESIAN_POINT('',(-2.05320235365303,-12.9634094703112,3.5));
#12241=CARTESIAN_POINT('',(-1.15495934710668,-13.0740848209934,3.5));
#12242=CARTESIAN_POINT('',(-1.15495934710668,-13.0740848209934,9.5));
#12243=CARTESIAN_POINT('',(-1.15495934710668,-13.0740848209934,9.5));
#12244=CARTESIAN_POINT('',(-2.05320235365303,-12.9634094703112,9.5));
#12245=CARTESIAN_POINT('',(-1.15495934710668,-13.0740848209934,9.5));
#12246=CARTESIAN_POINT('',(-1.15495934710668,-13.0740848209934,3.5));
#12247=CARTESIAN_POINT('',(-1.24035060089584,-14.0407097483618,3.5));
#12248=CARTESIAN_POINT('',(-1.24035060089584,-14.0407097483618,9.5));
#12249=CARTESIAN_POINT('',(-1.24035060089584,-14.0407097483618,9.5));
#12250=CARTESIAN_POINT('',(-1.15495934710668,-13.0740848209934,9.5));
#12251=CARTESIAN_POINT('',(-1.24035060089584,-14.0407097483618,9.5));
#12252=CARTESIAN_POINT('',(-1.24035060089584,-14.0407097483618,3.5));
#12253=CARTESIAN_POINT('',(-1.21115373863086,-14.4454732154783,3.5));
#12254=CARTESIAN_POINT('',(-1.21115373863086,-14.4454732154783,9.5));
#12255=CARTESIAN_POINT('',(-1.21115373863086,-14.4454732154783,9.5));
#12256=CARTESIAN_POINT('',(-1.24035060089584,-14.0407097483618,9.5));
#12257=CARTESIAN_POINT('',(-1.21115373863086,-14.4454732154783,9.5));
#12258=CARTESIAN_POINT('',(-1.21115373863086,-14.4454732154783,3.5));
#12259=CARTESIAN_POINT('',(-1.12574468889904,-14.8543296495606,3.5));
#12260=CARTESIAN_POINT('',(-1.12574468889904,-14.8543296495606,9.5));
#12261=CARTESIAN_POINT('',(-1.12574468889904,-14.8543296495606,9.5));
#12262=CARTESIAN_POINT('',(-1.21115373863086,-14.4454732154783,9.5));
#12263=CARTESIAN_POINT('',(-1.12574468889904,-14.8543296495606,9.5));
#12264=CARTESIAN_POINT('',(-1.12574468889904,-14.8543296495606,3.5));
#12265=CARTESIAN_POINT('',(-1.0009138884882,-15.264915105326,3.5));
#12266=CARTESIAN_POINT('',(-1.0009138884882,-15.264915105326,9.5));
#12267=CARTESIAN_POINT('',(-1.0009138884882,-15.264915105326,9.5));
#12268=CARTESIAN_POINT('',(-1.12574468889904,-14.8543296495606,9.5));
#12269=CARTESIAN_POINT('',(-1.0009138884882,-15.264915105326,9.5));
#12270=CARTESIAN_POINT('',(-1.0009138884882,-15.264915105326,3.5));
#12271=CARTESIAN_POINT('',(-0.842103284689314,-15.6758606106125,3.5));
#12272=CARTESIAN_POINT('',(-0.842103284689314,-15.6758606106125,9.5));
#12273=CARTESIAN_POINT('',(-0.842103284689314,-15.6758606106125,9.5));
#12274=CARTESIAN_POINT('',(-1.0009138884882,-15.264915105326,9.5));
#12275=CARTESIAN_POINT('',(-0.842103284689314,-15.6758606106125,9.5));
#12276=CARTESIAN_POINT('',(-0.842103284689314,-15.6758606106125,3.5));
#12277=CARTESIAN_POINT('',(-0.652223154611992,-16.0860144697301,3.5));
#12278=CARTESIAN_POINT('',(-0.652223154611992,-16.0860144697301,9.5));
#12279=CARTESIAN_POINT('',(-0.652223154611992,-16.0860144697301,9.5));
#12280=CARTESIAN_POINT('',(-0.842103284689314,-15.6758606106125,9.5));
#12281=CARTESIAN_POINT('',(-0.652223154611992,-16.0860144697301,9.5));
#12282=CARTESIAN_POINT('',(-0.652223154611992,-16.0860144697301,3.5));
#12283=CARTESIAN_POINT('',(-0.433110236388044,-16.4943146424195,3.5));
#12284=CARTESIAN_POINT('',(-0.433110236388044,-16.4943146424195,9.5));
#12285=CARTESIAN_POINT('',(-0.433110236388044,-16.4943146424195,9.5));
#12286=CARTESIAN_POINT('',(-0.652223154611992,-16.0860144697301,9.5));
#12287=CARTESIAN_POINT('',(-0.433110236388044,-16.4943146424195,9.5));
#12288=CARTESIAN_POINT('',(-0.433110236388044,-16.4943146424195,3.5));
#12289=CARTESIAN_POINT('',(-0.144384820084867,-16.4993682613526,3.5));
#12290=CARTESIAN_POINT('',(-0.144384820084867,-16.4993682613526,9.5));
#12291=CARTESIAN_POINT('',(-0.144384820084867,-16.4993682613526,9.5));
#12292=CARTESIAN_POINT('',(-0.433110236388044,-16.4943146424195,9.5));
#12293=CARTESIAN_POINT('',(-0.144384820084867,-16.4993682613526,9.5));
#12294=CARTESIAN_POINT('',(-0.144384820084867,-16.4993682613526,3.5));
#12295=CARTESIAN_POINT('',(0.144384820084876,-16.4993682613526,3.5));
#12296=CARTESIAN_POINT('',(0.144384820084876,-16.4993682613526,9.5));
#12297=CARTESIAN_POINT('',(0.144384820084876,-16.4993682613526,9.5));
#12298=CARTESIAN_POINT('',(-0.144384820084867,-16.4993682613526,9.5));
#12299=CARTESIAN_POINT('',(0.144384820084876,-16.4993682613526,9.5));
#12300=CARTESIAN_POINT('',(0.144384820084876,-16.4993682613526,3.5));
#12301=CARTESIAN_POINT('',(0.433110236388038,-16.4943146424195,3.5));
#12302=CARTESIAN_POINT('',(0.433110236388038,-16.4943146424195,9.5));
#12303=CARTESIAN_POINT('',(0.433110236388038,-16.4943146424195,9.5));
#12304=CARTESIAN_POINT('',(0.144384820084876,-16.4993682613526,9.5));
#12305=CARTESIAN_POINT('',(0.433110236388038,-16.4943146424195,9.5));
#12306=CARTESIAN_POINT('',(0.433110236388038,-16.4943146424195,3.5));
#12307=CARTESIAN_POINT('',(0.652223154611987,-16.0860144697301,3.5));
#12308=CARTESIAN_POINT('',(0.652223154611987,-16.0860144697301,9.5));
#12309=CARTESIAN_POINT('',(0.652223154611987,-16.0860144697301,9.5));
#12310=CARTESIAN_POINT('',(0.433110236388038,-16.4943146424195,9.5));
#12311=CARTESIAN_POINT('',(0.652223154611987,-16.0860144697301,9.5));
#12312=CARTESIAN_POINT('',(0.652223154611987,-16.0860144697301,3.5));
#12313=CARTESIAN_POINT('',(0.842103284689309,-15.6758606106125,3.5));
#12314=CARTESIAN_POINT('',(0.842103284689309,-15.6758606106125,9.5));
#12315=CARTESIAN_POINT('',(0.842103284689309,-15.6758606106125,9.5));
#12316=CARTESIAN_POINT('',(0.652223154611987,-16.0860144697301,9.5));
#12317=CARTESIAN_POINT('',(0.842103284689309,-15.6758606106125,9.5));
#12318=CARTESIAN_POINT('',(0.842103284689309,-15.6758606106125,3.5));
#12319=CARTESIAN_POINT('',(1.0009138884882,-15.264915105326,3.5));
#12320=CARTESIAN_POINT('',(1.0009138884882,-15.264915105326,9.5));
#12321=CARTESIAN_POINT('',(1.0009138884882,-15.264915105326,9.5));
#12322=CARTESIAN_POINT('',(0.842103284689309,-15.6758606106125,9.5));
#12323=CARTESIAN_POINT('',(1.0009138884882,-15.264915105326,9.5));
#12324=CARTESIAN_POINT('',(1.0009138884882,-15.264915105326,3.5));
#12325=CARTESIAN_POINT('',(1.12574468889904,-14.8543296495606,3.5));
#12326=CARTESIAN_POINT('',(1.12574468889904,-14.8543296495606,9.5));
#12327=CARTESIAN_POINT('',(1.12574468889904,-14.8543296495606,9.5));
#12328=CARTESIAN_POINT('',(1.0009138884882,-15.264915105326,9.5));
#12329=CARTESIAN_POINT('',(1.12574468889904,-14.8543296495606,9.5));
#12330=CARTESIAN_POINT('',(1.12574468889904,-14.8543296495606,3.5));
#12331=CARTESIAN_POINT('',(1.21115373863085,-14.4454732154783,3.5));
#12332=CARTESIAN_POINT('',(1.21115373863085,-14.4454732154783,9.5));
#12333=CARTESIAN_POINT('',(1.21115373863085,-14.4454732154783,9.5));
#12334=CARTESIAN_POINT('',(1.12574468889904,-14.8543296495606,9.5));
#12335=CARTESIAN_POINT('',(1.21115373863085,-14.4454732154783,9.5));
#12336=CARTESIAN_POINT('',(1.21115373863085,-14.4454732154783,3.5));
#12337=CARTESIAN_POINT('',(1.24035060089584,-14.0407097483618,3.5));
#12338=CARTESIAN_POINT('',(1.24035060089584,-14.0407097483618,9.5));
#12339=CARTESIAN_POINT('',(1.24035060089584,-14.0407097483618,9.5));
#12340=CARTESIAN_POINT('',(1.21115373863085,-14.4454732154783,9.5));
#12341=CARTESIAN_POINT('',(1.24035060089584,-14.0407097483618,9.5));
#12342=CARTESIAN_POINT('',(1.24035060089584,-14.0407097483618,3.5));
#12343=CARTESIAN_POINT('',(1.15495934710668,-13.0740848209934,3.5));
#12344=CARTESIAN_POINT('',(1.15495934710668,-13.0740848209934,9.5));
#12345=CARTESIAN_POINT('',(1.15495934710668,-13.0740848209934,9.5));
#12346=CARTESIAN_POINT('',(1.24035060089584,-14.0407097483618,9.5));
#12347=CARTESIAN_POINT('',(1.15495934710668,-13.0740848209934,9.5));
#12348=CARTESIAN_POINT('',(1.15495934710668,-13.0740848209934,3.5));
#12349=CARTESIAN_POINT('',(2.05320235365303,-12.9634094703112,3.5));
#12350=CARTESIAN_POINT('',(2.05320235365303,-12.9634094703112,9.5));
#12351=CARTESIAN_POINT('',(2.05320235365303,-12.9634094703112,9.5));
#12352=CARTESIAN_POINT('',(1.15495934710668,-13.0740848209934,9.5));
#12353=CARTESIAN_POINT('',(2.05320235365303,-12.9634094703112,9.5));
#12354=CARTESIAN_POINT('',(2.05320235365303,-12.9634094703112,3.5));
#12355=CARTESIAN_POINT('',(2.9416827824647,-12.7910956296695,3.5));
#12356=CARTESIAN_POINT('',(2.9416827824647,-12.7910956296695,9.5));
#12357=CARTESIAN_POINT('',(2.9416827824647,-12.7910956296695,9.5));
#12358=CARTESIAN_POINT('',(2.05320235365303,-12.9634094703112,9.5));
#12359=CARTESIAN_POINT('',(2.9416827824647,-12.7910956296695,9.5));
#12360=CARTESIAN_POINT('',(2.9416827824647,-12.7910956296695,3.5));
#12361=CARTESIAN_POINT('',(3.15917440385719,-13.7367979142484,3.5));
#12362=CARTESIAN_POINT('',(3.15917440385719,-13.7367979142484,9.5));
#12363=CARTESIAN_POINT('',(3.15917440385719,-13.7367979142484,9.5));
#12364=CARTESIAN_POINT('',(2.9416827824647,-12.7910956296695,9.5));
#12365=CARTESIAN_POINT('',(3.15917440385719,-13.7367979142484,9.5));
#12366=CARTESIAN_POINT('',(3.15917440385719,-13.7367979142484,3.5));
#12367=CARTESIAN_POINT('',(3.3120210600108,-14.1127285205855,3.5));
#12368=CARTESIAN_POINT('',(3.3120210600108,-14.1127285205855,9.5));
#12369=CARTESIAN_POINT('',(3.3120210600108,-14.1127285205855,9.5));
#12370=CARTESIAN_POINT('',(3.15917440385719,-13.7367979142484,9.5));
#12371=CARTESIAN_POINT('',(3.3120210600108,-14.1127285205855,9.5));
#12372=CARTESIAN_POINT('',(3.3120210600108,-14.1127285205855,3.5));
#12373=CARTESIAN_POINT('',(3.51959347969978,-14.475181248608,3.5));
#12374=CARTESIAN_POINT('',(3.51959347969978,-14.475181248608,9.5));
#12375=CARTESIAN_POINT('',(3.51959347969978,-14.475181248608,9.5));
#12376=CARTESIAN_POINT('',(3.3120210600108,-14.1127285205855,9.5));
#12377=CARTESIAN_POINT('',(3.51959347969978,-14.475181248608,9.5));
#12378=CARTESIAN_POINT('',(3.51959347969978,-14.475181248608,3.5));
#12379=CARTESIAN_POINT('',(3.76519250933954,-14.8270963830613,3.5));
#12380=CARTESIAN_POINT('',(3.76519250933954,-14.8270963830613,9.5));
#12381=CARTESIAN_POINT('',(3.76519250933954,-14.8270963830613,9.5));
#12382=CARTESIAN_POINT('',(3.51959347969978,-14.475181248608,9.5));
#12383=CARTESIAN_POINT('',(3.76519250933954,-14.8270963830613,9.5));
#12384=CARTESIAN_POINT('',(3.76519250933954,-14.8270963830613,3.5));
#12385=CARTESIAN_POINT('',(4.04321951383478,-15.1688536082455,3.5));
#12386=CARTESIAN_POINT('',(4.04321951383478,-15.1688536082455,9.5));
#12387=CARTESIAN_POINT('',(4.04321951383478,-15.1688536082455,9.5));
#12388=CARTESIAN_POINT('',(3.76519250933954,-14.8270963830613,9.5));
#12389=CARTESIAN_POINT('',(4.04321951383478,-15.1688536082455,9.5));
#12390=CARTESIAN_POINT('',(4.04321951383478,-15.1688536082455,3.5));
#12391=CARTESIAN_POINT('',(4.35055076163559,-15.5002569215549,3.5));
#12392=CARTESIAN_POINT('',(4.35055076163559,-15.5002569215549,9.5));
#12393=CARTESIAN_POINT('',(4.35055076163559,-15.5002569215549,9.5));
#12394=CARTESIAN_POINT('',(4.04321951383478,-15.1688536082455,9.5));
#12395=CARTESIAN_POINT('',(4.35055076163559,-15.5002569215549,9.5));
#12396=CARTESIAN_POINT('',(4.35055076163559,-15.5002569215549,3.5));
#12397=CARTESIAN_POINT('',(4.68511122248419,-15.8208638459773,3.5));
#12398=CARTESIAN_POINT('',(4.68511122248419,-15.8208638459773,9.5));
#12399=CARTESIAN_POINT('',(4.68511122248419,-15.8208638459773,9.5));
#12400=CARTESIAN_POINT('',(4.35055076163559,-15.5002569215549,9.5));
#12401=CARTESIAN_POINT('',(4.68511122248419,-15.8208638459773,9.5));
#12402=CARTESIAN_POINT('',(4.68511122248419,-15.8208638459773,3.5));
#12403=CARTESIAN_POINT('',(4.96126706521276,-15.7364490628488,3.5));
#12404=CARTESIAN_POINT('',(4.96126706521276,-15.7364490628488,9.5));
#12405=CARTESIAN_POINT('',(4.96126706521276,-15.7364490628488,9.5));
#12406=CARTESIAN_POINT('',(4.68511122248419,-15.8208638459773,9.5));
#12407=CARTESIAN_POINT('',(4.96126706521276,-15.7364490628488,9.5));
#12408=CARTESIAN_POINT('',(4.96126706521276,-15.7364490628488,3.5));
#12409=CARTESIAN_POINT('',(5.2359033132044,-15.6472143365768,3.5));
#12410=CARTESIAN_POINT('',(5.2359033132044,-15.6472143365768,9.5));
#12411=CARTESIAN_POINT('',(5.2359033132044,-15.6472143365768,9.5));
#12412=CARTESIAN_POINT('',(4.96126706521276,-15.7364490628488,9.5));
#12413=CARTESIAN_POINT('',(5.2359033132044,-15.6472143365768,9.5));
#12414=CARTESIAN_POINT('',(5.2359033132044,-15.6472143365768,3.5));
#12415=CARTESIAN_POINT('',(5.50893584766615,-15.553186999014,3.5));
#12416=CARTESIAN_POINT('',(5.50893584766615,-15.553186999014,9.5));
#12417=CARTESIAN_POINT('',(5.50893584766615,-15.553186999014,9.5));
#12418=CARTESIAN_POINT('',(5.2359033132044,-15.6472143365768,9.5));
#12419=CARTESIAN_POINT('',(5.50893584766615,-15.553186999014,9.5));
#12420=CARTESIAN_POINT('',(5.50893584766615,-15.553186999014,3.5));
#12421=CARTESIAN_POINT('',(5.59115292418022,-15.097160843755,3.5));
#12422=CARTESIAN_POINT('',(5.59115292418022,-15.097160843755,9.5));
#12423=CARTESIAN_POINT('',(5.59115292418022,-15.097160843755,9.5));
#12424=CARTESIAN_POINT('',(5.50893584766615,-15.553186999014,9.5));
#12425=CARTESIAN_POINT('',(5.59115292418022,-15.097160843755,9.5));
#12426=CARTESIAN_POINT('',(5.59115292418022,-15.097160843755,3.5));
#12427=CARTESIAN_POINT('',(5.64499514642942,-14.6484051562696,3.5));
#12428=CARTESIAN_POINT('',(5.64499514642942,-14.6484051562696,9.5));
#12429=CARTESIAN_POINT('',(5.64499514642942,-14.6484051562696,9.5));
#12430=CARTESIAN_POINT('',(5.59115292418022,-15.097160843755,9.5));
#12431=CARTESIAN_POINT('',(5.64499514642942,-14.6484051562696,9.5));
#12432=CARTESIAN_POINT('',(5.64499514642942,-14.6484051562696,3.5));
#12433=CARTESIAN_POINT('',(5.66904386113359,-14.2084975801638,3.5));
#12434=CARTESIAN_POINT('',(5.66904386113359,-14.2084975801638,9.5));
#12435=CARTESIAN_POINT('',(5.66904386113359,-14.2084975801638,9.5));
#12436=CARTESIAN_POINT('',(5.64499514642942,-14.6484051562696,9.5));
#12437=CARTESIAN_POINT('',(5.66904386113359,-14.2084975801638,9.5));
#12438=CARTESIAN_POINT('',(5.66904386113359,-14.2084975801638,3.5));
#12439=CARTESIAN_POINT('',(5.66088712382397,-13.7794327682137,3.5));
#12440=CARTESIAN_POINT('',(5.66088712382397,-13.7794327682137,9.5));
#12441=CARTESIAN_POINT('',(5.66088712382397,-13.7794327682137,9.5));
#12442=CARTESIAN_POINT('',(5.66904386113359,-14.2084975801638,9.5));
#12443=CARTESIAN_POINT('',(5.66088712382397,-13.7794327682137,9.5));
#12444=CARTESIAN_POINT('',(5.66088712382397,-13.7794327682137,3.5));
#12445=CARTESIAN_POINT('',(5.61577237073103,-13.3641943445101,3.5));
#12446=CARTESIAN_POINT('',(5.61577237073103,-13.3641943445101,9.5));
#12447=CARTESIAN_POINT('',(5.61577237073103,-13.3641943445101,9.5));
#12448=CARTESIAN_POINT('',(5.66088712382397,-13.7794327682137,9.5));
#12449=CARTESIAN_POINT('',(5.61577237073103,-13.3641943445101,9.5));
#12450=CARTESIAN_POINT('',(5.61577237073103,-13.3641943445101,3.5));
#12451=CARTESIAN_POINT('',(5.51846144680239,-12.9702190849284,3.5));
#12452=CARTESIAN_POINT('',(5.51846144680239,-12.9702190849284,9.5));
#12453=CARTESIAN_POINT('',(5.51846144680239,-12.9702190849284,9.5));
#12454=CARTESIAN_POINT('',(5.61577237073103,-13.3641943445101,9.5));
#12455=CARTESIAN_POINT('',(5.51846144680239,-12.9702190849284,9.5));
#12456=CARTESIAN_POINT('',(5.51846144680239,-12.9702190849284,3.5));
#12457=CARTESIAN_POINT('',(5.13854600870832,-12.0772914975332,3.5));
#12458=CARTESIAN_POINT('',(5.13854600870832,-12.0772914975332,9.5));
#12459=CARTESIAN_POINT('',(5.13854600870832,-12.0772914975332,9.5));
#12460=CARTESIAN_POINT('',(5.51846144680239,-12.9702190849284,9.5));
#12461=CARTESIAN_POINT('',(5.13854600870832,-12.0772914975332,9.5));
#12462=CARTESIAN_POINT('',(5.13854600870832,-12.0772914975332,3.5));
#12463=CARTESIAN_POINT('',(5.95862530908155,-11.6944606299723,3.5));
#12464=CARTESIAN_POINT('',(5.95862530908155,-11.6944606299723,9.5));
#12465=CARTESIAN_POINT('',(5.95862530908155,-11.6944606299723,9.5));
#12466=CARTESIAN_POINT('',(5.13854600870832,-12.0772914975332,9.5));
#12467=CARTESIAN_POINT('',(5.95862530908155,-11.6944606299723,9.5));
#12468=CARTESIAN_POINT('',(5.95862530908155,-11.6944606299723,3.5));
#12469=CARTESIAN_POINT('',(6.75037250537932,-11.2560248773099,3.5));
#12470=CARTESIAN_POINT('',(6.75037250537932,-11.2560248773099,9.5));
#12471=CARTESIAN_POINT('',(6.75037250537932,-11.2560248773099,9.5));
#12472=CARTESIAN_POINT('',(5.95862530908155,-11.6944606299723,9.5));
#12473=CARTESIAN_POINT('',(6.75037250537932,-11.2560248773099,9.5));
#12474=CARTESIAN_POINT('',(6.75037250537932,-11.2560248773099,3.5));
#12475=CARTESIAN_POINT('',(7.24945740669832,-12.0882325903894,3.5));
#12476=CARTESIAN_POINT('',(7.24945740669832,-12.0882325903894,9.5));
#12477=CARTESIAN_POINT('',(7.24945740669832,-12.0882325903894,9.5));
#12478=CARTESIAN_POINT('',(6.75037250537932,-11.2560248773099,9.5));
#12479=CARTESIAN_POINT('',(7.24945740669832,-12.0882325903894,9.5));
#12480=CARTESIAN_POINT('',(7.24945740669832,-12.0882325903894,3.5));
#12481=CARTESIAN_POINT('',(7.51099216109097,-12.3985316289362,3.5));
#12482=CARTESIAN_POINT('',(7.51099216109097,-12.3985316289362,9.5));
#12483=CARTESIAN_POINT('',(7.51099216109097,-12.3985316289362,9.5));
#12484=CARTESIAN_POINT('',(7.24945740669832,-12.0882325903894,9.5));
#12485=CARTESIAN_POINT('',(7.51099216109097,-12.3985316289362,9.5));
#12486=CARTESIAN_POINT('',(7.51099216109097,-12.3985316289362,3.5));
#12487=CARTESIAN_POINT('',(7.82040931605586,-12.6791012525236,3.5));
#12488=CARTESIAN_POINT('',(7.82040931605586,-12.6791012525236,9.5));
#12489=CARTESIAN_POINT('',(7.82040931605586,-12.6791012525236,9.5));
#12490=CARTESIAN_POINT('',(7.51099216109097,-12.3985316289362,9.5));
#12491=CARTESIAN_POINT('',(7.82040931605586,-12.6791012525236,9.5));
#12492=CARTESIAN_POINT('',(7.82040931605586,-12.6791012525236,3.5));
#12493=CARTESIAN_POINT('',(8.16273563071434,-12.9378981603676,3.5));
#12494=CARTESIAN_POINT('',(8.16273563071434,-12.9378981603676,9.5));
#12495=CARTESIAN_POINT('',(8.16273563071434,-12.9378981603676,9.5));
#12496=CARTESIAN_POINT('',(7.82040931605586,-12.6791012525236,9.5));
#12497=CARTESIAN_POINT('',(8.16273563071434,-12.9378981603676,9.5));
#12498=CARTESIAN_POINT('',(8.16273563071434,-12.9378981603676,3.5));
#12499=CARTESIAN_POINT('',(8.53276381557789,-13.1770135270858,3.5));
#12500=CARTESIAN_POINT('',(8.53276381557789,-13.1770135270858,9.5));
#12501=CARTESIAN_POINT('',(8.53276381557789,-13.1770135270858,9.5));
#12502=CARTESIAN_POINT('',(8.16273563071434,-12.9378981603676,9.5));
#12503=CARTESIAN_POINT('',(8.53276381557789,-13.1770135270858,9.5));
#12504=CARTESIAN_POINT('',(8.53276381557789,-13.1770135270858,3.5));
#12505=CARTESIAN_POINT('',(8.92746245726474,-13.3972262292576,3.5));
#12506=CARTESIAN_POINT('',(8.92746245726474,-13.3972262292576,9.5));
#12507=CARTESIAN_POINT('',(8.92746245726474,-13.3972262292576,9.5));
#12508=CARTESIAN_POINT('',(8.53276381557789,-13.1770135270858,9.5));
#12509=CARTESIAN_POINT('',(8.92746245726474,-13.3972262292576,9.5));
#12510=CARTESIAN_POINT('',(8.92746245726474,-13.3972262292576,3.5));
#12511=CARTESIAN_POINT('',(9.34472135181033,-13.5987566658507,3.5));
#12512=CARTESIAN_POINT('',(9.34472135181033,-13.5987566658507,9.5));
#12513=CARTESIAN_POINT('',(9.34472135181033,-13.5987566658507,9.5));
#12514=CARTESIAN_POINT('',(8.92746245726474,-13.3972262292576,9.5));
#12515=CARTESIAN_POINT('',(9.34472135181033,-13.5987566658507,9.5));
#12516=CARTESIAN_POINT('',(9.34472135181033,-13.5987566658507,3.5));
#12517=CARTESIAN_POINT('',(9.58127556298713,-13.4331365877857,3.5));
#12518=CARTESIAN_POINT('',(9.58127556298713,-13.4331365877857,9.5));
#12519=CARTESIAN_POINT('',(9.58127556298713,-13.4331365877857,9.5));
#12520=CARTESIAN_POINT('',(9.34472135181033,-13.5987566658507,9.5));
#12521=CARTESIAN_POINT('',(9.58127556298713,-13.4331365877857,9.5));
#12522=CARTESIAN_POINT('',(9.58127556298713,-13.4331365877857,3.5));
#12523=CARTESIAN_POINT('',(9.81489510934399,-13.2634020519841,3.5));
#12524=CARTESIAN_POINT('',(9.81489510934399,-13.2634020519841,9.5));
#12525=CARTESIAN_POINT('',(9.81489510934399,-13.2634020519841,9.5));
#12526=CARTESIAN_POINT('',(9.58127556298713,-13.4331365877857,9.5));
#12527=CARTESIAN_POINT('',(9.81489510934399,-13.2634020519841,9.5));
#12528=CARTESIAN_POINT('',(9.81489510934399,-13.2634020519841,3.5));
#12529=CARTESIAN_POINT('',(10.0455084351617,-13.0896050467192,3.5));
#12530=CARTESIAN_POINT('',(10.0455084351617,-13.0896050467192,9.5));
#12531=CARTESIAN_POINT('',(10.0455084351617,-13.0896050467192,9.5));
#12532=CARTESIAN_POINT('',(9.81489510934399,-13.2634020519841,9.5));
#12533=CARTESIAN_POINT('',(10.0455084351617,-13.0896050467192,9.5));
#12534=CARTESIAN_POINT('',(10.0455084351617,-13.0896050467192,3.5));
#12535=CARTESIAN_POINT('',(9.98278168967661,-12.6304919262884,3.5));
#12536=CARTESIAN_POINT('',(9.98278168967661,-12.6304919262884,9.5));
#12537=CARTESIAN_POINT('',(9.98278168967661,-12.6304919262884,9.5));
#12538=CARTESIAN_POINT('',(10.0455084351617,-13.0896050467192,9.5));
#12539=CARTESIAN_POINT('',(9.98278168967661,-12.6304919262884,9.5));
#12540=CARTESIAN_POINT('',(9.98278168967661,-12.6304919262884,3.5));
#12541=CARTESIAN_POINT('',(9.89531555224313,-12.1870617437909,3.5));
#12542=CARTESIAN_POINT('',(9.89531555224313,-12.1870617437909,9.5));
#12543=CARTESIAN_POINT('',(9.89531555224313,-12.1870617437909,9.5));
#12544=CARTESIAN_POINT('',(9.98278168967661,-12.6304919262884,9.5));
#12545=CARTESIAN_POINT('',(9.89531555224313,-12.1870617437909,9.5));
#12546=CARTESIAN_POINT('',(9.89531555224313,-12.1870617437909,3.5));
#12547=CARTESIAN_POINT('',(9.78224832210007,-11.7612533154315,3.5));
#12548=CARTESIAN_POINT('',(9.78224832210007,-11.7612533154315,9.5));
#12549=CARTESIAN_POINT('',(9.78224832210007,-11.7612533154315,9.5));
#12550=CARTESIAN_POINT('',(9.89531555224313,-12.1870617437909,9.5));
#12551=CARTESIAN_POINT('',(9.78224832210007,-11.7612533154315,9.5));
#12552=CARTESIAN_POINT('',(9.78224832210007,-11.7612533154315,3.5));
#12553=CARTESIAN_POINT('',(9.64190248534919,-11.3557090005607,3.5));
#12554=CARTESIAN_POINT('',(9.64190248534919,-11.3557090005607,9.5));
#12555=CARTESIAN_POINT('',(9.64190248534919,-11.3557090005607,9.5));
#12556=CARTESIAN_POINT('',(9.78224832210007,-11.7612533154315,9.5));
#12557=CARTESIAN_POINT('',(9.64190248534919,-11.3557090005607,9.5));
#12558=CARTESIAN_POINT('',(9.64190248534919,-11.3557090005607,3.5));
#12559=CARTESIAN_POINT('',(9.47068007579721,-10.974735017284,3.5));
#12560=CARTESIAN_POINT('',(9.47068007579721,-10.974735017284,9.5));
#12561=CARTESIAN_POINT('',(9.47068007579721,-10.974735017284,9.5));
#12562=CARTESIAN_POINT('',(9.64190248534919,-11.3557090005607,9.5));
#12563=CARTESIAN_POINT('',(9.47068007579721,-10.974735017284,9.5));
#12564=CARTESIAN_POINT('',(9.47068007579721,-10.974735017284,3.5));
#12565=CARTESIAN_POINT('',(9.25638683691414,-10.630113008632,3.5));
#12566=CARTESIAN_POINT('',(9.25638683691414,-10.630113008632,9.5));
#12567=CARTESIAN_POINT('',(9.25638683691414,-10.630113008632,9.5));
#12568=CARTESIAN_POINT('',(9.47068007579721,-10.974735017284,9.5));
#12569=CARTESIAN_POINT('',(9.25638683691414,-10.630113008632,9.5));
#12570=CARTESIAN_POINT('',(9.25638683691414,-10.630113008632,3.5));
#12571=CARTESIAN_POINT('',(8.61913598462232,-9.89828873485658,3.5));
#12572=CARTESIAN_POINT('',(8.61913598462232,-9.89828873485658,9.5));
#12573=CARTESIAN_POINT('',(8.61913598462232,-9.89828873485658,9.5));
#12574=CARTESIAN_POINT('',(9.25638683691414,-10.630113008632,9.5));
#12575=CARTESIAN_POINT('',(8.61913598462232,-9.89828873485658,9.5));
#12576=CARTESIAN_POINT('',(8.61913598462232,-9.89828873485658,3.5));
#12577=CARTESIAN_POINT('',(9.28077650307343,-9.28077650307344,3.5));
#12578=CARTESIAN_POINT('',(9.28077650307343,-9.28077650307344,9.5));
#12579=CARTESIAN_POINT('',(9.28077650307343,-9.28077650307344,9.5));
#12580=CARTESIAN_POINT('',(8.61913598462232,-9.89828873485658,9.5));
#12581=CARTESIAN_POINT('',(9.28077650307343,-9.28077650307344,9.5));
#12582=CARTESIAN_POINT('',(9.28077650307343,-9.28077650307344,3.5));
#12583=CARTESIAN_POINT('',(9.89828873485658,-8.61913598462232,3.5));
#12584=CARTESIAN_POINT('',(9.89828873485658,-8.61913598462232,9.5));
#12585=CARTESIAN_POINT('',(9.89828873485658,-8.61913598462232,9.5));
#12586=CARTESIAN_POINT('',(9.28077650307343,-9.28077650307344,9.5));
#12587=CARTESIAN_POINT('',(9.89828873485658,-8.61913598462232,9.5));
#12588=CARTESIAN_POINT('',(9.89828873485658,-8.61913598462232,3.5));
#12589=CARTESIAN_POINT('',(10.630113008632,-9.25638683691415,3.5));
#12590=CARTESIAN_POINT('',(10.630113008632,-9.25638683691415,9.5));
#12591=CARTESIAN_POINT('',(10.630113008632,-9.25638683691415,9.5));
#12592=CARTESIAN_POINT('',(9.89828873485658,-8.61913598462232,9.5));
#12593=CARTESIAN_POINT('',(10.630113008632,-9.25638683691415,9.5));
#12594=CARTESIAN_POINT('',(10.630113008632,-9.25638683691415,3.5));
#12595=CARTESIAN_POINT('',(10.974735017284,-9.47068007579721,3.5));
#12596=CARTESIAN_POINT('',(10.974735017284,-9.47068007579721,9.5));
#12597=CARTESIAN_POINT('',(10.974735017284,-9.47068007579721,9.5));
#12598=CARTESIAN_POINT('',(10.630113008632,-9.25638683691415,9.5));
#12599=CARTESIAN_POINT('',(10.974735017284,-9.47068007579721,9.5));
#12600=CARTESIAN_POINT('',(10.974735017284,-9.47068007579721,3.5));
#12601=CARTESIAN_POINT('',(11.3557090005607,-9.64190248534919,3.5));
#12602=CARTESIAN_POINT('',(11.3557090005607,-9.64190248534919,9.5));
#12603=CARTESIAN_POINT('',(11.3557090005607,-9.64190248534919,9.5));
#12604=CARTESIAN_POINT('',(10.974735017284,-9.47068007579721,9.5));
#12605=CARTESIAN_POINT('',(11.3557090005607,-9.64190248534919,9.5));
#12606=CARTESIAN_POINT('',(11.3557090005607,-9.64190248534919,3.5));
#12607=CARTESIAN_POINT('',(11.7612533154315,-9.78224832210008,3.5));
#12608=CARTESIAN_POINT('',(11.7612533154315,-9.78224832210008,9.5));
#12609=CARTESIAN_POINT('',(11.7612533154315,-9.78224832210008,9.5));
#12610=CARTESIAN_POINT('',(11.3557090005607,-9.64190248534919,9.5));
#12611=CARTESIAN_POINT('',(11.7612533154315,-9.78224832210008,9.5));
#12612=CARTESIAN_POINT('',(11.7612533154315,-9.78224832210008,3.5));
#12613=CARTESIAN_POINT('',(12.1870617437909,-9.89531555224313,3.5));
#12614=CARTESIAN_POINT('',(12.1870617437909,-9.89531555224313,9.5));
#12615=CARTESIAN_POINT('',(12.1870617437909,-9.89531555224313,9.5));
#12616=CARTESIAN_POINT('',(11.7612533154315,-9.78224832210008,9.5));
#12617=CARTESIAN_POINT('',(12.1870617437909,-9.89531555224313,9.5));
#12618=CARTESIAN_POINT('',(12.1870617437909,-9.89531555224313,3.5));
#12619=CARTESIAN_POINT('',(12.6304919262884,-9.98278168967662,3.5));
#12620=CARTESIAN_POINT('',(12.6304919262884,-9.98278168967662,9.5));
#12621=CARTESIAN_POINT('',(12.6304919262884,-9.98278168967662,9.5));
#12622=CARTESIAN_POINT('',(12.1870617437909,-9.89531555224313,9.5));
#12623=CARTESIAN_POINT('',(12.6304919262884,-9.98278168967662,9.5));
#12624=CARTESIAN_POINT('',(12.6304919262884,-9.98278168967662,3.5));
#12625=CARTESIAN_POINT('',(13.0896050467192,-10.0455084351617,3.5));
#12626=CARTESIAN_POINT('',(13.0896050467192,-10.0455084351617,9.5));
#12627=CARTESIAN_POINT('',(13.0896050467192,-10.0455084351617,9.5));
#12628=CARTESIAN_POINT('',(12.6304919262884,-9.98278168967662,9.5));
#12629=CARTESIAN_POINT('',(13.0896050467192,-10.0455084351617,9.5));
#12630=CARTESIAN_POINT('',(13.0896050467192,-10.0455084351617,3.5));
#12631=CARTESIAN_POINT('',(13.2634020519841,-9.81489510934398,3.5));
#12632=CARTESIAN_POINT('',(13.2634020519841,-9.81489510934398,9.5));
#12633=CARTESIAN_POINT('',(13.2634020519841,-9.81489510934398,9.5));
#12634=CARTESIAN_POINT('',(13.0896050467192,-10.0455084351617,9.5));
#12635=CARTESIAN_POINT('',(13.2634020519841,-9.81489510934398,9.5));
#12636=CARTESIAN_POINT('',(13.2634020519841,-9.81489510934398,3.5));
#12637=CARTESIAN_POINT('',(13.4331365877857,-9.58127556298712,3.5));
#12638=CARTESIAN_POINT('',(13.4331365877857,-9.58127556298712,9.5));
#12639=CARTESIAN_POINT('',(13.4331365877857,-9.58127556298712,9.5));
#12640=CARTESIAN_POINT('',(13.2634020519841,-9.81489510934398,9.5));
#12641=CARTESIAN_POINT('',(13.4331365877857,-9.58127556298712,9.5));
#12642=CARTESIAN_POINT('',(13.4331365877857,-9.58127556298712,3.5));
#12643=CARTESIAN_POINT('',(13.5987566658507,-9.34472135181034,3.5));
#12644=CARTESIAN_POINT('',(13.5987566658507,-9.34472135181034,9.5));
#12645=CARTESIAN_POINT('',(13.5987566658507,-9.34472135181034,9.5));
#12646=CARTESIAN_POINT('',(13.4331365877857,-9.58127556298712,9.5));
#12647=CARTESIAN_POINT('',(13.5987566658507,-9.34472135181034,9.5));
#12648=CARTESIAN_POINT('',(13.5987566658507,-9.34472135181034,3.5));
#12649=CARTESIAN_POINT('',(13.3972262292576,-8.92746245726474,3.5));
#12650=CARTESIAN_POINT('',(13.3972262292576,-8.92746245726474,9.5));
#12651=CARTESIAN_POINT('',(13.3972262292576,-8.92746245726474,9.5));
#12652=CARTESIAN_POINT('',(13.5987566658507,-9.34472135181034,9.5));
#12653=CARTESIAN_POINT('',(13.3972262292576,-8.92746245726474,9.5));
#12654=CARTESIAN_POINT('',(13.3972262292576,-8.92746245726474,3.5));
#12655=CARTESIAN_POINT('',(13.1770135270858,-8.5327638155779,3.5));
#12656=CARTESIAN_POINT('',(13.1770135270858,-8.5327638155779,9.5));
#12657=CARTESIAN_POINT('',(13.1770135270858,-8.5327638155779,9.5));
#12658=CARTESIAN_POINT('',(13.3972262292576,-8.92746245726474,9.5));
#12659=CARTESIAN_POINT('',(13.1770135270858,-8.5327638155779,9.5));
#12660=CARTESIAN_POINT('',(13.1770135270858,-8.5327638155779,3.5));
#12661=CARTESIAN_POINT('',(12.9378981603676,-8.16273563071434,3.5));
#12662=CARTESIAN_POINT('',(12.9378981603676,-8.16273563071434,9.5));
#12663=CARTESIAN_POINT('',(12.9378981603676,-8.16273563071434,9.5));
#12664=CARTESIAN_POINT('',(13.1770135270858,-8.5327638155779,9.5));
#12665=CARTESIAN_POINT('',(12.9378981603676,-8.16273563071434,9.5));
#12666=CARTESIAN_POINT('',(12.9378981603676,-8.16273563071434,3.5));
#12667=CARTESIAN_POINT('',(12.6791012525236,-7.82040931605587,3.5));
#12668=CARTESIAN_POINT('',(12.6791012525236,-7.82040931605587,9.5));
#12669=CARTESIAN_POINT('',(12.6791012525236,-7.82040931605587,9.5));
#12670=CARTESIAN_POINT('',(12.9378981603676,-8.16273563071434,9.5));
#12671=CARTESIAN_POINT('',(12.6791012525236,-7.82040931605587,9.5));
#12672=CARTESIAN_POINT('',(12.6791012525236,-7.82040931605587,3.5));
#12673=CARTESIAN_POINT('',(12.3985316289362,-7.51099216109098,3.5));
#12674=CARTESIAN_POINT('',(12.3985316289362,-7.51099216109098,9.5));
#12675=CARTESIAN_POINT('',(12.3985316289362,-7.51099216109098,9.5));
#12676=CARTESIAN_POINT('',(12.6791012525236,-7.82040931605587,9.5));
#12677=CARTESIAN_POINT('',(12.3985316289362,-7.51099216109098,9.5));
#12678=CARTESIAN_POINT('',(12.3985316289362,-7.51099216109098,3.5));
#12679=CARTESIAN_POINT('',(12.0882325903894,-7.24945740669832,3.5));
#12680=CARTESIAN_POINT('',(12.0882325903894,-7.24945740669832,9.5));
#12681=CARTESIAN_POINT('',(12.0882325903894,-7.24945740669832,9.5));
#12682=CARTESIAN_POINT('',(12.3985316289362,-7.51099216109098,9.5));
#12683=CARTESIAN_POINT('',(12.0882325903894,-7.24945740669832,9.5));
#12684=CARTESIAN_POINT('',(12.0882325903894,-7.24945740669832,3.5));
#12685=CARTESIAN_POINT('',(11.2560248773099,-6.75037250537932,3.5));
#12686=CARTESIAN_POINT('',(11.2560248773099,-6.75037250537932,9.5));
#12687=CARTESIAN_POINT('',(11.2560248773099,-6.75037250537932,9.5));
#12688=CARTESIAN_POINT('',(12.0882325903894,-7.24945740669832,9.5));
#12689=CARTESIAN_POINT('',(11.2560248773099,-6.75037250537932,9.5));
#12690=CARTESIAN_POINT('',(11.2560248773099,-6.75037250537932,3.5));
#12691=CARTESIAN_POINT('',(11.6944606299723,-5.95862530908155,3.5));
#12692=CARTESIAN_POINT('',(11.6944606299723,-5.95862530908155,9.5));
#12693=CARTESIAN_POINT('',(11.6944606299723,-5.95862530908155,9.5));
#12694=CARTESIAN_POINT('',(11.2560248773099,-6.75037250537932,9.5));
#12695=CARTESIAN_POINT('',(11.6944606299723,-5.95862530908155,9.5));
#12696=CARTESIAN_POINT('',(11.6944606299723,-5.95862530908155,3.5));
#12697=CARTESIAN_POINT('',(12.0772914975332,-5.13854600870832,3.5));
#12698=CARTESIAN_POINT('',(12.0772914975332,-5.13854600870832,9.5));
#12699=CARTESIAN_POINT('',(12.0772914975332,-5.13854600870832,9.5));
#12700=CARTESIAN_POINT('',(11.6944606299723,-5.95862530908155,9.5));
#12701=CARTESIAN_POINT('',(12.0772914975332,-5.13854600870832,9.5));
#12702=CARTESIAN_POINT('',(12.0772914975332,-5.13854600870832,3.5));
#12703=CARTESIAN_POINT('',(12.9702190849284,-5.51846144680239,3.5));
#12704=CARTESIAN_POINT('',(12.9702190849284,-5.51846144680239,9.5));
#12705=CARTESIAN_POINT('',(12.9702190849284,-5.51846144680239,9.5));
#12706=CARTESIAN_POINT('',(12.0772914975332,-5.13854600870832,9.5));
#12707=CARTESIAN_POINT('',(12.9702190849284,-5.51846144680239,9.5));
#12708=CARTESIAN_POINT('',(12.9702190849284,-5.51846144680239,3.5));
#12709=CARTESIAN_POINT('',(13.3641943445101,-5.61577237073104,3.5));
#12710=CARTESIAN_POINT('',(13.3641943445101,-5.61577237073104,9.5));
#12711=CARTESIAN_POINT('',(13.3641943445101,-5.61577237073104,9.5));
#12712=CARTESIAN_POINT('',(12.9702190849284,-5.51846144680239,9.5));
#12713=CARTESIAN_POINT('',(13.3641943445101,-5.61577237073104,9.5));
#12714=CARTESIAN_POINT('',(13.3641943445101,-5.61577237073104,3.5));
#12715=CARTESIAN_POINT('',(13.7794327682137,-5.66088712382397,3.5));
#12716=CARTESIAN_POINT('',(13.7794327682137,-5.66088712382397,9.5));
#12717=CARTESIAN_POINT('',(13.7794327682137,-5.66088712382397,9.5));
#12718=CARTESIAN_POINT('',(13.3641943445101,-5.61577237073104,9.5));
#12719=CARTESIAN_POINT('',(13.7794327682137,-5.66088712382397,9.5));
#12720=CARTESIAN_POINT('',(13.7794327682137,-5.66088712382397,3.5));
#12721=CARTESIAN_POINT('',(14.2084975801638,-5.66904386113359,3.5));
#12722=CARTESIAN_POINT('',(14.2084975801638,-5.66904386113359,9.5));
#12723=CARTESIAN_POINT('',(14.2084975801638,-5.66904386113359,9.5));
#12724=CARTESIAN_POINT('',(13.7794327682137,-5.66088712382397,9.5));
#12725=CARTESIAN_POINT('',(14.2084975801638,-5.66904386113359,9.5));
#12726=CARTESIAN_POINT('',(14.2084975801638,-5.66904386113359,3.5));
#12727=CARTESIAN_POINT('',(14.6484051562696,-5.64499514642943,3.5));
#12728=CARTESIAN_POINT('',(14.6484051562696,-5.64499514642943,9.5));
#12729=CARTESIAN_POINT('',(14.6484051562696,-5.64499514642943,9.5));
#12730=CARTESIAN_POINT('',(14.2084975801638,-5.66904386113359,9.5));
#12731=CARTESIAN_POINT('',(14.6484051562696,-5.64499514642943,9.5));
#12732=CARTESIAN_POINT('',(14.6484051562696,-5.64499514642943,3.5));
#12733=CARTESIAN_POINT('',(15.097160843755,-5.59115292418022,3.5));
#12734=CARTESIAN_POINT('',(15.097160843755,-5.59115292418022,9.5));
#12735=CARTESIAN_POINT('',(15.097160843755,-5.59115292418022,9.5));
#12736=CARTESIAN_POINT('',(14.6484051562696,-5.64499514642943,9.5));
#12737=CARTESIAN_POINT('',(15.097160843755,-5.59115292418022,9.5));
#12738=CARTESIAN_POINT('',(15.097160843755,-5.59115292418022,3.5));
#12739=CARTESIAN_POINT('',(15.553186999014,-5.50893584766616,3.5));
#12740=CARTESIAN_POINT('',(15.553186999014,-5.50893584766616,9.5));
#12741=CARTESIAN_POINT('',(15.553186999014,-5.50893584766616,9.5));
#12742=CARTESIAN_POINT('',(15.097160843755,-5.59115292418022,9.5));
#12743=CARTESIAN_POINT('',(15.553186999014,-5.50893584766616,9.5));
#12744=CARTESIAN_POINT('',(15.553186999014,-5.50893584766616,3.5));
#12745=CARTESIAN_POINT('',(15.6472143365768,-5.2359033132044,3.5));
#12746=CARTESIAN_POINT('',(15.6472143365768,-5.2359033132044,9.5));
#12747=CARTESIAN_POINT('',(15.6472143365768,-5.2359033132044,9.5));
#12748=CARTESIAN_POINT('',(15.553186999014,-5.50893584766616,9.5));
#12749=CARTESIAN_POINT('',(15.6472143365768,-5.2359033132044,9.5));
#12750=CARTESIAN_POINT('',(15.6472143365768,-5.2359033132044,3.5));
#12751=CARTESIAN_POINT('',(15.7364490628488,-4.96126706521275,3.5));
#12752=CARTESIAN_POINT('',(15.7364490628488,-4.96126706521275,9.5));
#12753=CARTESIAN_POINT('',(15.7364490628488,-4.96126706521275,9.5));
#12754=CARTESIAN_POINT('',(15.6472143365768,-5.2359033132044,9.5));
#12755=CARTESIAN_POINT('',(15.7364490628488,-4.96126706521275,9.5));
#12756=CARTESIAN_POINT('',(15.7364490628488,-4.96126706521275,3.5));
#12757=CARTESIAN_POINT('',(15.8208638459773,-4.6851112224842,3.5));
#12758=CARTESIAN_POINT('',(15.8208638459773,-4.6851112224842,9.5));
#12759=CARTESIAN_POINT('',(15.8208638459773,-4.6851112224842,9.5));
#12760=CARTESIAN_POINT('',(15.7364490628488,-4.96126706521275,9.5));
#12761=CARTESIAN_POINT('',(15.8208638459773,-4.6851112224842,9.5));
#12762=CARTESIAN_POINT('',(15.8208638459773,-4.6851112224842,3.5));
#12763=CARTESIAN_POINT('',(15.5002569215549,-4.3505507616356,3.5));
#12764=CARTESIAN_POINT('',(15.5002569215549,-4.3505507616356,9.5));
#12765=CARTESIAN_POINT('',(15.5002569215549,-4.3505507616356,9.5));
#12766=CARTESIAN_POINT('',(15.8208638459773,-4.6851112224842,9.5));
#12767=CARTESIAN_POINT('',(15.5002569215549,-4.3505507616356,9.5));
#12768=CARTESIAN_POINT('',(15.5002569215549,-4.3505507616356,3.5));
#12769=CARTESIAN_POINT('',(15.1688536082455,-4.04321951383479,3.5));
#12770=CARTESIAN_POINT('',(15.1688536082455,-4.04321951383479,9.5));
#12771=CARTESIAN_POINT('',(15.1688536082455,-4.04321951383479,9.5));
#12772=CARTESIAN_POINT('',(15.5002569215549,-4.3505507616356,9.5));
#12773=CARTESIAN_POINT('',(15.1688536082455,-4.04321951383479,9.5));
#12774=CARTESIAN_POINT('',(15.1688536082455,-4.04321951383479,3.5));
#12775=CARTESIAN_POINT('',(14.8270963830613,-3.76519250933954,3.5));
#12776=CARTESIAN_POINT('',(14.8270963830613,-3.76519250933954,9.5));
#12777=CARTESIAN_POINT('',(14.8270963830613,-3.76519250933954,9.5));
#12778=CARTESIAN_POINT('',(15.1688536082455,-4.04321951383479,9.5));
#12779=CARTESIAN_POINT('',(14.8270963830613,-3.76519250933954,9.5));
#12780=CARTESIAN_POINT('',(14.8270963830613,-3.76519250933954,3.5));
#12781=CARTESIAN_POINT('',(14.475181248608,-3.51959347969979,3.5));
#12782=CARTESIAN_POINT('',(14.475181248608,-3.51959347969979,9.5));
#12783=CARTESIAN_POINT('',(14.475181248608,-3.51959347969979,9.5));
#12784=CARTESIAN_POINT('',(14.8270963830613,-3.76519250933954,9.5));
#12785=CARTESIAN_POINT('',(14.475181248608,-3.51959347969979,9.5));
#12786=CARTESIAN_POINT('',(14.475181248608,-3.51959347969979,3.5));
#12787=CARTESIAN_POINT('',(14.1127285205855,-3.31202106001081,3.5));
#12788=CARTESIAN_POINT('',(14.1127285205855,-3.31202106001081,9.5));
#12789=CARTESIAN_POINT('',(14.1127285205855,-3.31202106001081,9.5));
#12790=CARTESIAN_POINT('',(14.475181248608,-3.51959347969979,9.5));
#12791=CARTESIAN_POINT('',(14.1127285205855,-3.31202106001081,9.5));
#12792=CARTESIAN_POINT('',(14.1127285205855,-3.31202106001081,3.5));
#12793=CARTESIAN_POINT('',(13.7367979142484,-3.1591744038572,3.5));
#12794=CARTESIAN_POINT('',(13.7367979142484,-3.1591744038572,9.5));
#12795=CARTESIAN_POINT('',(13.7367979142484,-3.1591744038572,9.5));
#12796=CARTESIAN_POINT('',(14.1127285205855,-3.31202106001081,9.5));
#12797=CARTESIAN_POINT('',(13.7367979142484,-3.1591744038572,9.5));
#12798=CARTESIAN_POINT('',(13.7367979142484,-3.1591744038572,3.5));
#12799=CARTESIAN_POINT('',(13.7367979142484,-3.1591744038572,9.5));
#12800=CARTESIAN_POINT('',(0.,0.,9.5));
#12801=CARTESIAN_POINT('',(0.,0.,3.5));
#12802=MECHANICAL_DESIGN_GEOMETRIC_PRESENTATION_REPRESENTATION('',(#8131),
#12803);
#12803=(
GEOMETRIC_REPRESENTATION_CONTEXT(3)
GLOBAL_UNCERTAINTY_ASSIGNED_CONTEXT((#12804))
GLOBAL_UNIT_ASSIGNED_CONTEXT((#12807,#12806,#12805))
REPRESENTATION_CONTEXT('G02_gripper_pinion_20T',
'TOP_LEVEL_ASSEMBLY_PART')
);
#12804=UNCERTAINTY_MEASURE_WITH_UNIT(LENGTH_MEASURE(0.005),#12807,
'DISTANCE_ACCURACY_VALUE','Maximum Tolerance applied to model');
#12805=(
NAMED_UNIT(*)
SI_UNIT($,.STERADIAN.)
SOLID_ANGLE_UNIT()
);
#12806=(
NAMED_UNIT(*)
PLANE_ANGLE_UNIT()
SI_UNIT($,.RADIAN.)
);
#12807=(
LENGTH_UNIT()
NAMED_UNIT(*)
SI_UNIT(.MILLI.,.METRE.)
);
#12808=PRODUCT_DEFINITION_SHAPE('','',#12809);
#12809=PRODUCT_DEFINITION('','',#12811,#12810);
#12810=PRODUCT_DEFINITION_CONTEXT('',#12817,'design');
#12811=PRODUCT_DEFINITION_FORMATION_WITH_SPECIFIED_SOURCE('','',#12813,
 .NOT_KNOWN.);
#12812=PRODUCT_RELATED_PRODUCT_CATEGORY('','',(#12813));
#12813=PRODUCT('G02_gripper_pinion_20T','G02_gripper_pinion_20T',
'G02_gripper_pinion_20T',(#12815));
#12814=PRODUCT_CATEGORY('','');
#12815=PRODUCT_CONTEXT('',#12817,'mechanical');
#12816=APPLICATION_PROTOCOL_DEFINITION('international standard',
'automotive_design',2010,#12817);
#12817=APPLICATION_CONTEXT(
'core data for automotive mechanical design processes');
ENDSEC;
END-ISO-10303-21;
